Config,Weight,Seed,Episode,Epsilon,Reward,Loss,Cost,Delay,ScalarQ,BestScalarQ
10_180,0.1,42,1,1.0,-0.43459503470615224,,2956.1865759193993,510.8732565890582,0.6612846626702426,0.6612846626702426
10_180,0.1,42,2,0.9852258055592246,-0.018515769685261974,0.25778088886075257,2642.7866107709506,475.3014399850003,0.5725584328797062,0.5725584328797062
10_180,0.1,42,3,0.9706813761935793,-0.6297614542906669,0.26786919669765147,2889.882320397178,540.2043586486634,0.7128322974699715,0.5725584328797062
10_180,0.1,42,4,0.9563631386463322,0.07229449536942466,0.24439892998867202,2840.834802898961,448.06867382810583,0.533782681489141,0.533782681489141
10_180,0.1,42,5,0.9422675752312664,-0.10447630348777998,0.2456248200665822,2767.5456091324418,469.07400738113074,0.5689807323740107,0.533782681489141
10_180,0.1,42,6,0.9283912229684601,-0.4495233429623317,0.23256073833607305,2205.659737806507,535.7597863269228,0.658812726356361,0.533782681489141
10_180,0.1,42,7,0.9147306727335057,0.17842618508314212,0.2355313330927511,2882.753436725382,433.014239781992,0.5078503886101903,0.5078503886101903
10_180,0.1,42,8,0.9012825684199611,-0.14356940169867288,0.2251943996415476,2760.260681999466,484.3169484676257,0.5975777920929743,0.5078503886101903
10_180,0.1,42,9,0.888043606114825,-0.9237190354685076,0.2206505155068498,2808.689996106895,582.0369245441514,0.7872405005551064,0.5078503886101903
10_180,0.1,42,10,0.8750105332868364,0.2510111244932074,0.21469994496386713,2905.713881985681,418.6627221696961,0.4819973861007784,0.4819973861007784
10_180,0.1,42,11,0.8621801479873967,0.10120969281190148,0.18674041299891092,3219.5431425690745,433.26642064731766,0.5307472325121535,0.4819973861007784
10_180,0.1,42,12,0.8495492980639193,-0.9910382896259556,0.1926653112115126,2727.4370563207767,593.2161766783721,0.80316138236124,0.4819973861007784
10_180,0.1,42,13,0.837114880385412,-0.285321435378202,0.19803623441172818,3202.796684933462,484.21680254576836,0.6268405890235786,0.4819973861007784
10_180,0.1,42,14,0.8248738400801048,-0.20401404393507444,0.18855615613865578,2694.126214566335,489.7298543229165,0.6035033339229777,0.4819973861007784
10_180,0.1,42,15,0.8128231697849323,-0.8127834177075108,0.18433976105341615,2755.7861945470845,568.7990735852607,0.758462960466618,0.4819973861007784
10_180,0.1,42,16,0.8009599089066888,0.011109506851408546,0.189861629763922,2775.5979327125883,468.39134484032934,0.5682142227362921,0.4819973861007784
10_180,0.1,42,17,0.7892811428946735,-1.4358250417056952,0.18483818399455204,3058.280148495893,629.6647741014699,0.8947213794506221,0.4819973861007784
10_180,0.1,42,18,0.7777840025246476,0.07814080748944202,0.18138362148130066,3329.1128297416863,431.70006512228633,0.5350514202012181,0.4819973861007784
10_180,0.1,42,19,0.7664656631939266,0.2676338457252971,0.19139100869736927,2836.796860139776,424.18965475892753,0.4879552804533895,0.4819973861007784
10_180,0.1,42,20,0.7553233442274359,-0.1644823712457467,0.16879863626671762,2740.3103423517437,480.08403536904575,0.5881740061500162,0.4819973861007784
10_180,0.1,42,21,0.7443543081945577,-0.6622225639121287,0.187268121761492,2709.7888483837405,552.424067816992,0.7241597330496434,0.4819973861007784
10_180,0.1,42,22,0.7335558602366034,-0.4256918463557615,0.1801398054487242,3005.7561864685017,511.6878842866224,0.6661380904498493,0.4819973861007784
10_180,0.1,42,23,0.7229253474047432,-0.8172704880811087,0.17374602407883605,2726.1687917756212,564.2162310673923,0.7477481354965707,0.4819973861007784
10_180,0.1,42,24,0.7124601580082336,0.6404907529052228,0.18349638869139967,3472.7629923723184,359.7472935299981,0.407334049920458,0.407334049920458
10_180,0.1,42,25,0.7021577209727804,-0.7914625461100331,0.17898502996540094,2780.5402093809653,565.8052784945576,0.7543986682017164,0.407334049920458
10_180,0.1,42,26,0.6920155052088806,0.4656781458462629,0.179879616205946,3043.37397392968,391.85464658824935,0.44001264925553046,0.407334049920458
10_180,0.1,42,27,0.6820310189899872,0.22932717624792767,0.1683159682876142,2799.9864193786448,432.96798279215506,0.5022534115252697,0.407334049920458
10_180,0.1,42,28,0.6722018093403456,0.2974824303540318,0.16759519882155427,2869.1794597202497,423.9244799227352,0.48960464324761244,0.407334049920458
10_180,0.1,42,29,0.6625254614323491,0.049352661839204115,0.17012903425095396,3192.741015344566,441.2022318816713,0.5441040537021112,0.407334049920458
10_180,0.1,42,30,0.6529995979932678,0.9146648610436596,0.16188350749103367,2838.6370052913126,346.1947218214746,0.3392716560749104,0.3392716560749104
10_180,0.1,42,31,0.6436218787212026,-0.6475526817722683,0.1537154257650628,3040.643839240525,537.4889355835325,0.7176857899591009,0.3392716560749104
10_180,0.1,42,32,0.634389999710123,-0.22754790562508936,0.16511469902900555,3260.688752505804,468.30811246744736,0.6003416094969668,0.3392716560749104
10_180,0.1,42,33,0.6253016928838472,0.47085636993453006,0.15554110911168578,2415.916717879189,408.88542239418894,0.4307439047620885,0.3392716560749104
10_180,0.1,42,34,0.6163547254388225,-0.8549434699680061,0.15315665315703408,2478.129101240389,582.7017473873711,0.7665077738465166,0.3392716560749104
10_180,0.1,42,35,0.607546899295575,-1.6010569673134192,0.14260678444295352,2877.2127318552216,667.4626460485326,0.9547844267585142,0.3392716560749104
10_180,0.1,42,36,0.5988760505586863,-0.12806502574730502,0.15271754442232655,2977.866129282723,472.64680811234257,0.5897955599977155,0.3392716560749104
10_180,0.1,42,37,0.5903400489851716,-0.608717273296171,0.14587108485309602,3619.0873814260567,506.6616641382494,0.697370071816075,0.3392716560749104
10_180,0.1,42,38,0.581936797461124,-0.5207479950531235,0.14972357780003326,2514.2800538970855,538.6982526057744,0.6849598494420139,0.3392716560749104
10_180,0.1,42,39,0.5736642314864987,-0.055155790728003695,0.1474112987061679,2717.209726858167,471.3728160452824,0.5700164117780072,0.3392716560749104
10_180,0.1,42,40,0.5655203186679085,-1.36296017050681,0.14436779021248508,2805.6585410617995,632.9988069409108,0.8842686281077177,0.3392716560749104
10_180,0.1,42,41,0.5575030582193081,-1.1311613714733113,0.16036648251638494,2764.0133684370567,606.5000389365964,0.8309399985834567,0.3392716560749104
10_180,0.1,42,42,0.5496104804704447,-0.4638643247251185,0.16190113998016561,2455.5419833122883,535.4798827745519,0.674910110297943,0.3392716560749104
10_180,0.1,42,43,0.5418406463829504,-0.12325505074217946,0.16791445994159435,2702.768199560269,484.87920568014863,0.594823992864573,0.3392716560749104
10_180,0.1,42,44,0.5341916470739625,-1816.932921764169,0.1613578860023494,232753.77169221555,230448.37948145613,454.65241015774495,0.3392716560749104
10_180,0.1,42,45,0.5266616033471518,-0.12474193475244033,0.15940946491083735,2733.200036291901,479.00644578635126,0.5856448383998945,0.3392716560749104
10_180,0.1,42,46,0.519248665231044,-0.33042019544806506,0.19433931001370633,3021.277258079325,497.2559950445749,0.6396366050296338,0.3392716560749104
10_180,0.1,42,47,0.5119510115245198,-1658.8127322064033,0.18217097764190945,212591.94018913567,210439.38874469363,415.1354571417051,0.3392716560749104
10_180,0.1,42,48,0.504766849349387,-1.4934569510550306,0.1641090747204746,2848.517991711682,656.416272293833,0.931799276126929,0.3392716560749104
10_180,0.1,42,49,0.49769441370990625,-1815.774284384962,0.18523402371445757,232994.34170764755,230296.01546952495,454.3777273228783,0.3392716560749104
10_180,0.1,42,50,0.4907319670591703,-1815.926919470935,0.17886410194176985,233103.14160759863,230308.6443836553,454.40906335189663,0.3392716560749104
10_180,0.1,42,51,0.4838777988722253,-1816.2779094801324,0.18278507482393777,232933.90581451307,230363.81878027858,454.5030664512843,0.3392716560749104
10_180,0.1,42,52,0.47713022522583176,-0.5212878782439082,0.21305446558515356,2500.4552213177135,542.5110575506592,0.6913141395393363,0.3392716560749104
10_180,0.1,42,53,0.47048758838475946,-1.5053635491533486,0.16111411285808597,2918.8385143795294,646.7957701971186,0.918124696062683,0.3392716560749104
10_180,0.1,42,54,0.4639482563945182,-0.8385027485401741,0.20922968722006519,2928.3243470002876,563.1550772882819,0.759178431577302,0.3392716560749104
10_180,0.1,42,55,0.4575106226804207,-1896.8724657476823,0.19405976342342357,243299.43498944602,240560.46688215312,474.647093104243,0.3392716560749104
10_180,0.1,42,56,0.45117310565288166,-0.6796822207387878,0.1856480095306575,2628.4519144365195,557.0354914644448,0.727544301004095,0.3392716560749104
10_180,0.1,42,57,0.44493414831885486,-0.49264387326943193,0.19913952025356288,2600.181019107281,541.4089526922904,0.6958488888367363,0.3392716560749104
10_180,0.1,42,58,0.438792217899313,0.093616633355801,0.190533933576367,2725.483828208018,458.0475570418051,0.545143923502482,0.3392716560749104
10_180,0.1,42,59,0.43274580545267627,-1.139682731663525,0.19619633393610064,3272.245804056589,590.7356645138293,0.8346896579306363,0.3392716560749104
10_180,0.1,42,60,0.4267934255040983,-0.8965034962429725,0.17677742547607483,2721.9827058547944,579.6777906163619,0.7769685457113432,0.3392716560749104
10_180,0.1,42,61,0.42093361568051574,-1.3994407500875898,0.2171782830050663,2822.950032553561,642.6161080003891,0.9037682929714351,0.3392716560749104
10_180,0.1,42,62,0.4151649363513749,-2.149579749674948,0.16675036861360587,2857.8728380721063,742.2963027600321,1.096271939189345,0.3392716560749104
10_180,0.1,42,63,0.40948597027494477,-0.5636447134544641,0.18196868531458024,2878.188639288566,534.5968172657239,0.7013554042144915,0.3392716560749104
10_180,0.1,42,64,0.4038953222501312,-1.2903483389584878,0.2452396949547119,2774.4686458337674,633.0498640576424,0.8822901341199092,0.3392716560749104
10_180,0.1,42,65,0.3983916187737056,0.005418497010693912,0.2510456033497742,2841.5040504116328,464.1184296437057,0.5644484644744562,0.3392716560749104
10_180,0.1,42,66,0.3929735077028642,-0.754730705707,0.2135268469859577,2858.6543148479523,557.288989036587,0.7433495267120146,0.3392716560749104
10_180,0.1,42,67,0.38763965792303584,-0.7689617379598503,0.20763980844611138,3093.617846391195,555.7321004636063,0.7560176133213614,0.3392716560749104
10_180,0.1,42,68,0.38238875902085495,-1897.040608912357,0.17884686875067474,242862.36923133713,240602.7673138424,474.698708080932,0.3392716560749104
10_180,0.1,42,69,0.37721952096222106,-2.040872102324144,0.20455197374638603,2992.8239643416878,718.7570358560178,1.0603434436412367,0.3392716560749104
10_180,0.1,42,70,0.372130673775365,-0.09166490594096444,0.21341979045518347,2767.925996168556,471.7163340569702,0.5740473301641709,0.3392716560749104
10_180,0.1,42,71,0.3671209672388437,-1.5783899231020422,0.14276390286805368,3085.61530487225,660.1772667620215,0.9547553403072832,0.3392716560749104
10_180,0.1,42,72,0.3621891705743874,-1.5628244089074301,0.164234599025433,3093.1745382740523,659.3642975369969,0.9537074006726572,0.3392716560749104
10_180,0.1,42,73,0.35733407214452373,-1658.3795143569355,0.1971516330394058,212838.49032417394,210378.44936818976,415.0356008792201,0.3392716560749104
10_180,0.1,42,74,0.35255447915490423,-1.8228528317425001,0.16889073093419035,3148.949044264437,682.9127151668357,1.0023474790353692,0.3392716560749104
10_180,0.1,42,75,0.3478492173612599,-0.14134348381400205,0.21626568170780486,3055.6027903539116,472.6384839907051,0.5949535967060089,0.3392716560749104
10_180,0.1,42,76,0.3432171307809146,-0.10289583308967476,0.18839203505530797,2545.4471504600388,486.68211259383173,0.5877929332871737,0.3392716560749104
10_180,0.1,42,77,0.3386570814087846,-1.6531036118633853,0.2316199608433646,3144.300548194161,662.7461166706269,0.963562347978634,0.3392716560749104
10_180,0.1,42,78,0.3341679489377949,-1.528602958364856,0.14189128108951196,3270.0278285992536,647.2063681854167,0.9422821777183042,0.3392716560749104
10_180,0.1,42,79,0.32974863048364406,-1.5341358789156907,0.18749107254371453,3138.5383937677634,645.4734174056307,0.930224349425952,0.3392716560749104
10_180,0.1,42,80,0.3253980403138483,0.06288201697525347,0.20911275252506506,2549.3745905939177,468.6355456541657,0.5536233871589016,0.3392716560749104
10_180,0.1,42,81,0.32111510958100054,-1657.8894941925646,0.1483226303825155,212496.75452287166,210324.32305313344,414.90958867700203,0.3392716560749104
10_180,0.1,42,82,0.3168987860601775,-0.5323083649494446,0.24010953304606103,3315.1672446583834,512.0522894043905,0.6874268059727536,0.3392716560749104
10_180,0.1,42,83,0.31274803389043004,-0.9534682489115244,0.2367691987667942,3162.2163148371346,578.7038287418122,0.804410953630596,0.3392716560749104
10_180,0.1,42,84,0.30866183332029457,-1.0706272504750987,0.23846919491331287,2988.2404185828373,604.5781956105636,0.8421972021525146,0.3392716560749104
10_180,0.1,42,85,0.3046391804572615,-1815.842700320891,0.18396917115558692,233154.369984931,230300.61520227266,454.3971541280292,0.3392716560749104
10_180,0.1,42,86,0.3006790870211401,-1.432025337226658,0.24558407361561238,2817.1109632157977,646.2887321136957,0.9103866412120354,0.3392716560749104
10_180,0.1,42,87,0.29678058010125963,-0.4001068940067649,0.2294340439297713,3103.7573736592335,500.88406449635636,0.6520482068776503,0.3392716560749104
10_180,0.1,42,88,0.2929427019174456,0.14022041109433658,0.17716828231761667,2856.8242595639495,444.3955483067509,0.5278389558532111,0.3392716560749104
10_180,0.1,42,89,0.28916450958471324,-0.5279709236144344,0.17092818604867793,3271.967864358353,511.298733366905,0.6831138798314071,0.3392716560749104
10_180,0.1,42,90,0.28544507488162135,0.5109465317445603,0.2374894333719701,2706.1728828386513,400.656785583331,0.4343631113093842,0.3392716560749104
10_180,0.1,42,91,0.28178348402222775,-1.8586294412314583,0.21190479129041812,2832.457385921255,706.9112409295878,1.0270694004416439,0.3392716560749104
10_180,0.1,42,92,0.27817883743159105,-1.9640035310503814,0.2330125352399819,2833.5331727376424,722.371000037803,1.0566365900220878,0.3392716560749104
10_180,0.1,42,93,0.27463024952476534,-0.3496256062522391,0.2172294411258248,2913.2626304076293,512.0543833832,0.6606812392573348,0.3392716560749104
10_180,0.1,42,94,0.27113684848922975,0.13972256927658422,0.21064703187609482,3000.0037945229233,442.04938165312035,0.5328923165634036,0.3392716560749104
10_180,0.1,42,95,0.2676977760707032,-1.4375719796128308,0.19456920479258458,3041.582923277629,645.9402592041714,0.9246619699179628,0.3392716560749104
10_180,0.1,42,96,0.2643121873622896,-0.39576155048320183,0.17924371418900598,3045.071365391226,507.09123520029226,0.6599848692261516,0.3392716560749104
10_180,0.1,42,97,0.2609792505969018,-1.4355670472328161,0.17064200928467516,3000.642894255405,645.189134274515,0.920504057696459,0.3392716560749104
10_180,0.1,42,98,0.25769814694291476,-0.646111348065299,0.20370416724785043,3001.9678401519104,542.9632102366788,0.7255559700086521,0.3392716560749104
10_180,0.1,42,99,0.25446807030299534,-1.0431904347695478,0.18885958825605495,3487.811680250231,580.4761911540684,0.829463081838167,0.3392716560749104
10_180,0.1,42,100,0.2512882271160621,0.27312717603691566,0.18420821905134208,2805.318779933938,429.3620064527581,0.49572849519006285,0.3392716560749104
10_180,0.1,42,101,0.2481578361623234,-1.0839545100385055,0.1451869495854103,3185.966305912642,593.7823272113574,0.8347598649678204,0.3392716560749104
10_180,0.1,42,102,0.2450761283713493,-0.42723192706437085,0.18077948890162224,2692.3950417536003,527.0099460686843,0.6745145920356186,0.3392716560749104
10_180,0.1,42,103,0.24204234663312607,0.37683575119582313,0.15932835383037744,2866.362563241961,414.94620607152325,0.4722875603320692,0.3392716560749104
10_180,0.1,42,104,0.23905574561205173,-1658.9899058254136,0.23864821610652717,212455.72288295598,210470.7179103412,415.1861636686296,0.3392716560749104
10_180,0.1,42,105,0.23611559156382206,-0.07853105600919102,0.19307987139175936,3314.3694878802107,455.4046401901088,0.5792959747046389,0.3392716560749104
10_180,0.1,42,106,0.2332211621551653,-1.8871163831185782,0.1565902103995427,3087.1856462046862,701.6695691061375,1.0340227904481474,0.3392716560749104
10_180,0.1,42,107,0.23037174628638085,0.4313143657769771,0.20969020164017244,2912.280308566122,403.4149228844436,0.45334323621658595,0.3392716560749104
10_180,0.1,42,108,0.2275666439166364,-1.0844912860511888,0.17598399876608237,2445.7152715842003,615.4149076904289,0.8267636635352249,0.3392716560749104
10_180,0.1,42,109,0.2248051658919834,0.05543759978212556,0.20651698379110156,2953.6485031041902,456.40622051666736,0.5571983808925564,0.3392716560749104
10_180,0.1,42,110,0.22208663377604637,-0.32231513110256,0.14830159935032738,2729.83985442221,513.3003762315077,0.6508503940288369,0.3392716560749104
10_180,0.1,42,111,0.21941037968334542,-0.47884572576027745,0.218063532379293,2984.030908312977,523.6148704223939,0.6874475518414072,0.3392716560749104
10_180,0.1,42,112,0.21677574611521144,-0.14597095020847167,0.17019847754132114,2565.170497419483,493.7133591349855,0.6025205360962848,0.3392716560749104
10_180,0.1,42,113,0.21418208579825188,0.13547562052045842,0.17213397294418517,2821.9929880292784,444.7773845215973,0.5262491944173967,0.3392716560749104
10_180,0.1,42,114,0.21162876152533033,0.061743394543392255,0.13438457169144408,2838.175494841062,460.30684577613073,0.5569548261624994,0.3392716560749104
10_180,0.1,42,115,0.20911514599901782,0.2855827696264807,0.21432717381360833,2902.6779938834875,427.8387516814521,0.4993022222107318,0.3392716560749104
10_180,0.1,42,116,0.20664062167747893,0.3995537678850525,0.16880592758388535,2946.181920196409,411.32650448776144,0.4706940880307042,0.3392716560749104
10_180,0.1,42,117,0.20420458062275576,-0.5019552306858026,0.17575513122659112,3426.5137110553324,510.055298033603,0.6910276430049151,0.3392716560749104
10_180,0.1,42,118,0.2018064243514096,0.4210183574504006,0.22027590817505666,2568.9493792139874,420.70415190768216,0.4634781865571323,0.3392716560749104
10_180,0.1,42,119,0.1994455636874869,-1.0709056170467615,0.203125097574115,2567.7030166039367,617.0996908615292,0.8380971892311966,0.3392716560749104
10_180,0.1,42,120,0.19712141861777083,-1.9569325567262372,0.18671575724250514,3195.710934182018,710.1203691804529,1.0573691415423698,0.3392716560749104
10_180,0.1,42,121,0.19483341814928484,0.2084935284301509,0.20655857165772024,2757.6826042149564,442.22644070754103,0.5171019572589781,0.3392716560749104
10_180,0.1,42,122,0.19258100016901147,-0.13723184961746232,0.20857301668232936,2744.6692137385976,488.2134080466602,0.6039741044464667,0.3392716560749104
10_180,0.1,42,123,0.19036361130579338,-0.06826795792263024,0.23450859077443137,2575.3539050355334,483.4152672774601,0.5835506408676338,0.3392716560749104
10_180,0.1,42,124,0.18818070679438154,-1658.3939809823569,0.17630512630156628,212633.5539659916,210392.04316716015,415.04789646534135,0.3392716560749104
10_180,0.1,42,125,0.1860317503415984,0.27866880323207116,0.20528860352303493,3071.0459339108643,421.52639994794987,0.4984649849090784,0.3392716560749104
10_180,0.1,42,126,0.1839162139945818,-1.290167499800937,0.14225162710217082,2876.577854605841,633.8065196533803,0.890529834816455,0.3392716560749104
10_180,0.1,42,127,0.18183357801107813,-0.2995868990708942,0.14870225167105863,3158.0978441328048,490.4450600383977,0.635748426518658,0.3392716560749104
10_180,0.1,42,128,0.17978333073175307,-1.6753593663050341,0.20035490593443067,3151.8961298275326,675.4526579758937,0.9883106265457647,0.3392716560749104
10_180,0.1,42,129,0.17776496845448742,0.3710173319361587,0.15915591881268193,3014.7851085656744,409.59554846717685,0.47195762845605477,0.3392716560749104
10_180,0.1,42,130,0.17577799531062827,-1657.8034301268417,0.20251253508036812,212399.88710052494,210321.86289667868,414.8984477540201,0.3392716560749104
10_180,0.1,42,131,0.1738219231431649,0.2883407286753228,0.22476487761795041,3255.8448294402137,410.07321996822003,0.48891318493720903,0.3392716560749104
10_180,0.1,42,132,0.17189627138679878,-1815.7172784505792,0.1320177809374321,233195.8486112146,230286.45786210176,454.3729041099889,0.3392716560749104
10_180,0.1,42,133,0.1700005669498786,-1.148355111096834,0.17569178333073882,2901.9967195510635,614.2665629325031,0.8549414631962033,0.3392716560749104
10_180,0.1,42,134,0.16813434409817252,-1815.628554362613,0.18213229978994666,233086.3971407492,230274.86725609459,454.343505696693,0.3392716560749104
10_180,0.1,42,135,0.16629714434044632,-0.15110080541295284,0.1876082613873724,3236.0257957215254,475.3508911368346,0.6121369955692524,0.3392716560749104
10_180,0.1,42,136,0.16448851631582245,0.3316427648010345,0.14330249512667464,2973.6563198047297,417.7371016870467,0.4847534441528793,0.3392716560749104
10_180,0.1,42,137,0.16270801568288995,-1657.4560677589789,0.20511349308202154,212360.19745362466,210275.98646098623,414.8082787339607,0.3392716560749104
10_180,0.1,42,138,0.16095520501053945,-1.4618863407351959,0.20964647870661426,3081.5790878873145,646.5970871966126,0.9285771527620008,0.3392716560749104
10_180,0.1,42,139,0.1592296536704954,-0.5284490439699517,0.20567438913831068,2850.0840914483724,528.0579021621165,0.6870092903058855,0.3392716560749104
10_180,0.1,42,140,0.15753093773152022,-0.16609140362693098,0.20055874658583783,2721.5744842721606,496.07100685958875,0.617428457831777,0.3392716560749104
10_180,0.1,42,141,0.15585863985526294,-0.2840415683577319,0.16250647570339863,2798.1434591242146,508.4706793719609,0.6461819246489451,0.3392716560749104
10_180,0.1,42,142,0.15421234919372853,0.31996137105070116,0.13950091690670843,2865.0685233562913,428.77053992320106,0.49857680262390747,0.3392716560749104
10_180,0.1,42,143,0.152591661288341,0.08768384784449093,0.17662841054416362,2927.7982081431082,453.9083076957392,0.5507121090599278,0.3392716560749104
10_180,0.1,42,144,0.15099617797057668,-1657.7344734183982,0.20893834298177588,212544.71689481597,210305.96846176963,414.87776228534915,0.3392716560749104
10_180,0.1,42,145,0.14942550726414244,-1657.9160832525233,0.17183978109156142,212491.12396313052,210334.1036373541,414.92787424614284,0.3392716560749104
10_180,0.1,42,146,0.14787926328867598,-1.5951747696045224,0.2152039215303992,3092.005240655323,664.7423170274666,0.9638902692258404,0.3392716560749104
10_180,0.1,42,147,0.1463570661649425,0.2576410739893671,0.2050786088431325,2878.0857196639176,434.2201811696982,0.5098405282762172,0.3392716560749104
10_180,0.1,42,148,0.1448585419215072,-1.6350877855746906,0.19977602960774138,2750.710570918258,686.155410636262,0.982028645193594,0.3392716560749104
10_180,0.1,42,149,0.14338332240285795,0.1859754055371007,0.16174414315994196,2926.5788021434073,441.14786609485276,0.5262853734829293,0.3392716560749104
10_180,0.1,42,150,0.1419310451789575,0.6579985568313813,0.18514821582970648,2842.137480689457,378.5257944331549,0.40118891086101166,0.3392716560749104
10_180,0.1,42,151,0.14050135345620207,0.4249578045323956,0.12984990406581842,2960.276933291417,410.9465686731265,0.4709073322625336,0.3392716560749104
10_180,0.1,42,152,0.13909389598976496,0.4763505231253531,0.19424548351402038,2738.5269229504556,411.3280632124392,0.4568761701236391,0.3392716560749104
10_180,0.1,42,153,0.13770832699730284,0.47884596859106743,0.21234871553818419,3142.0455569725636,394.3832630768,0.4514042662626207,0.3392716560749104
10_180,0.1,42,154,0.13634430607400466,0.30206343864385116,0.20822806451061054,2648.317168942012,437.34263220671056,0.5005051318794661,0.3392716560749104
10_180,0.1,42,155,0.13500149810896128,-0.10634077736842801,0.1715467455092509,2728.155831529863,482.5275880498199,0.5920270790558587,0.3392716560749104
10_180,0.1,42,156,0.13367957320283602,0.2776101122359533,0.15913526137131712,2806.0701344745394,433.3059226467836,0.503303078866056,0.3392716560749104
10_180,0.1,42,157,0.13237820658681518,0.4828903158833946,0.14580855348476524,2797.670953006082,405.0062441591959,0.4487512553789448,0.3392716560749104
10_180,0.1,42,158,0.13109707854281938,-0.5469926919306287,0.1699240324355033,2927.010862798701,532.2088532435421,0.7000488812258207,0.3392716560749104
10_180,0.1,42,159,0.12983587432495577,-0.14122161386618304,0.18115653916324245,3001.6534725988304,476.8684400057094,0.5994332020107126,0.3392716560749104
10_180,0.1,42,160,0.12859428408219134,0.2990683841240094,0.16322278154267805,2746.6888465499833,434.8205130266794,0.5022405175830051,0.3392716560749104
10_180,0.1,42,161,0.1273720027822294,0.4905617122069633,0.18847230004600157,2684.2932343567722,413.0449102680945,0.45654210195022654,0.3392716560749104
10_180,0.1,42,162,0.12616873013656954,-1657.9885813528533,0.2079719265226884,212476.55423125596,210342.68493410767,414.9432767369936,0.3392716560749104
10_180,0.1,42,163,0.12498417052673307,0.34390528009614757,0.1773207951225666,2614.1629677732826,435.20579896434737,0.494155078756211,0.3392716560749104
10_180,0.1,42,164,0.12381803293163596,0.126700742970444,0.1391146115321603,3043.887676965761,447.6199143933608,0.546441084176728,0.3392716560749104
10_180,0.1,42,165,0.12267003085609117,-0.1331466836536332,0.2170645061639424,3102.8423262111714,476.9994965544348,0.6064180696936562,0.3392716560749104
10_180,0.1,42,166,0.1215398822604227,0.6769663482774263,0.21359818407324777,2802.801248473533,378.14751256279,0.39784908772899086,0.3392716560749104
10_180,0.1,42,167,0.1204273094911746,-1657.7861810718894,0.2007701519129566,212628.28532089829,210312.95445269888,414.89665288158636,0.3392716560749104
10_180,0.1,42,168,0.11933203921289748,0.487566076758816,0.1275445008026345,2925.5296722851754,399.28854061687184,0.44635237221301094,0.3392716560749104
10_180,0.1,42,169,0.11825380234099556,0.27584984900898224,0.17739811006253364,2713.536812243275,438.49829461680616,0.507050836980491,0.3392716560749104
10_180,0.1,42,170,0.11719233397561858,-0.4848645097179766,0.17857109828312384,2790.5964437681428,535.1109015230618,0.6965063497391538,0.3392716560749104
10_180,0.1,42,171,0.11614737333658141,0.09331310881375618,0.23222687639277506,2720.0832427406863,463.7448198391729,0.5556542527985283,0.3392716560749104
10_180,0.1,42,172,0.11511866369929591,-1657.5467568354961,0.14622236673010175,212533.87035476827,210284.24632194755,414.83559682248807,0.3392716560749104
10_180,0.1,42,173,0.11410595233169919,-1.823753494813443,0.1868854500717579,2890.358342454547,702.8620314960316,1.0231976497214603,0.3392716560749104
10_180,0.1,42,174,0.11310899043216277,0.23778748720911022,0.13160568032395442,2779.7874095461293,442.0535610791721,0.5182433505073821,0.3392716560749104
10_180,0.1,42,175,0.1121275330683672,-0.6276340458179976,0.16946293955967875,2766.5898292845673,548.6650451722342,0.7207684170220776,0.3392716560749104
10_180,0.1,42,176,0.11116133911712744,0.2828300567403323,0.17628601756558282,2621.1212801011957,439.1867709240792,0.5022134773553458,0.3392716560749104
10_180,0.1,42,177,0.1102101712051541,0.12092250944206304,0.19403260634390135,2697.4649089683635,459.45252282341863,0.5459595949491439,0.3392716560749104
10_180,0.1,42,178,0.10927379565073586,0.28301261353376955,0.23360322604429307,2918.5154002660506,426.2095296420528,0.49724792865472406,0.3392716560749104
10_180,0.1,42,179,0.10835198240632873,0.573548565282362,0.1607794394464748,2803.394945611826,396.55637740118567,0.43301077329676146,0.3392716560749104
10_180,0.1,42,180,0.1074445050020384,0.05326705193204978,0.17004128489902098,2491.5360516004316,476.3563085068615,0.5645042285574164,0.3392716560749104
10_180,0.1,42,181,0.10655114048998136,-0.24601978605538044,0.1676370371512958,2931.6615008498234,499.61290577915355,0.6381687867656649,0.3392716560749104
10_180,0.1,42,182,0.10567166938951125,0.5914627079085257,0.19857848038168932,2791.054101206929,394.77541400155627,0.4287915136583201,0.3392716560749104
10_180,0.1,42,183,0.10480587563329734,0.5056035364274578,0.1630969187685905,2979.590477426118,398.11168230547577,0.4477051753068676,0.3392716560749104
10_180,0.1,42,184,0.10395354651424124,0.022080193750300736,0.17369536687365317,2666.210731689517,473.65182145923166,0.5709701738720845,0.3392716560749104
10_180,0.1,42,185,0.10311447263321932,0.036844672951111046,0.14810824879399215,2645.2590285680762,472.99043535301496,0.5683138366805776,0.3392716560749104
10_180,0.1,42,186,0.10228844784763778,-0.12259149940532199,0.17986644422432638,2750.589678658881,487.8912356099733,0.6037534817763748,0.3392716560749104
10_180,0.1,42,187,0.10147526922078795,-1658.7030500801077,0.12924963295000452,212473.67894495776,210432.89665177854,415.11519980116014,0.3392716560749104
10_180,0.1,42,188,0.10067473697198882,-0.40449434918423516,0.14270899439389934,2884.8073866310297,519.7945319781035,0.673554730321831,0.3392716560749104
10_180,0.1,42,189,0.09988665442750533,0.36379617361462396,0.22242932767912524,3078.094374110267,410.65222646506265,0.4781873327521575,0.3392716560749104
10_180,0.1,42,190,0.09911082797222981,0.5871579596215531,0.13262314364308297,2872.784453915699,393.9015203159826,0.4325639431066125,0.3392716560749104
10_180,0.1,42,191,0.09834706700211487,0.1613435371506662,0.14936384999993396,2629.4874067028454,455.5251063186725,0.533942120827423,0.3392716560749104
10_180,0.1,42,192,0.09759518387734595,-0.010371013238832105,0.19332701187006626,2801.2695291661776,472.60671516719356,0.5779653285605442,0.3392716560749104
10_180,0.1,42,193,0.09685499387624241,0.12273914952934975,0.16045321257574238,3101.491012941861,441.0128631532268,0.5376694325665117,0.3392716560749104
10_180,0.1,42,194,0.09612631514987509,0.48984249310467676,0.1595287113732354,2936.02114224694,402.44266801965574,0.45306839502011254,0.3392716560749104
10_180,0.1,42,195,0.09540896867739013,0.10552575056861338,0.24951175961929978,2790.946456038276,458.53251937336734,0.5504261759718542,0.3392716560749104
10_180,0.1,42,196,0.0947027782220271,-1657.2594596020197,0.13567897495180825,212566.71951792465,210247.5647316309,414.76779856172857,0.3392716560749104
10_180,0.1,42,197,0.09400757028782174,0.22649722753923932,0.14343101963147425,2693.7582789899216,446.95341549044815,0.5218659154248498,0.3392716560749104
10_180,0.1,42,198,0.09332317407698135,0.07475662190214469,0.1285794206587129,2770.9066046048115,465.22990974017125,0.5618702976033543,0.3392716560749104
10_180,0.1,42,199,0.09264942144792357,-0.11679695649054539,0.18913510816012585,2774.522236613499,489.54987312505233,0.6085108661145703,0.3392716560749104
10_180,0.1,42,200,0.09198614687396757,0.16851015665463,0.12881334517172274,2694.9643023572294,456.01352324125247,0.539231913915233,0.3392716560749104
10_180,0.1,42,201,0.0913331874026676,0.1471495243475073,0.17423699777485663,2792.794015229938,454.8755707424803,0.5435720719920136,0.3392716560749104
10_180,0.1,42,202,0.09069038261577916,0.2502932045611237,0.12339015558201383,3036.9312992653386,429.1652331543137,0.510768504879786,0.3392716560749104
10_180,0.1,42,203,0.09005757458984752,0.1173185336091355,0.1764793470596917,2840.4771892561644,454.6914960831754,0.5463945255589595,0.3392716560749104
10_180,0.1,42,204,0.08943460785740934,0.6014494022882313,0.1794398808151915,2917.980957678723,390.1932523180921,0.42849710250683265,0.3392716560749104
10_180,0.1,42,205,0.08882132936879764,0.15722715007371107,0.12050643278004766,2910.422121339264,444.75854068904306,0.5320988194066165,0.3392716560749104
10_180,0.1,42,206,0.08821758845454078,-0.2563550391856737,0.11372370245238572,2800.5338152597587,507.98114329674814,0.6454070364047206,0.3392716560749104
10_180,0.1,42,207,0.08762323678834613,0.007899192139958655,0.20798098500992362,2840.5098230663775,468.1202963662217,0.5720174309636332,0.3392716560749104
10_180,0.1,42,208,0.08703812835065944,0.5788796568682346,0.15318594608404165,3014.48320843456,387.9023687164488,0.4305492378584873,0.3392716560749104
10_180,0.1,42,209,0.08646211939279098,0.6743445696260453,0.1263792501339398,2950.830763467916,378.97539701810746,0.4092810029800714,0.3392716560749104
10_180,0.1,42,210,0.08589506840159955,0.007808310431381027,0.10839700975004393,2706.379469852615,475.9925253729715,0.5781095002005356,0.3392716560749104
10_180,0.1,42,211,0.08533683606472567,0.1878368803741193,0.10322984812229859,2953.919870963727,443.03220526725687,0.5317002329853606,0.3392716560749104
10_180,0.1,42,212,0.08478728523636561,0.7386991470695515,0.12649246370563308,2805.8881774002302,375.7545445890547,0.3934890141375895,0.3392716560749104
10_180,0.1,42,213,0.08424628090357741,-0.16119206099666694,0.1724799184862198,2801.7885575430673,493.60242329431776,0.6180574683280572,0.3392716560749104
10_180,0.1,42,214,0.08371369015311121,0.22397591624573035,0.16133244567885846,2714.8767742694245,447.63566885419743,0.5245731663251502,0.3392716560749104
10_180,0.1,42,215,0.08318938213875532,0.27146669728397366,0.1603957032787455,2729.2923797896156,441.74443784127163,0.514292778757897,0.3392716560749104
10_180,0.1,42,216,0.08267322804918986,-1657.2774508928208,0.14060286861176502,212462.95433737824,210251.92150604835,414.76920452922525,0.3392716560749104
10_180,0.1,42,217,0.08216510107634088,0.5001961121528702,0.13490556511052312,2691.3873954944074,409.8698451515595,0.4509565788868267,0.3392716560749104
10_180,0.1,42,218,0.08166487638422609,0.4739753789090012,0.15142405226416367,2850.8462103551037,410.14187669928214,0.4620886852747171,0.3392716560749104
10_180,0.1,42,219,0.08117243107828538,0.4870138171301198,0.13338040262844464,2927.298566774796,405.49428629027204,0.4583100121742869,0.3392716560749104
10_180,0.1,42,220,0.08068764417518824,0.16851015665463,0.16727951229596805,2694.9643023572294,456.01352324125247,0.539231913915233,0.3392716560749104
10_180,0.1,42,221,0.08021039657311081,0.1471495243475073,0.12887143051197425,2792.794015229938,454.8755707424803,0.5435720719920136,0.3392716560749104
10_180,0.1,42,222,0.07974057102247495,0.1471495243475073,0.08051212793389739,2792.794015229938,454.8755707424803,0.5435720719920136,0.3392716560749104
10_180,0.1,42,223,0.0792780520971426,0.49836521542229095,0.13378144803343006,2788.310920126485,408.60039519251256,0.45498554052766554,0.3392716560749104
10_180,0.1,42,224,0.07882272616605801,0.1471495243475073,0.16993682318412323,2792.794015229938,454.8755707424803,0.5435720719920136,0.3392716560749104
10_180,0.1,42,225,0.0783744813653311,0.10907914087516607,0.17143659895755525,2758.640888494153,459.40353915190707,0.549937828395216,0.3392716560749104
10_180,0.1,42,226,0.07793320757075473,-0.4238829691826059,0.1347396140177777,2799.5314250239994,526.9678633668836,0.6815649779832376,0.3392716560749104
10_180,0.1,42,227,0.07749879637074959,0.2317269156319653,0.14229255346025443,2842.968202531406,438.0573081532901,0.5148240452411332,0.3392716560749104
10_180,0.1,42,228,0.07707114103972987,0.5844532974155054,0.14753639707205055,2977.4358364411332,390.49436807651455,0.4330287374206663,0.3392716560749104
10_180,0.1,42,229,0.0766501365118829,0.4808825634559436,0.08110334385469556,2742.2146180622835,411.5730282456477,0.4575889794389848,0.3392716560749104
10_180,0.1,42,230,0.07623567935535681,0.5237154561160111,0.10451429619532907,2860.3929748188275,403.48283253420476,0.4500193358529567,0.3392716560749104
10_180,0.1,42,231,0.07582766774684957,0.3418628680295598,0.15868363619571596,2863.2726681143295,425.66305289559153,0.49252851868019615,0.3392716560749104
10_180,0.1,42,232,0.07542600144659303,0.19738929349733123,0.12151561307884769,3211.8010169343515,427.1446994959321,0.5185523421775067,0.3392716560749104
10_180,0.1,42,233,0.07503058177372629,-0.01336681689133895,0.14698570177823903,2944.977948794073,468.9407950305421,0.5805359399104209,0.3392716560749104
10_180,0.1,42,234,0.0746413115820518,0.11002246353630155,0.12143130576014119,3003.3998515972253,450.6121131093826,0.5494551356406148,0.3392716560749104
10_180,0.1,42,235,0.07425809523616868,0.41308620330370527,0.10768404778479271,3148.207844108311,403.42100518465503,0.4690574674703554,0.3392716560749104
10_180,0.1,42,236,0.0738808385879771,0.6304961871301578,0.11642987386348587,2919.8147943796243,385.47168906821935,0.41961091288694713,0.3392716560749104
10_180,0.1,42,237,0.0735094489535481,0.43934715331466034,0.17859985055454486,2803.6437802679848,416.97037862556414,0.47197509441774455,0.3392716560749104
10_180,0.1,42,238,0.07314383509035316,0.418451206338908,0.11010823577685913,3000.709849249504,408.4007234966554,0.46874122162991005,0.3392716560749104
10_180,0.1,42,239,0.07278390717484776,0.47637687705828324,0.12824967307387997,2820.4721045528495,411.61774697112736,0.46288288087314317,0.3392716560749104
10_180,0.1,42,240,0.07242957678040378,0.38894035161661866,0.13040431566240268,2877.249095732228,420.0118215804507,0.48267679484225495,0.3392716560749104
10_180,0.1,42,241,0.07208075685558483,0.19878236945950886,0.12543673940199612,2825.587123332275,446.4198059711144,0.5296219760002615,0.3392716560749104
10_180,0.1,42,242,0.0717373617027597,0.4194077980148102,0.15588456334373751,2934.731704519284,412.41676974747054,0.47201210715575054,0.3392716560749104
10_180,0.1,42,243,0.07139930695704806,0.5174356558556645,0.1745682339213664,2802.929689282723,405.0505252568866,0.44918574470222594,0.3392716560749104
10_180,0.1,42,244,0.0710665095655941,0.38894035161661866,0.09858288088299638,2877.249095732228,420.0118215804507,0.48267679484225495,0.3392716560749104
10_180,0.1,42,245,0.07073888776716195,0.23811547468804037,0.154171182689724,2801.4460417859136,444.9421766848828,0.5251960575526604,0.3392716560749104
10_180,0.1,42,246,0.07041636107204882,0.8298801604731265,0.17072434995894087,2758.08247919877,367.3864882920352,0.374341842628128,0.3392716560749104
10_180,0.1,42,247,0.07009885024231037,0.5373677523682531,0.09600977709595666,3056.5647228546104,393.863599738996,0.44472345636003197,0.3392716560749104
10_180,0.1,42,248,0.0697862772722936,0.3533953324313428,0.1545536154064179,3031.123819304487,415.51562905355036,0.484339972715497,0.3392716560749104
10_180,0.1,42,249,0.0694785653694726,0.3889403516166187,0.17189320498387722,2877.249095732228,420.0118215804507,0.48267679484225495,0.3392716560749104
10_180,0.1,42,250,0.06917563893558212,0.6611256090374927,0.1353053601815583,2954.5233956738307,381.54158443807563,0.41442278817934414,0.3392716560749104
10_180,0.1,42,251,0.06887742354804487,-0.1724554648491704,0.1670199635281937,2860.410248203849,491.30289939475256,0.6175719028048561,0.3392716560749104
10_180,0.1,42,252,0.06858384594168729,0.5184505225305883,0.15072695513338372,2808.3989977001165,407.0408412342883,0.45334707820071907,0.3392716560749104
10_180,0.1,42,253,0.06829483399074003,0.36900002814110666,0.1141585898913449,3067.775821717164,414.3533299484916,0.48456187571113296,0.3392716560749104
10_180,0.1,42,254,0.06801031669111803,0.47962299364911465,0.10807881535045101,2893.002505831667,406.1069040561022,0.45719617958299974,0.3392716560749104
10_180,0.1,42,255,0.06773022414297643,0.3419382537799691,0.1099309106732979,2829.390445162144,426.6508793819892,0.49215808853218657,0.3392716560749104
10_180,0.1,42,256,0.06745448753353762,0.44611497992072313,0.14959299093795225,2850.06199946674,414.6214993813348,0.47058313776622884,0.3392716560749104
10_180,0.1,42,257,0.06718303912018544,0.4245687988368114,0.1087040579026742,2864.7946749053335,413.32116795207156,0.46908280520915246,0.3392716560749104
10_180,0.1,42,258,0.0669158122138222,0.712306946311144,0.07691977288901078,2962.8478608650867,375.9126404582842,0.40423740861206253,0.3392716560749104
10_180,0.1,42,259,0.06665274116248465,0.6365005637598489,0.1491150414528546,2797.824311796393,386.3330097342217,0.41313490234156447,0.3392716560749104
10_180,0.1,42,260,0.06639376133521471,0.6100611973651867,0.15371044124776406,2991.4063460210805,385.87104487757523,0.4251377598757012,0.3392716560749104
10_180,0.1,42,261,0.06613880910618089,0.7335302618907218,0.14410791887187663,3069.0459489990712,366.4462194952997,0.3932447018891138,0.3392716560749104
10_180,0.1,42,262,0.06588782183904693,0.33983972197596246,0.12694913707765204,2574.676922241531,436.2643453186706,0.49354660108185044,0.3392716560749104
10_180,0.1,42,263,0.06564073787158327,0.5884699516507659,0.1054817176778664,2951.9820896714173,390.06204165488526,0.4305097794491028,0.3392716560749104
10_180,0.1,42,264,0.06539749650051803,0.49459035656315165,0.117305518844995,2746.060683765307,408.9169346402773,0.4527774157775674,0.3392716560749104
10_180,0.1,42,265,0.06515803796662348,0.577927842154307,0.13759852265379718,2977.7110545016258,390.8039027113878,0.4336376145155252,0.3392716560749104
10_180,0.1,42,266,0.06492230344003448,-0.2706318656201446,0.13953957201092324,2810.6282699441695,508.1092782277948,0.6463233608571314,0.3392716560749104
10_180,0.1,42,267,0.06469023500579518,0.5075986145887742,0.10010762039954346,2877.379384677049,400.3778605905746,0.445225941473798,0.3392716560749104
10_180,0.1,42,268,0.06446177564963067,0.44659246567830113,0.15118514326287932,2794.613809461829,415.759451880107,0.46906376632683433,0.3392716560749104
10_180,0.1,42,269,0.06423686924393959,0.5871925364134578,0.08690373201878526,2853.051662976024,391.3426323396373,0.4263684997742669,0.3392716560749104
10_180,0.1,42,270,0.064015460534005,0.44659246567830113,0.10344532396611021,2794.613809461829,415.759451880107,0.46906376632683433,0.3392716560749104
10_180,0.1,42,271,0.0637974951244193,0.4103009839237407,0.09712055292991748,2779.41938285952,421.14977407922294,0.47833663676547444,0.3392716560749104
10_180,0.1,42,272,0.06358291946572056,0.4276474507705753,0.15931451559611481,2817.085734342211,416.8721669867936,0.47268237299494226,0.3392716560749104
10_180,0.1,42,273,0.06337168084123639,-1657.8697968593856,0.09375271246002619,212540.0854699615,210326.00124926065,414.91567447551927,0.3392716560749104
10_180,0.1,42,274,0.06316372735413278,0.9317736743243938,0.1643786000625656,3037.9315489206488,343.0184744214301,0.34647615647300345,0.3392716560749104
10_180,0.1,42,275,0.06295900791466405,0.6004720117740416,0.10315503606313567,2927.4830696801555,390.34793306844625,0.42942464903366845,0.3392716560749104
10_180,0.1,42,276,0.06275747222762111,0.7257034343323722,0.08181131755454804,2737.410924894174,379.41586829268965,0.3959167933940858,0.3392716560749104
10_180,0.1,42,277,0.06255907077997513,0.5163698414963842,0.12516011791386675,2793.2777444439625,407.43587654708205,0.45309433876027344,0.3392716560749104
10_180,0.1,42,278,0.062363754828713217,0.46747561222784517,0.09951992136599955,2752.232286594032,415.759451880107,0.46624297968944833,0.3392716560749104
10_180,0.1,42,279,0.06217147638886324,0.4558571599374516,0.09738629029090458,2669.954417936227,416.29818150835655,0.46179465158557614,0.3392716560749104
10_180,0.1,42,280,0.06198218822170495,0.3588127043852751,0.13242150819340873,2778.630882176803,426.47256297944574,0.48843947588086006,0.3392716560749104
10_180,0.1,42,281,0.06179584382316449,0.27142493950919244,0.10561853643377699,2790.098584695141,440.30002835413217,0.515584075962757,0.3392716560749104
10_180,0.1,42,282,0.06161239741238927,0.35348122202089427,0.08612621550966396,2821.128857576644,428.08353470214826,0.49434157724118605,0.3392716560749104
10_180,0.1,42,283,0.06143180392050065,0.9078052564355652,0.08398193025291904,3087.8837699888104,344.9103901034895,0.35341040141343805,0.3392716560749104
10_180,0.1,42,284,0.06125401897952138,0.30422924394004713,0.1352662600975691,2427.353632823708,444.9542851563691,0.5003206941300777,0.3392716560749104
10_180,0.1,42,285,0.06107899891147547,0.44659246567830113,0.1044751258257957,2794.613809461829,415.759451880107,0.46906376632683433,0.3392716560749104
10_180,0.1,42,286,0.060906700717657275,0.4542870035990396,0.07388989542416813,2802.7455215369064,414.82530791764566,0.4678227405423019,0.3392716560749104
10_180,0.1,42,287,0.060737082068067785,0.6280547876868066,0.09966539476835665,2640.726101354648,396.16915480396324,0.4214452446482374,0.3392716560749104
10_180,0.1,42,288,0.06057010129101494,-0.12095657971142088,0.08864023079548342,2803.062907995305,488.2207166557572,0.6078745570860296,0.3392716560749104
10_180,0.1,42,289,0.06040571736287584,0.7104082240502207,0.13972798137406564,2692.5284979604958,381.85047809682897,0.3975745326162074,0.3392716560749104
10_180,0.1,42,290,0.06024388989801807,0.5234188575765234,0.12928721839404456,2716.6965685013156,408.5195499918242,0.4500648606599711,0.3392716560749104
10_180,0.1,42,291,0.06008457913887785,0.44659246567830113,0.12126929270013291,2794.613809461829,415.759451880107,0.46906376632683433,0.3392716560749104
10_180,0.1,42,292,0.05992774594619241,0.44659246567830113,0.07797286204926655,2794.613809461829,415.759451880107,0.46906376632683433,0.3392716560749104
10_180,0.1,42,293,0.05977335178938433,-0.6743830564547633,0.08226567741397994,2812.5778470512428,560.3420044863498,0.7461076468601004,0.3392716560749104
10_180,0.1,42,294,0.059621358737095426,-0.13950825495895652,0.08738460581970194,2670.3424732704493,491.5009135535444,0.6052993537259678,0.3392716560749104
10_180,0.1,42,295,0.05947172944786773,0.422032400563488,0.06617472841181353,2773.8487438275074,418.74936022479113,0.4733861355467141,0.3392716560749104
10_180,0.1,42,296,0.059324427160969605,0.09412881927050812,0.09127674541313383,2939.5031429924124,453.4552335983176,0.550626736752312,0.3392716560749104
10_180,0.1,42,297,0.05917941568736433,0.37813854965362026,0.09186462333582365,2763.261266409005,424.3394732936404,0.48334681055039586,0.3392716560749104
10_180,0.1,42,298,0.05903665940081926,0.44659246567830113,0.1290867048602343,2794.613809461829,415.759451880107,0.46906376632683433,0.3392716560749104
10_180,0.1,42,299,0.058896123229153184,0.5638490977071555,0.11290045587660136,2923.309371012001,393.6030609665753,0.43535730062731304,0.3392716560749104
10_180,0.1,42,300,0.05875777264561992,0.5226140811064464,0.1097894107891459,2812.496931838971,404.2941527631922,0.44837943270391173,0.3392716560749104
10_180,0.1,42,301,0.05862157366042571,0.4129400091864015,0.1687905872141068,3199.9187960539352,402.0667107369656,0.4699153419882708,0.3392716560749104
10_180,0.1,42,302,0.058487492812378764,0.49014808086128125,0.06175060413326074,2961.7281272165997,401.51701381072655,0.45301332406955086,0.3392716560749104
10_180,0.1,42,303,0.05835549716066848,0.661638501408735,0.07882408038683546,2988.3836578722216,378.6060614167902,0.41107575729585877,0.3392716560749104
10_180,0.1,42,304,0.05822555427677263,-0.12808995347942453,0.09847745139845729,3374.256161507669,463.96940974424,0.5996225277166986,0.3392716560749104
10_180,0.1,42,305,0.05809763223649032,0.5688465753112415,0.1040182927080513,3233.7147430788036,381.28512336758007,0.4325156235339839,0.3392716560749104
10_180,0.1,42,306,0.057971699612098956,0.3588127043852751,0.1519233780745937,2778.630882176803,426.47256297944574,0.48843947588086006,0.3392716560749104
10_180,0.1,42,307,0.05784772546463305,0.49014808086128125,0.10013907776803732,2961.7281272165997,401.51701381072655,0.45301332406955086,0.3392716560749104
10_180,0.1,42,308,0.05772567933628324,0.4800610289202796,0.09859284815885427,3016.8213566732984,400.365217246431,0.4544826573872821,0.3392716560749104
10_180,0.1,42,309,0.05760553124291343,0.49014808086128125,0.12937390168483015,2961.7281272165997,401.51701381072655,0.45301332406955086,0.3392716560749104
10_180,0.1,42,310,0.05748725166669427,0.8739132614136849,0.11151655409866032,2869.74860694863,354.2820027214269,0.35677202893144994,0.3392716560749104
10_180,0.1,42,311,0.05737081154885137,0.5356175663778955,0.08905538131643799,2450.538013190988,412.7669007606197,0.4404536449980896,0.3392716560749104
10_180,0.1,42,312,0.057256182282526054,0.4365397924676605,0.08161393392535583,3155.2511876734015,400.16565995876755,0.46331539616795603,0.3392716560749104
10_180,0.1,42,313,0.057143335705747374,-0.2521064400252757,0.07812920287111721,3030.0217905006984,494.0824945324033,0.6341639108129292,0.3392716560749104
10_180,0.1,42,314,0.05703224409451321,0.4658583516672623,0.10886329417426013,3153.9795673361914,396.9972432740433,0.4571857563680556,0.3392716560749104
10_180,0.1,42,315,0.056922880155979176,0.6446345023047799,0.11107348636407695,2891.1849636984916,384.1017606594159,0.41509171870867617,0.3392716560749104
10_180,0.1,42,316,0.05681521702175326,0.6082428851741872,0.07429537129559109,2929.622973224572,387.3197510778173,0.42378962299132433,0.3392716560749104
10_180,0.1,42,317,0.05670922824129488,0.5449282983944443,0.12211535980011719,2893.4198925939304,394.4812051567427,0.4350433532983002,0.3392716560749104
10_180,0.1,42,318,0.05660488777541653,0.7218989494697524,0.08857362057525389,3131.9049343759707,364.3642395872063,0.39345620892412203,0.3392716560749104
10_180,0.1,42,319,0.056502169989886525,0.718875776010863,0.1062910911128497,3034.1663116485875,368.5994738982249,0.3950314002821554,0.3392716560749104
10_180,0.1,42,320,0.056401049649131195,0.5046210940350918,0.13245984709497535,3037.58642230762,397.3753089017469,0.45016028816740256,0.3392716560749104
10_180,0.3,42,1,1.0,-1.1700110622328117,,2956.1865759193993,510.8732565890582,0.774552913108862,0.774552913108862
10_180,0.3,42,2,0.9852258055592246,-0.6369808901547331,0.2454055711479749,2642.7866107709506,475.3014399850003,0.6591903817840983,0.6591903817840983
10_180,0.3,42,3,0.9706813761935793,-1.2763581731087665,0.26254904134485557,2889.882320397178,540.2043586486634,0.8048388251973175,0.6591903817840983
10_180,0.3,42,4,0.9563631386463322,-1.2402214796046678,0.23321146397623221,2874.6390747835544,533.9853439566273,0.7925666843042972,0.6591903817840983
10_180,0.3,42,5,0.9422675752312664,-0.7825646455338302,0.24012478789088307,2749.165008402454,472.83306990019094,0.67676820140794,0.6591903817840983
10_180,0.3,42,6,0.9283912229684601,-0.6682636750303147,0.2294324988465375,2205.659737806507,535.7597863269228,0.6616240559031838,0.6591903817840983
10_180,0.3,42,7,0.9147306727335057,-0.6417724354037713,0.2314590543876569,2882.753436725382,433.014239781992,0.6443540582028129,0.6443540582028129
10_180,0.3,42,8,0.9012825684199611,-0.811744565766181,0.21827259326635312,2760.260681999466,484.3169484676257,0.6960248182946722,0.6443540582028129
10_180,0.3,42,9,0.888043606114825,-1.4594884169287654,0.2287196320518551,2802.4082659019587,583.149639650838,0.8511000667215349,0.6443540582028129
10_180,0.3,42,10,0.8750105332868364,-0.723875521435653,0.22019139210211516,2991.7425666193594,426.07516760127254,0.6558190104220868,0.6443540582028129
10_180,0.3,42,11,0.8621801479873967,-1.2903402089011322,0.18957054063863926,3210.522040926973,494.18331993406315,0.8005698271832038,0.6443540582028129
10_180,0.3,42,12,0.8495492980639193,-1.447023551843874,0.20667743761268625,2727.4370563207767,593.2161766783721,0.8510684068146639,0.6443540582028129
10_180,0.3,42,13,0.837114880385412,-1.1527415640967849,0.20961301333045249,3131.7974685863087,484.21680254576836,0.7700613216863161,0.6443540582028129
10_180,0.3,42,14,0.8248738400801048,-0.8242013268670679,0.19737488529534195,2713.161623149279,488.28296719733186,0.6925057495583741,0.6443540582028129
10_180,0.3,42,15,0.8128231697849323,-1.1079887921044234,0.19614956124648453,2654.4760215379065,548.1668465919516,0.769650698802113,0.6443540582028129
10_180,0.3,42,16,0.8009599089066888,-0.7022903147441288,0.20249449115882,2775.5979327125883,468.39134484032934,0.6754549338131444,0.6443540582028129
10_180,0.3,42,17,0.7892811428946735,-2.014479209848294,0.19788730271236304,3058.280148495893,629.6647741014699,0.97121489503645,0.6443540582028129
10_180,0.3,42,18,0.7777840025246476,-0.9428968889340166,0.19955363798338932,3230.5418868246156,434.3656552524743,0.7158027060685097,0.6443540582028129
10_180,0.3,42,19,0.7664656631939266,-0.6122399488616095,0.21299237065433033,2821.6595572367546,436.2070313368599,0.6368932243675653,0.6368932243675653
10_180,0.3,42,20,0.7553233442274359,-0.7810724777585356,0.18056649641418182,2857.8435789107066,457.2716782924623,0.6753763298140847,0.6368932243675653
10_180,0.3,42,21,0.7443543081945577,-1.0155026514317738,0.19775824964925606,2620.5313304223773,539.0517130126689,0.7493468194365169,0.6368932243675653
10_180,0.3,42,22,0.7335558602366034,-0.8215647860244272,0.18712823538371456,2822.645390826396,478.0701835633541,0.6992115475673786,0.6368932243675653
10_180,0.3,42,23,0.7229253474047432,-1.1015624364875354,0.18119501469058003,2672.574363227503,537.0593930530687,0.7567818631931891,0.6368932243675653
10_180,0.3,42,24,0.7124601580082336,-0.6901156444604868,0.19657376513726585,3472.7629923723184,359.7472935299981,0.6534397074514935,0.6368932243675653
10_180,0.3,42,25,0.7021577209727804,-1.3285480720598204,0.1927020168646898,2780.5402093809653,565.8052784945576,0.8209960426504503,0.6368932243675653
10_180,0.3,42,26,0.6920155052088806,-0.5470756966223452,0.1923731156877549,3038.2237971787367,394.2795582127778,0.6179178891150372,0.6179178891150372
10_180,0.3,42,27,0.6820310189899872,-0.5496607877760711,0.179467649559197,2799.9864193786448,432.96798279215506,0.6277592457341024,0.6179178891150372
10_180,0.3,42,28,0.6722018093403456,-0.542920306275002,0.18069507120018405,2869.1794597202497,423.9244799227352,0.6281552716635108,0.6179178891150372
10_180,0.3,42,29,0.6625254614323491,-1.1294482130486212,0.18404137648264124,3111.193919287145,479.3818161942238,0.7587726681658649,0.6179178891150372
10_180,0.3,42,30,0.6529995979932678,-0.04304229248985064,0.17799516782126457,2838.6370052913126,346.1947218214746,0.5067122508281046,0.5067122508281046
10_180,0.3,42,31,0.6436218787212026,-1.394500088327389,0.16595670604268095,3040.643839240525,537.4889355835325,0.8309120594832069,0.5067122508281046
10_180,0.3,42,32,0.634389999710123,-1.2160748366484802,0.17993727879047833,3252.557040430727,469.2422564299087,0.7719525059138196,0.5067122508281046
10_180,0.3,42,33,0.6253016928838472,-0.10080453777162103,0.17603840235464166,2415.916717879189,408.88542239418894,0.5153351323006883,0.5067122508281046
10_180,0.3,42,34,0.6163547254388225,-0.9370958425865733,0.17391897750674262,2284.996990167836,572.4638336306917,0.7319311950008086,0.5067122508281046
10_180,0.3,42,35,0.607546899295575,-2.064118553944496,0.1585321875012556,2790.489356702942,687.3775833201136,1.0033859175863928,0.5067122508281046
10_180,0.3,42,36,0.5988760505586863,-0.8418074919333336,0.16628549168387402,2894.772369834162,466.5975173546503,0.6965887169293845,0.5067122508281046
10_180,0.3,42,37,0.5903400489851716,-1.566829410559992,0.16261599992860412,3422.420979602344,505.7513575627594,0.8600459125455656,0.5067122508281046
10_180,0.3,42,38,0.581936797461124,-0.9373569787452029,0.17021242306173287,2514.2800538970855,538.6982526057744,0.7276070174364264,0.5067122508281046
10_180,0.3,42,39,0.5736642314864987,-0.7557583954707515,0.1696393406930266,2741.684355926054,473.6101305792261,0.676427626497915,0.5067122508281046
10_180,0.3,42,40,0.5655203186679085,-1.1338901878098475,0.1587511632328992,2725.1164683137877,535.2754005092448,0.7646256979787587,0.5067122508281046
10_180,0.3,42,41,0.5575030582193081,-1.4214151719465091,0.17206997298682097,2692.2812646859593,593.7599287516094,0.8448556991225488,0.5067122508281046
10_180,0.3,42,42,0.5496104804704447,-0.6226970740073396,0.1722146015873005,2410.6105700657454,504.08354508595716,0.6555418467036842,0.5067122508281046
10_180,0.3,42,43,0.5418406463829504,-0.7574865004618216,0.18108074004242822,2702.768199560269,484.87920568014863,0.6853795819213662,0.5067122508281046
10_180,0.3,42,44,0.5341916470739625,-1550.0476946206832,0.17084500106892916,232753.77169221555,230448.37948145613,387.8668412126063,0.5067122508281046
10_180,0.3,42,45,0.5266616033471518,-0.7793136456644661,0.17142237267647534,2733.200036291901,479.00644578635126,0.6827412428586155,0.5067122508281046
10_180,0.3,42,46,0.519248665231044,-1.1243020891794349,0.21127308685023144,2941.3000223570057,506.7993170765301,0.7655351087158262,0.5067122508281046
10_180,0.3,42,47,0.5119510115245198,-1415.061933971165,0.19320381664181635,212507.7188062181,210439.98284270547,354.1334742528411,0.5067122508281046
10_180,0.3,42,48,0.504766849349387,-1.9174272461182233,0.17822592953668376,2848.517991711682,656.416272293833,0.9690285080342447,0.5067122508281046
10_180,0.3,42,49,0.49769441370990625,-1549.2526031241148,0.20062784150083793,232917.86919354947,230295.91272061452,387.6733585651457,0.5067122508281046
10_180,0.3,42,50,0.4907319670591703,-1.4294293911993774,0.19161937311818783,2992.2858636660512,551.5001986863277,0.8420479395326356,0.5067122508281046
10_180,0.3,42,51,0.4838777988722253,-1550.0035912350884,0.18531785578519436,232853.97671572797,230433.07210376198,387.8641343554309,0.5067122508281046
10_180,0.3,42,52,0.47713022522583176,-0.5393850444832272,0.20816654264692688,2609.5453576852246,460.3182576976483,0.6303192560712954,0.5067122508281046
10_180,0.3,42,53,0.47048758838475946,-1.9754019103857068,0.1624435883144751,2918.8385143795294,646.7957701971186,0.9687934399764735,0.5067122508281046
10_180,0.3,42,54,0.4639482563945182,-1.4062971542754548,0.22145621171793936,2842.5996402043584,564.9528000468231,0.8321225015664373,0.5067122508281046
10_180,0.3,42,55,0.4575106226804207,-1618.5161187633114,0.19251825706668044,243299.43498944602,240560.46688215312,404.9780115431897,0.5067122508281046
10_180,0.3,42,56,0.45117310565288166,-1.03349291644459,0.18885625888656415,2548.584801669914,552.042444337508,0.7542583647484571,0.5067122508281046
10_180,0.3,42,57,0.44493414831885486,-1.5411847269681023,0.20901060777756308,2413.70925062231,661.3516019321476,0.8895334475736648,0.5067122508281046
10_180,0.3,42,58,0.438792217899313,-0.503306337293706,0.19496625166247475,2584.7681520557176,462.2030283581215,0.6281688122290815,0.5067122508281046
10_180,0.3,42,59,0.43274580545267627,-1.9595499976949378,0.20255006764413808,3250.974336724005,597.9702372917809,0.9626582406745269,0.5067122508281046
10_180,0.3,42,60,0.4267934255040983,-1.1078276987664808,0.19838645376108183,2611.466919957479,553.2551426077833,0.7686136431649627,0.5067122508281046
10_180,0.3,42,61,0.42093361568051574,-2.0251337621369285,0.20165616313770074,2777.310721357795,681.7342902565342,0.9923803430633598,0.5067122508281046
10_180,0.3,42,62,0.4151649363513749,-2.432390582158655,0.1561895983042955,2857.8728380721063,742.2963027600321,1.09833531358347,0.5067122508281046
10_180,0.3,42,63,0.40948597027494477,-1.2197936304258215,0.19274030330444797,2878.188639288566,534.5968172657239,0.7941828054904696,0.5067122508281046
10_180,0.3,42,64,0.4038953222501312,-1.4503517365788392,0.24688115307397948,2498.5103596340027,628.5003185178813,0.8577171601048821,0.5067122508281046
10_180,0.3,42,65,0.3983916187737056,-0.5788973715699813,0.24841087728351424,2644.4259092403886,465.3788625810078,0.6447934119024851,0.5067122508281046
10_180,0.3,42,66,0.3929735077028642,-1414.9438255008872,0.21198570430317626,212629.4829628444,210404.32186246404,354.1048690536488,0.5067122508281046
10_180,0.3,42,67,0.38763965792303584,-1.5043788717413469,0.23059003016347565,3107.558712417819,551.6133735993641,0.8652325236930913,0.5067122508281046
10_180,0.3,42,68,0.38238875902085495,-1.9891833530915235,0.17395793401184614,2905.0710874124243,664.3938131089902,0.9921585352803349,0.5067122508281046
10_180,0.3,42,69,0.37721952096222106,-2.250061170673937,0.21804874488198805,2930.380277204203,694.5564750315639,1.04197095970676,0.5067122508281046
10_180,0.3,42,70,0.372130673775365,-0.3933102971064829,0.20074436989620761,2532.0122281367435,443.07581142869356,0.5892517660268994,0.5067122508281046
10_180,0.3,42,71,0.3671209672388437,-0.9417727550247978,0.15520625109111733,2585.914510202506,532.6303968874907,0.7329061393321935,0.5067122508281046
10_180,0.3,42,72,0.3621891705743874,-2.0789627649126046,0.15264600196944794,3038.14415212416,656.1063472716287,1.0064314447201834,0.5067122508281046
10_180,0.3,42,73,0.35733407214452373,-1414.9500798659844,0.20254486864911483,212831.59024184608,210377.6671706586,354.1056706364854,0.5067122508281046
10_180,0.3,42,74,0.35255447915490423,-2.3041783803956903,0.19764061243853306,3077.170123706801,682.023254888018,1.0526823615098349,0.5067122508281046
10_180,0.3,42,75,0.3478492173612599,-0.9078720782342066,0.21137705419072672,2925.1870712959294,470.8715937843177,0.7090040284771693,0.5067122508281046
10_180,0.3,42,76,0.3432171307809146,-0.4047283992813214,0.185152153805835,2367.837850157324,475.0974132613027,0.6039883362948533,0.5067122508281046
10_180,0.3,42,77,0.3386570814087846,-1.8610714075560852,0.23587630901676712,2981.4356103780383,622.8058942975277,0.9456932568336078,0.5067122508281046
10_180,0.3,42,78,0.3341679489377949,-2.246454586834098,0.15953989834077098,3135.0403307872834,668.4744956061465,1.0441321156791674,0.5067122508281046
10_180,0.3,42,79,0.32974863048364406,-1.6337805637359786,0.19838063637498077,3112.723771262655,565.9877426765572,0.8875942195621014,0.5067122508281046
10_180,0.3,42,80,0.3253980403138483,-0.24147958956234952,0.21015993929292484,2278.1083326505454,464.70166093299594,0.570645513277968,0.5067122508281046
10_180,0.3,42,81,0.32111510958100054,-1414.2403201584366,0.16228434444984136,212419.84561060768,210320.58432683288,353.9387509316895,0.5067122508281046
10_180,0.3,42,82,0.3168987860601775,-1.2110494220059724,0.21658097710948782,3300.0858261225844,467.98441241031793,0.7795760875494963,0.5067122508281046
10_180,0.3,42,83,0.31274803389043004,-0.47754118085554076,0.22261585336186984,2944.9813205454993,404.1943688321299,0.6140128380035763,0.5067122508281046
10_180,0.3,42,84,0.30866183332029457,-1.5649254954410166,0.23955264852637156,2993.7201263054103,578.5642267263673,0.8824951157449679,0.5067122508281046
10_180,0.3,42,85,0.3046391804572615,-1549.4292418877128,0.18742884449544706,233340.39388017016,230267.61659433114,387.7157353522482,0.5067122508281046
10_180,0.3,42,86,0.3006790870211401,-1415.0228278584557,0.266860025782642,212691.1023840034,210408.85847172118,354.12390461910496,0.5067122508281046
10_180,0.3,42,87,0.29678058010125963,-1.1553616858200555,0.20617638704389188,3150.6530995919666,481.88428132076257,0.7703649738846814,0.5067122508281046
10_180,0.3,42,88,0.2929427019174456,-0.2905184845994297,0.17525690472034333,2741.4927037679963,402.8882901393425,0.5714439543301753,0.5067122508281046
10_180,0.3,42,89,0.28916450958471324,-0.9129904410621732,0.193703772196674,3146.4764394400695,439.9182491766443,0.7072568698891252,0.5067122508281046
10_180,0.3,42,90,0.28544507488162135,-0.12278287322351703,0.24638605183653794,2702.9324091494773,378.7697467485677,0.5279546445742684,0.5067122508281046
10_180,0.3,42,91,0.28178348402222775,-2.279802400170419,0.23809931847414592,2798.4703720622388,726.0579029687186,1.0623779133090485,0.5067122508281046
10_180,0.3,42,92,0.27817883743159105,-1.2974687891192456,0.23910506511911905,2804.42019193178,563.2145854276297,0.8219198061940571,0.5067122508281046
10_180,0.3,42,93,0.27463024952476534,-1.0978294440657215,0.22486397692253818,2953.570500227425,510.33329064567937,0.7732292936021737,0.5067122508281046
10_180,0.3,42,94,0.27113684848922975,-0.6409929232909686,0.20458425705246,2965.1634841332375,428.96446620254693,0.6547994210647252,0.5067122508281046
10_180,0.3,42,95,0.2676977760707032,-2.01040400982858,0.19376080682438887,3041.582923277629,645.9402592041714,0.9920324274686212,0.5067122508281046
10_180,0.3,42,96,0.2643121873622896,-0.7749178665333102,0.19938094375770327,2923.2794968174935,459.23869917798004,0.6913608807151252,0.5067122508281046
10_180,0.3,42,97,0.2609792505969018,-1.876528272909036,0.20738549962111014,2953.760754428898,638.439560361797,0.963366468297209,0.5067122508281046
10_180,0.3,42,98,0.25769814694291476,-1.2324960952876576,0.2115821942239214,2913.1385398218404,533.732855876872,0.7998792383715023,0.5067122508281046
10_180,0.3,42,99,0.25446807030299534,-1.371339518898151,0.2004657503991356,3320.233336492542,492.672787277848,0.8202344818842422,0.5067122508281046
10_180,0.3,42,100,0.2512882271160621,-0.2908744331408335,0.17553699825943106,2537.533321800971,428.80461859514946,0.5691768897025691,0.5067122508281046
10_180,0.3,42,101,0.2481578361623234,-1.0814379128265525,0.14119084969642362,2948.383362891933,503.9355141471259,0.762699797790436,0.5067122508281046
10_180,0.3,42,102,0.2450761283713493,-0.3456319040974211,0.16526181508023882,2675.91282643591,422.2634768646947,0.5871007427631578,0.5067122508281046
10_180,0.3,42,103,0.24204234663312607,-0.37732721805470887,0.17122650754191976,3014.671501957634,374.78868829922334,0.5842923287010556,0.5067122508281046
10_180,0.3,42,104,0.23905574561205173,-1415.216291341078,0.21604290153357067,212559.25542070638,210462.69013444975,354.17746037543606,0.5067122508281046
10_180,0.3,42,105,0.23611559156382206,-0.46468970692179395,0.17436346055420626,3144.9509230773474,372.5659588574436,0.6070069994893179,0.5067122508281046
10_180,0.3,42,106,0.2332211621551653,-0.9362344531091585,0.16816369639203552,2904.8009045649023,482.00365899695123,0.7214525735369788,0.5067122508281046
10_180,0.3,42,107,0.23037174628638085,-0.3931448791182246,0.21597025989431246,2955.053236023565,387.64171321257606,0.5914611252378376,0.5067122508281046
10_180,0.3,42,108,0.2275666439166364,-1.1226240931770906,0.19965661127629344,2324.0522937974015,601.2417016259101,0.7824333988598835,0.5067122508281046
10_180,0.3,42,109,0.2248051658919834,-0.7180151115167457,0.20735427606474718,2921.756339410092,449.510538960351,0.676620959333708,0.5067122508281046
10_180,0.3,42,110,0.22208663377604637,-0.9811882409320171,0.14610499919114342,2856.4376731046914,501.8624296966658,0.7412646253192394,0.5067122508281046
10_180,0.3,42,111,0.21941037968334542,-0.8046837692840009,0.21524301252499986,3078.82444962943,440.91582002731747,0.6952290444916344,0.5067122508281046
10_180,0.3,42,112,0.21677574611521144,-0.33551645328289703,0.1798501046649762,2466.2682900675695,454.1475911798349,0.5925542220710248,0.5067122508281046
10_180,0.3,42,113,0.21418208579825188,-0.5554554321435038,0.1839665005933433,2741.9760294639036,444.6282481368371,0.6334791311685404,0.5067122508281046
10_180,0.3,42,114,0.21162876152533033,-0.25290293567638633,0.16589734032614345,2864.0692008847427,381.5820333615537,0.5643021870198464,0.5067122508281046
10_180,0.3,42,115,0.20911514599901782,-0.4659646099636304,0.23321722499266823,2772.4790000958105,428.7408884406315,0.615994151594674,0.5067122508281046
10_180,0.3,42,116,0.20664062167747893,-0.38234104110245365,0.1629086890326812,2872.6593687790496,400.87829146722373,0.5946514569661068,0.5067122508281046
10_180,0.3,42,117,0.20420458062275576,-1.327351242744223,0.17343505089453964,3498.440187246959,464.41542136960305,0.8138856061699126,0.5067122508281046
10_180,0.3,42,118,0.2018064243514096,0.11104783239608644,0.21158979458862642,2528.34947911927,369.8264640904394,0.4798244038482099,0.4798244038482099
10_180,0.3,42,119,0.1994455636874869,-1.414994552434612,0.21677863926488347,2668.501041627569,604.7300177826565,0.8563861902978676,0.4798244038482099
10_180,0.3,42,120,0.19712141861777083,-0.8312348841354882,0.1995023005316108,2995.2104586217047,458.38976991546446,0.7044636645274345,0.4798244038482099
10_180,0.3,42,121,0.19483341814928484,-0.2656585388800654,0.20528080782215624,2857.259535345634,384.4219197911502,0.5671566527758451,0.4798244038482099
10_180,0.3,42,122,0.19258100016901147,-0.27407301756875796,0.2017710438461732,2670.9488498116434,413.1539622494239,0.5725918089422146,0.4798244038482099
10_180,0.3,42,123,0.19036361130579338,-0.3843622078118377,0.23313000951596585,2626.6746659562327,437.02517183984617,0.5991744547225399,0.4798244038482099
10_180,0.3,42,124,0.18818070679438154,-1414.6792574903732,0.18318564036003454,212659.1311295335,210363.1024143203,354.04962265510363,0.4798244038482099
10_180,0.3,42,125,0.1860317503415984,-0.4178603812024517,0.18361242641108494,3116.4511143592244,371.3968940704456,0.5995816187884919,0.4798244038482099
10_180,0.3,42,126,0.1839162139945818,-1.0397925646713362,0.12126356409440661,2903.2064544159143,506.1435443077971,0.7569558159880408,0.4798244038482099
10_180,0.3,42,127,0.18183357801107813,-0.8743481393029738,0.15801243824107963,3221.4978795969464,427.97353870152136,0.7045115041898548,0.4798244038482099
10_180,0.3,42,128,0.17978333073175307,-1.3745235199992047,0.19089316192059536,3342.348965812301,496.75744396681705,0.8307116262782457,0.4798244038482099
10_180,0.3,42,129,0.17776496845448742,-0.22001370045254312,0.16356892211655544,2856.8129712401974,375.5621042773955,0.5539202480742043,0.4798244038482099
10_180,0.3,42,130,0.17577799531062827,-1414.0244719393334,0.20216719209541104,212329.74510052166,210300.24616768037,353.8905803167895,0.4798244038482099
10_180,0.3,42,131,0.1738219231431649,-0.36460329546301146,0.23611770434802043,3171.1657313908054,350.14655088895836,0.5789727750319495,0.4798244038482099
10_180,0.3,42,132,0.17189627138679878,-1.5977603626409111,0.13771144135691124,3264.615215381536,547.690552588708,0.8907710041627526,0.4798244038482099
10_180,0.3,42,133,0.1700005669498786,-1.1608250680883068,0.1781367717389175,2894.27921932162,522.3885576884322,0.7792795723754332,0.4798244038482099
10_180,0.3,42,134,0.16813434409817252,-1.1337710382044117,0.17097368681150935,3053.7538022766944,497.34304067002876,0.7739565265740771,0.4798244038482099
10_180,0.3,42,135,0.16629714434044632,-0.978119323900526,0.1797610442116755,3245.5613393373756,446.0975461914125,0.7362108177065019,0.4798244038482099
10_180,0.3,42,136,0.16448851631582245,-0.27209553579255047,0.1567916530583774,2821.723877196413,389.99784896541604,0.5683354344323224,0.4798244038482099
10_180,0.3,42,137,0.16270801568288995,-1413.929750828399,0.2044889774809265,212494.8840807291,210258.68606130034,353.86188199197085,0.4798244038482099
10_180,0.3,42,138,0.16095520501053945,-1.2143301291186848,0.21950693636885932,3065.300569613765,513.3893075668975,0.8000734234856519,0.4798244038482099
10_180,0.3,42,139,0.1592296536704954,-1414.3358509710106,0.16657656730217948,212541.16030498152,210319.03883611612,353.96068057343007,0.4798244038482099
10_180,0.3,42,140,0.15753093773152022,-0.3818971886886155,0.19995069023250775,2686.0706035659523,432.22472446733667,0.6039106296092536,0.4798244038482099
10_180,0.3,42,141,0.15585863985526294,-0.8053076840373921,0.16006246553522266,2868.8197240052546,472.90707222927733,0.7007695882880767,0.4798244038482099
10_180,0.3,42,142,0.15421234919372853,-0.41200785532531115,0.13579147562945107,2892.42844334806,404.3345653031395,0.6037275939272904,0.4798244038482099
10_180,0.3,42,143,0.152591661288341,-0.5861846895199031,0.18686099550571636,2787.669247843915,448.74059742129543,0.6487051292514646,0.4798244038482099
10_180,0.3,42,144,0.15099617797057668,-1414.179157367321,0.17514582973382578,212443.3301560948,210307.26311695742,353.92367253198483,0.4798244038482099
10_180,0.3,42,145,0.14942550726414244,-1414.1117054499614,0.16642504372410571,212580.74036964567,210278.1478679344,353.90790472391296,0.4798244038482099
10_180,0.3,42,146,0.14787926328867598,-2.578560015605005,0.1949681265942042,3061.623688916985,739.9009163233885,1.1354638874345977,0.4798244038482099
10_180,0.3,42,147,0.1463570661649425,-0.6047723272703882,0.1942084393143832,2996.837667644468,420.54099315222516,0.6486240936872278,0.4798244038482099
10_180,0.3,42,148,0.1448585419215072,-1.0199627386671963,0.18047079624607631,2791.540337425656,516.3919399984425,0.7498671115363206,0.4798244038482099
10_180,0.3,42,149,0.14338332240285795,-0.6459437476407024,0.19073456449030052,2948.38400979307,433.5873292737764,0.658308996345767,0.4798244038482099
10_180,0.3,42,150,0.1419310451789575,-0.17698486295263874,0.17355224181126636,2837.2566093292176,365.30429511861007,0.5347936636582419,0.4798244038482099
10_180,0.3,42,151,0.14050135345620207,-0.455571569872639,0.14692090008834793,3095.9706254505168,382.5385095482933,0.6120255022567798,0.4798244038482099
10_180,0.3,42,152,0.13909389598976496,-0.4914779503418027,0.17895041798342262,2843.873077760897,426.1739607079471,0.6264403665501915,0.4798244038482099
10_180,0.3,42,153,0.13770832699730284,-0.5669276676002266,0.21820004776059676,3305.3472306836816,365.81875551777404,0.6290211905136269,0.4798244038482099
10_180,0.3,42,154,0.13634430607400466,-0.34712186120147387,0.2166807875059078,2802.4191789219462,407.1544774793706,0.5899398746605451,0.4798244038482099
10_180,0.3,42,155,0.13500149810896128,-0.6415697368203663,0.16942345394059707,2817.651136286357,449.0807477863001,0.6551963973064971,0.4798244038482099
10_180,0.3,42,156,0.13367957320283602,-0.4945244279574145,0.17302957723810206,2965.488471835913,405.76223538287576,0.62043410609312,0.4798244038482099
10_180,0.3,42,157,0.13237820658681518,-0.14656527415684784,0.1694418968344893,2739.658134539117,381.2199246502072,0.538923568741411,0.4798244038482099
10_180,0.3,42,158,0.13109707854281938,-0.6180060815883316,0.1833985282432426,2967.432973065728,424.3687687859447,0.6484329344788806,0.4798244038482099
10_180,0.3,42,159,0.12983587432495577,-0.7970961290904587,0.18727814466754067,2965.4900720225055,452.713782099437,0.6901066661065273,0.4798244038482099
10_180,0.3,42,160,0.12859428408219134,-0.3951830568379471,0.1486202031425988,2878.9246811053126,404.7912854118727,0.6017090197235095,0.4798244038482099
10_180,0.3,42,161,0.1273720027822294,-0.25107504800654934,0.15520202254543009,2748.135641242883,400.71835013308294,0.5695503433075153,0.4798244038482099
10_180,0.3,42,162,0.12616873013656954,-0.6755355123143699,0.19718978672425375,2728.4560836697046,468.8433542990371,0.666712819867125,0.4798244038482099
10_180,0.3,42,163,0.12498417052673307,-0.27583624254163724,0.15905180866706922,2685.7055635279817,415.03810302374677,0.5783342065466166,0.4798244038482099
10_180,0.3,42,164,0.12381803293163596,-0.773393121568533,0.1364582504522832,3227.5979145182378,411.09823414591335,0.6806879376374171,0.4798244038482099
10_180,0.3,42,165,0.12267003085609117,-1.0260407615092866,0.1967838196832124,3265.0760134207017,450.8771804418926,0.7471999164795797,0.4798244038482099
10_180,0.3,42,166,0.1215398822604227,-0.27227238027176914,0.23079803700024507,2897.5002779997462,375.3632399583505,0.5617492238851325,0.4798244038482099
10_180,0.3,42,167,0.1204273094911746,-1414.4359337280498,0.20962081557137208,212742.3877331443,210308.44514548685,353.98513968269555,0.4798244038482099
10_180,0.3,42,168,0.11933203921289748,-0.4428900512223278,0.135020241660412,2963.0886155744042,394.6176238611224,0.6034172359568268,0.4798244038482099
10_180,0.3,42,169,0.11825380234099556,-0.6521530936084723,0.15487644446159415,2875.1416005262445,447.7478630725012,0.6646976827622947,0.4798244038482099
10_180,0.3,42,170,0.11719233397561858,-1.0937368344632852,0.19161165681141307,2941.9135196281795,510.7532678416459,0.771524944620368,0.4798244038482099
10_180,0.3,42,171,0.11614737333658141,-0.4869132776906469,0.20234931894203223,2720.945845381809,444.77859307842675,0.629503113398223,0.4798244038482099
10_180,0.3,42,172,0.11511866369929591,-1414.0960371423037,0.12456915343367295,212624.3323184315,210267.9769500158,353.9015159636095,0.4798244038482099
10_180,0.3,42,173,0.11410595233169919,-2.179807937562935,0.17558290966539086,2961.617323870428,688.0576347868898,1.0385643458570595,0.4798244038482099
10_180,0.3,42,174,0.11310899043216277,-0.49908964417146046,0.14085045327345042,2846.923936463174,424.6779368917267,0.6248295579596028,0.4798244038482099
10_180,0.3,42,175,0.1121275330683672,-1414.2434930998454,0.15004745851576926,212587.16367248152,210299.03221887824,353.94017793319034,0.4798244038482099
10_180,0.3,42,176,0.11116133911712744,-0.2576282126476701,0.19490492887376487,2609.5124368533125,419.72716723260925,0.570078837104034,0.4798244038482099
10_180,0.3,42,177,0.1102101712051541,-0.41025551673193394,0.18445659860159544,2636.34940088235,441.5687241687256,0.6078484770801134,0.4798244038482099
10_180,0.3,42,178,0.10927379565073586,-0.6819345678945191,0.24091534274739876,2901.2124273432128,445.88594488648596,0.6671403364016797,0.4798244038482099
10_180,0.3,42,179,0.10835198240632873,-0.2986508398774053,0.16512413699636777,2854.55455834961,392.7273145999105,0.5789410713919583,0.4798244038482099
10_180,0.3,42,180,0.1074445050020384,-0.3843761500560592,0.16659387251358293,2591.0073411627986,447.051093556701,0.6069303699511145,0.4798244038482099
10_180,0.3,42,181,0.10655114048998136,-1.0965006611752013,0.20258387519032023,3126.79604866541,483.6060451855186,0.7681563695257718,0.4798244038482099
10_180,0.3,42,182,0.10567166938951125,-0.26663675625174066,0.2160955172471896,2811.938168257069,391.9485697378375,0.5692762218738299,0.4798244038482099
10_180,0.3,42,183,0.10480587563329734,-0.7066715663365697,0.13777810433329593,3187.812961989947,406.72705562495713,0.6662575674098796,0.4798244038482099
10_180,0.3,42,184,0.10395354651424124,-0.5696153597113085,0.15338324126773528,2799.954889129831,445.407361820683,0.6462119672367217,0.4798244038482099
10_180,0.3,42,185,0.10311447263321932,-0.44504225169494444,0.15448373044591873,2759.729122013116,430.05646207337185,0.6154005742906017,0.4798244038482099
10_180,0.3,42,186,0.10228844784763778,-0.6653361751472607,0.17384029573026588,2884.2067457499543,447.2250481337303,0.6657319146854533,0.4798244038482099
10_180,0.3,42,187,0.10147526922078795,-1414.6706350440152,0.12834162888545747,212351.3823764527,210404.3661136,354.049406103999,0.4798244038482099
10_180,0.3,42,188,0.10067473697198882,-0.7940809767364839,0.186881715588101,2848.9590231343063,475.8569186170531,0.7011813126694861,0.4798244038482099
10_180,0.3,42,189,0.09988665442750533,-0.5153698583884173,0.2049998906580685,3117.155095175323,386.0930546832274,0.6215300790854861,0.4798244038482099
10_180,0.3,42,190,0.09911082797222981,-0.27642833795728955,0.1332658251793485,2930.5781847233234,377.5644522354383,0.5716203400033452,0.4798244038482099
10_180,0.3,42,191,0.09834706700211487,-0.4190969810698307,0.17418228240870656,2714.0680406806528,431.98231953589766,0.609141196105764,0.4798244038482099
10_180,0.3,42,192,0.09759518387734595,-0.6669724064898763,0.1764440393927273,2929.6425743159034,441.676699383351,0.6665708367745009,0.4798244038482099
10_180,0.3,42,193,0.09685499387624241,-0.6854167858015046,0.17657893685797213,3178.9093139398633,405.2300960207365,0.6622584021906432,0.4798244038482099
10_180,0.3,42,194,0.09612631514987509,-0.7466647646520332,0.14532893922835805,3068.9928351931917,436.36836611187954,0.6865179082154926,0.4798244038482099
10_180,0.3,42,195,0.09540896867739013,-0.6246945135096909,0.19106882933353503,2900.407626442596,441.6556754590873,0.6607022685068301,0.4798244038482099
10_180,0.3,42,196,0.0947027782220271,-1413.8996474268642,0.14558773701535382,212662.55603273996,210229.91643884973,353.85266945612153,0.4798244038482099
10_180,0.3,42,197,0.09400757028782174,-0.4380644769518984,0.15160527404024338,2795.6535437547795,425.76556382487587,0.6162062978289204,0.4798244038482099
10_180,0.3,42,198,0.09332317407698135,-0.6246945135096909,0.1296402272668793,2900.407626442596,441.6556754590873,0.6607022685068301,0.4798244038482099
10_180,0.3,42,199,0.09264942144792357,-0.7320901882145738,0.17540243711064923,2814.5129917820286,472.62185953933994,0.6895028780043069,0.4798244038482099
10_180,0.3,42,200,0.09198614687396757,-0.5413140099621953,0.13195457556010842,2802.5779135698876,442.7936279578596,0.6428571426199562,0.4798244038482099
10_180,0.3,42,201,0.0913331874026676,-0.5373370185069284,0.15913432760188365,2803.463023695657,441.4495454593395,0.6410393653443748,0.4798244038482099
10_180,0.3,42,202,0.09069038261577916,-0.8030372552616902,0.14044115494056136,3138.605480494541,430.61506800328306,0.691880110807575,0.4798244038482099
10_180,0.3,42,203,0.09005757458984752,-0.5694343147073626,0.16029410057786825,2829.7250596771914,441.10932163338106,0.6457782673995984,0.4798244038482099
10_180,0.3,42,204,0.08943460785740934,-0.39360092430973076,0.20053912741228777,2940.7691459916737,396.2654285733264,0.6014058926508692,0.4798244038482099
10_180,0.3,42,205,0.08882132936879764,-0.5004917694713499,0.1404507266339506,2938.47240614394,410.810247292312,0.6225306171880443,0.4798244038482099
10_180,0.3,42,206,0.08821758845454078,-1.0802723294835077,0.1134832545352227,3019.493056455975,498.6978893114393,0.7691261342649902,0.4798244038482099
10_180,0.3,42,207,0.08762323678834613,-0.5556701030455463,0.19371019348174054,2946.9590560320266,420.9652123734285,0.6392942892650043,0.4798244038482099
10_180,0.3,42,208,0.08703812835065944,-0.33776724625095766,0.16353792496092856,3097.7830612783846,362.09953381545665,0.5820576311793263,0.4798244038482099
10_180,0.3,42,209,0.08646211939279098,-0.2606061546901922,0.12733090784284956,3007.7340510396475,362.5399606371737,0.5647310149223568,0.4798244038482099
10_180,0.3,42,210,0.08589506840159955,-0.3508133822618031,0.11819588234934467,2822.438352268986,407.9686967714203,0.5951453570634725,0.4798244038482099
10_180,0.3,42,211,0.08533683606472567,-0.6925340999916224,0.12632687788878022,3091.5525700311073,423.5238096009707,0.671962165127313,0.4798244038482099
10_180,0.3,42,212,0.08478728523636561,-0.03006430871343365,0.13045369221335018,2912.3844962418702,339.60620045717826,0.5116606593367513,0.4798244038482099
10_180,0.3,42,213,0.08424628090357741,-0.7572970783882702,0.15211541891695707,2883.820892056721,465.4712170364356,0.6927306875042527,0.4798244038482099
10_180,0.3,42,214,0.08371369015311121,-0.46992068842780704,0.14665794043456862,2791.8640448086967,432.3149147939902,0.6251683440089344,0.4798244038482099
10_180,0.3,42,215,0.08318938213875532,-0.5183598525441883,0.16628945734479833,2859.9569750801397,429.59914435381705,0.63473454529444,0.4798244038482099
10_180,0.3,42,216,0.08267322804918986,-1413.84616419989,0.13110231660015048,212542.5078614195,210240.74724580665,353.8447713492271,0.4798244038482099
10_180,0.3,42,217,0.08216510107634088,-0.2724949556045658,0.14236877619543437,2806.9968817248173,394.1041378373663,0.5714882764664463,0.4798244038482099
10_180,0.3,42,218,0.08166487638422609,-0.40287033071639244,0.16822280538458068,2931.5114290082456,400.6606588345757,0.6060795561418388,0.4798244038482099
10_180,0.3,42,219,0.08117243107828538,-0.43620199160791834,0.12377750440030329,3013.863719463554,393.04660579494094,0.6112242885330592,0.4798244038482099
10_180,0.3,42,220,0.08068764417518824,-0.5413140099621953,0.16057725886634577,2802.5779135698876,442.7936279578596,0.6428571426199562,0.4798244038482099
10_180,0.3,42,221,0.08021039657311081,-0.6246945135096909,0.1322042418797626,2900.407626442596,441.6556754590873,0.6607022685068301,0.4798244038482099
10_180,0.3,42,222,0.07974057102247495,-0.5088052287619029,0.10193675985573494,2778.0903437060006,438.99836674290503,0.6323358296728243,0.4798244038482099
10_180,0.3,42,223,0.0792780520971426,-0.35926484864364927,0.13408957411731404,2856.0677562638975,402.0720745829919,0.593110069681624,0.4798244038482099
10_180,0.3,42,224,0.07882272616605801,-0.4040706638645994,0.15180604852155372,2807.84493959728,416.3630411882538,0.6046879940750969,0.4798244038482099
10_180,0.3,42,225,0.0783744813653311,-0.5354263452986593,0.1570239664814074,2724.634298021795,450.2596766112229,0.6383730682797657,0.4798244038482099
10_180,0.3,42,226,0.07793320757075473,-0.9627967079114872,0.12292187805807116,2762.2176542412444,516.3572929221892,0.7439608094346449,0.4798244038482099
10_180,0.3,42,227,0.07749879637074959,-0.5196268533473488,0.13324425049944,2813.958776216876,431.89752846525846,0.628960653485918,0.4798244038482099
10_180,0.3,42,228,0.07707114103972987,-0.32163179326150876,0.14519763411116338,2944.8004338808155,382.0360994918505,0.581095667728672,0.4798244038482099
10_180,0.3,42,229,0.0766501365118829,-0.17086364086362943,0.0817452494056933,2636.74661417763,402.5994728813928,0.5501006195957574,0.4798244038482099
10_180,0.3,42,230,0.07623567935535681,-0.3094693107043283,0.09624758811471677,2806.8520374826435,401.1993884628252,0.5819881246682346,0.4798244038482099
10_180,0.3,42,231,0.07582766774684957,-0.33588530023934315,0.15076636644858094,2749.9253524073874,413.4719269092953,0.5888329575166089,0.4798244038482099
10_180,0.3,42,232,0.07542600144659303,-0.811392002692334,0.15011291943885113,3151.1221448244855,427.4787718802237,0.6897253194043664,0.4798244038482099
10_180,0.3,42,233,0.07503058177372629,-0.6676244563633786,0.16251382615029886,2831.630633087131,456.7496690442459,0.6693677465476178,0.4798244038482099
10_180,0.3,42,234,0.0746413115820518,-0.6880132602844691,0.13423806972868277,2909.02050980024,449.2898949571597,0.6737505662569874,0.4798244038482099
10_180,0.3,42,235,0.07425809523616868,-0.5310974310816079,0.11320434706881732,3009.362186094424,404.2476563772044,0.6269469024181384,0.4798244038482099
10_180,0.3,42,236,0.0738808385879771,-0.1608955949388172,0.11401613725870274,2763.4812705806025,381.35818950626765,0.5438855311914774,0.4798244038482099
10_180,0.3,42,237,0.0735094489535481,-0.26201096903293286,0.1631886980104793,2678.376674611874,412.69758801153836,0.5733977080483397,0.4798244038482099
10_180,0.3,42,238,0.07314383509035316,-0.5127836016704027,0.10598193830284208,2962.7255019217,407.78922595750305,0.6228903087941062,0.4798244038482099
10_180,0.3,42,239,0.07278390717484776,-0.3306845386277686,0.11866807664862714,2775.783647498408,409.3302220003156,0.5878501584180631,0.4798244038482099
10_180,0.3,42,240,0.07242957678040378,-0.33588530023934315,0.1194176171643568,2749.9253524073874,413.4719269092953,0.5888329575166089,0.4798244038482099
10_180,0.3,42,241,0.07208075685558483,-0.41193029193910985,0.1393582526733495,2649.1309174116714,442.89024055832516,0.6123615967458984,0.4798244038482099
10_180,0.3,42,242,0.0717373617027597,-0.3414254112365995,0.15845081727267607,2787.34813212512,407.53857546842835,0.5875005939615752,0.4798244038482099
10_180,0.3,42,243,0.07139930695704806,-0.17343129903039523,0.1744473906747844,2657.2801597974244,399.864794298945,0.5501425341374488,0.4798244038482099
10_180,0.3,42,244,0.0710665095655941,-0.33588530023934315,0.1058688800374025,2749.9253524073874,413.4719269092953,0.5888329575166089,0.4798244038482099
10_180,0.3,42,245,0.07073888776716195,-0.4003471095694265,0.14489179735778956,2674.122298461073,438.4022820137274,0.6106918881099993,0.4798244038482099
10_180,0.3,42,246,0.07041636107204882,-0.017545383890035703,0.17634814151431116,2889.139637601268,339.3718020770189,0.5066715078410468,0.4798244038482099
10_180,0.3,42,247,0.07009885024231037,-0.2065031523923981,0.10317269949533667,2668.2264935294597,405.03935234827696,0.5600068185481837,0.4798244038482099
10_180,0.3,42,248,0.0697862772722936,-0.4746621848343867,0.13752729542040265,2908.4266945648637,409.4924762022881,0.6145758966140877,0.4798244038482099
10_180,0.3,42,249,0.0694785653694726,-0.33588530023934315,0.15528099135265247,2749.9253524073874,413.4719269092953,0.5888329575166089,0.4798244038482099
10_180,0.3,42,250,0.06917563893558212,-0.0823523349772043,0.14487479773261638,2860.2137644235513,353.81383334675263,0.5223266392779973,0.4798244038482099
10_180,0.3,42,251,0.06887742354804487,-0.8657292871681227,0.17008251018378448,2586.712938929305,522.565344966253,0.7181298516847012,0.4798244038482099
10_180,0.3,42,252,0.06858384594168729,-0.18820000857561797,0.15939927887598615,2681.075254375276,400.5009465631329,0.5558377215571993,0.4798244038482099
10_180,0.3,42,253,0.06829483399074003,-0.4147844463892238,0.1264211638101034,2935.041465229209,397.5877184818023,0.6022244107207457,0.4798244038482099
10_180,0.3,42,254,0.06801031669111803,-0.25941055417436365,0.10278824537576747,2825.1008009864577,389.2282353448089,0.5678676646655224,0.4798244038482099
10_180,0.3,42,255,0.06773022414297643,-0.35615609921351377,0.1427404901986034,2774.4725510817566,411.72822568422805,0.5911468111063054,0.4798244038482099
10_180,0.3,42,256,0.06745448753353762,-0.28424737971060393,0.1682633336560459,2792.6124763420935,399.0659384225088,0.5759790329399797,0.4798244038482099
10_180,0.3,42,257,0.06718303912018544,-0.4225426432005653,0.11275856751741797,2911.0502438451813,401.3519816517712,0.6030199176913036,0.4798244038482099
10_180,0.3,42,258,0.0669158122138222,-0.3431536295789934,0.10151929139318325,2886.43904314947,394.607217241873,0.5880970986750509,0.4798244038482099
10_180,0.3,42,259,0.06665274116248465,-0.1593075098623232,0.16696869772403758,2612.969855110697,401.57967319808677,0.543839791973636,0.4798244038482099
10_180,0.3,42,260,0.06639376133521471,-0.24666079281663889,0.14178665040327446,2919.9230172820608,372.2996137714506,0.5616802243260912,0.4798244038482099
10_180,0.3,42,261,0.06613880910618089,-0.38884563617489265,0.11928162881219032,2968.6253674267573,388.56056057063637,0.5955345799620347,0.4798244038482099
10_180,0.3,42,262,0.06588782183904693,0.05551463009355359,0.14007077768742687,2466.1077465442095,390.5141402904765,0.4980953495153245,0.4798244038482099
10_180,0.3,42,263,0.06564073787158327,-0.2515172390224626,0.12220781328217692,2739.695915381442,400.83679818234583,0.5680409422123888,0.4798244038482099
10_180,0.3,42,264,0.06539749650051803,-0.19139024933085583,0.12385826156412519,2709.2019927404554,394.33815784740364,0.5523087423007993,0.4798244038482099
10_180,0.3,42,265,0.06515803796662348,-0.3088444710146694,0.14599358488872424,2723.767773005565,411.59099796354644,0.5808189040565943,0.4798244038482099
10_180,0.3,42,266,0.06492230344003448,-0.7933039713059055,0.1451859747074187,2724.7784275403937,495.28950018134105,0.7052224078919451,0.4798244038482099
10_180,0.3,42,267,0.06469023500579518,-0.25437971685119787,0.11227383296692302,2707.5574781086307,403.2050813990092,0.5651381670207432,0.4798244038482099
10_180,0.3,42,268,0.06446177564963067,-0.3088444710146694,0.15416259045812405,2723.767773005565,411.59099796354644,0.5808189040565943,0.4798244038482099
10_180,0.3,42,269,0.06423686924393959,-0.3919958786342468,0.07732128871078234,2704.1849717240248,426.2685767338882,0.5986891089026651,0.4798244038482099
10_180,0.3,42,270,0.064015460534005,-0.3088444710146694,0.11753523973819564,2723.767773005565,411.59099796354644,0.5808189040565943,0.4798244038482099
10_180,0.3,42,271,0.0637974951244193,-0.29943675911281437,0.0909448493910705,2704.698759521096,412.9762501435548,0.5790669760811306,0.4798244038482099
10_180,0.3,42,272,0.06358291946572056,-0.38060364881203007,0.16910772801282356,2753.6305920501763,418.7769284230095,0.5974449730157384,0.4798244038482099
10_180,0.3,42,273,0.06337168084123639,-1414.188013927665,0.11392189266272265,212454.5132726665,210308.56825004026,353.9278421860936,0.4798244038482099
10_180,0.3,42,274,0.06316372735413278,-0.1950327392920485,0.14507930994235255,2789.807935466272,383.1637642607517,0.5518215266814946,0.4798244038482099
10_180,0.3,42,275,0.06295900791466405,-0.36801569346343854,0.11749081305402949,2831.408556544456,405.85950661948914,0.5938065814636584,0.4798244038482099
10_180,0.3,42,276,0.06275747222762111,0.004744642153890928,0.07823209736331967,2682.493030813787,364.4932145949284,0.5026882924311209,0.4798244038482099
10_180,0.3,42,277,0.06255907077997513,-0.16743439388360748,0.12397392981353424,2685.9620080401314,396.2088268772065,0.5504443111952335,0.4798244038482099
10_180,0.3,42,278,0.062363754828713217,-0.20664557715160817,0.09730619946058107,2697.3143925136446,400.83679818234583,0.5595785823002307,0.4798244038482099
10_180,0.3,42,279,0.06217147638886324,-0.33466864664204,0.10607958106755203,2720.113114099902,415.5143769526876,0.5859111470584596,0.4798244038482099
10_180,0.3,42,280,0.06198218822170495,-0.3088444710146694,0.13206571756351365,2723.767773005565,411.59099796354644,0.5808189040565943,0.4798244038482099
10_180,0.3,42,281,0.06179584382316449,-0.4681303760712233,0.10819464470750736,2702.201884030212,443.4808166338015,0.6238346947020037,0.4798244038482099
10_180,0.3,42,282,0.06161239741238927,-0.3677344300345106,0.08989393156673683,2767.3530144443084,417.4435720595817,0.5982063510765119,0.4798244038482099
10_180,0.3,42,283,0.06143180392050065,-0.16302407069812422,0.07420367955937875,2828.4073563717157,372.42723312192595,0.5435965798971905,0.4798244038482099
10_180,0.3,42,284,0.06125401897952138,-0.214988470314259,0.1344119245412974,2313.7212071843683,457.4947419365261,0.5670618945038276,0.4798244038482099
10_180,0.3,42,285,0.06107899891147547,-0.18447747826287153,0.10856745330332976,2684.955278293462,398.12113317097317,0.553081002022491,0.4798244038482099
10_180,0.3,42,286,0.060906700717657275,-0.2512323520854121,0.08697675682625303,2747.827627456519,399.9026542198845,0.5682784161303001,0.4798244038482099
10_180,0.3,42,287,0.060737082068067785,-0.08252876048986948,0.09329230729723184,2658.608047417776,384.3060430224623,0.5273197652640067,0.4798244038482099
10_180,0.3,42,288,0.06057010129101494,-0.6322285852116724,0.09787777909232993,2910.7334966865305,437.97029924884924,0.6572952493479265,0.4798244038482099
10_180,0.3,42,289,0.06040571736287584,-0.16818532233006472,0.11634264638826856,2748.8032166123357,382.6493379368022,0.5428707081373285,0.4798244038482099
10_180,0.3,42,290,0.06024388989801807,-0.06498890326255552,0.10031228050749827,2569.5831351597253,396.505670396472,0.5276473198108735,0.4798244038482099
10_180,0.3,42,291,0.06008457913887785,-0.18447747826287153,0.1491406392765044,2684.955278293462,398.12113317097317,0.553081002022491,0.4798244038482099
10_180,0.3,42,292,0.05992774594619241,-0.24180471025507788,0.07963314374117365,2669.027135917585,408.8753329521737,0.5658589638666964,0.4798244038482099
10_180,0.3,42,293,0.05977335178938433,-0.8376637855097502,0.08352558309601077,2684.5532999725706,507.14120796952403,0.7147775788342107,0.4798244038482099
10_180,0.3,42,294,0.059621358737095426,-0.6474336304810677,0.09177347938178224,2628.4682773787013,481.04603764967635,0.6648559375129375,0.4798244038482099
10_180,0.3,42,295,0.05947172944786773,-0.35299764625430013,0.0824845445031532,2749.4355333034982,414.81870869431856,0.5907336684547373,0.4798244038482099
10_180,0.3,42,296,0.059324427160969605,-0.7193711726772003,0.0960652922790595,2915.0899324684037,449.524582067845,0.6753107101911813,0.4798244038482099
10_180,0.3,42,297,0.05917941568736433,-0.2591682923752963,0.11735615932367416,2616.8732987662224,418.5985231700054,0.5698737724402293,0.4798244038482099
10_180,0.3,42,298,0.05903665940081926,-0.24180471025507788,0.11089754831765734,2669.027135917585,408.8753329521737,0.5658589638666964,0.4798244038482099
10_180,0.3,42,299,0.058896123229153184,-0.3405671745165594,0.08790693846443935,2622.976749513903,431.6655930555891,0.5904829132654001,0.4798244038482099
10_180,0.3,42,300,0.05875777264561992,-0.23146540555809353,0.12550948554395425,2528.0571864658455,430.17355291550984,0.5693161666779576,0.4798244038482099
10_180,0.3,42,301,0.05862157366042571,-0.4121962034048604,0.1341534904347032,2837.886785974179,409.7389269869015,0.6008568371541421,0.4798244038482099
10_180,0.3,42,302,0.058487492812378764,-0.24180471025507788,0.08444620101245512,2669.027135917585,408.8753329521737,0.5658589638666964,0.4798244038482099
10_180,0.3,42,303,0.05835549716066848,-0.10665428590183562,0.08767773854328949,2674.4324410823874,386.08442932010684,0.5331184166019153,0.4798244038482099
10_180,0.3,42,304,0.05822555427677263,-0.7048346327497819,0.10835882026300254,3000.070959254016,434.65381624846117,0.670211958950337,0.4798244038482099
10_180,0.3,42,305,0.05809763223649032,-0.3043554492770635,0.11236254937802415,2892.281009419159,384.28786263913616,0.573950494776039,0.4798244038482099
10_180,0.3,42,306,0.057971699612098956,-0.20722219314165302,0.13798522473928948,2637.398631139719,408.7978688709859,0.5594287192037248,0.4798244038482099
10_180,0.3,42,307,0.05784772546463305,-0.24180471025507788,0.11680148524306129,2669.027135917585,408.8753329521737,0.5658589638666964,0.4798244038482099
10_180,0.3,42,308,0.05772567933628324,-0.39373107926123946,0.09542856689173548,2825.2938283945186,410.6770037853389,0.59973441801082,0.4798244038482099
10_180,0.3,42,309,0.05760553124291343,-0.24180471025507788,0.1263699881347773,2669.027135917585,408.8753329521737,0.5658589638666964,0.4798244038482099
10_180,0.3,42,310,0.05748725166669427,0.11909603111232726,0.11089337648637079,2577.047615649615,361.6403218628741,0.4774004451915118,0.4774004451915118
10_180,0.3,42,311,0.05737081154885137,0.06469739010067994,0.07055003978989356,2269.9545985862637,417.01607733016505,0.498255958287233,0.4774004451915118
10_180,0.3,42,312,0.057256182282526054,-0.4050719176218386,0.09720679798096112,2864.372685765352,405.6262532516301,0.6000424323750533,0.4774004451915118
10_180,0.3,42,313,0.057143335705747374,-0.7865639526683237,0.0853324640349837,2713.628691258911,492.40380324089585,0.6987139918613122,0.4774004451915118
10_180,0.3,42,314,0.05703224409451321,-0.24180471025507788,0.11587267572740949,2669.027135917585,408.8753329521737,0.5658589638666964,0.4774004451915118
10_180,0.3,42,315,0.056922880155979176,-0.24180471025507788,0.09015476354654872,2669.027135917585,408.8753329521737,0.5658589638666964,0.4774004451915118
10_180,0.3,42,316,0.05681521702175326,-0.2989899941129707,0.07007999193276747,2683.430483286049,415.6435426472771,0.5787783617542466,0.4774004451915118
10_180,0.3,42,317,0.05670922824129488,-0.18613578858961888,0.11917527832880377,2977.8562563490864,350.71543174560435,0.5412186565272548,0.4774004451915118
10_180,0.3,42,318,0.05660488777541653,-0.3460589126413357,0.09362533246317592,2909.6923216859145,389.09672319810227,0.5845629826906856,0.4774004451915118
10_180,0.3,42,319,0.056502169989886525,-0.27571658606283933,0.08869522844944652,2811.078842087678,392.4420562294645,0.5698369328186368,0.4774004451915118
10_180,0.3,42,320,0.056401049649131195,-0.43394596523848794,0.14940114173651314,2809.8555051225308,420.08442178151614,0.6106116689168968,0.4774004451915118
10_180,0.5,42,1,1.0,-1.9054270897594712,,2956.1865759193993,510.8732565890582,0.8878211635474814,0.8878211635474814
10_180,0.5,42,2,0.9852258055592246,-1.2554460106242042,0.2572551099770033,2642.7866107709506,475.3014399850003,0.7458223306884904,0.7458223306884904
10_180,0.5,42,3,0.9706813761935793,-1.922954891926867,0.281931553485889,2889.882320397178,540.2043586486634,0.8968453529246638,0.7458223306884904
10_180,0.5,42,4,0.9563631386463322,-1.8821196015772297,0.2548746388606391,2874.6390747835544,533.9853439566273,0.8851808392536862,0.7458223306884904
10_180,0.5,42,5,0.9422675752312664,-1.441494133689695,0.2656550363328086,2749.165008402454,472.83306990019094,0.7786071334399112,0.7458223306884904
10_180,0.5,42,6,0.9283912229684601,-0.8870040070982976,0.2516232496811139,2205.659737806507,535.7597863269228,0.6644353854500067,0.6644353854500067
10_180,0.5,42,7,0.9147306727335057,-1.4619710558906842,0.2534014376956192,2882.753436725382,433.014239781992,0.7808577277954354,0.6644353854500067
10_180,0.5,42,8,0.9012825684199611,-1.47991972983369,0.23871751710299066,2760.260681999466,484.3169484676257,0.7944718444963703,0.6644353854500067
10_180,0.5,42,9,0.888043606114825,-1.9803678105357698,0.2590261711317131,2802.4082659019587,583.149639650838,0.9132547829834735,0.6644353854500067
10_180,0.5,42,10,0.8750105332868364,-1.6546013209972905,0.2459500048424986,3015.992224330347,426.60146178630544,0.8184004231515895,0.6644353854500067
10_180,0.5,42,11,0.8621801479873967,-2.1976502636733044,0.21324357711933178,3187.2717067133767,495.94683876034253,0.9489016908882695,0.6644353854500067
10_180,0.5,42,12,0.8495492980639193,-1.9030088140617938,0.23738489230639592,2727.4370563207767,593.2161766783721,0.898975431268088,0.6644353854500067
10_180,0.5,42,13,0.837114880385412,-1.8891260288619507,0.2343565223286125,3028.8545921843506,481.505065627246,0.8808754259423988,0.6644353854500067
10_180,0.5,42,14,0.8248738400801048,-1.4495628833348526,0.22012883029437988,2713.161623149279,488.28296719733186,0.7830017335777182,0.6644353854500067
10_180,0.5,42,15,0.8128231697849323,-1.5950575063890948,0.22648499527465232,2654.4760215379065,548.1668465919516,0.826945448580136,0.6644353854500067
10_180,0.5,42,16,0.8009599089066888,-1.3357629620828178,0.23082453423954008,2702.1337044859215,474.9271166136623,0.765175389787323,0.6644353854500067
10_180,0.5,42,17,0.7892811428946735,-2.5272405316188036,0.21940204304371697,2921.779927388306,661.2065196402282,1.0357155911861182,0.6644353854500067
10_180,0.5,42,18,0.7777840025246476,-2.0827370982797415,0.22724537854675358,3214.62835755515,460.5399615614446,0.9204763592968027,0.6644353854500067
10_180,0.5,42,19,0.7664656631939266,-1.3886909964844,0.24649672394621805,2821.6595572367546,436.2070313368599,0.7639107756583593,0.6644353854500067
10_180,0.5,42,20,0.7553233442274359,-1.5436662269080736,0.20406905192580865,2857.8435789107066,457.2716782924623,0.7982795641373404,0.6644353854500067
10_180,0.5,42,21,0.7443543081945577,-1.4232192981098872,0.21384472660710085,2532.646177556608,552.2177097387776,0.7906959867894781,0.6644353854500067
10_180,0.5,42,22,0.7335558602366034,-1.3864602225012896,0.20642641413612695,2764.8431771040982,462.8261344592973,0.773217827391777,0.6644353854500067
10_180,0.5,42,23,0.7229253474047432,-1.519561548275346,0.19789229150852541,2598.940655817096,543.4256856426617,0.8034387618256511,0.6644353854500067
10_180,0.5,42,24,0.7124601580082336,-1.862059969827357,0.22143672170917422,3401.010849055522,346.88750521532955,0.8620367097279171,0.6644353854500067
10_180,0.5,42,25,0.7021577209727804,-2.0771452116811857,0.21382750892153543,2736.175929715696,630.7038945342237,0.9416183793406081,0.6644353854500067
10_180,0.5,42,26,0.6920155052088806,-1.174263557896,0.2110804476332099,2864.063035150043,373.3201136070388,0.7113655703273892,0.6644353854500067
10_180,0.5,42,27,0.6820310189899872,-1.3286487518000698,0.2010275981564471,2799.9864193786448,432.96798279215506,0.753265079942935,0.6644353854500067
10_180,0.5,42,28,0.6722018093403456,-1.4613291597335167,0.2032388571726571,2898.8661127640307,429.5674638793542,0.7825664036457538,0.6644353854500067
10_180,0.5,42,29,0.6625254614323491,-2.013788738767837,0.20601254316680287,3111.193919287145,479.3818161942238,0.9060261953374661,0.6644353854500067
10_180,0.5,42,30,0.6529995979932678,-1.0146171049856627,0.20176455805676818,2766.8814001667843,377.6152347679928,0.6835775608333832,0.6644353854500067
10_180,0.5,42,31,0.6436218787212026,-2.05245247289935,0.18505606837168867,3013.7248674436973,528.2157921588416,0.9253511119730614,0.6644353854500067
10_180,0.5,42,32,0.634389999710123,-2.196907229751133,0.20281711480303324,3252.557040430727,469.2422564299087,0.94232237654614,0.6644353854500067
10_180,0.5,42,33,0.6253016928838472,-0.7270041536321463,0.20474111015620639,2412.6789002887786,423.7705774345848,0.6146262542691859,0.6146262542691859
10_180,0.5,42,34,0.6163547254388225,-1.170589886121715,0.20288488459756468,2283.2457847676314,577.7789923644881,0.734792748816371,0.6146262542691859
10_180,0.5,42,35,0.607546899295575,-1.7268155112772265,0.1818543035831713,2653.6087491260814,580.640885801143,0.8610774105099749,0.6146262542691859
10_180,0.5,42,36,0.5988760505586863,-1.227041593362577,0.18084597487762033,2716.2652326758225,438.39916670994904,0.7311606650247984,0.6146262542691859
10_180,0.5,42,37,0.5903400489851716,-2.6644323719793834,0.18861544121334345,3450.390658703519,511.592686407084,1.0530474004904193,0.6146262542691859
10_180,0.5,42,38,0.581936797461124,-1.3168021550670317,0.19779204183910662,2476.5798901825856,542.737958461935,0.7619899894411191,0.6146262542691859
10_180,0.5,42,39,0.5736642314864987,-1.2707851006759059,0.1981323256365714,2659.3082348494886,468.0487962905749,0.743633101627542,0.6146262542691859
10_180,0.5,42,40,0.5655203186679085,-1.6053505101793193,0.17680030209283606,2626.3511029903116,553.0478642292115,0.8227594912735989,0.6146262542691859
10_180,0.5,42,41,0.5575030582193081,-1.861291430413662,0.19241586442674846,2682.3768592791093,597.9297942181139,0.8889762337810884,0.6146262542691859
10_180,0.5,42,42,0.5496104804704447,-1.0354954144183972,0.19243522756167325,2410.6105700657454,504.08354508595716,0.6990649808916345,0.6146262542691859
10_180,0.5,42,43,0.5418406463829504,-1.2620814581684385,0.2082259188268552,2690.3842798434002,458.79292115097553,0.7441640570246768,0.6146262542691859
10_180,0.5,42,44,0.5341916470739625,-1282.7702873390267,0.18712155786691428,232621.67960580633,230406.65035746072,320.993083584161,0.6146262542691859
10_180,0.5,42,45,0.5266616033471518,-1.5160635954747586,0.19088063924905813,2822.414701704464,465.61831601014035,0.7953363133220964,0.6146262542691859
10_180,0.5,42,46,0.519248665231044,-1.9631942884263838,0.23626959128330977,3009.299057399221,508.66273455559536,0.9031531745941908,0.6146262542691859
10_180,0.5,42,47,0.5119510115245198,-1171.3839839952184,0.21247147810144185,212533.70281121865,210445.25972814372,293.15020368455447,0.6146262542691859
10_180,0.5,42,48,0.504766849349387,-1.816952720583689,0.20196740337043523,2802.103979946312,550.4710192691188,0.8785161000095199,0.6146262542691859
10_180,0.5,42,49,0.49769441370990625,-1282.5122400337937,0.2237875193269475,232842.2809390246,230271.17902349465,320.922904719577,0.6146262542691859
10_180,0.5,42,50,0.4907319670591703,-1282.5439975825204,0.20607071269282223,232646.76382092244,230344.71720162942,320.93578572041645,0.6146262542691859
10_180,0.5,42,51,0.4838777988722253,-1282.983401152756,0.21359355871630686,232834.78874845593,230386.525175457,321.04267158794636,0.6146262542691859
10_180,0.5,42,52,0.47713022522583176,-1.154735403333345,0.23957602616326482,2609.5453576852246,460.3182576976483,0.7188788472265424,0.6146262542691859
10_180,0.5,42,53,0.47048758838475946,-1.9760449773105604,0.18849172329206582,2858.2999394745343,559.5022368645709,0.9067898309016231,0.6146262542691859
10_180,0.5,42,54,0.4639482563945182,-2.480919395074339,0.23667563409657905,2958.620067910239,645.6544721325752,1.031491177380297,0.6146262542691859
10_180,0.5,42,55,0.4575106226804207,-2.7551703825849865,0.21145978126792658,3226.2786424393034,622.9192364354667,1.0964659075574101,0.6146262542691859
10_180,0.5,42,56,0.45117310565288166,-1.355939782787548,0.20996046346486102,2488.3034729106657,553.1425765992009,0.7769197064462258,0.6146262542691859
10_180,0.5,42,57,0.44493414831885486,-1.1943600698995256,0.23721543768478925,2382.3736897592225,556.4478438629809,0.7451712577747918,0.6146262542691859
10_180,0.5,42,58,0.438792217899313,-1.11137426670909,0.21407781080978366,2579.0649801593568,464.35144240994117,0.713010375429759,0.6146262542691859
10_180,0.5,42,59,0.43274580545267627,-2.7956229684628564,0.2255246672205228,3343.550058616116,584.1401433266429,1.0943885060128002,0.6146262542691859
10_180,0.5,42,60,0.4267934255040983,-1.227570687922812,0.21896604077762222,2753.044450324751,425.91833007022973,0.7301712804140429,0.6146262542691859
10_180,0.5,42,61,0.42093361568051574,-2.83226702456844,0.23153600249078474,2930.9035999613425,740.2677891221753,1.122552121302667,0.6146262542691859
10_180,0.5,42,62,0.4151649363513749,-2.673968376558803,0.18291230216718227,2857.416058909087,730.7225459479496,1.0879791752597743,0.6146262542691859
10_180,0.5,42,63,0.40948597027494477,-1.521779276464243,0.20347302565633507,2881.278510058586,452.562624786698,0.8010870360920374,0.6146262542691859
10_180,0.5,42,64,0.4038953222501312,-2.2849366321006777,0.24573599598750073,2583.7142732707257,736.6820346045191,1.0032120472856674,0.6146262542691859
10_180,0.5,42,65,0.3983916187737056,-0.8714965536883477,0.2866126251075402,2492.5346164400376,438.7069527877837,0.6570327171267014,0.6146262542691859
10_180,0.5,42,66,0.3929735077028642,-1170.4371317157493,0.24102068174926847,212306.71304050373,210304.81475217294,292.92580146567195,0.6146262542691859
10_180,0.5,42,67,0.38763965792303584,-2.286747177008657,0.23751047506987769,3157.8375532036453,534.6517474177566,0.9801313807824286,0.6146262542691859
10_180,0.5,42,68,0.38238875902085495,-1.2617733050730515,0.2036908745557126,2695.090500083267,460.4631228841178,0.7475005322052642,0.6146262542691859
10_180,0.5,42,69,0.37721952096222106,-1.3261757031801902,0.24547577487996985,2632.565392043955,490.3632311772585,0.7583854782465744,0.6146262542691859
10_180,0.5,42,70,0.372130673775365,-0.6501606780523648,0.2061258551843304,2420.450426360823,408.73904251794966,0.6012799557285807,0.6012799557285807
10_180,0.5,42,71,0.3671209672388437,-1.559052686887854,0.16120460707976086,2667.7868644813498,536.3105675941679,0.8188081364191021,0.6012799557285807
10_180,0.5,42,72,0.3621891705743874,-1.9280699888620205,0.17896653275917127,3086.2419969362477,471.3291154871893,0.8891871804734237,0.6012799557285807
10_180,0.5,42,73,0.35733407214452373,-1.4976833488407846,0.21439516816157295,2824.6253933153343,466.18109848834644,0.7966685146535257,0.6012799557285807
10_180,0.5,42,74,0.35255447915490423,-1.7971207364416992,0.21494225003074074,2884.190672209902,509.89563995378074,0.8628257936585919,0.6012799557285807
10_180,0.5,42,75,0.3478492173612599,-1.3034238323337881,0.20289312122942196,2849.1239949890714,412.42884045336325,0.7478470394658328,0.6012799557285807
10_180,0.5,42,76,0.3432171307809146,-0.9724201731230371,0.18983348323317428,2442.7577611524857,478.8067534546899,0.6829711656494392,0.6012799557285807
10_180,0.5,42,77,0.3386570814087846,-2.209134452066858,0.23495978568828013,2766.262654012614,655.5981251053971,0.978017213034202,0.6012799557285807
10_180,0.5,42,78,0.3341679489377949,-2.6090639882290594,0.15833627884835452,3079.458526515278,640.6102176716398,1.0663577844968783,0.6012799557285807
10_180,0.5,42,79,0.32974863048364406,-2.3996120409740627,0.23350617441383598,3217.6576198426947,537.1717803429957,1.0027096860911122,0.6012799557285807
10_180,0.5,42,80,0.3253980403138483,-0.804270187766279,0.19922102179310489,2367.90118954459,467.97262820340285,0.6465764874185409,0.6012799557285807
10_180,0.5,42,81,0.32111510958100054,-0.7338021609197108,0.16098262195989563,2542.9485154130493,390.8059112309935,0.6230374093142392,0.6012799557285807
10_180,0.5,42,82,0.3168987860601775,-1.8331605146410719,0.23658499143308057,3018.1277072479597,476.3292377496219,0.8718196060030445,0.6012799557285807
10_180,0.5,42,83,0.31274803389043004,-0.9548405435992272,0.2196539138950075,2724.278005616714,375.5932107159266,0.6672565651738576,0.6012799557285807
10_180,0.5,42,84,0.30866183332029457,-1.5694993515039966,0.19845308613670087,2949.696626628253,439.78316642899864,0.8103100795311896,0.6012799557285807
10_180,0.5,42,85,0.3046391804572615,-2.399316305496503,0.21843367592859933,3352.4432272848194,495.33182859747325,1.003216413248675,0.6012799557285807
10_180,0.5,42,86,0.3006790870211401,-1170.7537191984293,0.26428826165822705,212547.1475570411,210298.31004059737,292.99891984267026,0.6012799557285807
10_180,0.5,42,87,0.29678058010125963,-1.5082591156532845,0.1957075316583975,3047.1658103995455,391.42350670995586,0.791487954203504,0.6012799557285807
10_180,0.5,42,88,0.2929427019174456,-1.0623083086303544,0.17273956513804267,2844.920973509016,364.0443121506305,0.6951635746328328,0.6012799557285807
10_180,0.5,42,89,0.28916450958471324,-1.593427739045485,0.16490292923257618,3105.049737178948,388.34788729665496,0.807490877970762,0.6012799557285807
10_180,0.5,42,90,0.28544507488162135,-0.8938306969962733,0.2469308702691241,2549.6353755380937,426.5435172430142,0.6631424623226032,0.6012799557285807
10_180,0.5,42,91,0.28178348402222775,-1.0252285394565597,0.22830473001688825,2625.7405719215167,426.50710413955557,0.6884305309338276,0.6012799557285807
10_180,0.5,42,92,0.27817883743159105,-1.2754869350902367,0.24717467949738942,2811.2817960544344,425.5269709731812,0.7491369752091561,0.6012799557285807
10_180,0.5,42,93,0.27463024952476534,-1.584171651224192,0.1869150800881501,2801.1565114251835,502.74252067587076,0.82761138724153,0.6012799557285807
10_180,0.5,42,94,0.27113684848922975,-1.074478069437289,0.20293256010934452,2824.6765433073233,370.4279782849717,0.6951928445720357,0.6012799557285807
10_180,0.5,42,95,0.2676977760707032,-1.531175291943196,0.19717773942621708,2952.057017906026,433.53385786239926,0.8044716816431973,0.6012799557285807
10_180,0.5,42,96,0.2643121873622896,-1.6830488849593286,0.19146365612138644,2982.1590057046947,457.3625611160791,0.8397461983312261,0.6012799557285807
10_180,0.5,42,97,0.2609792505969018,-1.3913414293023505,0.1981805820101002,2931.749526546746,408.3993429912958,0.7710725422776064,0.6012799557285807
10_180,0.5,42,98,0.25769814694291476,-1.0784338790763794,0.17913632977097943,2739.4478842130857,401.03249946651334,0.6992690267455086,0.6012799557285807
10_180,0.5,42,99,0.25446807030299534,-1.5423219212534418,0.20805098160842386,3140.610309359658,368.4045023052275,0.7981860828665334,0.6012799557285807
10_180,0.5,42,100,0.2512882271160621,-0.8718681279802716,0.18433201520237302,2584.784464915203,402.97139020337306,0.6498544781664015,0.6012799557285807
10_180,0.5,42,101,0.2481578361623234,-1170.5515890221754,0.1584558496643073,212514.65119741243,210263.19088548628,292.95088129821335,0.6012799557285807
10_180,0.5,42,102,0.2450761283713493,-0.8266082817446996,0.16459135641784223,2678.281768704519,365.01716986288415,0.6407397264573348,0.6012799557285807
10_180,0.5,42,103,0.24204234663312607,-1.3974252661781648,0.16502883262060433,3014.671501957634,374.78868829922334,0.7630424052498115,0.6012799557285807
10_180,0.5,42,104,0.23905574561205173,-1.7779029744116097,0.2223387441619445,2712.5920459412328,575.1613480984809,0.8748981756749509,0.6012799557285807
10_180,0.5,42,105,0.23611559156382206,-1.6406689393018263,0.1812790408530224,3168.107657339362,381.6633073295261,0.8213903423516331,0.6012799557285807
10_180,0.5,42,106,0.2332211621551653,-1.6947857899002243,0.17863500845859842,2904.8009045649023,482.00365899695123,0.8401207048034055,0.6012799557285807
10_180,0.5,42,107,0.23037174628638085,-1.3476780686299952,0.21914325745701918,2947.4347588913624,387.64171321257606,0.7542904813737316,0.6012799557285807
10_180,0.5,42,108,0.2275666439166364,-1.3968442027954282,0.19212343888377553,2531.755273084095,547.2323700763023,0.7851153395046804,0.6012799557285807
10_180,0.5,42,109,0.2248051658919834,-1.5614789730232128,0.202508559665821,3001.469127463713,421.5687233393048,0.8082329474003372,0.6012799557285807
10_180,0.5,42,110,0.22208663377604637,-1.6947247804608758,0.16868895686094204,2860.801600434914,503.022879022881,0.8477575389191843,0.6012799557285807
10_180,0.5,42,111,0.21941037968334542,-1.7747134889054472,0.19482974361563687,3085.6908176603392,444.06472346336557,0.8601050996620406,0.6012799557285807
10_180,0.5,42,112,0.21677574611521144,-0.8829882324261875,0.1789660424706447,2466.2682900675695,454.1475911798349,0.6646578500710473,0.6012799557285807
10_180,0.5,42,113,0.21418208579825188,-1.2783763891910718,0.18525621996730668,2741.9760294639036,444.6282481368371,0.7463192923925283,0.6012799557285807
10_180,0.5,42,114,0.21162876152533033,-1.1595532115332445,0.1764344710881951,2830.0212168581584,390.73670806182486,0.718497534089729,0.6012799557285807
10_180,0.5,42,115,0.20911514599901782,-1.3653408639101778,0.19718475027680799,2745.306085245049,467.0408345118448,0.7711835120406743,0.6012799557285807
10_180,0.5,42,116,0.20664062167747893,-1.6883844216984694,0.1686583389685747,3049.0684629662182,436.496762342144,0.839896136027717,0.6012799557285807
10_180,0.5,42,117,0.20420458062275576,-2.471885840407322,0.1727535400448381,3451.5947100539247,473.36298124709253,1.0129268451544022,0.6012799557285807
10_180,0.5,42,118,0.2018064243514096,-0.6694172343763766,0.20257138386853443,2493.364251087836,393.37740954705794,0.6092621495454134,0.6012799557285807
10_180,0.5,42,119,0.1994455636874869,-2.0577030550592523,0.20805343780302535,2737.101769714168,634.6425809782547,0.9461012616116664,0.6012799557285807
10_180,0.5,42,120,0.19712141861777083,-1.7275616772448315,0.21419331016872226,2956.9468662404297,477.63846537997927,0.8528472470813349,0.6012799557285807
10_180,0.5,42,121,0.19483341814928484,-1.480799168983648,0.19303547837066543,2964.9760530825024,418.59197730528865,0.7929334250524348,0.6012799557285807
10_180,0.5,42,122,0.19258100016901147,-1.0097013191530508,0.19090878948704523,2720.2271660244674,393.6532166557734,0.68505105387946,0.6012799557285807
10_180,0.5,42,123,0.19036361130579338,-1.187023332210734,0.21046002759312912,2697.5945745582453,440.86721708050345,0.7275633395558422,0.6012799557285807
10_180,0.5,42,124,0.18818070679438154,-1171.3272312528961,0.16740683011543675,212635.8281572289,210405.06787371248,293.1415884545776,0.6012799557285807
10_180,0.5,42,125,0.1860317503415984,-1.7203210268935454,0.17776985805040318,3243.9372941175375,375.27174574794464,0.8398506241791758,0.6012799557285807
10_180,0.5,42,126,0.1839162139945818,-1.7652573346816045,0.13692547861897447,2903.2064544159143,506.1435443077971,0.8651769585419774,0.6012799557285807
10_180,0.5,42,127,0.18183357801107813,-1.917817514734846,0.16836154824545355,3197.697452810295,433.72234846902086,0.8864169117459888,0.6012799557285807
10_180,0.5,42,128,0.17978333073175307,-2.293157778215352,0.19838148381472545,3210.989340836846,519.8259677229161,0.9821050390190489,0.6012799557285807
10_180,0.5,42,129,0.17776496845448742,-0.9658868262231064,0.15912891210210683,2760.160794638173,368.27937882882566,0.6714455846242838,0.6012799557285807
10_180,0.5,42,130,0.17577799531062827,-1170.5744249886031,0.18972880676646758,212328.76808748473,210334.98834978606,292.96512329744917,0.6012799557285807
10_180,0.5,42,131,0.1738219231431649,-1.4530114244783923,0.20737620883435462,3039.8183549555174,379.9518959686049,0.7768835969332033,0.6012799557285807
10_180,0.5,42,132,0.17189627138679878,-2.504623103275728,0.14707884946069272,3270.1750595680496,551.2477745735008,1.0351064283207354,0.6012799557285807
10_180,0.5,42,133,0.1700005669498786,-1.5271422666659742,0.19922301633359085,2823.461630729553,471.118148579367,0.8015142155396437,0.6012799557285807
10_180,0.5,42,134,0.16813434409817252,-1.6140699650737584,0.18047019810639314,2945.2970692993636,453.94146010055755,0.8238529340297136,0.6012799557285807
10_180,0.5,42,135,0.16629714434044632,-1.660425167405817,0.20122519665046198,3126.931937534918,402.85997510729845,0.8301549070611948,0.6012799557285807
10_180,0.5,42,136,0.16448851631582245,-1.403604048732085,0.14650690919827902,2893.7717188185015,423.67874183134063,0.7746293659548533,0.6012799557285807
10_180,0.5,42,137,0.16270801568288995,-1170.5724827158642,0.19615563905311423,212441.79695724737,210296.0657969103,292.96148198134654,0.6012799557285807
10_180,0.5,42,138,0.16095520501053945,-2.0633602539160143,0.20839292704677348,2990.8523027040906,546.0690796822457,0.936662904321026,0.6012799557285807
10_180,0.5,42,139,0.1592296536704954,-1170.786950171502,0.19045302818865006,212479.17607366818,210330.52703587495,293.0104480812715,0.6012799557285807
10_180,0.5,42,140,0.15753093773152022,-1.1277349733213144,0.2099594347046747,2692.0571304096434,434.8774720473828,0.719371782983202,0.6012799557285807
10_180,0.5,42,141,0.15585863985526294,-1.8674215687972662,0.16882518004156882,3047.9709938567566,478.00642787119864,0.883528725969837,0.6012799557285807
10_180,0.5,42,142,0.15421234919372853,-1.5138375247817952,0.11286852142117199,2942.6451909363213,432.38346885526784,0.8001202223435022,0.6012799557285807
10_180,0.5,42,143,0.152591661288341,-1.0705664740885688,0.1739578840670238,2710.98621011235,410.8933578731047,0.7002493414329342,0.6012799557285807
10_180,0.5,42,144,0.15099617797057668,-1.1321091059715132,0.19911214620021928,2528.3585791777814,487.59965000195086,0.7207777847229262,0.6012799557285807
10_180,0.5,42,145,0.14942550726414244,-1.3717294109761613,0.16273184248295625,2900.8388860021664,414.0418884825911,0.7667667134671479,0.6012799557285807
10_180,0.5,42,146,0.14787926328867598,-2.851509299990345,0.17006416353150788,3114.6746394066736,684.795389698459,1.1249108681807458,0.6012799557285807
10_180,0.5,42,147,0.1463570661649425,-1.613799658643307,0.19280992619410853,3047.5049943202976,417.81158396762135,0.8195706438889728,0.6012799557285807
10_180,0.5,42,148,0.1448585419215072,-1.9465844575765614,0.15415802608077706,3102.7296602499814,471.9293136806658,0.8953102016566931,0.6012799557285807
10_180,0.5,42,149,0.14338332240285795,-1.4901953469634817,0.16792672980147208,2973.5791277695034,414.73463448922337,0.7917078417029444,0.6012799557285807
10_180,0.5,42,150,0.1419310451789575,-1.318485307097226,0.1889951143561884,2839.21919159972,420.20568928608077,0.7527938736079787,0.6012799557285807
10_180,0.5,42,151,0.14050135345620207,-1.8729353267316955,0.12717333914391724,3263.3273143446986,404.3399698406604,0.8771139440400183,0.6012799557285807
10_180,0.5,42,152,0.13909389598976496,-1.4628113354941248,0.1898996561993981,3045.416646732626,384.5148916461616,0.7835831320351593,0.6012799557285807
10_180,0.5,42,153,0.13770832699730284,-2.411325152264752,0.19435640235945056,3631.569272900548,397.2483540848403,0.9921426308864822,0.6012799557285807
10_180,0.5,42,154,0.13634430607400466,-1.2873289954372096,0.22548795974938224,2922.118271465103,387.0438421474741,0.7452318269737143,0.6012799557285807
10_180,0.5,42,155,0.13500149810896128,-1.8491715802203639,0.14430898789261742,3124.2971001220844,443.2741521089794,0.8721147303666961,0.6012799557285807
10_180,0.5,42,156,0.13367957320283602,-1.7754712977747165,0.18961214711558322,3179.551774241179,408.9308193081044,0.8541007358914243,0.6012799557285807
10_180,0.5,42,157,0.13237820658681518,-1.2010016732304662,0.1688710599177237,2987.447865309372,342.4546371661643,0.7197105905593489,0.6012799557285807
10_180,0.5,42,158,0.13109707854281938,-2.092552472572613,0.18406469302749237,3298.06819042758,440.94989751672466,0.9274795612978957,0.6012799557285807
10_180,0.5,42,159,0.12983587432495577,-1.4839133480062103,0.15785680170272323,3037.476929360021,387.4443108742707,0.7840459261330803,0.6012799557285807
10_180,0.5,42,160,0.12859428408219134,-1.597323427218396,0.16245193753205223,3083.3461100016043,403.66140273686653,0.8164996656882416,0.6012799557285807
10_180,0.5,42,161,0.1273720027822294,-1.2471608371313967,0.16158828016473276,2851.473539678039,405.03685338436827,0.7407938597954511,0.6012799557285807
10_180,0.5,42,162,0.12616873013656954,-1.6172471584345387,0.15772343941991956,2887.388657703626,475.619210355434,0.8275590298648263,0.6012799557285807
10_180,0.5,42,163,0.12498417052673307,-1.3568789396087868,0.152770573485975,2900.5421368068346,414.35909469647396,0.7670041797838283,0.6012799557285807
10_180,0.5,42,164,0.12381803293163596,-2.2185923886219237,0.1503536390529296,3493.492222663314,399.0998020200588,0.9481550921496882,0.6012799557285807
10_180,0.5,42,165,0.12267003085609117,-1.6397610252634238,0.19993145230220466,3059.1765006793803,421.1760005717551,0.827020829905381,0.6012799557285807
10_180,0.5,42,166,0.1215398822604227,-1.5000847493391238,0.19733872667036634,3039.3399340137094,394.70298927438785,0.7923596794763421,0.6012799557285807
10_180,0.5,42,167,0.1204273094911746,-1.8171072790840495,0.20726316379956938,3083.7929026061315,452.4793271820075,0.8683924885580366,0.6012799557285807
10_180,0.5,42,168,0.11933203921289748,-1.1209081430839434,0.13487674282117162,2906.8017877763236,351.25409699660537,0.7021997006451852,0.6012799557285807
10_180,0.5,42,169,0.11825380234099556,-1.5321318380314677,0.16225514706413932,3026.7571810710356,407.6850367690491,0.8019325376222788,0.6012799557285807
10_180,0.5,42,170,0.11719233397561858,-1.448176861530432,0.1780861390941355,2921.9610526268025,423.1235585491975,0.7834218904214083,0.6012799557285807
10_180,0.5,42,171,0.11614737333658141,-1.1548097697104172,0.21587249470411973,2728.9107669837163,427.442860650783,0.7237558666958623,0.6012799557285807
10_180,0.5,42,172,0.11511866369929591,-1.2402691011358504,0.14299288574566224,2815.0961168216295,413.19040476635286,0.737330287066156,0.6012799557285807
10_180,0.5,42,173,0.11410595233169919,-2.4334988386123864,0.16232081300381695,3096.3593580312727,591.836303426393,1.0202846381729995,0.6012799557285807
10_180,0.5,42,174,0.11310899043216277,-1.1493191560447984,0.13252513798311918,2804.881187530052,398.0758424418374,0.7179103626007246,0.6012799557285807
10_180,0.5,42,175,0.1121275330683672,-1.4900100978454693,0.13057241949896464,2884.3676214637694,449.01269529998643,0.7983523288201231,0.6012799557285807
10_180,0.5,42,176,0.11116133911712744,-0.996870211681959,0.1889559423613681,2769.934331162889,371.06070818093633,0.677646116542148,0.6012799557285807
10_180,0.5,42,177,0.1102101712051541,-1.1888305771177285,0.16293105595042773,2833.4497708367753,394.8922347188523,0.7240431198297415,0.6012799557285807
10_180,0.5,42,178,0.10927379565073586,-1.816282871465279,0.2227000249738154,3111.483962107757,443.8885817453324,0.8685019701888764,0.6012799557285807
10_180,0.5,42,179,0.10835198240632873,-1.205899373384265,0.16351243920416675,2874.829383885378,387.2799918764701,0.7297451015050712,0.6012799557285807
10_180,0.5,42,180,0.1074445050020384,-1.0876876298320677,0.1484180278825687,2685.870708605355,428.09987349198775,0.7101291778801211,0.6012799557285807
10_180,0.5,42,181,0.10655114048998136,-2.01341926491883,0.17299116145052942,3208.7973028593638,456.18612539278547,0.913921061010786,0.6012799557285807
10_180,0.5,42,182,0.10567166938951125,-1.139333936051415,0.15411277328234782,2828.3588665587367,385.10184141384417,0.711971700726518,0.6012799557285807
10_180,0.5,42,183,0.10480587563329734,-1.8542710969509346,0.1304498218194638,3177.692280774072,431.9537670288624,0.8778848988579273,0.6012799557285807
10_180,0.5,42,184,0.10395354651424124,-1.3246401160327443,0.15874389950120157,2908.3830400752604,401.9829289785888,0.7564955045584953,0.6012799557285807
10_180,0.5,42,185,0.10311447263321932,-1.1712422026141827,0.1546488871958726,2858.5734045639438,382.47300229504174,0.7192402291024057,0.6012799557285807
10_180,0.5,42,186,0.10228844784763778,-1.4619680705647324,0.1805551024327351,2965.9864303893773,411.63115100601954,0.785891595755595,0.6012799557285807
10_180,0.5,42,187,0.10147526922078795,-1.2839740544844096,0.16586073444218435,2622.8042648280584,491.95017113125925,0.756819185249843,0.6012799557285807
10_180,0.5,42,188,0.10067473697198882,-1.5570742617229523,0.1599728337559389,3042.822230071138,408.8521404461433,0.8085158056869297,0.6012799557285807
10_180,0.5,42,189,0.09988665442750533,-1.682826123700326,0.198556745307989,3219.018671257156,373.0189137663329,0.8291702116035959,0.6012799557285807
10_180,0.5,42,190,0.09911082797222981,-1.1807282556606071,0.15182247023385811,2935.235926014834,358.76201190378424,0.7196201035680252,0.6012799557285807
10_180,0.5,42,191,0.09834706700211487,-1.1128001111300931,0.19871815748872082,2810.3445693232193,385.6011878507771,0.7065060915681267,0.6012799557285807
10_180,0.5,42,192,0.09759518387734595,-1.3595797866977049,0.1278860810210216,2930.4513382488403,401.00131570788363,0.7627990496757159,0.6012799557285807
10_180,0.5,42,193,0.09685499387624241,-1.6476213109170683,0.1525502771227569,3206.193467958243,369.2408642986234,0.8208976660246744,0.6012799557285807
10_180,0.5,42,194,0.09612631514987509,-1.6917287192297077,0.14708829348771782,3066.2174571851906,435.22477833302264,0.8442548348449157,0.6012799557285807
10_180,0.5,42,195,0.09540896867739013,-1.5825071993573756,0.19334288236817232,3087.060808104817,399.5554988678268,0.8133838440171042,0.6012799557285807
10_180,0.5,42,196,0.0947027782220271,-1170.8223734148419,0.13463403605986898,212758.2187742844,210240.24236866075,293.00761284132716,0.6012799557285807
10_180,0.5,42,197,0.09400757028782174,-1.2255408822899883,0.1388484455733344,2778.6314900030093,425.32185102312445,0.7380540294561397,0.6012799557285807
10_180,0.5,42,198,0.09332317407698135,-1.4407687048441877,0.12849426384684942,2902.3776344836347,432.8795482858089,0.7872456004793049,0.6012799557285807
10_180,0.5,42,199,0.09264942144792357,-1.4612867548918085,0.18957366753170288,2820.9322653721183,467.3008052323737,0.7966263207206787,0.6012799557285807
10_180,0.5,42,200,0.09198614687396757,-1.4726588512835326,0.13650430292366295,2910.1052465798225,438.5299918953073,0.7958063723832588,0.6012799557285807
10_180,0.5,42,201,0.0913331874026676,-1.4407687048441877,0.16160006081183761,2902.3776344836347,432.8795482858089,0.7872456004793049,0.6012799557285807
10_180,0.5,42,202,0.09069038261577916,-1.7927210108219245,0.1197314027848639,3075.888284513394,451.80518788851083,0.8650474024639352,0.6012799557285807
10_180,0.5,42,203,0.09005757458984752,-1.501933731896548,0.14489783080784582,2928.9603176613823,436.20688441394924,0.7996186986746201,0.6012799557285807
10_180,0.5,42,204,0.08943460785740934,-1.2648736640251825,0.19091950551348527,2850.59573028176,410.43405948670073,0.7462224599873217,0.6012799557285807
10_180,0.5,42,205,0.08882132936879764,-1.3665622627443166,0.13010470916558087,2948.776514737789,395.44043998291477,0.7630031905576554,0.6012799557285807
10_180,0.5,42,206,0.08821758845454078,-1.5814740792403164,0.13064491098397726,2933.0652189370244,454.7199052292021,0.8206074644403281,0.6012799557285807
10_180,0.5,42,207,0.08762323678834613,-1.2743448188477864,0.1800330034286288,2862.850190923196,406.02218232534835,0.7456242290632702,0.6012799557285807
10_180,0.5,42,208,0.08703812835065944,-1.2467996416064637,0.1686804929999702,3011.142567125294,346.52359650631155,0.731908689119346,0.6012799557285807
10_180,0.5,42,209,0.08646211939279098,-1.1117601057282358,0.12827022491362716,2921.093556886557,346.96402332802865,0.7024085598878047,0.6012799557285807
10_180,0.5,42,210,0.08589506840159955,-1.1311824322137927,0.11200493562363238,2730.8930075656745,423.72908223808713,0.7204791392139615,0.6012799557285807
10_180,0.5,42,211,0.08533683606472567,-1.1532551593805667,0.13519282688777806,2736.4812137775443,425.59581776997067,0.7243174403577436,0.6012799557285807
10_180,0.5,42,212,0.08478728523636561,-0.907678632296216,0.12397481963974463,2815.909265754964,337.82729119304975,0.6577204100359313,0.6012799557285807
10_180,0.5,42,213,0.08424628090357741,-1.4795134729889117,0.15286945388787937,2877.2189505133474,450.7085900405617,0.7977709076487187,0.6012799557285807
10_180,0.5,42,214,0.08371369015311121,-1.015169716415262,0.14587670985339035,2660.3802079825355,420.9949095011697,0.6941154776097285,0.6012799557285807
10_180,0.5,42,215,0.08318938213875532,-1.1098233183918407,0.16110862055663694,2710.029621476805,425.2291921817638,0.7151261467772287,0.6012799557285807
10_180,0.5,42,216,0.08267322804918986,-1170.1767497105564,0.13960312652463422,212365.3934872576,210230.91665578255,292.86700178705064,0.6012799557285807
10_180,0.5,42,217,0.08216510107634088,-1.007811131976144,0.1345153424611314,2831.9364378908995,354.7777801797619,0.6810205360707405,0.6012799557285807
10_180,0.5,42,218,0.08166487638422609,-1.1511661520610208,0.15099647176328018,2847.402563899415,385.71762878649554,0.7189618551945238,0.6012799557285807
10_180,0.5,42,219,0.08117243107828538,-1.2965771868705185,0.11724504911578446,2919.6056134457567,393.51209997747867,0.7512516261599974,0.6012799557285807
10_180,0.5,42,220,0.08068764417518824,-1.1348381877439375,0.17286002396344216,2718.469048461057,427.85059790977954,0.7207131974485863,0.6012799557285807
10_180,0.5,42,221,0.08021039657311081,-1.274185231978966,0.10893582293871398,2813.7671322895058,426.0797381499423,0.7505499585073434,0.6012799557285807
10_180,0.5,42,222,0.07974057102247495,-1.2507548829969162,0.12095659747272514,2789.5365032479012,427.9112504887024,0.744427665379478,0.6012799557285807
10_180,0.5,42,223,0.0792780520971426,-1.0462940045970153,0.12190976609863195,2769.427262110807,386.4961372738467,0.6938380212270732,0.6012799557285807
10_180,0.5,42,224,0.07882272616605801,-1.2887177041652604,0.1272486507836415,2782.041885650965,441.2933962926858,0.7561178591626126,0.6012799557285807
10_180,0.5,42,225,0.0783744813653311,-1.2037164335427837,0.1389154197514003,2734.9384066156435,434.8898693018257,0.7336551669250537,0.6012799557285807
10_180,0.5,42,226,0.07793320757075473,-1170.8314827181016,0.12562474375243474,212634.76793788743,210289.62629871452,293.018874330038,0.6012799557285807
10_180,0.5,42,227,0.07749879637074959,-1.2889403378216053,0.12235696587354665,2796.5141372756466,433.4890070820061,0.7526618118910802,0.6012799557285807
10_180,0.5,42,228,0.07707114103972987,-1.103615848624885,0.15748965671394183,2883.178767606717,358.5440114759252,0.7020651967726989,0.6012799557285807
10_180,0.5,42,229,0.0766501365118829,-1.0993808742255722,0.09840957642387305,2782.3230867427437,395.52066039100936,0.7076950229151489,0.6012799557285807
10_180,0.5,42,230,0.07623567935535681,-1.2849572706342642,0.11595138280904294,2922.1363060620106,389.3980626146989,0.7477331642495993,0.6012799557285807
10_180,0.5,42,231,0.07582766774684957,-1.274185231978966,0.1432846083934157,2813.7671322895058,426.0797381499423,0.7505499585073434,0.6012799557285807
10_180,0.5,42,232,0.07542600144659303,-1.9039079232683744,0.14204249478862171,3282.7680021649294,401.2368211360284,0.8802943568198915,0.6012799557285807
10_180,0.5,42,233,0.07503058177372629,-1.4346487631159186,0.1613699767653633,2886.8953459449117,437.1934789436268,0.7866658412915816,0.6012799557285807
10_180,0.5,42,234,0.0746413115820518,-1.37013426669908,0.1483331022108338,2887.254004464214,421.9116777815771,0.7705873844114521,0.6012799557285807
10_180,0.5,42,235,0.07425809523616868,-1.5658448324553365,0.11299984046540137,3074.7815925688815,398.9794603355099,0.8086869387628384,0.6012799557285807
10_180,0.5,42,236,0.0738808385879771,-1.0699882826265743,0.10822242846507632,2816.614311017876,376.91464054842965,0.6993853365538609,0.6012799557285807
10_180,0.5,42,237,0.0735094489535481,-1.1581996829424621,0.12254089477659318,2741.9882117318703,425.1902778711245,0.7257202379148842,0.6012799557285807
10_180,0.5,42,238,0.07314383509035316,-1.3960760066367928,0.1556427133936569,2973.029610515549,392.4194186481059,0.7678721504995594,0.6012799557285807
10_180,0.5,42,239,0.07278390717484776,-1.0041540236083604,0.1399766410908775,2654.4946402763926,419.9432543279631,0.691042156414692,0.6012799557285807
10_180,0.5,42,240,0.07242957678040378,-1.274185231978966,0.11281787081829545,2813.7671322895058,426.0797381499423,0.7505499585073434,0.6012799557285807
10_180,0.5,42,241,0.07208075685558483,-1.18536078502646,0.11536097164647345,2738.7599937763557,430.75055096055473,0.73053949894313,0.6012799557285807
10_180,0.5,42,242,0.0717373617027597,-1.3098504499380192,0.1848532476062204,2850.982714835779,419.62839378042776,0.7560966977797154,0.6012799557285807
10_180,0.5,42,243,0.07139930695704806,-1.1208853443457272,0.16915364662827342,2708.8060952815067,427.33947889794246,0.716955755829803,0.6012799557285807
10_180,0.5,42,244,0.0710665095655941,-1.274185231978966,0.13120703698525205,2813.7671322895058,426.0797381499423,0.7505499585073434,0.6012799557285807
10_180,0.5,42,245,0.07073888776716195,-1.1976282409481094,0.1304424011751189,2763.7671322895058,426.0797381499423,0.7339107107496293,0.6012799557285807
10_180,0.5,42,246,0.07041636107204882,-1.0354476410916003,0.17677149224242666,2795.909592881622,376.8232417811,0.6923982405240641,0.6012799557285807
10_180,0.5,42,247,0.07009885024231037,-1.0546836196964833,0.08925783672961618,2757.8713273578924,392.71680848449193,0.696585926674181,0.6012799557285807
10_180,0.5,42,248,0.0697862772722936,-1.3200479912545118,0.1315804298546013,2928.1970627441274,391.8378846320892,0.7523361611467427,0.6012799557285807
10_180,0.5,42,249,0.0694785653694726,-1.1890655590496868,0.14599902546537832,2763.877080230647,422.8281523462956,0.7305008095057929,0.6012799557285807
10_180,0.5,42,250,0.06917563893558212,-1.064273890861738,0.15726268882183983,2773.1021110358024,391.115055976383,0.6999567386126518,0.6012799557285807
10_180,0.5,42,251,0.06887742354804487,-1.2937794026419334,0.173567305521394,2652.9453470964895,484.73877432716716,0.7592060262566973,0.6012799557285807
10_180,0.5,42,252,0.06858384594168729,-1.0339304622650842,0.17502409454064285,2750.186542583914,390.9130812817956,0.6921167008614817,0.6012799557285807
10_180,0.5,42,253,0.06829483399074003,-1.2613041518209847,0.12731427652572785,2875.7464867549043,399.24097404154696,0.7427282391924858,0.6012799557285807
10_180,0.5,42,254,0.06801031669111803,-1.1049565510362198,0.13251503556203265,2752.534332013875,407.6181336874019,0.710604385753459,0.6012799557285807
10_180,0.5,42,255,0.06773022414297643,-1.1749370902249006,0.14249890699351256,2728.40617898679,431.8551156261364,0.7282646789216699,0.6012799557285807
10_180,0.5,42,256,0.06745448753353762,-1.1066905559059974,0.14885773174358988,2695.5752368752387,428.93275730254135,0.7142415068804057,0.6012799557285807
10_180,0.5,42,257,0.06718303912018544,-1.2811869001028096,0.10861979698241768,2813.0136827909964,426.0228239136744,0.7502388960970294,0.6012799557285807
10_180,0.5,42,258,0.0669158122138222,-1.208725607905833,0.09809746727995693,2789.2042057449275,419.99539622271783,0.7359267404685998,0.6012799557285807
10_180,0.5,42,259,0.06665274116248465,-0.8399837428843071,0.17488629337924572,2515.6111607632506,427.8875305342918,0.6532442908044702,0.6012799557285807
10_180,0.5,42,260,0.06639376133521471,-1.1716679508425378,0.15532187891139823,2822.9906665385943,398.29276607444586,0.7241668510896538,0.6012799557285807
10_180,0.5,42,261,0.06613880910618089,-1.24814839507283,0.13813528060229974,2863.8856980837804,401.5431807704221,0.7412213512874984,0.6012799557285807
10_180,0.5,42,262,0.06588782183904693,-0.5721081021915284,0.12823873886817053,2443.8457930816967,391.5126309768076,0.5908065957929255,0.5908065957929255
10_180,0.5,42,263,0.06564073787158327,-0.9913579369628139,0.14147327921539066,2724.147511361687,390.5096945645144,0.6830237367599944,0.5908065957929255
10_180,0.5,42,264,0.06539749650051803,-0.9913113378353289,0.11061384932577178,2709.1368184510857,395.81774004481963,0.6836546209147747,0.5908065957929255
10_180,0.5,42,265,0.06515803796662348,-0.9913579369628139,0.13007935804144172,2724.147511361687,390.5096945645144,0.6830237367599944,0.5908065957929255
10_180,0.5,42,266,0.06492230344003448,-1.254545340115703,0.1624914104018973,2813.0660611538724,419.47931163023765,0.7433205875482166,0.5908065957929255
10_180,0.5,42,267,0.06469023500579518,-0.9811854617748207,0.10581226764968947,2540.247702958086,452.49215837701115,0.687522423983063,0.5908065957929255
10_180,0.5,42,268,0.06446177564963067,-0.9235512188288802,0.14452640489034602,2676.9329501624625,390.24756172181554,0.6670335956880494,0.5908065957929255
10_180,0.5,42,269,0.06423686924393959,-0.9634779690799558,0.10517072598692312,2657.3501488809225,404.9251404921574,0.67607410678023,0.5908065957929255
10_180,0.5,42,270,0.064015460534005,-0.9235512188288802,0.11681732821922156,2676.9329501624625,390.24756172181554,0.6670335956880494,0.5908065957929255
10_180,0.5,42,271,0.0637974951244193,-0.9000408399338059,0.10931490480455486,2657.8639366779935,391.6328139018239,0.6621560009642808,0.5908065957929255
10_180,0.5,42,272,0.06358291946572056,-0.9775394047063184,0.1537348585059743,2682.0647055449053,399.473988742054,0.6785208382358403,0.5908065957929255
10_180,0.5,42,273,0.06337168084123639,-1.1373980645508883,0.11257467735284302,2621.4294376607727,457.30083933340387,0.7196354037369089,0.5908065957929255
10_180,0.5,42,274,0.06316372735413278,-0.8787050192691447,0.1596107607295025,2738.364957191603,358.12872202954105,0.6534331569092267,0.5908065957929255
10_180,0.5,42,275,0.06295900791466405,-0.9943824014652275,0.11443906108902133,2757.7510346817307,377.7093104252448,0.6806388272445721,0.5908065957929255
10_180,0.5,42,276,0.06275747222762111,-0.6749950413708659,0.08786798692581657,2639.765914775808,344.54967421902285,0.6062278846568792,0.5908065957929255
10_180,0.5,42,277,0.06255907077997513,-1.0095764094702395,0.13062992190244838,2692.5470706426636,404.80391646006893,0.6876586224453792,0.5908065957929255
10_180,0.5,42,278,0.062363754828713217,-0.9295363790018367,0.09035752742056388,2638.5138238234167,406.65668501775104,0.6716409968423996,0.5908065957929255
10_180,0.5,42,279,0.06217147638886324,-0.9733083972989554,0.09766921738063274,2675.223984845563,402.1400098892441,0.6790701753734415,0.5908065957929255
10_180,0.5,42,280,0.06198218822170495,-0.9235512188288802,0.12164731102804556,2676.9329501624625,390.24756172181554,0.6670335956880494,0.5908065957929255
10_180,0.5,42,281,0.06179584382316449,-1.1469714647597988,0.08939508436023576,2780.7741585166605,405.0577538957745,0.7172883227226186,0.5908065957929255
10_180,0.5,42,282,0.06161239741238927,-0.8927568027474153,0.08821196413592479,2669.3027714374116,388.5771802074769,0.662723880556572,0.5908065957929255
10_180,0.5,42,283,0.06143180392050065,-1.1118137686671958,0.09378143391181594,2821.9809193864235,382.41271418210334,0.7069988986994677,0.5908065957929255
10_180,0.5,42,284,0.06125401897952138,-0.8207393940938434,0.16847696007946747,2342.01690193734,482.8468327922699,0.6537283705030442,0.5908065957929255
10_180,0.5,42,285,0.06107899891147547,-0.9235512188288802,0.09485371963484882,2676.9329501624625,390.24756172181554,0.6670335956880494,0.5908065957929255
10_180,0.5,42,286,0.060906700717657275,-0.9235512188288802,0.09566302201323532,2676.9329501624625,390.24756172181554,0.6670335956880494,0.5908065957929255
10_180,0.5,42,287,0.060737082068067785,-0.7308798541539547,0.11929403242836085,2595.845082198797,373.716806561932,0.6225271421512939,0.5908065957929255
10_180,0.5,42,288,0.06057010129101494,-1.2532475496939945,0.10071905580533418,2766.900025888338,434.96339237781905,0.7443694431102104,0.5908065957929255
10_180,0.5,42,289,0.06040571736287584,-0.6466754616955046,0.1343528480109874,2660.0527000169686,329.3641758580258,0.5968832838556859,0.5908065957929255
10_180,0.5,42,290,0.06024388989801807,-0.6779815236275513,0.1106671247872351,2428.2478954542976,424.3394966739687,0.6204104026569479,0.5908065957929255
10_180,0.5,42,291,0.06008457913887785,-0.8677378490973975,0.14200481808234192,2639.158635723815,391.77347737277603,0.6560802532551787,0.5908065957929255
10_180,0.5,42,292,0.05992774594619241,-0.8677378490973975,0.09435479946603512,2639.158635723815,391.77347737277603,0.6560802532551787,0.5908065957929255
10_180,0.5,42,293,0.05977335178938433,-1.3395112362614396,0.09737511636695803,2812.964143371504,437.2796964212532,0.762154034828798,0.5908065957929255
10_180,0.5,42,294,0.059621358737095426,-0.840626480716615,0.09077442425968017,2570.3802686343297,407.50516496907517,0.6498665137240857,0.5908065957929255
10_180,0.5,42,295,0.05947172944786773,-1.0163241289096396,0.09521528020207451,2719.5670331097285,397.7168531149209,0.6891385879141216,0.5908065957929255
10_180,0.5,42,296,0.059324427160969605,-1.3780857551364327,0.12455985926764582,2925.9970107832405,409.2279918866732,0.7700365108106891,0.5908065957929255
10_180,0.5,42,297,0.05917941568736433,-0.8320271469981815,0.13917518281774668,2586.776134438653,400.92500725610853,0.6483482299042878,0.5908065957929255
10_180,0.5,42,298,0.05903665940081926,-1.1629990985517829,0.10823114134617491,2847.5432231222235,384.79053592317604,0.7180260004013838,0.5908065957929255
10_180,0.5,42,299,0.058896123229153184,-0.6232717510505188,0.10683959125688239,2549.4606111575654,365.8918208534917,0.5987970620767924,0.5908065957929255
10_180,0.5,42,300,0.05875777264561992,-0.8654580882652202,0.13440853666874344,2623.595783601626,395.992070839816,0.6553726318877141,0.5908065957929255
10_180,0.5,42,301,0.05862157366042571,-1.0741040008503109,0.14881706946641132,2811.5665880122797,376.94433870553365,0.6977370085847114,0.5908065957929255
10_180,0.5,42,302,0.058487492812378764,-0.8677378490973975,0.10473228790610342,2639.158635723815,391.77347737277603,0.6560802532551787,0.5908065957929255
10_180,0.5,42,303,0.05835549716066848,-0.7775990985293427,0.09165948490546767,2644.5639408886177,368.9825737407092,0.6337220362014003,0.5908065957929255
10_180,0.5,42,304,0.05822555427677263,-1.6285012701084929,0.10789967029743715,3083.6650033461265,407.63209393026733,0.8208144884017161,0.5908065957929255
10_180,0.5,42,305,0.05809763223649032,-1.0299828030360176,0.11117215804699176,2849.5798558175065,353.2714117263274,0.6852953378936799,0.5908065957929255
10_180,0.5,42,306,0.057971699612098956,-0.7437166252941332,0.12393142821119012,2574.341308171222,386.6820513791212,0.6291134088428242,0.5908065957929255
10_180,0.5,42,307,0.05784772546463305,-0.8677378490973975,0.11621873877321924,2639.158635723815,391.77347737277603,0.6560802532551787,0.5908065957929255
10_180,0.5,42,308,0.05772567933628324,-1.0965018248510563,0.09780649743908854,2850.988512283215,367.53120678138913,0.7008786640733888,0.5908065957929255
10_180,0.5,42,309,0.05760553124291343,-0.8677378490973975,0.12485928341178162,2639.158635723815,391.77347737277603,0.6560802532551787,0.5908065957929255
10_180,0.5,42,310,0.05748725166669427,-0.5758660579466739,0.10246662662475292,2565.8247430941274,349.57284235759124,0.5869456388008312,0.5869456388008312
10_180,0.5,42,311,0.05737081154885137,-0.401028103777926,0.09877259322805448,2304.6557239637996,401.7172027077006,0.5553024824771503,0.5553024824771503
10_180,0.5,42,312,0.057256182282526054,-1.1105674456191317,0.08684722098171138,2828.321727610697,380.0653781262139,0.7066209857189456,0.5553024824771503
10_180,0.5,42,313,0.057143335705747374,-1.2859294072565823,0.0917732884837896,2683.0664269282934,473.5675373193776,0.7573890123601923,0.5553024824771503
10_180,0.5,42,314,0.05703224409451321,-0.8677378490973975,0.1055035822479737,2639.158635723815,391.77347737277603,0.6560802532551787,0.5553024824771503
10_180,0.5,42,315,0.056922880155979176,-0.8677378490973975,0.0989410780407242,2639.158635723815,391.77347737277603,0.6560802532551787,0.5553024824771503
10_180,0.5,42,316,0.05681521702175326,-0.931514095131131,0.0862585805290187,2676.6836262386723,393.1474300118694,0.6700243147636121,0.5553024824771503
10_180,0.5,42,317,0.05670922824129488,-0.6666266190119553,0.11804636956965453,2619.5543233892663,349.8045926633498,0.6050716765030489,0.5553024824771503
10_180,0.5,42,318,0.05660488777541653,-1.0955700388849274,0.1096553849256912,2866.479004564817,362.5028018766649,0.7007038525415261,0.5553024824771503
10_180,0.5,42,319,0.056502169989886525,-0.966011238493881,0.08294207963617242,2775.9972370416576,364.91399094556584,0.6731486006042996,0.5553024824771503
10_180,0.5,42,320,0.056401049649131195,-1.2879992611340276,0.12593653278820968,2895.5469745868168,395.89974899916496,0.745776041046945,0.5553024824771503
10_180,0.7,42,1,1.0,-2.6408431172861313,,2956.1865759193993,510.8732565890582,1.0010894139861009,1.0010894139861009
10_180,0.7,42,2,0.9852258055592246,-1.8968300922633694,0.29456683704919656,2625.9129718408813,499.98652116421084,0.8402917121929983,0.8402917121929983
10_180,0.7,42,3,0.9706813761935793,-2.5695516107449667,0.32210529195644516,2889.882320397178,540.2043586486634,0.9888518806520099,0.8402917121929983
10_180,0.7,42,4,0.9563631386463322,-2.524017723549791,0.29840515070660667,2874.6390747835544,533.9853439566273,0.977794994203075,0.8402917121929983
10_180,0.7,42,5,0.9422675752312664,-2.100423621845559,0.3100511383184438,2749.165008402454,472.83306990019094,0.8804460654718823,0.8402917121929983
10_180,0.7,42,6,0.9283912229684601,-0.9994704747478104,0.2912006270685631,2173.940460157507,519.7965968435409,0.6423167104306735,0.6423167104306735
10_180,0.7,42,7,0.9147306727335057,-2.2502559759284964,0.2884138578554148,2860.929102494245,437.24326150616895,0.9098829722757827,0.6423167104306735
10_180,0.7,42,8,0.9012825684199611,-2.1108091060082286,0.27001487118946393,2677.7855450582024,539.8288744948165,0.8897974237248258,0.6423167104306735
10_180,0.7,42,9,0.888043606114825,-2.4664796095730566,0.30102872851119133,2779.1308965015733,587.3212588453505,0.9672176006029828,0.6423167104306735
10_180,0.7,42,10,0.8750105332868364,-2.5604354001069343,0.2826331386410655,3015.992224330347,426.60146178630544,0.9753589057680936,0.6423167104306735
10_180,0.7,42,11,0.8621801479873967,-3.106483949564497,0.24799141212095072,3183.53351550564,499.07774315647407,1.0995085800201492,0.6423167104306735
10_180,0.7,42,12,0.8495492980639193,-2.244380614383682,0.2824454372518339,2676.487700888987,592.090147515331,0.9224290902475042,0.6423167104306735
10_180,0.7,42,13,0.837114880385412,-2.847845966544268,0.27565165484406007,3059.1729848216746,506.55818722281936,1.0463264401572816,0.6423167104306735
10_180,0.7,42,14,0.8248738400801048,-2.074924439802637,0.26430801201963094,2713.161623149279,488.28296719733186,0.8734977175970623,0.6423167104306735
10_180,0.7,42,15,0.8128231697849323,-2.082126220673766,0.27263916603785787,2654.4760215379065,548.1668465919516,0.8842401983581589,0.6423167104306735
10_180,0.7,42,16,0.8009599089066888,-2.0896632295501156,0.2725097828565789,2787.352956332797,439.1766955954474,0.876833520024423,0.6423167104306735
10_180,0.7,42,17,0.7892811428946735,-2.962891134438757,0.2585252871293724,2921.779927388306,661.2065196402282,1.0806660585785397,0.6423167104306735
10_180,0.7,42,18,0.7777840025246476,-3.064046839875559,0.2706366071779753,3214.62835755515,460.5399615614446,1.0894869608050102,0.6423167104306735
10_180,0.7,42,19,0.7664656631939266,-2.1651420441071902,0.29380901332251214,2821.6595572367546,436.2070313368599,0.8909283269491531,0.6423167104306735
10_180,0.7,42,20,0.7553233442274359,-2.2158016566103105,0.24084567204398177,2806.6338658948252,466.10531803633245,0.902942131642249,0.6423167104306735
10_180,0.7,42,21,0.7443543081945577,-1.7160956545585742,0.24154590921367633,2461.1806886718546,566.8908952707623,0.8060919443301806,0.6423167104306735
10_180,0.7,42,22,0.7335558602366034,-2.0984991428710047,0.2365423937951606,2764.8431771040982,462.8261344592973,0.881386448777624,0.6423167104306735
10_180,0.7,42,23,0.7229253474047432,-1.8170245199719475,0.22586049429554347,2541.452343419762,535.4343308526346,0.8234851548470756,0.6423167104306735
10_180,0.7,42,24,0.7124601580082336,-3.1408508280490843,0.2540101034657067,3372.8893515642044,360.5425230130314,1.0996257373749179,0.6423167104306735
10_180,0.7,42,25,0.7021577209727804,-2.340533573079047,0.2468437394240332,2663.989778802881,638.5177436214094,0.9461326391219488,0.6423167104306735
10_180,0.7,42,26,0.6920155052088806,-2.0386011721766693,0.23756747318485472,2853.6040995822195,361.87073100008075,0.8585359839091421,0.6423167104306735
10_180,0.7,42,27,0.6820310189899872,-2.1076367158240688,0.22785046967054318,2799.9864193786448,432.96798279215506,0.8787709141517677,0.6423167104306735
10_180,0.7,42,28,0.6722018093403456,-2.302143118436696,0.23659724192834125,2898.8661127640307,429.5674638793542,0.9226762478365987,0.6423167104306735
10_180,0.7,42,29,0.6625254614323491,-2.4782438959607824,0.2377005843019179,2949.1343356404955,454.5333707740351,0.961973597768804,0.6423167104306735
10_180,0.7,42,30,0.6529995979932678,-1.8759638002672623,0.23557290099956862,2766.8814001667843,377.6152347679928,0.828144920818996,0.6423167104306735
10_180,0.7,42,31,0.6436218787212026,-2.796731556016674,0.21481762194358484,3013.7248674436973,528.2157921588416,1.0389256852531028,0.6423167104306735
10_180,0.7,42,32,0.634389999710123,-3.125391632567379,0.2306944534296413,3207.2132010963264,487.3857900679649,1.1031052496068587,0.6423167104306735
10_180,0.7,42,33,0.6253016928838472,-1.5632310737395372,0.24516400426129695,2558.9166771872797,414.2834537139332,0.7545740744221622,0.6423167104306735
10_180,0.7,42,34,0.6163547254388225,-1.1308366978253654,0.24196842004163743,2213.84765457339,543.9364989272744,0.6762615582192111,0.6423167104306735
10_180,0.7,42,35,0.607546899295575,-2.0816181442904544,0.21694298134497805,2683.7133096395096,523.1965611060244,0.8819815968634852,0.6423167104306735
10_180,0.7,42,36,0.5988760505586863,-2.335750866153118,0.2067875172115179,2917.499019900335,422.9889058973509,0.9271735680695274,0.6423167104306735
10_180,0.7,42,37,0.5903400489851716,-2.8489282135627034,0.2266252220725419,3082.1461945252126,488.7321834113251,1.0456929229558933,0.6423167104306735
10_180,0.7,42,38,0.581936797461124,-1.1510556970389607,0.23021108476157282,2205.6252622584757,558.0957638130711,0.6814355486285513,0.6423167104306735
10_180,0.7,42,39,0.5736642314864987,-1.2391789038791656,0.23497053755424777,2438.9051238388256,395.87080843193803,0.6869510247434815,0.6423167104306735
10_180,0.7,42,40,0.5655203186679085,-2.120077137469786,0.20302010113790708,2701.6987299250745,520.117542217716,0.8884028373873167,0.6423167104306735
10_180,0.7,42,41,0.5575030582193081,-2.1432737905401362,0.21427415248113563,2629.8783380722,592.5565816459048,0.9010104733416379,0.6423167104306735
10_180,0.7,42,42,0.5496104804704447,-1.1712220391757076,0.2238890055779636,2320.8162467263833,467.03784405447215,0.6771932729259356,0.6423167104306735
10_180,0.7,42,43,0.5418406463829504,-2.011787866576942,0.23302035540555144,2756.889363908216,433.80678393953207,0.8592254898260836,0.6423167104306735
10_180,0.7,42,44,0.5341916470739625,-2.1931137854413127,0.21030462339110056,2659.183165106358,587.2312842865945,0.9112768593710174,0.6423167104306735
10_180,0.7,42,45,0.5266616033471518,-1.9057052314659078,0.22219352492006647,2730.120652499618,409.9440056842353,0.8315780883110963,0.6423167104306735
10_180,0.7,42,46,0.519248665231044,-2.375566863294004,0.24526940161525862,2933.764418316263,429.2980744229034,0.9387640090886331,0.6423167104306735
10_180,0.7,42,47,0.5119510115245198,-926.9884892818847,0.2233909403265355,212365.307504136,210329.27351734389,232.00169605645385,0.6423167104306735
10_180,0.7,42,48,0.504766849349387,-1.7794278071305425,0.22203134831708438,2601.1278002165873,478.149951358877,0.8148570370341275,0.6423167104306735
10_180,0.7,42,49,0.49769441370990625,-2.0103074012347517,0.24527757925272442,2677.333771994796,503.3074466037029,0.8663606000627702,0.6423167104306735
10_180,0.7,42,50,0.4907319670591703,-1.7787333626462694,0.22102871420816728,2581.364922449866,489.4222934742972,0.8128183462357034,0.6423167104306735
10_180,0.7,42,51,0.4838777988722253,-1015.8043948047591,0.21441659244879982,232611.6856702492,230390.3787758375,254.1926191877791,0.6423167104306735
10_180,0.7,42,52,0.47713022522583176,-1.7227021548925643,0.21033336153715892,2603.4563789838976,450.09542669677336,0.798100228866757,0.6423167104306735
10_180,0.7,42,53,0.47048758838475946,-2.134203255998494,0.18053695438896195,2776.2418134604823,466.9086750622985,0.8892934135143458,0.6423167104306735
10_180,0.7,42,54,0.4639482563945182,-2.291044756686792,0.22826314111276683,2840.54867171577,470.4969626178301,0.9215359350566741,0.6423167104306735
10_180,0.7,42,55,0.4575106226804207,-3.450501583317022,0.19071453476136774,3371.600923025657,487.74495375944224,1.1799217300151037,0.6423167104306735
10_180,0.7,42,56,0.45117310565288166,-1.6224632750456796,0.2066937776413087,2505.522382812222,500.5280223722154,0.7845462404284145,0.6423167104306735
10_180,0.7,42,57,0.44493414831885486,-1.5728960584435003,0.2330919081774665,2398.3697373700065,567.6541380611424,0.777313784431847,0.6423167104306735
10_180,0.7,42,58,0.438792217899313,-1.461281638560952,0.20395103495430908,2475.592486671271,457.31707003299425,0.7431212883863852,0.6423167104306735
10_180,0.7,42,59,0.43274580545267627,-3.3020670895057247,0.20143421566686479,3301.9244378502335,484.13645428129576,1.1451646509258442,0.6423167104306735
10_180,0.7,42,60,0.4267934255040983,-1.7632777245497615,0.2516849479444689,2619.858258045801,455.67379798975884,0.8092894947481689,0.6423167104306735
10_180,0.7,42,61,0.42093361568051574,-2.244065213344635,0.19099093397483227,2758.356342621867,527.927099147788,0.9197661623433067,0.6423167104306735
10_180,0.7,42,62,0.4151649363513749,-2.2897656106923483,0.17806744097798619,2791.225660236832,519.0999990405529,0.9294662174150374,0.6423167104306735
10_180,0.7,42,63,0.40948597027494477,-2.1435780831351785,0.20072622979675964,2870.321304243975,396.4842636909635,0.8883375006513269,0.6423167104306735
10_180,0.7,42,64,0.4038953222501312,-1.7863013076309178,0.2343648614679358,2616.733402203081,464.154849158063,0.8132272778553326,0.6423167104306735
10_180,0.7,42,65,0.3983916187737056,-1.2079528702494366,0.2655139202371851,2417.4207644597946,402.7111891508327,0.6812917259891412,0.6423167104306735
10_180,0.7,42,66,0.3929735077028642,-926.8101236882137,0.21853986527784347,212306.71304050373,210304.81475217294,231.9588420440942,0.6423167104306735
10_180,0.7,42,67,0.38763965792303584,-3.349527307462507,0.24795436232247248,3326.5118227451417,485.0817190537827,1.1572210425519012,0.6423167104306735
10_180,0.7,42,68,0.38238875902085495,-1.341294667981137,0.18816251989237726,2482.5368064547665,403.92565815061715,0.7124015803010748,0.6423167104306735
10_180,0.7,42,69,0.37721952096222106,-2.14723176736198,0.23521848107631432,2761.5927606230703,484.50634168454434,0.8936599321349405,0.6423167104306735
10_180,0.7,42,70,0.372130673775365,-0.9896145449350188,0.21505033892403613,2368.749676130786,357.88658464342495,0.6301090464245869,0.6301090464245869
10_180,0.7,42,71,0.3671209672388437,-2.1380992234857974,0.18507145084006352,2691.782719581985,538.3084951444856,0.8953517846897325,0.6301090464245869
10_180,0.7,42,72,0.3621891705743874,-2.7889472855380752,0.18299891047167766,3064.7431657426405,477.7049920919839,1.0305719646726033,0.6301090464245869
10_180,0.7,42,73,0.35733407214452373,-927.4935567920734,0.22535776577666694,212668.20119605053,210275.20195654102,232.10842629553292,0.6301090464245869
10_180,0.7,42,74,0.35255447915490423,-2.016716148778479,0.23102268101264117,2769.7574746543237,419.85143585955836,0.8563456186097945,0.6301090464245869
10_180,0.7,42,75,0.3478492173612599,-2.1429340618470643,0.21933723808938418,2848.761508342163,412.7048808972599,0.8886085564480602,0.6301090464245869
10_180,0.7,42,76,0.3432171307809146,-1.3522656686706465,0.19992448294914184,2433.600490601108,450.2432389116564,0.7190585543569855,0.6301090464245869
10_180,0.7,42,77,0.3386570814087846,-2.0190275909537,0.24106040420220803,2676.615002592747,508.26674657773293,0.8691796664445697,0.6301090464245869
10_180,0.7,42,78,0.3341679489377949,-3.291810802197407,0.17968616876999094,3172.4996679877017,594.9004200499122,1.1553077730131198,0.6301090464245869
10_180,0.7,42,79,0.32974863048364406,-2.616333454335929,0.22933057672566126,3089.8757628967182,388.1329677012521,0.985316559203367,0.6301090464245869
10_180,0.7,42,80,0.3253980403138483,-1.1748992523573345,0.2101663319365586,2338.3518067354316,458.5292676708103,0.6799519165059511,0.6301090464245869
10_180,0.7,42,81,0.32111510958100054,-1.4913246992901499,0.17141207773025963,2532.4262779854885,421.15075232323346,0.7465995858658846,0.6301090464245869
10_180,0.7,42,82,0.3168987860601775,-1.9326579687295107,0.2140891542222711,2725.5057522012394,434.8510583755371,0.845268020282581,0.6301090464245869
10_180,0.7,42,83,0.31274803389043004,-1.9759154468659457,0.20617285622382936,2829.2631075559702,362.4203333302615,0.8475450693366583,0.6301090464245869
10_180,0.7,42,84,0.30866183332029457,-2.452965902959261,0.19088020692215274,2970.6838926692944,429.5914644429924,0.9561513386816475,0.6301090464245869
10_180,0.7,42,85,0.3046391804572615,-2.8037122623933923,0.20142659895412535,3127.1561936310823,441.62972345110467,1.036707526546607,0.6301090464245869
10_180,0.7,42,86,0.3006790870211401,-1.7224218377261076,0.260511232128324,2599.3738173005668,460.18656225959415,0.8026157748620469,0.6301090464245869
10_180,0.7,42,87,0.29678058010125963,-2.299354702118348,0.18782881373527552,2946.914027342209,389.7506688061978,0.9197396395272261,0.6301090464245869
10_180,0.7,42,88,0.2929427019174456,-1.812168514011285,0.17879264308363413,2739.8094610726735,376.8829180543832,0.8150664055045919,0.6301090464245869
10_180,0.7,42,89,0.28916450958471324,-2.5127520889348416,0.18983067341562254,3052.0669863225526,384.1840651243495,0.9651901272897796,0.6301090464245869
10_180,0.7,42,90,0.28544507488162135,-1.3994346891746123,0.19965293605964946,2481.612892882602,431.9028865470415,0.7297636627848328,0.6301090464245869
10_180,0.7,42,91,0.28178348402222775,-1.979697493370493,0.2436141873776021,2764.9469925558583,411.8267072605636,0.8490009750869999,0.6301090464245869
10_180,0.7,42,92,0.27817883743159105,-1.8463660857961517,0.22997655018993762,2763.7381311725867,370.9428790090038,0.8224370916503626,0.6301090464245869
10_180,0.7,42,93,0.27463024952476534,-2.104427474452508,0.19130828029299782,2856.180966976459,394.04449226074246,0.8801979237642845,0.6301090464245869
10_180,0.7,42,94,0.27113684848922975,-2.1803625529500885,0.20474574381594798,2901.7647184877233,384.620305632274,0.8954418940575759,0.6301090464245869
10_180,0.7,42,95,0.2676977760707032,-2.660004578018617,0.16840023936917164,3090.2962179219458,416.7209193091747,1.003693380061084,0.6301090464245869
10_180,0.7,42,96,0.2643121873622896,-2.48344459369033,0.19032817415438477,3056.280347568318,370.5965895163255,0.9585119714273698,0.6301090464245869
10_180,0.7,42,97,0.2609792505969018,-1.8129197007904894,0.19886630055610077,2709.7855779196498,401.1625392154801,0.816519294992363,0.6301090464245869
10_180,0.7,42,98,0.25769814694291476,-1.645587118079943,0.1900201616204832,2689.332903576419,350.6922909043355,0.774893113705834,0.6301090464245869
10_180,0.7,42,99,0.25446807030299534,-3.0148101424472973,0.2089773850913114,3317.832948456701,360.99990596477085,1.074265897143728,0.6301090464245869
10_180,0.7,42,100,0.2512882271160621,-1.943363570657293,0.19936543840867654,2817.0902532018476,358.8480246826262,0.839601886827875,0.6301090464245869
10_180,0.7,42,101,0.2481578361623234,-927.3671878487501,0.15761293619393452,212617.9890958476,210267.50938873758,232.08014032896568,0.6301090464245869
10_180,0.7,42,102,0.2450761283713493,-1.8228907790600517,0.1733665904651534,2778.931018493722,348.10040222639066,0.8149884302230758,0.6301090464245869
10_180,0.7,42,103,0.24204234663312607,-2.2982542405058304,0.18831224994774579,2980.902188501647,363.725521854393,0.9190236099657914,0.6301090464245869
10_180,0.7,42,104,0.23905574561205173,-2.334991858586605,0.22593194863478372,2806.9595214514875,520.583223859435,0.9377398854283419,0.6301090464245869
10_180,0.7,42,105,0.23611559156382206,-2.7576929595788817,0.18791209953642402,3175.598942667911,379.3081511967286,1.0196426247724173,0.6301090464245869
10_180,0.7,42,106,0.2332211621551653,-2.478809506573273,0.184977303698891,2930.892020784983,473.06019510107694,0.965256931040328,0.6301090464245869
10_180,0.7,42,107,0.23037174628638085,-2.0775628137151267,0.21248397861988993,2868.1723746420794,367.514944785684,0.8689128491432548,0.6301090464245869
10_180,0.7,42,108,0.2275666439166364,-1.267464423699778,0.21404107019475735,2342.9819046409084,491.23417800126964,0.702908246393172,0.6301090464245869
10_180,0.7,42,109,0.2248051658919834,-2.4773941915885613,0.20300472851069312,3023.838151392537,396.83037315277386,0.9600809500218699,0.6301090464245869
10_180,0.7,42,110,0.22208663377604637,-2.199202933625212,0.17356825760275252,2794.5073179841365,476.7149718382317,0.9040397523583654,0.6301090464245869
10_180,0.7,42,111,0.21941037968334542,-2.774735085155371,0.21076193339941493,3163.9336399199806,399.2933184857755,1.0269176358045486,0.6301090464245869
10_180,0.7,42,112,0.21677574611521144,-1.746949759048082,0.17779375827043756,2632.2065026280166,440.338466101645,0.8052897972936619,0.6301090464245869
10_180,0.7,42,113,0.21418208579825188,-2.0447343478817155,0.18551262370774982,2767.1464160792443,442.98371244830713,0.8698404431577198,0.6301090464245869
10_180,0.7,42,114,0.21162876152533033,-2.0826109953969865,0.1952522265633206,2883.240389741507,365.290397513188,0.8745182875730974,0.6301090464245869
10_180,0.7,42,115,0.20911514599901782,-2.0669022089654048,0.21675071649136957,2795.2084317664035,427.1338158003761,0.872834529879229,0.6301090464245869
10_180,0.7,42,116,0.20664062167747893,-2.564302961239422,0.14723730238912242,3081.6362222219013,383.5383624231286,0.9785557586717153,0.6301090464245869
10_180,0.7,42,117,0.20420458062275576,-3.0252749656500932,0.17723816527276576,3189.4614392864682,473.34969809909666,1.0859082620368266,0.6301090464245869
10_180,0.7,42,118,0.2018064243514096,-0.8238754532656616,0.22027813428241946,2274.9552935751144,380.883082933314,0.6010353070176417,0.6010353070176417
10_180,0.7,42,119,0.1994455636874869,-1.9064610093943153,0.22232109658478033,2597.5690816641295,533.8461904813637,0.8486198821603698,0.6010353070176417
10_180,0.7,42,120,0.19712141861777083,-2.5078020243364425,0.18783424047496955,3001.955786502284,427.3169608054213,0.9692743765018429,0.6010353070176417
10_180,0.7,42,121,0.19483341814928484,-1.8052175903239152,0.18632481094025694,2803.407323161789,321.3426311715121,0.8093749136803952,0.6010353070176417
10_180,0.7,42,122,0.19258100016901147,-1.7122435220027699,0.20581185743355287,2740.1786667030974,336.1267412654013,0.7893189236510629,0.6010353070176417
10_180,0.7,42,123,0.19036361130579338,-1.6114120180321772,0.22893264948072237,2622.8092855909863,392.7691734489355,0.7706592475403743,0.6010353070176417
10_180,0.7,42,124,0.18818070679438154,-2.0352107000052246,0.19208985694981623,2701.139611880331,496.65047936405745,0.8732181186369543,0.6010353070176417
10_180,0.7,42,125,0.1860317503415984,-928.701962174176,0.19322714059044707,213199.68221597697,210302.75915844578,232.37356814863284,0.6010353070176417
10_180,0.7,42,126,0.1839162139945818,-2.321053852322722,0.14187070109869257,2898.4191586879588,442.0356303917095,0.9303973275963865,0.6010353070176417
10_180,0.7,42,127,0.18183357801107813,-3.2068647172411833,0.15261925321314723,3376.887262364111,390.88641416436565,1.12078600683997,0.6010353070176417
10_180,0.7,42,128,0.17978333073175307,-2.486434994481617,0.1959684448884591,3035.76325796038,391.37486939464554,0.9621673360687615,0.6010353070176417
10_180,0.7,42,129,0.17776496845448742,-1.8462765440293267,0.20429227111738085,2779.0188513471107,354.47635343938384,0.8190842320792052,0.6010353070176417
10_180,0.7,42,130,0.17577799531062827,-1.5239356867637741,0.20554604902761273,2484.040361865098,474.44769305450245,0.7579516179333201,0.6010353070176417
10_180,0.7,42,131,0.1738219231431649,-2.7259847100907186,0.23000035332560395,3189.46067219228,358.3659933481521,1.012782314318535,0.6010353070176417
10_180,0.7,42,132,0.17189627138679878,-3.4043524183019214,0.14721206903404432,3305.63412601564,529.2104973343581,1.1755584960765624,0.6010353070176417
10_180,0.7,42,133,0.1700005669498786,-2.016063313531949,0.1964762720354458,2770.629947722554,422.7074105913508,0.8585684023222618,0.6010353070176417
10_180,0.7,42,134,0.16813434409817252,-2.8344590670206493,0.19175887355441548,3193.0815047432225,393.44390025339413,1.036777570873465,0.6010353070176417
10_180,0.7,42,135,0.16629714434044632,-2.5758269187425853,0.22321876792181924,3116.7164646500523,361.6734006690719,0.980994260015504,0.6010353070176417
10_180,0.7,42,136,0.16448851631582245,-2.2002610393173043,0.18094642563949329,2901.572723794626,388.5460745559482,0.8978490948349003,0.6010353070176417
10_180,0.7,42,137,0.16270801568288995,-1.4872567613626682,0.24839059035125777,2508.413110314388,443.5222044942357,0.7496393329729708,0.6010353070176417
10_180,0.7,42,138,0.16095520501053945,-2.373833275575104,0.16920499523310015,2965.5454311239196,409.00447251378483,0.9406647324290898,0.6010353070176417
10_180,0.7,42,139,0.1592296536704954,-1.8038172173138958,0.16299600969459022,2529.404057671294,547.8591261671719,0.8257736039546789,0.6010353070176417
10_180,0.7,42,140,0.15753093773152022,-1.3339880182385273,0.19791593336862628,2436.8034536373407,443.9325263963145,0.7165374203246,0.6010353070176417
10_180,0.7,42,141,0.15585863985526294,-2.560267698085556,0.18635267795546304,2970.6464991159082,475.2144282974893,0.9851485167569454,0.6010353070176417
10_180,0.7,42,142,0.15421234919372853,-2.159666722767059,0.1504971792100208,2869.172109176874,402.5715409700412,0.8916733860494931,0.6010353070176417
10_180,0.7,42,143,0.152591661288341,-1.4745000058431557,0.1927836402747202,2552.315326932232,397.82067701251293,0.7410287656420467,0.6010353070176417
10_180,0.7,42,144,0.15099617797057668,-1.6543026986744847,0.1845906972587213,2535.0751352352595,486.4029332517438,0.7893317767080992,0.6010353070176417
10_180,0.7,42,145,0.14942550726414244,-2.1064917238704255,0.16047916843913834,2842.3134074049103,403.20480304502894,0.8795626778362535,0.6010353070176417
10_180,0.7,42,146,0.14787926328867598,-2.331474865449197,0.17622787715124147,2934.650499070198,416.5155441101617,0.931047593665729,0.6010353070176417
10_180,0.7,42,147,0.1463570661649425,-2.3878064180611034,0.21230220706783737,3023.690186156905,363.477648152418,0.9388008536463663,0.6010353070176417
10_180,0.7,42,148,0.1448585419215072,-2.6339776233692676,0.17532692753419482,3075.1334391441064,413.16060603224577,0.9943648235746272,0.6010353070176417
10_180,0.7,42,149,0.14338332240285795,-1.9723346368941606,0.1724008565334248,2754.639301947295,425.2834599096054,0.8527566541740287,0.6010353070176417
10_180,0.7,42,150,0.1419310451789575,-2.148118093303702,0.18223061220175996,2839.21919159972,420.20568928608077,0.8889330514261288,0.6010353070176417
10_180,0.7,42,151,0.14050135345620207,-2.5290324052159097,0.13552995631284412,3059.420580982813,390.1736102160901,0.9724252991530167,0.6010353070176417
10_180,0.7,42,152,0.13909389598976496,-2.153323622602965,0.17008567314194942,2915.51127393551,362.42015110629364,0.8877278825016823,0.6010353070176417
10_180,0.7,42,153,0.13770832699730284,-3.1435579375482994,0.1501192624295033,3354.823725623329,382.2156751320715,1.104992343590957,0.6010353070176417
10_180,0.7,42,154,0.13634430607400466,-2.0403872266740564,0.2531113561135454,2828.3468913739807,390.1852008357371,0.8647756839719438,0.6010353070176417
10_180,0.7,42,155,0.13500149810896128,-2.0657985569835384,0.15265834615549492,2875.5550878364647,361.04393655765574,0.8682371138343823,0.6010353070176417
10_180,0.7,42,156,0.13367957320283602,-2.2817978046041705,0.19190895846899594,2942.6968444085837,388.89129732138906,0.9172283284544723,0.6010353070176417
10_180,0.7,42,157,0.13237820658681518,-2.0496210904645102,0.1572521915065263,2904.956386310238,334.20100039989745,0.8648639846628191,0.6010353070176417
10_180,0.7,42,158,0.13109707854281938,-2.345808763969624,0.19071290146319456,2997.1394374266165,369.46662343899095,0.9302396655809035,0.6010353070176417
10_180,0.7,42,159,0.12983587432495577,-2.3941214843330094,0.16985003851238487,2911.806506074255,453.53527466415795,0.9439478476390921,0.6010353070176417
10_180,0.7,42,160,0.12859428408219134,-2.161280897098507,0.17080268680638452,2885.1965349932593,392.38464252647907,0.8926606400395949,0.6010353070176417
10_180,0.7,42,161,0.1273720027822294,-1.7358441137554281,0.1536945344738879,2684.875673105691,392.98008129441183,0.7997100414888931,0.6010353070176417
10_180,0.7,42,162,0.12616873013656954,-1.890734031540728,0.19425315059260945,2625.088021689274,502.6024106673033,0.8415709824736796,0.6010353070176417
10_180,0.7,42,163,0.12498417052673307,-1.753437920002747,0.196323579343661,2688.2676125596154,399.551097176368,0.8054692773644483,0.6010353070176417
10_180,0.7,42,164,0.12381803293163596,-2.923341007154808,0.1605347989326948,3271.06793565862,363.89038738977945,1.0543163718621493,0.6010353070176417
10_180,0.7,42,165,0.12267003085609117,-2.2997248291270136,0.16948344835177628,2922.66552601053,411.6441004455658,0.9223657406937804,0.6010353070176417
10_180,0.7,42,166,0.1215398822604227,-2.131351107201934,0.20825797110546773,2888.627044332196,377.5631196997234,0.8848329436966733,0.6010353070176417
10_180,0.7,42,167,0.1204273094911746,-2.702109208773363,0.18673431253440498,3045.0273765476995,469.3258706410897,1.0160575730307726,0.6010353070176417
10_180,0.7,42,168,0.11933203921289748,-2.0139424666422316,0.1709612349767095,2864.8241828103496,342.47726860639074,0.8514298490692405,0.6010353070176417
10_180,0.7,42,169,0.11825380234099556,-2.3644636569392574,0.18783968707747217,2976.9147966154865,394.0580831394778,0.9364563299997825,0.6010353070176417
10_180,0.7,42,170,0.11719233397561858,-2.133812293459955,0.16044689893165512,2862.335061516477,395.83123835871777,0.8842014175187036,0.6010353070176417
10_180,0.7,42,171,0.11614737333658141,-1.6899648526414457,0.1947857708008685,2628.750263323702,422.8577176614852,0.7925623981560989,0.6010353070176417
10_180,0.7,42,172,0.11511866369929591,-1.9831170745956122,0.16096616199632446,2798.54435578377,391.5775606334721,0.8517762061530016,0.6010353070176417
10_180,0.7,42,173,0.11410595233169919,-2.4034931626020604,0.1669169706709926,2751.905300354735,601.3213813204065,0.9634368095697885,0.6010353070176417
10_180,0.7,42,174,0.11310899043216277,-1.8010051065782164,0.14587565393484803,2711.811304385132,397.0360097100869,0.8148387512330517,0.6010353070176417
10_180,0.7,42,175,0.1121275330683672,-2.271677385113924,0.15734678040019898,2885.7126998539916,433.1433201116276,0.9188222054823632,0.6010353070176417
10_180,0.7,42,176,0.11116133911712744,-1.7937377431747734,0.18687872019813115,2743.4363221967114,364.35929707116946,0.8087915739666883,0.6010353070176417
10_180,0.7,42,177,0.1102101712051541,-1.7919123283654108,0.16160466343643481,2715.0589001665776,389.75053620184974,0.8117184978563209,0.6010353070176417
10_180,0.7,42,178,0.10927379565073586,-2.550598528457212,0.20701293980654206,3065.4358761098038,394.4942100729869,0.9779755682412622,0.6010353070176417
10_180,0.7,42,179,0.10835198240632873,-1.9823574249736802,0.14949659485677175,2802.544432302746,390.0850315525414,0.8526906415736056,0.6010353070176417
10_180,0.7,42,180,0.1074445050020384,-1.6705795740575247,0.16808076050715948,2610.9070969882596,429.240303920013,0.7883083862024263,0.6010353070176417
10_180,0.7,42,181,0.10655114048998136,-2.231975196386309,0.1819730888174224,2912.1053419545615,395.0565414431813,0.9068966583004594,0.6010353070176417
10_180,0.7,42,182,0.10567166938951125,-1.9506089918022254,0.15066302760606484,2797.282365666483,380.26949813165703,0.8439967164402934,0.6010353070176417
10_180,0.7,42,183,0.10480587563329734,-2.3338883285287007,0.15910276019256928,2986.4747853545205,380.60468147639335,0.9323544285155445,0.6010353070176417
10_180,0.7,42,184,0.10395354651424124,-1.9334937846098181,0.16339405818577288,2778.9674646492795,392.77025010630786,0.8434138619174227,0.6010353070176417
10_180,0.7,42,185,0.10311447263321932,-1.9374718385293976,0.17856435308043284,2808.2334267683373,369.1819376425474,0.8420475058321002,0.6010353070176417
10_180,0.7,42,186,0.10228844784763778,-2.1049234979584552,0.16289930062946917,2841.8300716287276,405.0480804664039,0.8805097517930436,0.6010353070176417
10_180,0.7,42,187,0.10147526922078795,-1.0760515147203704,0.16314782437850472,2283.898043180823,467.5856866421921,0.6603415297391785,0.6010353070176417
10_180,0.7,42,188,0.10067473697198882,-2.427484596231962,0.1612373962145228,2981.101589274806,416.9393355153646,0.9529586236464882,0.6010353070176417
10_180,0.7,42,189,0.09988665442750533,-2.5304049559053716,0.19701283493109023,3089.6030958311753,363.80623489405195,0.9697185778182342,0.6010353070176417
10_180,0.7,42,190,0.09911082797222981,-1.9806534896197134,0.1619129164389133,2836.809422264886,358.4962754961977,0.848565326631435,0.6010353070176417
10_180,0.7,42,191,0.09834706700211487,-1.9056046475235562,0.20146507357807728,2764.7581859997217,391.91050665132104,0.8362470075101106,0.6010353070176417
10_180,0.7,42,192,0.09759518387734595,-2.106450810250826,0.16622313272579325,2852.6595319794346,397.7555164087956,0.8809173717213399,0.6010353070176417
10_180,0.7,42,193,0.09685499387624241,-2.637212529407075,0.15345684558137912,3134.109075668568,368.8487719894005,0.9936607426868727,0.6010353070176417
10_180,0.7,42,194,0.09612631514987509,-2.6654320894601113,0.14930851885455182,3117.406884004853,399.20135576698226,1.0051823846182903,0.6010353070176417
10_180,0.7,42,195,0.09540896867739013,-2.464089445871018,0.19956339916124952,3019.8276491975516,401.5890232498088,0.9612387953322702,0.6010353070176417
10_180,0.7,42,196,0.0947027782220271,-1.784212665900047,0.17000905610288763,2724.514322724234,377.38203187876616,0.8082578356336451,0.6010353070176417
10_180,0.7,42,197,0.09400757028782174,-1.7873359825982087,0.14120240084638142,2722.753406138091,381.4075091005127,0.8099974883375973,0.6010353070176417
10_180,0.7,42,198,0.09332317407698135,-2.203944821419498,0.12100829897958768,2906.182025848504,393.0323829490067,0.9028496980429196,0.6010353070176417
10_180,0.7,42,199,0.09264942144792357,-2.060187095767877,0.17853104339955145,2852.031154060881,384.0711896955042,0.871921860832913,0.6010353070176417
10_180,0.7,42,200,0.09198614687396757,-2.2462242680592857,0.16106500828318207,2918.666777896049,401.0613965341841,0.913772500879337,0.6010353070176417
10_180,0.7,42,201,0.0913331874026676,-2.3591868872150585,0.14240662640299792,2976.441099266092,394.87084394814474,0.9367525221841174,0.6010353070176417
10_180,0.7,42,202,0.09069038261577916,-2.3708747402664043,0.1362485074759919,3029.7038480480296,354.3874155823078,0.9358215442704834,0.6010353070176417
10_180,0.7,42,203,0.09005757458984752,-2.184906547498124,0.16612344047434952,2949.7359834595422,345.2154316759127,0.8927315421142188,0.6010353070176417
10_180,0.7,42,204,0.08943460785740934,-1.9007930989483253,0.1772741685921941,2779.05331199417,378.2079894704172,0.8341927727369501,0.6010353070176417
10_180,0.7,42,205,0.08882132936879764,-2.1690669786741115,0.14583590738060742,3004.352762231118,291.53398434221555,0.8840379296642653,0.6010353070176417
10_180,0.7,42,206,0.08821758845454078,-1.8630545893522743,0.13817343079044586,2757.611838267428,381.6095827366359,0.8263665065419508,0.6010353070176417
10_180,0.7,42,207,0.08762323678834613,-2.1412083851372623,0.15678015883569607,2813.8307847721803,443.41709641317266,0.8918662578686818,0.6010353070176417
10_180,0.7,42,208,0.08703812835065944,-2.5593104959474773,0.17668180267994343,3133.250385266755,337.7386425191814,0.9734757320595298,0.6010353070176417
10_180,0.7,42,209,0.08646211939279098,-2.1209147537330466,0.1583655521329049,2956.6237411751845,313.93796840480184,0.8760491750225462,0.6010353070176417
10_180,0.7,42,210,0.08589506840159955,-1.4305574285330527,0.13500216500123116,2493.577668450754,434.97283188374297,0.7372904162191048,0.6010353070176417
10_180,0.7,42,211,0.08533683606472567,-1.9703676699533696,0.14523724969456234,2822.4873050979218,370.05221050525694,0.849241835515754,0.6010353070176417
10_180,0.7,42,212,0.08478728523636561,-2.157331245101415,0.11979850240847915,2980.5053858143506,305.8081572789993,0.8820053340637333,0.6010353070176417
10_180,0.7,42,213,0.08424628090357741,-2.1682918143336876,0.1580814025254472,2894.370247141395,387.386790807545,0.8937562049441669,0.6010353070176417
10_180,0.7,42,214,0.08371369015311121,-1.6875064906571868,0.12069193802939175,2630.63707383821,420.72858899871613,0.7920874102569258,0.6010353070176417
10_180,0.7,42,215,0.08318938213875532,-2.2436334729836678,0.1776816902400476,2942.4424225359016,375.97593708992696,0.9088960789154691,0.6010353070176417
10_180,0.7,42,216,0.08267322804918986,-1.0447859252182066,0.16499459210851503,2397.632958683262,359.96221642524915,0.6448857658478004,0.6010353070176417
10_180,0.7,42,217,0.08216510107634088,-1.8687404330369621,0.14717179760647375,2842.0946292961867,311.2386119990908,0.8209734878251137,0.6010353070176417
10_180,0.7,42,218,0.08166487638422609,-2.027543313773285,0.1515452472787307,2814.7170946372325,400.1678786791162,0.8647742080091944,0.6010353070176417
10_180,0.7,42,219,0.08117243107828538,-2.5186395622347453,0.10780755257834188,3092.1476314008787,356.4352069658973,0.9662163598353603,0.6010353070176417
10_180,0.7,42,220,0.08068764417518824,-1.998055070069308,0.18790576933846795,2810.0148183184415,388.80194449785716,0.8553550882596708,0.6010353070176417
10_180,0.7,42,221,0.08021039657311081,-2.1527649976861913,0.12366219957523761,2908.0981471025743,367.30330554105706,0.887379628987421,0.6010353070176417
10_180,0.7,42,222,0.07974057102247495,-2.108103304140256,0.1265525005510252,2883.86751806097,369.1348178798171,0.8772553820715254,0.6010353070176417
10_180,0.7,42,223,0.0792780520971426,-2.022895072856682,0.1636895980485888,2896.764593925923,327.6029009544897,0.8568512782148263,0.6010353070176417
10_180,0.7,42,224,0.07882272616605801,-2.1454447654079116,0.13767913155581377,2889.9297553373935,378.52076175672636,0.88604890202153,0.6010353070176417
10_180,0.7,42,225,0.0783744813653311,-1.9043665790877085,0.1271047105140146,2791.647701438704,369.24071806906176,0.8343576163110444,0.6010353070176417
10_180,0.7,42,226,0.07793320757075473,-1.9275245122342293,0.14108518757182384,2745.306021429862,418.14661683192355,0.8438695076244305,0.6010353070176417
10_180,0.7,42,227,0.07749879637074959,-2.074080597408565,0.13751753018997087,2826.1827343955,405.21198816284993,0.8733239135333991,0.6010353070176417
10_180,0.7,42,228,0.07707114103972987,-1.9353691834654558,0.15114192700238058,2844.8411534129145,332.86849705085,0.8360089363018024,0.6010353070176417
10_180,0.7,42,229,0.0766501365118829,-1.9356548475983195,0.11382484302458165,2798.4054230852958,375.8991388980907,0.8417405530039146,0.6010353070176417
10_180,0.7,42,230,0.07623567935535681,-2.0417540976479676,0.13939871886752736,2907.1264453541476,327.59521030662796,0.8616739628013945,0.6010353070176417
10_180,0.7,42,231,0.07582766774684957,-1.9436332069835536,0.1393489032772274,2727.687092501938,440.74892939154165,0.8500351428502231,0.6010353070176417
10_180,0.7,42,232,0.07542600144659303,-2.5886447102385644,0.14769786654496156,3083.9897074355276,394.2037835496636,0.9864350774875053,0.6010353070176417
10_180,0.7,42,233,0.07503058177372629,-2.1683843080739718,0.16582273750404236,2890.856134229667,388.8309183256491,0.8930373977608367,0.6010353070176417
10_180,0.7,42,234,0.0746413115820518,-1.9803390594433292,0.1469076658383911,2788.431508564857,398.2665910731678,0.8513186293765382,0.6010353070176417
10_180,0.7,42,235,0.07425809523616868,-2.434059449894867,0.13351362984117754,3053.652077671607,356.60519912628354,0.948389431297902,0.6010353070176417
10_180,0.7,42,236,0.0738808385879771,-1.7684429931016075,0.14998101461182833,2706.398809924057,388.21436494415644,0.8067068201489673,0.6010353070176417
10_180,0.7,42,237,0.0735094489535481,-1.8587237087599755,0.13727508599637864,2772.0022973233313,368.5558741162114,0.824769306755867,0.6010353070176417
10_180,0.7,42,238,0.07314383509035316,-2.5346300142699962,0.16448560503848575,3103.9400287627786,354.4368312877104,0.9704395286183221,0.6010353070176417
10_180,0.7,42,239,0.07278390717484776,-1.9539212387398197,0.15411250449312094,2808.9560516604347,377.5870926173581,0.8477295588160455,0.6010353070176417
10_180,0.7,42,240,0.07242957678040378,-2.0239593687858557,0.12590667811704753,2846.3345721348473,370.7220115219693,0.8607782217623371,0.6010353070176417
10_180,0.7,42,241,0.07208075685558483,-1.9795111759341064,0.132155573253816,2787.208720234594,404.2809682584889,0.854573865857092,0.6010353070176417
10_180,0.7,42,242,0.0717373617027597,-2.1801879455391604,0.15406492387207743,2918.70581356377,371.0028291908457,0.8946744963854458,0.6010353070176417
10_180,0.7,42,243,0.07139930695704806,-2.003269529975098,0.15997267365917683,2794.0184301372815,407.90603271789445,0.8600519159058015,0.6010353070176417
10_180,0.7,42,244,0.0710665095655941,-2.0571292316814245,0.16231287170592074,2821.7376295829695,406.19543230216055,0.8718783797939216,0.6010353070176417
10_180,0.7,42,245,0.07073888776716195,-2.2138616451180075,0.13577944493696117,2887.0201503721305,414.8891772293537,0.9078223527182848,0.6010353070176417
10_180,0.7,42,246,0.07041636107204882,-1.6414983778537708,0.16366360655314907,2688.6103794857713,356.15209802863615,0.778028735718607,0.6010353070176417
10_180,0.7,42,247,0.07009885024231037,-2.047009189846883,0.12011864562694133,2802.5520709540688,419.94931030193027,0.8716868308737478,0.6010353070176417
10_180,0.7,42,248,0.0697862772722936,-2.0642515450716394,0.12902754832484553,2854.9583986897796,378.7071850115454,0.8698743427568599,0.6010353070176417
10_180,0.7,42,249,0.0694785653694726,-1.6822267698670093,0.14828768094635342,2656.885273920546,393.5466899390971,0.7870296874172409,0.6010353070176417
10_180,0.7,42,250,0.06917563893558212,-1.690448896379718,0.1801257951454261,2650.304604977569,408.1796908287432,0.7932698344300334,0.6010353070176417
10_180,0.7,42,251,0.06887742354804487,-1.595361028489321,0.16780526032605975,2543.2221110598484,455.1500556429903,0.7732517136112803,0.6010353070176417
10_180,0.7,42,252,0.06858384594168729,-1.5342932602223351,0.157044500147179,2620.467164715932,369.6830745507886,0.754886109337176,0.6010353070176417
10_180,0.7,42,253,0.06829483399074003,-2.0318459330025975,0.12138316985988022,2827.2982390526104,393.18677993682087,0.8661960166626764,0.6010353070176417
10_180,0.7,42,254,0.06801031669111803,-1.6476888146368782,0.16096910442406676,2623.5949953221093,412.9590097697009,0.7838653343563144,0.6010353070176417
10_180,0.7,42,255,0.06773022414297643,-1.6349613345288156,0.16439596645389778,2640.741958598487,392.85126749259393,0.779066269759163,0.6010353070176417
10_180,0.7,42,256,0.06745448753353762,-1.776928811877902,0.11917520292951891,2697.003740381429,400.95679289630806,0.8104334030481692,0.6010353070176417
10_180,0.7,42,257,0.06718303912018544,-2.1459299550004447,0.13838840637403882,2868.371693605629,404.5584554559198,0.8925640809856676,0.6010353070176417
10_180,0.7,42,258,0.0669158122138222,-1.99382491022414,0.11882955874703553,2820.1304405318515,380.8505251220773,0.8550111229590123,0.6010353070176417
10_180,0.7,42,259,0.06665274116248465,-1.2421337598555384,0.19360675002898042,2406.210934607673,434.84717578213093,0.6965064349143731,0.6010353070176417
10_180,0.7,42,260,0.06639376133521471,-1.9323679902556248,0.1342919899418845,2764.8609013646287,404.6847608369009,0.8444188386682409,0.6010353070176417
10_180,0.7,42,261,0.06613880910618089,-2.0255056691203976,0.14651587194098015,2811.541884288244,404.53542891649744,0.8660724891536649,0.6010353070176417
10_180,0.7,42,262,0.06588782183904693,-1.046077087697184,0.13142532017018177,2362.961161508098,393.4212744307567,0.6500109959717746,0.6010353070176417
10_180,0.7,42,263,0.06564073787158327,-1.8061423202099665,0.1540833005259445,2704.175597205756,406.13844740748345,0.8170701134645186,0.6010353070176417
10_180,0.7,42,264,0.06539749650051803,-1.650800915703071,0.13302426823642147,2658.8386009205997,384.3356155111833,0.7820818211613242,0.6010353070176417
10_180,0.7,42,265,0.06515803796662348,-1.7172442549618618,0.12910089790323664,2663.5142088017287,407.5844100013831,0.7990455971524925,0.6010353070176417
10_180,0.7,42,266,0.06492230344003448,-1.9453671025505046,0.18252685873643038,2737.1369826197865,433.7335608213839,0.8499763090496532,0.6010353070176417
10_180,0.7,42,267,0.06469023500579518,-1.6287847663221555,0.12134654395784872,2542.622992485695,470.0616097121155,0.7824558086046061,0.6010353070176417
10_180,0.7,42,268,0.06446177564963067,-1.7172442549618618,0.139606669319215,2663.5142088017287,407.5844100013831,0.7990455971524925,0.6010353070176417
10_180,0.7,42,269,0.06423686924393959,-1.7670718258861875,0.11618931807568447,2675.341491570571,418.4980513858044,0.8114966075306328,0.6010353070176417
10_180,0.7,42,270,0.064015460534005,-1.7172442549618618,0.1113217300428504,2663.5142088017287,407.5844100013831,0.7990455971524925,0.6010353070176417
10_180,0.7,42,271,0.0637974951244193,-1.6796312090735674,0.125686314003765,2644.4451953172597,408.96966218139147,0.7910423356804189,0.6010353070176417
10_180,0.7,42,272,0.06358291946572056,-1.636690193612732,0.16093406710731623,2631.7288330932006,397.54818847122704,0.7778541406387395,0.6010353070176417
10_180,0.7,42,273,0.06337168084123639,-1.4907012793334977,0.14949574220491632,2540.669099159964,422.8906474615534,0.7515464195776199,0.6010353070176417
10_180,0.7,42,274,0.06316372735413278,-1.5731624038061156,0.14248271406228238,2700.7746708370432,316.0367380697437,0.7581841087225303,0.6010353070176417
10_180,0.7,42,275,0.06295900791466405,-1.8109121113880202,0.12090606065393923,2785.4859080417705,338.6372268270596,0.8120240997205705,0.6010353070176417
10_180,0.7,42,276,0.06275747222762111,-1059.3607638085286,0.10408140020167274,242486.8012557398,240289.71766802223,265.08905625477496,0.6010353070176417
10_180,0.7,42,277,0.06255907077997513,-1.5941364682892238,0.14900670090889942,2607.146615581376,405.19061670843035,0.7712616270729618,0.6010353070176417
10_180,0.7,42,278,0.062363754828713217,-1.5912256995528167,0.12307842831510474,2645.729628485809,372.1109892211918,0.7681999326592056,0.6010353070176417
10_180,0.7,42,279,0.06217147638886324,-1.9204235075646403,0.12613880868307586,2804.8080731482146,367.593293240956,0.8394413152805626,0.6010353070176417
10_180,0.7,42,280,0.06198218822170495,-1.8610399953255587,0.13429531418906165,2765.7748513573274,376.35088898402677,0.826825301474186,0.6010353070176417
10_180,0.7,42,281,0.06179584382316449,-2.1866439823797994,0.11344650017095961,2897.346984478008,388.0519751924439,0.8955660975688498,0.6010353070176417
10_180,0.7,42,282,0.06161239741238927,-1.60674546916327,0.11713425282293924,2676.518576099804,354.0314844109177,0.7710465417284856,0.6010353070176417
10_180,0.7,42,283,0.06143180392050065,-2.061779239935853,0.13214372115180123,2836.1129035400604,392.64405303354675,0.8699576042655555,0.6010353070176417
10_180,0.7,42,284,0.06125401897952138,-1.4150795201684403,0.16029234467924527,2471.782492733603,447.0629433623322,0.7348249525058782,0.6010353070176417
10_180,0.7,42,285,0.06107899891147547,-1.6840743920662917,0.10864732647211091,2688.111151353606,372.1109892211918,0.7879454391209076,0.6010353070176417
10_180,0.7,42,286,0.060906700717657275,-1.6840743920662917,0.1329245604955293,2688.111151353606,372.1109892211918,0.7879454391209076,0.6010353070176417
10_180,0.7,42,287,0.060737082068067785,-1.5925997449124165,0.14611096139746266,2656.9913066711083,359.8236693066848,0.7656324334410362,0.6010353070176417
10_180,0.7,42,288,0.06057010129101494,-1.8212494369068768,0.12489196666136118,2646.132825735265,457.7083960608916,0.8228247206930449,0.6010353070176417
10_180,0.7,42,289,0.06040571736287584,-1.3291624546991854,0.1425401500717191,2516.813031593181,375.97797299000905,0.7105970927881808,0.6010353070176417
10_180,0.7,42,290,0.06024388989801807,-1.3156235483951189,0.12589081769711882,2455.375533230613,425.2877774777837,0.7133327282031144,0.6010353070176417
10_180,0.7,42,291,0.06008457913887785,-1.5916501395676885,0.1337789643286863,2564.623584675317,440.92788532941915,0.7741778375347184,0.6010353070176417
10_180,0.7,42,292,0.05992774594619241,-1.5916501395676885,0.10317272457928857,2564.623584675317,440.92788532941915,0.7741778375347184,0.6010353070176417
10_180,0.7,42,293,0.05977335178938433,-2.0583178363976726,0.12964267009264357,2700.80178037485,508.9734561335468,0.8808977029186851,0.6010353070176417
10_180,0.7,42,294,0.059621358737095426,-1.6894396335651638,0.11583026951201232,2540.3882742486603,499.760545819291,0.8003021341110103,0.6010353070176417
10_180,0.7,42,295,0.05947172944786773,-1.8087985512822007,0.12419115725192223,2654.972513345783,451.84152671384055,0.8232119992868758,0.6010353070176417
10_180,0.7,42,296,0.059324427160969605,-2.0759817170902397,0.11439407185754487,2816.7742828348146,421.7232760539548,0.879441124072219,0.6010353070176417
10_180,0.7,42,297,0.05917941568736433,-1.5064409716167928,0.13951629391824966,2512.241083390155,450.07941521275166,0.7555929368513423,0.6010353070176417
10_180,0.7,42,298,0.05903665940081926,-1.9128442679936044,0.12586747485732344,2746.1515160945887,413.29249128258306,0.8411763696411974,0.6010353070176417
10_180,0.7,42,299,0.058896123229153184,-1.1290225961887392,0.11743551704839975,2402.2585462050256,396.09649468953927,0.6700209516899811,0.6010353070176417
10_180,0.7,42,300,0.05875777264561992,-1.4364838846182875,0.15193520940909902,2499.3915047733,435.64319577853183,0.7404254042321508,0.6010353070176417
10_180,0.7,42,301,0.05862157366042571,-1.7783199414423612,0.12598017760913507,2694.974312850574,403.4671888903552,0.8110844184381691,0.6010353070176417
10_180,0.7,42,302,0.058487492812378764,-1.5916501395676885,0.11500180106233193,2564.623584675317,440.92788532941915,0.7741778375347184,0.6010353070176417
10_180,0.7,42,303,0.05835549716066848,-1.4359416023433393,0.1325921570968283,2530.390989994179,406.461542480645,0.7363095267580428,0.6010353070176417
10_180,0.7,42,304,0.05822555427677263,-2.5431618477004982,0.13834363088730012,2990.9779309827077,454.4440142416117,0.9814116567575726,0.6010353070176417
10_180,0.7,42,305,0.05809763223649032,-1.8240654242745604,0.1195036766373951,2751.548012347797,373.06093233661926,0.8181047356345132,0.6010353070176417
10_180,0.7,42,306,0.057971699612098956,-1.4527370564521305,0.1211930977700868,2512.974424551163,427.44809195607564,0.7415418744481366,0.6010353070176417
10_180,0.7,42,307,0.05784772546463305,-1.5916501395676885,0.14190201419002801,2564.623584675317,440.92788532941915,0.7741778375347184,0.6010353070176417
10_180,0.7,42,308,0.05772567933628324,-1.9807836788510702,0.12300317578726401,2788.463492184771,405.0156153623968,0.855625672483441,0.6010353070176417
10_180,0.7,42,309,0.05760553124291343,-1.5916501395676885,0.12800085632641528,2564.623584675317,440.92788532941915,0.7741778375347184,0.6010353070176417
10_180,0.7,42,310,0.05748725166669427,-1.2196764155019424,0.1297059196359008,2451.1720705892953,390.5532568816741,0.6892844065182818,0.6010353070176417
10_180,0.7,42,311,0.05737081154885137,-1058.9326373368053,0.09982238475139459,242195.10475047093,240366.26043099002,265.00183366694444,0.6010353070176417
10_180,0.7,42,312,0.057256182282526054,-1.8437466980791721,0.1021938424276044,2719.4157729189824,408.5465712504247,0.8257019771625893,0.6010353070176417
10_180,0.7,42,313,0.057143335705747374,-1.8449961964466275,0.11829773702829771,2604.5689793510437,506.3128219800851,0.8343708734935835,0.6010353070176417
10_180,0.7,42,314,0.05703224409451321,-1.5916501395676885,0.1090669570027811,2564.623584675317,440.92788532941915,0.7741778375347184,0.6010353070176417
10_180,0.7,42,315,0.056922880155979176,-1.5916501395676885,0.13819618748447718,2564.623584675317,440.92788532941915,0.7741778375347184,0.6010353070176417
10_180,0.7,42,316,0.05681521702175326,-1.5642117898056913,0.10871839876272502,2572.8071170254225,423.20318385457705,0.7667182500942191,0.6010353070176417
10_180,0.7,42,317,0.05670922824129488,-1059.676456464509,0.12800977633515348,242585.49532930655,240330.71438465567,265.16111018800086,0.6010353070176417
10_180,0.7,42,318,0.05660488777541653,-2.0904741190003993,0.11749163516051335,2830.523026095683,412.5639266870983,0.8800216250350366,0.6010353070176417
10_180,0.7,42,319,0.056502169989886525,-1.505217304411353,0.13040689624726004,2530.857063897594,434.6148250791355,0.754431167207173,0.6010353070176417
10_180,0.7,42,320,0.056401049649131195,-2.1987435457542546,0.1367622736794299,2856.1733381985637,430.3256535457026,0.9032679114893867,0.6010353070176417
10_180,0.9,42,1,1.0,-3.3762591448127908,,2956.1865759193993,510.8732565890582,1.1143576644247204,1.1143576644247204
10_180,0.9,42,2,0.9852258055592246,-2.459401008355004,0.3439387880679607,2625.9129718408813,499.98652116421084,0.9142116484644696,0.9142116484644696
10_180,0.9,42,3,0.9706813761935793,-3.216148329563066,0.3709807881950155,2889.882320397178,540.2043586486634,1.080858408379356,0.9142116484644696
10_180,0.9,42,4,0.9563631386463322,-3.1659158455223526,0.35151251554569873,2874.6390747835544,533.9853439566273,1.0704091491524639,0.9142116484644696
10_180,0.9,42,5,0.9422675752312664,-2.759353110001424,0.3663862354805526,2749.165008402454,472.83306990019094,0.9822849975038535,0.9142116484644696
10_180,0.9,42,6,0.9283912229684601,-1.204080038202366,0.3431131789564277,2166.4180306030366,519.7965968435409,0.6431677460141847,0.6431677460141847
10_180,0.9,42,7,0.9147306727335057,-2.851426237952449,0.3361658972501642,2789.6751780556738,439.61495809803165,0.9995092623975926,0.6431677460141847
10_180,0.9,42,8,0.9012825684199611,-2.343211928935388,0.3127698069897321,2584.4479537592033,498.82553552945257,0.8891274515979583,0.6431677460141847
10_180,0.9,42,9,0.888043606114825,-2.780773572777659,0.3470470950531028,2717.6407266446995,580.0364682771797,0.9861274085396832,0.6431677460141847
10_180,0.9,42,10,0.8750105332868364,-3.0755741487730464,0.3212882299825145,2866.3948628632784,454.39769373012416,1.0485991113292705,0.6431677460141847
10_180,0.9,42,11,0.8621801479873967,-3.812277443917513,0.28503788193109214,3114.0875318563017,510.8306322207626,1.208933341131082,0.6431677460141847
10_180,0.9,42,12,0.8495492980639193,-2.0544422834008214,0.3259465921304385,2451.5974256780773,601.01280701278,0.8312107719562888,0.6431677460141847
10_180,0.9,42,13,0.837114880385412,-3.2185968930156124,0.31186157651660446,2902.7060695479317,503.04251423894647,1.0806621246463441,0.6431677460141847
10_180,0.9,42,14,0.8248738400801048,-2.227759941053378,0.30015520519338346,2550.9044811229483,459.875712218884,0.8607775724275302,0.6431677460141847
10_180,0.9,42,15,0.8128231697849323,-2.050431895223201,0.3100125091068848,2464.0832772242193,556.829782596135,0.8293236753818598,0.6431677460141847
10_180,0.9,42,16,0.8009599089066888,-2.389684307722159,0.304402598195514,2617.279778404791,447.50204467384106,0.8979141606300172,0.6431677460141847
10_180,0.9,42,17,0.7892811428946735,-3.3985417372587117,0.28664421133193724,2921.779927388306,661.2065196402282,1.1256165259709614,0.6431677460141847
10_180,0.9,42,18,0.7777840025246476,-684.9695858171484,0.29812805517663643,212932.19281087807,210392.95093394673,171.38523692251454,0.6431677460141847
10_180,0.9,42,19,0.7664656631939266,-2.689094090896045,0.3562117048842078,2720.633280429183,474.12162250563654,0.9654672818776169,0.6431677460141847
10_180,0.9,42,20,0.7553233442274359,-2.561750501447649,0.2728119115923825,2667.6526589562145,482.3986831378615,0.9354858449172929,0.6431677460141847
10_180,0.9,42,21,0.7443543081945577,-1.8493956300001457,0.27734698492561505,2390.976423958889,556.3956762713271,0.7854397003389111,0.6431677460141847
10_180,0.9,42,22,0.7335558602366034,-2.61876178687748,0.26097996622399444,2694.858720836646,464.1352840672375,0.9479110010726609,0.6431677460141847
10_180,0.9,42,23,0.7229253474047432,-1.857970062123449,0.26195145102158135,2393.7759511159247,570.962997824972,0.7902047545847892,0.6431677460141847
10_180,0.9,42,24,0.7124601580082336,-4.405181259097087,0.29113916197964357,3372.8893515642044,360.5425230130314,1.3320996582284872,0.6431677460141847
10_180,0.9,42,25,0.7021577209727804,-1.8502823226117946,0.29359239928835207,2384.9048469897216,570.4581736227999,0.7847838317951,0.6431677460141847
10_180,0.9,42,26,0.6920155052088806,-3.00290410563953,0.25904435548879345,2866.2536694548653,361.14113783295426,1.02874523859866,0.6431677460141847
10_180,0.9,42,27,0.6820310189899872,-2.8866246798480675,0.2619048059514587,2799.9864193786448,432.96798279215506,1.0042767483606003,0.6431677460141847
10_180,0.9,42,28,0.6722018093403456,-3.142957077139876,0.2614861519430529,2898.8661127640307,429.5674638793542,1.062786092027444,0.6431677460141847
10_180,0.9,42,29,0.6625254614323491,-2.2631441292643686,0.273573175058954,2564.8725244527323,462.7388182581792,0.8697515557383929,0.6431677460141847
10_180,0.9,42,30,0.6529995979932678,-2.7373104955488623,0.2673048622392381,2766.8814001667843,377.6152347679928,0.972712280804609,0.6431677460141847
10_180,0.9,42,31,0.6436218787212026,-2.772835508301199,0.259403990371862,2722.5907438442555,568.6901436692651,0.9866872450557137,0.6431677460141847
10_180,0.9,42,32,0.634389999710123,-3.850908709667808,0.267574507222489,3141.8040960223025,483.04902845368343,1.219646546993099,0.6431677460141847
10_180,0.9,42,33,0.6253016928838472,-1.7315328889339914,0.30767487339397004,2387.5026021429867,425.3936018601503,0.7555879329249092,0.6431677460141847
10_180,0.9,42,34,0.6163547254388225,-0.994347242110583,0.280177642129053,2095.4985691215497,518.8988152492955,0.6004957531905526,0.6004957531905526
10_180,0.9,42,35,0.607546899295575,-1.94206983848616,0.25358042193258534,2445.329992505441,471.9410927371253,0.8000948089559226,0.6004957531905526
10_180,0.9,42,36,0.5988760505586863,-2.362646743102303,0.22947885984053173,2623.0220453240786,395.76160450932696,0.890385486243366,0.6004957531905526
10_180,0.9,42,37,0.5903400489851716,-3.6268279109834203,0.2651757095583659,3057.216828728376,484.4063979020429,1.1692654274802639,0.6004957531905526
10_180,0.9,42,38,0.581936797461124,-1.3398367238795266,0.2703065788082301,2210.3155483030937,533.9372036918628,0.6724605690390446,0.6004957531905526
10_180,0.9,42,39,0.5736642314864987,-1.8549391545690015,0.2700537416727492,2438.9051238388256,395.87080843193803,0.7801202215668137,0.6004957531905526
10_180,0.9,42,40,0.5655203186679085,-1.8994530762376354,0.22744331953576596,2437.7451203382743,465.0367762601058,0.7940877384235201,0.6004957531905526
10_180,0.9,42,41,0.5575030582193081,-1.5529540080620288,0.2421143845035154,2271.0865269711603,615.1024132583294,0.7260692428291124,0.6004957531905526
10_180,0.9,42,42,0.5496104804704447,-1.5285275855141318,0.2628903611260946,2318.4406699488304,408.4784590588191,0.7106331314321976,0.6004957531905526
10_180,0.9,42,43,0.5418406463829504,-2.435525575248565,0.25272339288968804,2637.912856711916,434.7988864173456,0.9075807205439488,0.6004957531905526
10_180,0.9,42,44,0.5341916470739625,-2.452683708148072,0.23647372465761474,2597.400348104178,598.0540219727918,0.9179213784327379,0.6004957531905526
10_180,0.9,42,45,0.5266616033471518,-2.5569184022458575,0.25520258771289395,2684.0830490283697,426.3531289801708,0.9334468607096708,0.6004957531905526
10_180,0.9,42,46,0.519248665231044,-3.083461332596136,0.2745134501387093,2878.341248412195,420.3856037491075,1.0485449864596337,0.6004957531905526
10_180,0.9,42,47,0.5119510115245198,-683.2738902978003,0.2462691653381886,212333.8688682945,210323.9214838587,171.01219971721355,0.6004957531905526
10_180,0.9,42,48,0.504766849349387,-2.377407158099078,0.26515795872663095,2605.465878801641,481.86039163401506,0.8981210487111642,0.6004957531905526
10_180,0.9,42,49,0.49769441370990625,-2.650515099813869,0.28928838849269034,2689.1752922263404,547.0928692779667,0.9620925889740587,0.6004957531905526
10_180,0.9,42,50,0.4907319670591703,-2.4092650530874997,0.25310158771239805,2628.6000983350705,428.51744869545644,0.9006706668393218,0.6004957531905526
10_180,0.9,42,51,0.4838777988722253,-2.8758181442357476,0.23200244159636085,2767.9191315709677,562.8179477589616,1.012594698255365,0.6004957531905526
10_180,0.9,42,52,0.47713022522583176,-1.6458932226706509,0.22356796827036649,2346.0567791081044,452.65530160973395,0.736540510074509,0.6004957531905526
10_180,0.9,42,53,0.47048758838475946,-2.0952703877130316,0.213507304487427,2500.624370039574,484.50727012207534,0.835880737680657,0.6004957531905526
10_180,0.9,42,54,0.4639482563945182,-2.479269143924059,0.2333019385307275,2643.6033949941393,458.6340484136518,0.9160422012760067,0.6004957531905526
10_180,0.9,42,55,0.4575106226804207,-3.83388468493643,0.19421720233326917,3123.5513929404265,505.6099383625622,1.213495590321698,0.6004957531905526
10_180,0.9,42,56,0.45117310565288166,-1.7436130456937216,0.2276266130182753,2373.9770031457424,506.73340940974566,0.7647290095599202,0.6004957531905526
10_180,0.9,42,57,0.44493414831885486,-1.8884033249436198,0.25305865182316956,2407.8100775677426,547.9882988251093,0.7937410109198186,0.6004957531905526
10_180,0.9,42,58,0.438792217899313,-2.4734155053458786,0.22144741597880957,2651.6176183877246,436.13990538901976,0.9160743301367188,0.6004957531905526
10_180,0.9,42,59,0.43274580545267627,-4.565104697700684,0.2233488304131898,3404.7833389606894,454.439548059173,1.37110963672871,0.6004957531905526
10_180,0.9,42,60,0.4267934255040983,-1.975848264449136,0.2694007846020721,2482.0074619610273,399.5198931156241,0.8067126421063382,0.6004957531905526
10_180,0.9,42,61,0.42093361568051574,-2.842213575146531,0.18886555375569883,2758.356342621867,527.927099147788,0.999470013455682,0.6004957531905526
10_180,0.9,42,62,0.4151649363513749,-2.222120303672971,0.18933141308597057,2552.835172265603,459.3888776976562,0.8618308781566408,0.6004957531905526
10_180,0.9,42,63,0.40948597027494477,-2.1594413934176697,0.23029159666407012,2554.716901398381,376.8157820041032,0.845453530421001,0.6004957531905526
10_180,0.9,42,64,0.4038953222501312,-2.131422237749411,0.2655429993950699,2546.6981002648913,369.326948178839,0.8390626200096307,0.6004957531905526
10_180,0.9,42,65,0.3983916187737056,-1.6001139998471063,0.2946581321386611,2347.8038794360373,395.088295252421,0.7253835155912167,0.6004957531905526
10_180,0.9,42,66,0.3929735077028642,-682.499210570923,0.22340610078944945,212084.1667307761,210221.37270096966,170.8408857716791,0.6004957531905526
10_180,0.9,42,67,0.38763965792303584,-3.8754567876136683,0.2688393593793798,3162.913922898906,415.8137029348482,1.218038505601255,0.6004957531905526
10_180,0.9,42,68,0.38238875902085495,-1.4242831708803565,0.23193385586886311,2285.3093265962816,382.38744533544434,0.6852560398401188,0.6004957531905526
10_180,0.9,42,69,0.37721952096222106,-2.671535740963177,0.2290326928735607,2713.9848967497333,467.7039471685473,0.9601243422620197,0.6004957531905526
10_180,0.9,42,70,0.372130673775365,-1.4209735406621886,0.23611041984019127,2294.510197546127,355.88209796090376,0.6851486576424308,0.6004957531905526
10_180,0.9,42,71,0.3671209672388437,-2.678636338029836,0.2032322745931247,2703.047686726014,515.4829991413308,0.96370141078022,0.6004957531905526
10_180,0.9,42,72,0.3621891705743874,-3.3760575588806843,0.20849553090782802,2969.8358585946903,462.3520919416655,1.1122478432799674,0.6004957531905526
10_180,0.9,42,73,0.35733407214452373,-2.695268684857196,0.2518144798417352,2742.467483935413,406.33325893127704,0.9641759138640902,0.6004957531905526
10_180,0.9,42,74,0.35255447915490423,-2.12769436935963,0.26153213875164427,2523.5567188583173,448.77609278230165,0.8420429203832764,0.6004957531905526
10_180,0.9,42,75,0.3478492173612599,-2.678582744477483,0.20568984194227125,2735.525823836435,405.1072924494917,0.9597578792686482,0.6004957531905526
10_180,0.9,42,76,0.3432171307809146,-683.1255060216411,0.21374108611168835,212290.73365678015,210305.52872819972,170.9824621197675,0.6004957531905526
10_180,0.9,42,77,0.3386570814087846,-2.4324496762797705,0.26885387133323474,2619.1021992477226,501.58283272518986,0.9104703070188791,0.6004957531905526
10_180,0.9,42,78,0.3341679489377949,-3.120458832996479,0.21216860640137836,2884.5858063934998,441.92054719774035,1.056850712795866,0.6004957531905526
10_180,0.9,42,79,0.32974863048364406,-3.3365337200293155,0.26570130842690426,2981.0792019603846,373.23347206467173,1.1000906490599442,0.6004957531905526
10_180,0.9,42,80,0.3253980403138483,-0.9011435979282615,0.2365551594594087,2090.5325637771925,401.68666420440996,0.5726734505783121,0.5726734505783121
10_180,0.9,42,81,0.32111510958100054,-1.7809578713721759,0.1849822805119235,2420.268739809919,360.6625114319944,0.7614930407549289,0.5726734505783121
10_180,0.9,42,82,0.3168987860601775,-2.4989228063261457,0.24076010572830514,2670.0843386110905,405.88109489559855,0.920721621204681,0.5726734505783121
10_180,0.9,42,83,0.31274803389043004,-2.8699108023633717,0.2175793203170297,2831.8415792822516,318.3071791850453,0.9990516551670993,0.5726734505783121
10_180,0.9,42,84,0.30866183332029457,-3.0428983329422366,0.23374913142029125,2867.4130501072364,409.4159728938014,1.03967342141074,0.5726734505783121
10_180,0.9,42,85,0.3046391804572615,-3.530828783531879,0.2270866259003169,3041.9948428783246,427.0107620130291,1.1479800596773169,0.5726734505783121
10_180,0.9,42,86,0.3006790870211401,-1.922868947227413,0.2905684974479704,2452.688483432966,448.5619652644739,0.7995465392747746,0.5726734505783121
10_180,0.9,42,87,0.29678058010125963,-2.353044072859655,0.24399232524681155,2621.783203997507,393.8383577190706,0.8892356985218189,0.5726734505783121
10_180,0.9,42,88,0.2929427019174456,-2.6653300185975466,0.20963531751173586,2739.8094610726735,376.8829180543832,0.9563405969833101,0.5726734505783121
10_180,0.9,42,89,0.28916450958471324,-3.6193623330665945,0.21759916370396618,3082.817163751646,386.6985389254137,1.1638874387981588,0.5726734505783121
10_180,0.9,42,90,0.28544507488162135,-1.9841577656993377,0.22882922420478255,2481.612892882602,431.9028865470415,0.8133411049218943,0.5726734505783121
10_180,0.9,42,91,0.28178348402222775,-2.263336773165353,0.29565606836875036,2577.2316815250065,421.62102072426006,0.8684383596847629,0.5726734505783121
10_180,0.9,42,92,0.27817883743159105,-2.543465999471711,0.26069595114483385,2696.0916680525866,378.6507970848966,0.9305278437811898,0.5726734505783121
10_180,0.9,42,93,0.27463024952476534,-3.157140735835423,0.20784624962778503,2915.038034088844,388.10706299302365,1.0636841631268885,0.5726734505783121
10_180,0.9,42,94,0.27113684848922975,-3.2952964874008526,0.23860542265392004,2966.733500388346,380.2108050616144,1.0929765012412114,0.5726734505783121
10_180,0.9,42,95,0.2676977760707032,-3.7586106026876482,0.19566655533844005,3130.133492448129,409.33382615094524,1.1970289463852921,0.5726734505783121
10_180,0.9,42,96,0.2643121873622896,-3.3644675306395353,0.2100388672015284,2990.0894839435696,388.44840093683433,1.1087133108409666,0.5726734505783121
10_180,0.9,42,97,0.2609792505969018,-2.6069590989445546,0.23847289571130287,2709.7855779196498,401.1625392154801,0.9435028980010521,0.5726734505783121
10_180,0.9,42,98,0.25769814694291476,-2.514881079032521,0.20489218253763716,2689.332903576419,350.6922909043355,0.9205523811534129,0.5726734505783121
10_180,0.9,42,99,0.25446807030299534,-4.218250918468296,0.22988343893682037,3308.5631991352634,355.3703865761173,1.292471029614888,0.5726734505783121
10_180,0.9,42,100,0.2512882271160621,-2.8675570905088534,0.24498061829178647,2817.0902532018476,358.8480246826262,0.9988096040150639,0.5726734505783121
10_180,0.9,42,101,0.2481578361623234,-684.009272984154,0.18214209090653202,212617.9890958476,210267.50938873758,171.17043270163123,0.5726734505783121
10_180,0.9,42,102,0.2450761283713493,-2.654860425362833,0.20301299341360052,2745.8742047151345,343.58147404944583,0.9529139412369856,0.5726734505783121
10_180,0.9,42,103,0.24204234663312607,-3.2365989544845313,0.22660216226360017,2952.159333019591,369.9914894187785,1.0820800116445004,0.5726734505783121
10_180,0.9,42,104,0.23905574561205173,-2.8288096121160455,0.2745080002518364,2766.2761652429417,482.7793663327278,0.9946432996998312,0.5726734505783121
10_180,0.9,42,105,0.23611559156382206,-3.0725105055712265,0.20539192865530048,2884.4625874816165,386.9259967395233,1.045118703403321,0.5726734505783121
10_180,0.9,42,106,0.2332211621551653,-3.0190752722167242,0.2328627055094846,2842.5705708840524,466.04553919522607,1.0367972592634407,0.5726734505783121
10_180,0.9,42,107,0.23037174628638085,-2.979028390970675,0.2614666802017703,2856.15792950738,359.3512551327854,1.0223183258013393,0.5726734505783121
10_180,0.9,42,108,0.2275666439166364,-1.6554475540816695,0.24592649118351034,2338.061970652087,493.7742110068589,0.7404682430354675,0.5726734505783121
10_180,0.9,42,109,0.2248051658919834,-3.602389979427051,0.2278697776657162,3071.725268471144,396.11327946463337,1.159239064795775,0.5726734505783121
10_180,0.9,42,110,0.22208663377604637,-2.7416020554762777,0.21127741246837745,2750.286016330468,425.50630466992754,0.97292377659668,0.5726734505783121
10_180,0.9,42,111,0.21941037968334542,-3.8456103201124945,0.20454524675684257,3163.9336399199806,399.2933184857755,1.2151472015333589,0.5726734505783121
10_180,0.9,42,112,0.21677574611521144,-2.417944323207289,0.20872052669084223,2632.2065026280166,440.338466101645,0.9053368666457027,0.5726734505783121
10_180,0.9,42,113,0.21418208579825188,-3.0631226680619767,0.20709958670562068,2871.430847324198,426.4778655427904,1.0456970549753604,0.5726734505783121
10_180,0.9,42,114,0.21162876152533033,-2.853488525662617,0.24624494732767116,2815.3120539136153,367.16254820583396,0.9995070211351987,0.5726734505783121
10_180,0.9,42,115,0.20911514599901782,-3.2333135616490583,0.25260673627463703,2935.789554990247,411.55581235003365,1.0810854520775104,0.5726734505783121
10_180,0.9,42,116,0.20664062167747893,-3.3351164686467687,0.15288921313857737,2979.4215982596056,379.9371938867549,1.1005188334272396,0.5726734505783121
10_180,0.9,42,117,0.20420458062275576,-3.979150823857155,0.20288533983630747,3208.786622229567,395.7850799044852,1.241271011973426,0.5726734505783121
10_180,0.9,42,118,0.2018064243514096,-1.8909989121143305,0.23793171048850512,2473.37432853498,350.1694485908432,0.7910795682366837,0.5726734505783121
10_180,0.9,42,119,0.1994455636874869,-2.9330029664477273,0.2855459511089453,2822.4582476461574,431.5975902996801,1.0174471566774006,0.5726734505783121
10_180,0.9,42,120,0.19712141861777083,-3.8435444108742747,0.22373610778878467,3181.9769087838667,339.82199029056824,1.213348128643766,0.5726734505783121
10_180,0.9,42,121,0.19483341814928484,-3.0257730634632773,0.21805771595918128,2894.2441588232277,296.9551783699941,1.031905232770753,0.5726734505783121
10_180,0.9,42,122,0.19258100016901147,-2.822566110234054,0.2544503679321136,2812.2140684923197,327.26845788207106,0.9891942086086369,0.5726734505783121
10_180,0.9,42,123,0.19036361130579338,-2.504038224704419,0.2822110470846836,2685.2325896924863,363.64662200648934,0.9208424064176506,0.5726734505783121
10_180,0.9,42,124,0.18818070679438154,-2.639251215115044,0.21919222950146514,2716.5284646139667,425.3622107606151,0.9526720207765969,0.5726734505783121
10_180,0.9,42,125,0.1860317503415984,-685.7513050662177,0.23214340912812795,213254.37747889612,210251.8539793414,171.54831880158403,0.5726734505783121
10_180,0.9,42,126,0.1839162139945818,-2.8012753370296783,0.1869229002488453,2785.362940486202,397.1915408126187,0.987932909497326,0.5726734505783121
10_180,0.9,42,127,0.18183357801107813,-4.456101447652008,0.1767120474756882,3410.832092959998,330.3908062463866,1.3484360402088464,0.5726734505783121
10_180,0.9,42,128,0.17978333073175307,-3.251044958070868,0.24565337103794951,2960.7465062429287,350.83572948300315,1.083163042914661,0.5726734505783121
10_180,0.9,42,129,0.17776496845448742,-2.713469901432537,0.2370491738215029,2779.211338929967,307.5111651994174,0.965236832911635,0.5726734505783121
10_180,0.9,42,130,0.17577799531062827,-1.6168464793781103,0.2509351635306862,2342.391187783985,429.7569687257672,0.7294905955150633,0.5726734505783121
10_180,0.9,42,131,0.1738219231431649,-3.6670996456080722,0.263428306777503,3128.5633650392992,305.2644070715268,1.1740269235558205,0.5726734505783121
10_180,0.9,42,132,0.17189627138679878,-3.9922980130711205,0.16468115145469592,3252.3450910014317,289.4848670588313,1.2448286991713367,0.5726734505783121
10_180,0.9,42,133,0.1700005669498786,-2.7612346006693635,0.2570816988565051,2775.3440452807113,368.42665847156195,0.9758336441560177,0.5726734505783121
10_180,0.9,42,134,0.16813434409817252,-3.9994194539305763,0.23888849231863926,3241.0008931434786,327.5670039431121,1.2461063444540739,0.5726734505783121
10_180,0.9,42,135,0.16629714434044632,-3.901803592863835,0.3106101995350263,3205.4197103504025,332.3745672388783,1.225811903309189,0.5726734505783121
10_180,0.9,42,136,0.16448851631582245,-3.080454780426689,0.22707375837429997,2889.469896151778,387.2776822663729,1.048192699194372,0.5726734505783121
10_180,0.9,42,137,0.16270801568288995,-1.8612709887126675,0.2972571364052983,2447.972669239817,385.62981969036395,0.7833808289103023,0.5726734505783121
10_180,0.9,42,138,0.16095520501053945,-3.185682779758315,0.20152444998859856,2923.128100265059,392.6201337374444,1.069486935348786,0.5726734505783121
10_180,0.9,42,139,0.1592296536704954,-2.741211073640772,0.21619361999831846,2748.107427264664,455.3329862012228,0.9779416802514066,0.5726734505783121
10_180,0.9,42,140,0.15753093773152022,-1.9779419798093463,0.2474612347974774,2491.1925429049734,373.5495838001744,0.806709223284249,0.5726734505783121
10_180,0.9,42,141,0.15585863985526294,-3.360639584223323,0.21498905415163172,2985.080698526475,406.6025599171793,1.1095614524420419,0.5726734505783121
10_180,0.9,42,142,0.15421234919372853,-3.3606666726144763,0.16457676300259685,3006.9677262000487,326.92068431249476,1.1057804417344004,0.5726734505783121
10_180,0.9,42,143,0.152591661288341,-2.240182542284486,0.21889785518148336,2595.0299627107447,324.60768049404936,0.8585340697853869,0.5726734505783121
10_180,0.9,42,144,0.15099617797057668,-2.1533446379746173,0.22192146291221476,2528.683151356766,481.15626825510185,0.8519779370965572,0.5726734505783121
10_180,0.9,42,145,0.14942550726414244,-2.9103426073799823,0.17857312068367015,2838.825092679916,343.5622296108364,1.0085886443909549,0.5726734505783121
10_180,0.9,42,146,0.14787926328867598,-3.3391703690015717,0.22300289674566037,2971.7469919393293,442.3774077929215,1.1091582380850924,0.5726734505783121
10_180,0.9,42,147,0.1463570661649425,-3.72446290447537,0.27167232929337554,3129.6745278760213,370.5655387657355,1.1885355984601982,0.5726734505783121
10_180,0.9,42,148,0.1448585419215072,-3.673111492149642,0.2295680457188698,3090.0986344992325,419.886552814402,1.1752846035333993,0.5726734505783121
10_180,0.9,42,149,0.14338332240285795,-2.9663343913275018,0.18861375485487078,2840.59902711052,413.0037035934319,1.024372032046141,0.5726734505783121
10_180,0.9,42,150,0.1419310451789575,-2.9958221596604355,0.2331074675337518,2851.237130951302,405.0183281238584,1.0290515877433817,0.5726734505783121
10_180,0.9,42,151,0.14050135345620207,-3.073033610805907,0.15883655644605338,2896.3161312876437,351.82551046608626,1.0447782378819257,0.5726734505783121
10_180,0.9,42,152,0.13909389598976496,-3.1618917252803644,0.214078241904178,2923.9601505955707,366.18224795809823,1.0643808225479312,0.5726734505783121
10_180,0.9,42,153,0.13770832699730284,-4.612216432267504,0.19583028028453478,3461.668082304639,331.13306492514243,1.3790448047245802,0.5726734505783121
10_180,0.9,42,154,0.13634430607400466,-2.870397940125136,0.2847359497799701,2825.579215534562,331.84070543738335,0.9981693672093503,0.5726734505783121
10_180,0.9,42,155,0.13500149810896128,-3.0916895313414416,0.19951350746903213,2910.1991050386546,344.65671497484215,1.0515746179546033,0.5726734505783121
10_180,0.9,42,156,0.13367957320283602,-3.4013299386354645,0.2328202736522041,3025.335056189513,329.1180275424205,1.1172485206830862,0.5726734505783121
10_180,0.9,42,157,0.13237820658681518,-3.347002115166707,0.20512645954082287,3004.485687405653,329.1318384171006,1.104762407166215,0.5726734505783121
10_180,0.9,42,158,0.13109707854281938,-2.8843528352521357,0.2252480234567357,2835.083291704,334.3496105889764,1.004394290086123,0.5726734505783121
10_180,0.9,42,159,0.12983587432495577,-3.350230405945387,0.19098044091114305,2972.330429452279,421.88430378714577,1.10516342700496,0.5726734505783121
10_180,0.9,42,160,0.12859428408219134,-3.0361445884218186,0.22199948979363876,2886.1570078479967,339.8771312357566,1.036159875437367,0.5726734505783121
10_180,0.9,42,161,0.1273720027822294,-2.5360308733577552,0.20387133173499067,2681.586721046188,411.9928342325883,0.9289073139413362,0.5726734505783121
10_180,0.9,42,162,0.12616873013656954,-2.5044745223413662,0.22242725723737386,2654.6457931922814,473.42089512029025,0.9257913785250972,0.5726734505783121
10_180,0.9,42,163,0.12498417052673307,-2.048454019798819,0.26058716356679873,2508.900025655766,405.40096969351663,0.8240683544480324,0.5726734505783121
10_180,0.9,42,164,0.12381803293163596,-4.198139542886453,0.23272289571707142,3293.0813662858823,384.6984370250587,1.2894144144338786,0.5726734505783121
10_180,0.9,42,165,0.12267003085609117,-3.1104947633878335,0.22849067456666433,2892.9085000346263,395.81890060535744,1.0520631054533807,0.5726734505783121
10_180,0.9,42,166,0.1215398822604227,-3.1515599788183923,0.26331259232310567,2915.1250532983736,384.2645308094903,1.062921717003328,0.5726734505783121
10_180,0.9,42,167,0.1204273094911746,-3.290543021190617,0.2482549418496937,2942.439158196907,469.5802261263325,1.0973691454653154,0.5726734505783121
10_180,0.9,42,168,0.11933203921289748,-2.9430421535010387,0.2220676034133914,2844.880559595289,357.01411958221735,1.015067590203795,0.5726734505783121
10_180,0.9,42,169,0.11825380234099556,-3.2215059477066132,0.24202173190932155,2936.4825252807927,391.7901972839434,1.0773104716688222,0.5726734505783121
10_180,0.9,42,170,0.11719233397561858,-2.462413232328996,0.21178533396129237,2651.119865336448,426.0143903938459,0.9136296792104103,0.5726734505783121
10_180,0.9,42,171,0.11614737333658141,-3.0993529366658623,0.2569869224433011,2880.6385181970622,439.8586681030652,1.0540491419855575,0.5726734505783121
10_180,0.9,42,172,0.11511866369929591,-2.006960722987247,0.20399430278327585,2497.7173897844928,395.6764411962262,0.8153083251060046,0.5726734505783121
10_180,0.9,42,173,0.11410595233169919,-2.419571750842888,0.21251369709430756,2631.6132154219554,437.14071467109466,0.9043035941472095,0.5726734505783121
10_180,0.9,42,174,0.11310899043216277,-2.4590827364712933,0.18743888400988287,2660.423695562297,399.16056984872165,0.9135100987242456,0.5726734505783121
10_180,0.9,42,175,0.1121275330683672,-2.8057542033689495,0.20768287654064332,2779.497779778354,430.502489444923,0.9914811328694741,0.5726734505783121
10_180,0.9,42,176,0.11116133911712744,-2.3980226827406437,0.24786216716709958,2651.6789182291227,345.9961931292083,0.897001639819749,0.5726734505783121
10_180,0.9,42,177,0.1102101712051541,-2.6890583244756066,0.207812966389841,2750.0686249417663,387.2718926770749,0.9646883094508141,0.5726734505783121
10_180,0.9,42,178,0.10927379565073586,-3.36775529819747,0.2791470733697986,2982.106442291857,432.97530349590437,1.1133705468480974,0.5726734505783121
10_180,0.9,42,179,0.10835198240632873,-2.675928305033634,0.227233273110197,2740.181941369504,388.2715779501898,0.9589779798149258,0.5726734505783121
10_180,0.9,42,180,0.1074445050020384,-2.3889585692517894,0.23462897103275168,2623.4607801425987,438.0609350307679,0.8996152560143922,0.5726734505783121
10_180,0.9,42,181,0.10655114048998136,-3.279938666605778,0.23221402855871415,2971.170731268077,338.8180299653144,1.086859677034639,0.5726734505783121
10_180,0.9,42,182,0.10567166938951125,-2.852405518701871,0.18659957490418771,2814.032105905506,348.9055613322667,0.9948700486592261,0.5726734505783121
10_180,0.9,42,183,0.10480587563329734,-3.259182934653001,0.21893481802774223,2964.5436395716656,354.2058030517314,1.0861519909041621,0.5726734505783121
10_180,0.9,42,184,0.10395354651424124,-2.831746509915253,0.22812550370752321,2801.869076758595,367.68891312088584,0.9915660873341042,0.5726734505783121
10_180,0.9,42,185,0.10311447263321932,-3.07414647826881,0.24477243464305473,2898.7931547496196,333.6754972679486,1.0424144170184015,0.5726734505783121
10_180,0.9,42,186,0.10228844784763778,-3.0585315605725896,0.21528856224637502,2875.061244776414,400.23487541189064,1.0423085038445923,0.5726734505783121
10_180,0.9,42,187,0.10147526922078795,-2.099525650160059,0.22105737087081678,2536.115807065519,372.0968312699787,0.8333108723953058,0.5726734505783121
10_180,0.9,42,188,0.10067473697198882,-3.305140239716976,0.22994453916413535,2975.8192875315995,369.88570994544415,1.0962302060590448,0.5726734505783121
10_180,0.9,42,189,0.09988665442750533,-3.489476857041642,0.2654480731871903,3049.379140414009,339.80439738715637,1.1339166228336501,0.5726734505783121
10_180,0.9,42,190,0.09911082797222981,-2.6448697409983306,0.22016678186159955,2714.557616314889,431.97806559963135,0.9528939408127889,0.5726734505783121
10_180,0.9,42,191,0.09834706700211487,-2.91530931929685,0.24271546547549364,2836.049559988423,355.68739762161204,1.0094964578544658,0.5726734505783121
10_180,0.9,42,192,0.09759518387734595,-3.1785542078738303,0.27095251322564645,2924.0792905619205,371.3626092685037,1.0655503647649252,0.5726734505783121
10_180,0.9,42,193,0.09685499387624241,-3.893397624395692,0.21504493404123587,3184.4543516716712,376.2199841158797,1.2225480967234448,0.5726734505783121
10_180,0.9,42,194,0.09612631514987509,-3.596610705414187,0.19847138582071872,3083.426274510626,370.3641519202116,1.1607896055510898,0.5726734505783121
10_180,0.9,42,195,0.09540896867739013,-3.25611571387497,0.27795048195022254,2955.719231915435,378.7825338412585,1.0860760353828571,0.5726734505783121
10_180,0.9,42,196,0.0947027782220271,-2.7246820102599885,0.23708134421300803,2760.6807129518265,384.68190779346895,0.9704960408516606,0.5726734505783121
10_180,0.9,42,197,0.09400757028782174,-3.041432791433972,0.19200625226532572,2870.529040230805,383.6478564842483,1.0360774013035277,0.5726734505783121
10_180,0.9,42,198,0.09332317407698135,-2.951660059829765,0.16659105665116672,2846.3345721348473,370.7220115219693,1.0188444748127323,0.5726734505783121
10_180,0.9,42,199,0.09264942144792357,-2.8109590737589585,0.23945263964186636,2798.740366187615,366.0275495767799,0.9893397596959969,0.5726734505783121
10_180,0.9,42,200,0.09198614687396757,-2.7025433869417195,0.24509449848015558,2755.9771653630264,374.542443131014,0.9655291074956983,0.5726734505783121
10_180,0.9,42,201,0.0913331874026676,-2.7672213598356565,0.19389730688352186,2770.364989119888,396.8708192675623,0.978880953660359,0.5726734505783121
10_180,0.9,42,202,0.09069038261577916,-3.144469376117831,0.1973526505266884,2919.770677120535,363.84266975066186,1.0613753106720791,0.5726734505783121
10_180,0.9,42,203,0.09005757458984752,-2.729135480552054,0.24191560760640315,2765.782798090492,367.3394217223204,0.9698758521259034,0.5726734505783121
10_180,0.9,42,204,0.08943460785740934,-2.285672469520365,0.24236602319231276,2594.089593922772,399.46647718757464,0.8738399636213748,0.5726734505783121
10_180,0.9,42,205,0.08882132936879764,-2.785878522110001,0.1932110119896568,2806.5177030765126,307.403552833832,0.981570885254586,0.5726734505783121
10_180,0.9,42,206,0.08821758845454078,-2.905026506623088,0.1887169633325416,2826.0852501464233,392.3367776616238,1.0112969462395698,0.5726734505783121
10_180,0.9,42,207,0.08762323678834613,-2.533548782997526,0.20733724658565134,2685.051781937804,408.29451486233467,0.9301989298521641,0.5726734505783121
10_180,0.9,42,208,0.08703812835065944,-2.992497522825224,0.2121249315145378,2865.532147112143,343.7709610023206,1.0246307636385201,0.5726734505783121
10_180,0.9,42,209,0.08646211939279098,-2.812835178688879,0.20193593213514277,2809.419959429925,317.5900904009238,0.9854688007928396,0.5726734505783121
10_180,0.9,42,210,0.08589506840159955,-1.7372124135911506,0.19025021396488606,2394.2545355795955,431.5981744648467,0.760947724903023,0.5726734505783121
10_180,0.9,42,211,0.08533683606472567,-2.5095417396483515,0.2093179475530825,2688.111151353606,372.1109892211918,0.9243610486135327,0.5726734505783121
10_180,0.9,42,212,0.08478728523636561,-2.937894804441573,0.16502304870916812,2858.4898504850084,311.67672371278974,1.0136087351016931,0.5726734505783121
10_180,0.9,42,213,0.08424628090357741,-781.5680710813735,0.22433954298315376,242678.17483058065,240367.28243567934,195.5576711618226,0.5726734505783121
10_180,0.9,42,214,0.08371369015311121,-1.7262197351867758,0.17959345542841038,2387.80494419802,432.3494171357939,0.7572435909763997,0.5726734505783121
10_180,0.9,42,215,0.08318938213875532,-2.725488794173993,0.2332769352587421,2764.3188449561076,369.29863700717164,0.9694142559461695,0.5726734505783121
10_180,0.9,42,216,0.08267322804918986,-780.169323067122,0.22285698437183274,242176.92624500373,240335.37525860046,195.25065283598724,0.5726734505783121
10_180,0.9,42,217,0.08216510107634088,-780.9395194644017,0.22271511750477235,242469.75644919171,240292.10353291917,195.4168888131352,0.5726734505783121
10_180,0.9,42,218,0.08166487638422609,-2.7263028999258996,0.20601636772829973,2757.164193822833,395.98004019079696,0.9707846720162531,0.5726734505783121
10_180,0.9,42,219,0.08117243107828538,-3.0214014823548454,0.1761212440533419,2875.023062557602,363.7285532206007,1.0345467200761094,0.5726734505783121
10_180,0.9,42,220,0.08068764417518824,-2.4327222772056882,0.27122299730296484,2650.708967138573,392.00441530542895,0.9061738300616905,0.5726734505783121
10_180,0.9,42,221,0.08021039657311081,-2.5095417396483515,0.16427600831571842,2688.111151353606,372.1109892211918,0.9243610486135327,0.5726734505783121
10_180,0.9,42,222,0.07974057102247495,-2.4098905335985297,0.18154225892203474,2646.7815212248406,390.38366359115327,0.9034776588657831,0.5726734505783121
10_180,0.9,42,223,0.0792780520971426,-2.4059335193088156,0.23560986452504587,2664.4126438475964,326.2281074699454,0.9004387036735763,0.5726734505783121
10_180,0.9,42,224,0.07882272616605801,-2.711670067306423,0.2053508148902762,2754.8346807151565,383.00772252223334,0.9666392843742044,0.5726734505783121
10_180,0.9,42,225,0.0783744813653311,-2.422138943382686,0.1794573724866025,2657.2715476943886,371.29949678499656,0.9057157007176849,0.5726734505783121
10_180,0.9,42,226,0.07793320757075473,-2.2199893438072964,0.18220756885820535,2570.697888027821,423.57906939220993,0.8649396163199355,0.5726734505783121
10_180,0.9,42,227,0.07749879637074959,-2.5948492240396948,0.19682925527519363,2707.951984461049,406.7084855399674,0.9435802274036762,0.5726734505783121
10_180,0.9,42,228,0.07707114103972987,-2.4657089699777566,0.24419846008744175,2679.0825301624786,332.3736741327737,0.9105289431524057,0.5726734505783121
10_180,0.9,42,229,0.0766501365118829,-2.381706367428306,0.15301215711398397,2640.182002304055,377.2881165973132,0.8967483594046751,0.5726734505783121
10_180,0.9,42,230,0.07623567935535681,-2.860311171674545,0.20178778975906794,2827.8023651511517,332.6333452496324,0.9996690928945909,0.5726734505783121
10_180,0.9,42,231,0.07582766774684957,-2.2222280323400403,0.15814988169356856,2564.623584675317,440.92788532941915,0.8649787756326087,0.5726734505783121
10_180,0.9,42,232,0.07542600144659303,-3.387988445171025,0.19551846138541412,2996.0545615010515,415.54506130210433,1.1180306435462373,0.5726734505783121
10_180,0.9,42,233,0.07503058177372629,-2.652702618318381,0.21415698532703126,2732.632713448426,390.21989602487156,0.9548689153398636,0.5726734505783121
10_180,0.9,42,234,0.0746413115820518,-2.759981215339578,0.19723597715885566,2765.299715572109,416.70313662353817,0.9800510080340769,0.5726734505783121
10_180,0.9,42,235,0.07425809523616868,-3.3103239957459163,0.19344681555538173,2980.9228031865628,357.8657556708463,1.0967391885445408,0.5726734505783121
10_180,0.9,42,236,0.0738808385879771,-2.657791280940643,0.19955450765404778,2735.090915257226,393.32830871456343,0.9570003570135287,0.5726734505783121
10_180,0.9,42,237,0.0735094489535481,-2.740025252423178,0.19013954292492105,2770.359156118626,369.8598891273666,0.9731514592355953,0.5726734505783121
10_180,0.9,42,238,0.07314383509035316,-685.3510058897415,0.21834247609219992,213095.64528767785,210311.72363779458,171.46592783372682,0.5726734505783121
10_180,0.9,42,239,0.07278390717484776,-684.5565497400783,0.23273847587044916,212800.66131057552,210334.87389912424,171.29413620433778,0.5726734505783121
10_180,0.9,42,240,0.07242957678040378,-3.007491169383587,0.20021801048489413,2866.2307179626773,384.03445527215735,1.0335846051423643,0.5726734505783121
10_180,0.9,42,241,0.07208075685558483,-2.816087224042472,0.2240295641348145,2789.2629004434366,408.6724291991832,0.9927028495763163,0.5726734505783121
10_180,0.9,42,242,0.0717373617027597,-3.2066823500794026,0.214581024434493,2938.6019593916003,384.3152729410338,1.076995443794579,0.5726734505783121
10_180,0.9,42,243,0.07139930695704806,-2.9323404285777674,0.21285902117350183,2838.5115185169893,385.74505568789124,1.0173430737870632,0.5726734505783121
10_180,0.9,42,244,0.0710665095655941,-3.007491169383587,0.24366064771465235,2866.2307179626773,384.03445527215735,1.0335846051423643,0.5726734505783121
10_180,0.9,42,245,0.07073888776716195,-684.6416873140137,0.23327101434290962,212830.59307735407,210337.9631195006,171.31272059782162,0.5726734505783121
10_180,0.9,42,246,0.07041636107204882,-2.6669374837786286,0.20454470080827775,2761.7038233987496,312.1489453034692,0.9557327599100538,0.5726734505783121
10_180,0.9,42,247,0.07009885024231037,-684.3662187248474,0.16555111992814067,212721.52805538411,210378.49667335328,171.25598187862371,0.5726734505783121
10_180,0.9,42,248,0.0697862772722936,-3.0593967581787207,0.19813072699836493,2877.9471136898933,406.81835570770306,1.0454327972129425,0.5726734505783121
10_180,0.9,42,249,0.0694785653694726,-3.0617743017788435,0.20750441408746526,2879.354097397208,396.0547939352158,1.04399384977964,0.5726734505783121
10_180,0.9,42,250,0.06917563893558212,-2.689057492119956,0.23424491461140465,2742.930025290443,420.23157803436857,0.9673992627495334,0.5726734505783121
10_180,0.9,42,251,0.06887742354804487,-2.3966293786472863,0.2529492950863025,2631.582338299635,432.37246648787345,0.9032742856634173,0.5726734505783121
10_180,0.9,42,252,0.06858384594168729,-684.3426137080814,0.271772299563242,212731.75597139873,210301.1142685826,171.24570437025162,0.5726734505783121
10_180,0.9,42,253,0.06829483399074003,-3.448384321594643,0.18453036520760396,3030.014748213559,369.63682520759505,1.1286412265284615,0.5726734505783121
10_180,0.9,42,254,0.06801031669111803,-2.4150543452096995,0.2697969104382849,2644.393579086038,409.1314096337768,0.9060215529450463,0.5726734505783121
10_180,0.9,42,255,0.06773022414297643,-2.6639578793459675,0.20003384470686134,2746.298668126769,363.5969072497929,0.9574112373840906,0.5726734505783121
10_180,0.9,42,256,0.06745448753353762,-2.8562811368757455,0.18174708498722295,2811.9496116037726,376.39701350053804,0.99945047308378,0.5726734505783121
10_180,0.9,42,257,0.06718303912018544,-2.7651672467997104,0.19508210094681946,2766.0072735963467,430.954339018215,0.9834959321887028,0.5726734505783121
10_180,0.9,42,258,0.0669158122138222,-3.3002426434333105,0.1780168124268959,2965.2666912928607,407.53428404575465,1.0978901207136187,0.5726734505783121
10_180,0.9,42,259,0.06665274116248465,-1.9779302114850532,0.2291772643411277,2477.2970678880115,434.8906342487234,0.8113892374626026,0.5726734505783121
10_180,0.9,42,260,0.06639376133521471,-3.352149007074339,0.1629676079199762,2994.7123376421237,376.4977616304967,1.1089490645650524,0.5726734505783121
10_180,0.9,42,261,0.06613880910618089,-3.0268766368910893,0.19767905165388364,2868.9815052502636,411.1338960541535,1.0409771258653937,0.5726734505783121
10_180,0.9,42,262,0.06588782183904693,-1.9362339261840953,0.1946491485120852,2477.0765489521823,394.40174090730824,0.8026739732722572,0.5726734505783121
10_180,0.9,42,263,0.06564073787158327,-3.0609723332436367,0.20457504182233852,2887.029301726606,380.2068551362333,1.0452318191842997,0.5726734505783121
10_180,0.9,42,264,0.06539749650051803,-2.479095442780539,0.21857106004580054,2683.435543472477,348.862194730992,0.916631827337756,0.5726734505783121
10_180,0.9,42,265,0.06515803796662348,-2.9767552803791464,0.20729915286397257,2857.321051272118,385.3842637751458,1.028533743259147,0.5726734505783121
10_180,0.9,42,266,0.06492230344003448,-2.8459567523993394,0.24936178086859445,2795.2807779468344,449.48760855912207,1.0049599752552767,0.5726734505783121
10_180,0.9,42,267,0.06469023500579518,-684.1204156584237,0.18651327433181333,212623.64354612367,210413.88407307857,171.2048495066666,0.5726734505783121
10_180,0.9,42,268,0.06446177564963067,-684.6697250703888,0.20719649175189345,212842.83086428305,210339.24222004172,171.32032234460772,0.5726734505783121
10_180,0.9,42,269,0.06423686924393959,-684.453253737272,0.18112334222051193,212764.30921838142,210339.24222004172,171.2732868642697,0.5726734505783121
10_180,0.9,42,270,0.064015460534005,-684.6697250703888,0.18908740853372105,212842.83086428305,210339.24222004172,171.32032234460772,0.5726734505783121
10_180,0.9,42,271,0.0637974951244193,-3.1329138939023125,0.19786145472148975,2913.761401450985,388.1075668060525,1.0629195504860924,0.5726734505783121
10_180,0.9,42,272,0.06358291946572056,-684.3024280778848,0.2389875482317278,212690.09974665678,210397.20317715209,171.2411214750639,0.5726734505783121
10_180,0.9,42,273,0.06337168084123639,-2.6790206394623426,0.2395396271230676,2739.9518352310984,419.8465947621085,0.9655336764896265,0.5726734505783121
10_180,0.9,42,274,0.06316372735413278,-684.668563627707,0.2590314669774168,212855.49438376655,210283.16796889028,171.31602087282616,0.5726734505783121
10_180,0.9,42,275,0.06295900791466405,-684.844149109461,0.17403262276368786,212913.51813035453,210307.1537098276,171.35586254240997,0.5726734505783121
10_180,0.9,42,276,0.06275747222762111,-781.4275522414099,0.1860560556658433,242648.1341833632,240299.05245642856,195.52521247069632,0.5726734505783121
10_180,0.9,42,277,0.06255907077997513,-684.6237875824488,0.23052039733729607,212820.4736446454,210346.9169605057,171.30855703616788,0.5726734505783121
10_180,0.9,42,278,0.062363754828713217,-3.0677923989490403,0.18501530141353864,2890.4488920676567,386.7223146260441,1.0486613989699967,0.5726734505783121
10_180,0.9,42,279,0.06217147638886324,-684.4119879527072,0.22633289721647037,212747.90903563233,210336.705411463,171.26292516925972,0.5726734505783121
10_180,0.9,42,280,0.06198218822170495,-684.6697250703888,0.2294190144712167,212842.83086428305,210339.24222004172,171.32032234460772,0.5726734505783121
10_180,0.9,42,281,0.06179584382316449,-684.8713275238757,0.16978959723597206,212908.04640770328,210354.3162924381,171.36258282420016,0.5726734505783121
10_180,0.9,42,282,0.06161239741238927,-684.6207069780295,0.2015576760739103,212831.23828902925,210321.16271523148,171.30954559929566,0.5726734505783121
10_180,0.9,42,283,0.06143180392050065,-684.930158732635,0.25019366388447467,212931.38392878906,210360.59336939946,171.37789296752715,0.5726734505783121
10_180,0.9,42,284,0.06125401897952138,-2.1603249873476162,0.27293182857038234,2548.75381215532,423.4574904432253,0.8517690580594978,0.5726734505783121
10_180,0.9,42,285,0.06107899891147547,-684.6697250703888,0.20967700188429603,212842.83086428305,210339.24222004172,171.32032234460772,0.5726734505783121
10_180,0.9,42,286,0.060906700717657275,-2.982863915838658,0.22694537349577476,2858.4002716702016,388.4027761896521,1.0298200994484397,0.5726734505783121
10_180,0.9,42,287,0.060737082068067785,-2.89976615250693,0.22723460032068532,2829.3471176014027,374.3387720783165,1.009435480898936,0.5726734505783121
10_180,0.9,42,288,0.06057010129101494,-3.1400224151302636,0.20777262381614897,2892.8908141327856,447.8891732310571,1.063090798440139,0.5726734505783121
10_180,0.9,42,289,0.06040571736287584,-781.5519818734615,0.22840266190417163,242690.48179158368,240310.3990722486,195.55298458459157,0.5726734505783121
10_180,0.9,42,290,0.06024388989801807,-684.0359048906364,0.20391763945958136,212604.6580228716,210373.70578607908,171.18495960736192,0.5726734505783121
10_180,0.9,42,291,0.06008457913887785,-684.6697250703888,0.20359396025198545,212842.83086428305,210339.24222004172,171.32032234460772,0.5726734505783121
10_180,0.9,42,292,0.05992774594619241,-684.3824113630803,0.18203106955954135,212719.3432976047,210408.0591161498,171.26094007162675,0.5726734505783121
10_180,0.9,42,293,0.05977335178938433,-684.336786250571,0.23840013352075812,212682.58322015393,210487.522791893,171.25576567755738,0.5726734505783121
10_180,0.9,42,294,0.059621358737095426,-2.6116715154475165,0.17766924680467466,2688.812024925454,519.0706101295,0.9559345968980344,0.5726734505783121
10_180,0.9,42,295,0.05947172944786773,-684.3824113630803,0.21226522288310834,212719.3432976047,210408.0591161498,171.26094007162675,0.5726734505783121
10_180,0.9,42,296,0.059324427160969605,-684.7043289168507,0.2174315383847898,212839.815436965,210396.21353985992,171.3305933162785,0.5726734505783121
10_180,0.9,42,297,0.05917941568736433,-684.2477037292776,0.24469443331820573,212666.96079631953,210417.21064603308,171.23150229361087,0.5726734505783121
10_180,0.9,42,298,0.05903665940081926,-684.5243737466254,0.19158954090681218,212775.07811832958,210386.21798142174,171.28969588490435,0.5726734505783121
10_180,0.9,42,299,0.058896123229153184,-683.8946947577089,0.222112809663113,212556.97825913443,210363.2277255099,171.15417758695057,0.5726734505783121
10_180,0.9,42,300,0.05875777264561992,-684.3453205627295,0.29106976459475026,212712.7185338373,210377.3695395757,171.2504659222637,0.5726734505783121
10_180,0.9,42,301,0.05862157366042571,-684.511414845323,0.23229730765819312,212776.70822609874,210371.1763723246,171.2874836958106,0.5726734505783121
10_180,0.9,42,302,0.058487492812378764,-684.3824113630803,0.20358636615741874,212719.3432976047,210408.0591161498,171.26094007162675,0.5726734505783121
10_180,0.9,42,303,0.05835549716066848,-684.2762656328679,0.25820760158761197,212671.13025130966,210438.12312292957,171.23843305083835,0.5726734505783121
10_180,0.9,42,304,0.05822555427677263,-3.4027815991349115,0.2515300138605413,2990.9779309827077,454.4440142416117,1.1232357980612104,0.5726734505783121
10_180,0.9,42,305,0.05809763223649032,-684.6311751903604,0.2150319969923256,212827.7460793756,210340.1921631571,171.3114877403623,0.5726734505783121
10_180,0.9,42,306,0.057971699612098956,-2.521624294421116,0.2518033519929204,2672.980561787257,440.78835788060763,0.9298564266338928,0.5726734505783121
10_180,0.9,42,307,0.05784772546463305,-684.1659400299635,0.2783798542298122,212640.8216517031,210408.0591161498,171.21390459128872,0.5726734505783121
10_180,0.9,42,308,0.05772567933628324,-684.7307265181747,0.22551583919583273,212850.9364134206,210382.07627651276,171.33425799083514,0.5726734505783121
10_180,0.9,42,309,0.05760553124291343,-683.9511495211979,0.2785936223295275,212562.38707504896,210409.62453949565,171.16725311794346,0.5726734505783121
10_180,0.9,42,310,0.05748725166669427,-2.0967789608740555,0.2036582397621342,2533.2124756606745,405.6933683967726,0.8386938111958456,0.5726734505783121
10_180,0.9,42,311,0.05737081154885137,-780.3144995609837,0.16638720595533335,242221.61659972576,240381.48022503345,195.28719664795682,0.5726734505783121
10_180,0.9,42,312,0.057256182282526054,-684.3552484349572,0.244314666695891,212717.1792632926,210377.2432254167,171.25311117971663,0.5726734505783121
10_180,0.9,42,313,0.057143335705747374,-2.4276342596116987,0.2318000064409103,2617.9018771118635,524.1700322943941,0.9145395199382275,0.5726734505783121
10_180,0.9,42,314,0.05703224409451321,-2.2642883666478837,0.20643271347291145,2577.9564824361373,458.785095643728,0.8767508727842303,0.5726734505783121
10_180,0.9,42,315,0.056922880155979176,-2.2642883666478837,0.3093750483956085,2577.9564824361373,458.785095643728,0.8767508727842303,0.5726734505783121
10_180,0.9,42,316,0.05681521702175326,-2.275000151106596,0.20769301128957984,2586.1400147862423,441.0603941688858,0.877895485565575,0.5726734505783121
10_180,0.9,42,317,0.05670922824129488,-781.3290106863137,0.2422341775374799,242598.8282270674,240348.57159496998,195.50617504244428,0.5726734505783121
10_180,0.9,42,318,0.05660488777541653,-684.4238742450228,0.29315669314117637,212743.70663910912,210369.85073319383,171.2674342988997,0.5726734505783121
10_180,0.9,42,319,0.056502169989886525,-2.116696354318756,0.1871828344859376,2525.2124494138975,442.9832792711861,0.8418067158557945,0.5726734505783121
10_180,0.9,42,320,0.056401049649131195,-3.0762195125477207,0.2976155783272646,2873.875792534178,444.1768807135097,1.0509135923695574,0.5726734505783121
