Config,Weight,Seed,Episode,Epsilon,Reward,Loss,Cost,Delay,ScalarQ,BestScalarQ
5_130,0.1,42,1,1.0,-3648.547969674762,,331405.9445532505,330345.1995140293,912.4051924186906,912.4051924186906
5_130,0.1,42,2,0.9852258055592246,-0.6964918913264019,,1688.6656696872362,569.0154525953052,0.6963158299744576,0.6963158299744576
5_130,0.1,42,3,0.9706813761935793,-1658.226268904351,,151388.00911028485,150417.3558294617,414.95720651180204,0.6963158299744576
5_130,0.1,42,4,0.9563631386463322,0.014099429811133657,0.9459951675791648,1678.3161047904632,504.9961054162272,0.5255644282615023,0.5255644282615023
5_130,0.1,42,5,0.9422675752312664,-3317.9322514043038,0.7698062559506456,301379.00456536654,300455.13512010867,829.753712851076,0.5255644282615023
5_130,0.1,42,6,0.9283912229684601,-0.4550296751608668,0.9200948646349625,1720.2840809409076,546.3188688558389,0.6398824187902167,0.5255644282615023
5_130,0.1,42,7,0.9147306727335057,-1.6275187374147126,0.7928943899121065,1615.5032077256622,662.9115214756965,0.9364832557822496,0.5255644282615023
5_130,0.1,42,8,0.9012825684199611,-1769.471196205758,0.6652984669297606,161531.08389333007,160474.47062300693,442.77160262286804,0.5255644282615023
5_130,0.1,42,9,0.888043606114825,-1.9893981320200742,0.9552466294474302,2026.634866452166,677.7372326067125,1.023545961576447,0.5255644282615023
5_130,0.1,42,10,0.8750105332868364,-1.0376172317478594,0.7644284649466603,1526.7412337841688,608.9573833342091,0.783272165079822,0.5255644282615023
5_130,0.1,42,11,0.8621801479873967,-0.3492846065004179,0.6987719315648196,1905.7607069579021,530.0327243487774,0.6183140087679616,0.5255644282615023
5_130,0.1,42,12,0.8495492980639193,-0.4075010366471403,0.6749351163282289,1958.2026175365645,532.6488817631547,0.6313395448760708,0.5255644282615023
5_130,0.1,42,13,0.837114880385412,-0.3576988906479009,0.70677089651094,1994.9252146384056,524.1105644639839,0.6129961512334038,0.5255644282615023
5_130,0.1,42,14,0.8248738400801048,-1657.8385179793866,0.6595461709819965,151967.53403173413,150355.756615391,414.86144378056093,0.5255644282615023
5_130,0.1,42,15,0.8128231697849323,-3759.329536458472,0.6612671990817838,341972.8509781356,340341.69090340176,940.108309114618,0.5255644282615023
5_130,0.1,42,16,0.8009599089066888,-1879.3862617899592,0.6279479122219119,171971.83503958173,170391.67210485894,470.25006187606124,0.5255644282615023
5_130,0.1,42,17,0.7892811428946735,-1.4354729701595432,0.9127525750821889,1725.1740474471278,638.0711970274879,0.8834468139684573,0.5255644282615023
5_130,0.1,42,18,0.7777840025246476,-3537.96962218501,0.7409976566714714,321656.74350801745,320338.16747603344,884.7692269748239,0.5255644282615023
5_130,0.1,42,19,0.7664656631939266,0.21270837320629393,0.8438053922477489,1888.3870498215556,475.61697597291214,0.47218004955556936,0.47218004955556936
5_130,0.1,42,20,0.7553233442274359,-1548.0965624096075,0.7499417958620368,141459.76604791664,140460.44889862454,387.4331763166876,0.47218004955556936
5_130,0.1,42,21,0.7443543081945577,-1658.4359741186097,0.6556324250042664,151436.14482258033,150436.78866987413,415.01426852965244,0.47218004955556936
5_130,0.1,42,22,0.7335558602366034,-1.61762010513755,0.6617693254983893,1685.7771997553136,657.619176592252,0.9306371691415304,0.47218004955556936
5_130,0.1,42,23,0.7229253474047432,-1548.2955580270666,0.7379681280920662,141594.5085008494,140472.6388185738,387.48112522105237,0.47218004955556936
5_130,0.1,42,24,0.7124601580082336,-1991.0506418242892,0.747755825984477,182129.96219842922,180484.0167905047,498.15951045607227,0.47218004955556936
5_130,0.1,42,25,0.7021577209727804,-1.9679489090385855,0.8241894478663921,2099.3172546057513,670.3560954194712,1.0124479415453607,0.47218004955556936
5_130,0.1,42,26,0.6920155052088806,-1660.4627996303154,0.886461390288056,151491.9841160703,150622.094089809,415.51152133615034,0.47218004955556936
5_130,0.1,42,27,0.6820310189899872,-1658.2737968287156,0.8634209923000279,151774.68416871916,150406.93375891913,414.9745599214646,0.47218004955556936
5_130,0.1,42,28,0.6722018093403456,-1658.2755008918007,0.8398010593047168,151679.63747895887,150408.21531779517,414.96690379437877,0.47218004955556936
5_130,0.1,42,29,0.6625254614323491,0.25214543294645114,0.8182833141538616,2027.355736203905,468.57571380009193,0.4696886417633872,0.4696886417633872
5_130,0.1,42,30,0.6529995979932678,0.203690040941675,0.8921533419684163,1669.5946676387946,488.6095499499062,0.48115248976458125,0.4696886417633872
5_130,0.1,42,31,0.6436218787212026,-0.9313912539032234,0.988101911614617,1703.7175068835968,591.8608382946894,0.7585692420472344,0.4696886417633872
5_130,0.1,42,32,0.634389999710123,-1658.0243196619656,0.7978671002487082,151745.61756653897,150380.04922851257,414.8999799154914,0.4696886417633872
5_130,0.1,42,33,0.6253016928838472,-1.4221925236851756,0.819076869031527,1951.5027947685994,629.1003677241924,0.8860017023498653,0.4696886417633872
5_130,0.1,42,34,0.6163547254388225,-1771.5125431727722,0.6360025876449877,161589.13011612717,160662.41465442168,443.27610007890735,0.4696886417633872
5_130,0.1,42,35,0.607546899295575,-0.34004858279513783,0.9347091501947737,1792.5231771645745,530.334388746949,0.6059478599844987,0.4696886417633872
5_130,0.1,42,36,0.5988760505586863,-1771.0210293371802,0.82392773207683,161776.8735609561,160607.5948388333,443.15274304858076,0.4696886417633872
5_130,0.1,42,37,0.5903400489851716,-0.6483891615952146,0.7902962605472653,1897.8275314505718,557.6082012887865,0.6904222903988037,0.4696886417633872
5_130,0.1,42,38,0.581936797461124,-2.0750944750312224,0.809699150738911,2015.8683762170585,685.1180334270714,1.0418414759006627,0.4696886417633872
5_130,0.1,42,39,0.5736642314864987,-1768.7786960012643,0.6638913264347257,161664.63515021504,160402.78081258677,442.5972668574589,0.4696886417633872
5_130,0.1,42,40,0.5655203186679085,-1658.518828124311,0.8528178551664387,151445.06343088305,150442.6607740423,415.0308570310778,0.4696886417633872
5_130,0.1,42,41,0.5575030582193081,-0.2901070037825164,0.7020382794585134,1759.6508983426932,526.7853050987362,0.5927267509456291,0.4696886417633872
5_130,0.1,42,42,0.5496104804704447,-1769.843404641284,0.8654472821090777,161710.98368266376,160500.12275613312,442.8604547317496,0.4696886417633872
5_130,0.1,42,43,0.5418406463829504,-2102.33156551203,0.8708707838664045,191706.6501618341,190569.2974011306,525.9826520922933,0.4696886417633872
5_130,0.1,42,44,0.5341916470739625,-1657.9880604268892,0.6789062437297916,151937.7697538373,150368.16427506303,414.8908436781509,0.4696886417633872
5_130,0.1,42,45,0.5266616033471518,0.3588358743101533,0.7471775910278903,1826.1470851688423,463.6153040020921,0.4331588885653188,0.4331588885653188
5_130,0.1,42,46,0.519248665231044,0.419222970579328,0.8189982720161251,1865.2852322507574,461.3482109519581,0.4317049716408823,0.4317049716408823
5_130,0.1,42,47,0.5119510115245198,-1658.2279672397387,0.9238715325788703,152054.4336282995,150389.841491856,414.96181680993465,0.4317049716408823
5_130,0.1,42,48,0.504766849349387,-0.5957092065430782,0.7078813802747019,1763.1781343288822,556.6394778816742,0.6722023016357696,0.4317049716408823
5_130,0.1,42,49,0.49769441370990625,-1657.6420894671862,0.849924501716305,151755.71609873278,150344.7961960945,414.80779022393943,0.4317049716408823
5_130,0.1,42,50,0.4907319670591703,-2.84216594762705,0.6521437094501799,1874.3346729281043,762.9704052799755,1.231570058335334,0.4317049716408823
5_130,0.1,42,51,0.4838777988722253,-0.6378923921086953,0.9049725182348874,1904.6853656257879,559.7900976891787,0.6969980980271738,0.4317049716408823
5_130,0.1,42,52,0.47713022522583176,-3315.947079542031,0.6670702455706597,301667.8703360601,300257.073393759,829.262752028365,0.4317049716408823
5_130,0.1,42,53,0.47048758838475946,-2.472280011765548,0.8828872543005575,1775.236041607941,733.1880736193601,1.1411735743699585,0.4317049716408823
5_130,0.1,42,54,0.4639482563945182,-1769.6596574828743,1.1939286170573704,161997.5087320281,160469.28116767356,442.81208579929006,0.4317049716408823
5_130,0.1,42,55,0.4575106226804207,-3316.227303130469,0.7484863590216042,301895.5618138852,300273.298365916,829.33219363976,0.4317049716408823
5_130,0.1,42,56,0.45117310565288166,-1769.2484653211748,0.8920839263204234,161739.1892846359,160442.27232556135,442.7105234731509,0.4317049716408823
5_130,0.1,42,57,0.44493414831885486,-3316.0591293797993,0.7974385967768475,301480.2501725955,300275.2489783305,829.2890752020927,0.4317049716408823
5_130,0.1,42,58,0.438792217899313,-1657.5455091534318,0.7096917070879335,151567.63847428703,150346.13375808203,414.78946657407226,0.4317049716408823
5_130,0.1,42,59,0.43274580545267627,-5195.874955103538,1.0671907158002427,471511.9359535721,470213.41714897164,1299.1195030615988,0.4317049716408823
5_130,0.1,42,60,0.4267934255040983,-1769.0373159609226,0.8850107511412482,161521.14619223983,160433.16234123663,442.6610468473735,0.4317049716408823
5_130,0.1,42,61,0.42093361568051574,-1.2351854654377499,0.9266812881398433,1764.7216072200665,616.0099216446486,0.8296177949308661,0.4317049716408823
5_130,0.1,42,62,0.4151649363513749,-3427.520019492739,0.8600605306669618,311895.0886308586,310343.5844404391,857.1647834446132,0.4317049716408823
5_130,0.1,42,63,0.40948597027494477,-1.272056685355996,0.9349933039984455,1892.115812533831,617.6523250795027,0.8487784570532847,0.4317049716408823
5_130,0.1,42,64,0.4038953222501312,-3648.97900086069,1.0103415432302922,331854.4564986599,330368.05811998056,912.5178752151726,0.4317049716408823
5_130,0.1,42,65,0.3983916187737056,-1660.058324745421,0.9052374387746969,151684.93591851695,150576.81130936567,415.41402761492674,0.4317049716408823
5_130,0.1,42,66,0.3929735077028642,-1769.5668005131522,0.8955209749435269,162022.80688797715,160461.6922982141,442.7949286997166,0.4317049716408823
5_130,0.1,42,67,0.38763965792303584,-1658.2006943033214,1.0420184788228444,151640.01179289792,150404.02877521084,414.9512092901161,0.4317049716408823
5_130,0.1,42,68,0.38238875902085495,-1658.3989517738437,0.8815049152714707,151594.25766485985,150425.23635109077,415.0020558006038,0.4317049716408823
5_130,0.1,42,69,0.37721952096222106,-3427.639682339744,1.0289327122491385,311403.18540173036,310371.7097860133,857.1820812992217,0.4317049716408823
5_130,0.1,42,70,0.372130673775365,-0.141706760175837,0.8914162603684848,1850.0651121359797,513.9294178568185,0.569190975758245,0.4317049716408823
5_130,0.1,42,71,0.3671209672388437,-0.5976333345709988,0.9330244848116613,1563.6360323773397,567.710063508276,0.6783226193570354,0.4317049716408823
5_130,0.1,42,72,0.3621891705743874,-1658.3605152719324,0.6721340342979876,151781.2104352684,150414.11985380994,414.9943502465545,0.4317049716408823
5_130,0.1,42,73,0.35733407214452373,-1658.0996817623875,1.1683021051831353,151662.70024492106,150395.7050435829,414.93180258345404,0.4317049716408823
5_130,0.1,42,74,0.35255447915490423,-1.059329840636988,0.6787622153952576,1937.3779854163436,593.9663673664437,0.7913110315878185,0.4317049716408823
5_130,0.1,42,75,0.3478492173612599,-1657.9923521325647,0.7445695655936146,151861.770871806,150375.91886780245,414.90254517599834,0.4317049716408823
5_130,0.1,42,76,0.3432171307809146,-1659.106503515043,1.01521239958961,151545.1078777887,150495.77193847194,415.1831473073322,0.4317049716408823
5_130,0.1,42,77,0.3386570814087846,-1770.464645883876,0.8849961765034502,161796.841261792,160554.49672941564,443.0144400423976,0.4317049716408823
5_130,0.1,42,78,0.3341679489377949,-3315.5719941130146,0.9116047766188743,301549.4592066272,300229.2150281479,829.1752056711108,0.4317049716408823
5_130,0.1,42,79,0.32974863048364406,-3316.0170520675606,1.1495025627910116,301894.04167699505,300254.50919714157,829.282255874033,0.4317049716408823
5_130,0.1,42,80,0.3253980403138483,-1658.8615361505535,0.9525381507095014,151873.19251380384,150456.56771537647,415.11746260906693,0.4317049716408823
5_130,0.1,42,81,0.32111510958100054,-1658.377200008474,1.0259309772625693,151890.36608151114,150408.68338031656,414.9926428592613,0.4317049716408823
5_130,0.1,42,82,0.3168987860601775,-1658.333998557494,0.9189537350072712,151759.68480295176,150410.97043789283,414.9835067822307,0.4317049716408823
5_130,0.1,42,83,0.31274803389043004,-1.208276655861495,0.8606189916869926,1945.2820074679962,609.1197522675294,0.8323620211082309,0.4317049716408823
5_130,0.1,42,84,0.30866183332029457,-1658.422918455336,0.9781539857906226,151642.65826250895,150426.43800243025,415.01086532811973,0.4317049716408823
5_130,0.1,42,85,0.3046391804572615,-1771.1677417347662,1.043978990346286,161863.53070708318,160619.22443883147,443.19361757654866,0.4317049716408823
5_130,0.1,42,86,0.3006790870211401,-1658.2301386369077,0.8198330680956454,151794.44696369086,150402.41023916917,414.9648775163698,0.4317049716408823
5_130,0.1,42,87,0.29678058010125963,-3427.5413700135205,1.0021816010499565,311805.93166183186,310344.96110293805,857.1580639319516,0.4317049716408823
5_130,0.1,42,88,0.2929427019174456,-3316.1252771204336,0.9500351278624894,301784.2680384781,300269.92181882524,829.3103121372512,0.4317049716408823
5_130,0.1,42,89,0.28916450958471324,-1657.9305074617512,1.024368043972117,151725.08006119556,150373.52869284365,414.88032329400926,0.4317049716408823
5_130,0.1,42,90,0.28544507488162135,-1660.2226821536683,0.8516850241215513,151723.08650785338,150590.9709975613,415.45596339555993,0.4317049716408823
5_130,0.1,42,91,0.28178348402222775,-3316.1051400287024,0.8391255723112193,301625.1210058695,300274.81308819086,829.3047635786041,0.4317049716408823
5_130,0.1,42,92,0.27817883743159105,-0.4909453631915622,0.7649288343278453,1807.2470828997286,545.6044077895066,0.6481006265121763,0.4317049716408823
5_130,0.1,42,93,0.27463024952476534,-1658.0331220585686,1.0008135942038774,152084.4751567933,150368.53190303963,414.90887337178503,0.4317049716408823
5_130,0.1,42,94,0.27113684848922975,-1658.0572535277138,0.95995998990493,151798.56882720743,150385.44286874981,414.9204205247856,0.4317049716408823
5_130,0.1,42,95,0.2676977760707032,-3315.889281853739,0.9020482046953239,301531.76356234786,300257.798692779,829.2488490348633,0.4317049716408823
5_130,0.1,42,96,0.2643121873622896,-3427.179508796378,0.9176266310125838,312188.7813491429,310294.35866339854,857.0685593419516,0.4317049716408823
5_130,0.1,42,97,0.2609792505969018,-5085.451614708447,0.9310675679554317,461550.4706967623,460227.1609896803,1271.5138822485403,0.4317049716408823
5_130,0.1,42,98,0.25769814694291476,-1657.834529727696,0.8429435698850078,151845.8875678082,150360.51797159849,414.8599110033526,0.4317049716408823
5_130,0.1,42,99,0.25446807030299534,-1660.131289155968,0.8955183320398181,151725.7092176638,150582.15312192973,415.4329151461349,0.4317049716408823
5_130,0.1,42,100,0.2512882271160621,-1657.9883086254708,0.8839965106117902,151781.8294892625,150377.541533086,414.89754858493916,0.4317049716408823
5_130,0.1,42,101,0.2481578361623234,-0.38194990978979004,0.9334326563556965,1814.9533858342938,536.1963377520705,0.6240803345903047,0.4317049716408823
5_130,0.1,42,102,0.2450761283713493,-1.7970751990737563,0.6396649980751432,1975.2614199382215,660.4379769260161,0.9717580854827248,0.4317049716408823
5_130,0.1,42,103,0.24204234663312607,-0.8602069794740885,0.779478363499471,2043.779847129207,569.2690118202827,0.7382731734399507,0.4317049716408823
5_130,0.1,42,104,0.23905574561205173,-1657.9322424852114,1.064042879265315,152099.97645469577,150357.94570611668,414.88263919273146,0.4317049716408823
5_130,0.1,42,105,0.23611559156382206,-0.6914480645716061,0.8871244254618766,1939.9305258996808,560.5285001265142,0.7030513018571872,0.4317049716408823
5_130,0.1,42,106,0.2332211621551653,-1770.077590468753,0.8564961656721148,161918.55383260536,160512.36871437362,442.9170190457597,0.4317049716408823
5_130,0.1,42,107,0.23037174628638085,-2.6063446290387953,1.0000128828496009,1854.7174533818006,742.2126495726847,1.1743147286882702,0.4317049716408823
5_130,0.1,42,108,0.2275666439166364,-3316.04286070911,0.8637142546048928,301579.1771466015,300271.6737916686,829.2911080344203,0.4317049716408823
5_130,0.1,42,109,0.2248051658919834,-3315.9916538239663,1.0266765175226997,301668.7995137787,300260.5080315296,829.2719563131344,0.4317049716408823
5_130,0.1,42,110,0.22208663377604637,-1770.6969537890623,0.9858704770113764,161889.56149397828,160571.20396272966,443.0694670186941,0.4317049716408823
5_130,0.1,42,111,0.21941037968334542,-3315.898527260337,0.8417036136350988,301616.6894329026,300254.9244216864,829.2511103865128,0.4317049716408823
5_130,0.1,42,112,0.21677574611521144,-3315.966273553075,0.9105499672573621,301718.347363802,300256.1070414497,829.2660612454116,0.4317049716408823
5_130,0.1,42,113,0.21418208579825188,-3427.2671714464163,0.7797738484415208,311922.1092619711,310311.99250849686,857.0842571473185,0.4317049716408823
5_130,0.1,42,114,0.21162876152533033,-1.7331658248997395,0.9919469162720652,1817.335739245411,660.4329839934114,0.9533843133677921,0.4317049716408823
5_130,0.1,42,115,0.20911514599901782,-3315.9103282684628,0.7740823738739728,301582.2981237429,300257.6047713699,829.2542106385442,0.4317049716408823
5_130,0.1,42,116,0.20664062167747893,-1657.1615448700556,0.9396636363778175,151817.64871007192,150298.74365808826,414.6930255032282,0.4317049716408823
5_130,0.1,42,117,0.20420458062275576,-1658.0482300719407,0.9378441909689157,151826.7157924531,150381.84781316924,414.9141718036995,0.4317049716408823
5_130,0.1,42,118,0.2018064243514096,-3315.7079039780756,0.9768880928377645,301636.23813893663,300237.49334351486,829.2072188516618,0.4317049716408823
5_130,0.1,42,119,0.1994455636874869,-1658.0850517949234,0.661686421702531,151883.55556751825,150383.5324162934,414.92524152015943,0.4317049716408823
5_130,0.1,42,120,0.19712141861777083,-1658.9601743291587,0.956587896036039,151724.99563539246,150471.78036414963,415.1405221537182,0.4317049716408823
5_130,0.1,42,121,0.19483341814928484,-1.2841121646809193,0.9531511605387737,1846.957838369466,619.7747887222657,0.8491494697416584,0.4317049716408823
5_130,0.1,42,122,0.19258100016901147,-1.3776885014453522,0.8508266972065538,1882.925995561011,625.9341556049812,0.8696435539327666,0.4317049716408823
5_130,0.1,42,123,0.19036361130579338,-1658.286080938312,1.000200422615476,151745.65474378294,150407.2248824422,414.9719559488637,0.4317049716408823
5_130,0.1,42,124,0.18818070679438154,-1658.2922799367575,0.7509111726393155,151714.01479249966,150407.78034812748,414.96974855561797,0.4317049716408823
5_130,0.1,42,125,0.1860317503415984,-3315.864934251197,0.9347957969491099,301496.74788391794,300257.4771131971,829.2439264199421,0.4317049716408823
5_130,0.1,42,126,0.1839162139945818,-3315.898527260337,1.0645865940044896,301616.6894329026,300254.9244216864,829.2511103865128,0.4317049716408823
5_130,0.1,42,127,0.18183357801107813,-3315.8308279642943,0.8236767039441247,301695.7258023884,300244.35759317636,829.2323141339307,0.4317049716408823
5_130,0.1,42,128,0.17978333073175307,-3427.755657877326,0.9623966801284187,311822.40470616,310362.3192323172,857.2059501836172,0.4317049716408823
5_130,0.1,42,129,0.17776496845448742,-3427.441647294695,1.0559806854848472,311804.545932579,310335.36567412544,857.1324903951023,0.4317049716408823
5_130,0.1,42,130,0.17577799531062827,-1658.3388690890533,1.0541201353371603,151945.76290070833,150403.50166387836,414.9853601294062,0.4317049716408823
5_130,0.1,42,131,0.1738219231431649,-3427.462296079837,1.0751658234429864,311804.0807109163,310338.4680440354,857.1406525913878,0.4317049716408823
5_130,0.1,42,132,0.17189627138679878,-3427.655670417139,0.9352043568448231,311779.3536420132,310357.3112272203,857.187681889999,0.4317049716408823
5_130,0.1,42,133,0.1700005669498786,-0.9169235802404794,1.1596420737796183,2085.6773384466114,573.8719082748336,0.7553344664886913,0.4317049716408823
5_130,0.1,42,134,0.16813434409817252,-1658.7076252488375,1.1024587206300285,151617.73363141122,150451.6782047563,415.07481345506653,0.4317049716408823
5_130,0.1,42,135,0.16629714434044632,-3427.2464686073345,1.0642890250150463,311955.4287153711,310309.0987729788,857.0804671518337,0.4317049716408823
5_130,0.1,42,136,0.16448851631582245,-3428.7330225936716,0.9217849850512622,311904.33438285725,310454.1627564769,857.458712791275,0.4317049716408823
5_130,0.1,42,137,0.16270801568288995,-5085.18911900182,0.7532567434700563,461613.37802656024,460197.8567613054,1271.443586893312,0.4317049716408823
5_130,0.1,42,138,0.16095520501053945,-3428.0386767637915,0.9700980708448835,311591.42313345335,310402.3927319228,857.2852263338051,0.4317049716408823
5_130,0.1,42,139,0.1592296536704954,-1659.5628907728108,0.871363533949601,151680.27563119144,150528.95517096974,415.2867441217741,0.4317049716408823
5_130,0.1,42,140,0.15753093773152022,-1657.5280205156362,0.8558349642164025,152026.25729501268,150324.79380599115,414.7862694146233,0.4317049716408823
5_130,0.1,42,141,0.15585863985526294,-5084.9671690884625,1.0102135265546646,461671.91369674104,460177.6099466652,1271.3967708435441,0.4317049716408823
5_130,0.1,42,142,0.15421234919372853,-5085.24500194008,0.8706976537884948,461542.03912379534,460207.2723231758,1271.4602290564487,0.4317049716408823
5_130,0.1,42,143,0.152591661288341,-5085.389312951391,1.0108019104797674,461491.4602778059,460222.81851577933,1271.4955210949906,0.4317049716408823
5_130,0.1,42,144,0.15099617797057668,-1657.9420540261924,1.227563738823527,152009.67050677797,150362.97104739572,414.88544922083383,0.4317049716408823
5_130,0.1,42,145,0.14942550726414244,-3427.8086133112265,1.1652752589718647,311515.15984450554,310384.6166399341,857.2292818992353,0.4317049716408823
5_130,0.1,42,146,0.14787926328867598,-3427.031813370489,0.8430500889657931,311489.68669485865,310312.1672559315,857.0344461997652,0.4317049716408823
5_130,0.1,42,147,0.1463570661649425,-3316.2286643749144,1.1403769734312745,301657.64456339047,300283.0161402297,829.3302696651572,0.4317049716408823
5_130,0.1,42,148,0.1448585419215072,-3429.4475933047734,0.9338654977182385,311648.9823573087,310530.5304979531,857.6312768976219,0.4317049716408823
5_130,0.1,42,149,0.14338332240285795,-1658.1737003488936,1.1016487738521172,151651.82179538184,150403.75363797086,414.951853658652,0.4317049716408823
5_130,0.1,42,150,0.1419310451789575,-1658.643629717737,0.9264898472797564,151725.07699037078,150441.01399400516,415.05905028657713,0.4317049716408823
5_130,0.1,42,151,0.14050135345620207,-1657.7679240109812,1.0053861193607114,152089.13705076714,150341.8531241314,414.8387595741739,0.4317049716408823
5_130,0.1,42,152,0.13909389598976496,-5085.694426787875,1.057563436960339,461440.5730224258,460252.09035207145,1271.5671281255402,0.4317049716408823
5_130,0.1,42,153,0.13770832699730284,-5085.089740831971,1.0496724424519623,461645.8961590843,460187.87895213946,1271.4209423508498,0.4317049716408823
5_130,0.1,42,154,0.13634430607400466,-5085.24500194008,0.933788898717785,461542.03912379534,460207.2723231758,1271.4602290564487,0.4317049716408823
5_130,0.1,42,155,0.13500149810896128,-3427.7336602781693,0.8721422364545373,311649.7336675634,310370.8488470196,857.2084650695424,0.4317049716408823
5_130,0.1,42,156,0.13367957320283602,-3429.421270774697,0.7814058282699243,311491.94516316307,310536.2340369788,857.6281248365314,0.4317049716408823
5_130,0.1,42,157,0.13237820658681518,-1770.0005960592705,1.147196407829871,161767.4310672071,160513.99354261623,442.90375258624624,0.4317049716408823
5_130,0.1,42,158,0.13109707854281938,-3427.45862513225,0.9225674276102195,311838.74257397203,310337.6140023781,857.1424205687767,0.4317049716408823
5_130,0.1,42,159,0.12983587432495577,-5085.24500194008,1.1919183339557098,461542.03912379534,460207.2723231758,1271.4602290564487,0.4317049716408823
5_130,0.1,42,160,0.12859428408219134,-5084.997282217447,1.0248788525530999,461678.35918708326,460177.73684188316,1271.3978562686475,0.4317049716408823
5_130,0.1,42,161,0.1273720027822294,-3427.224733881269,0.9988862130143248,311852.4312118954,310314.9776106972,857.0840620417458,0.4317049716408823
5_130,0.1,42,162,0.12616873013656954,-5085.197060968622,0.9003328101864877,461661.3454402304,460196.85137226945,1271.4465009564412,0.4317049716408823
5_130,0.1,42,163,0.12498417052673307,-5084.9671690884625,1.0646191469677064,461671.91369674104,460177.6099466652,1271.3967708435441,0.4317049716408823
5_130,0.1,42,164,0.12381803293163596,-3427.4702181688585,1.0017356345265047,311717.9040376763,310343.9388287151,857.1451223993574,0.4317049716408823
5_130,0.1,42,165,0.12267003085609117,-3315.805535937805,1.3075088520327518,301715.5396688152,300244.0454863273,829.2337911273083,0.4317049716408823
5_130,0.1,42,166,0.1215398822604227,-3427.539773353896,1.0391331229753433,311994.51128180797,310337.1199524275,857.1592219099026,0.4317049716408823
5_130,0.1,42,167,0.1204273094911746,-5085.263347069477,1.0995160778771793,461789.49929647613,460198.72344731406,1271.4663581959408,0.4317049716408823
5_130,0.1,42,168,0.11933203921289748,-5085.050366406782,1.047444745209682,461774.968823092,460180.1897618801,1271.4155844588383,0.4317049716408823
5_130,0.1,42,169,0.11825380234099556,-5085.050366406782,1.2385924572554456,461774.968823092,460180.1897618801,1271.4155844588383,0.4317049716408823
5_130,0.1,42,170,0.11719233397561858,-5085.050366406782,0.880251005890026,461774.968823092,460180.1897618801,1271.4155844588383,0.4317049716408823
5_130,0.1,42,171,0.11614737333658141,-5085.050366406782,0.9765397125900149,461774.968823092,460180.1897618801,1271.4155844588383,0.4317049716408823
5_130,0.1,42,172,0.11511866369929591,-3427.5110891251843,1.0023126213177866,311902.8657225895,310338.2142041856,857.151465138439,0.4317049716408823
5_130,0.1,42,173,0.11410595233169919,-3427.1475884298206,0.9641552925492295,311957.4614912975,310302.9632575357,857.0644542503123,0.4317049716408823
5_130,0.1,42,174,0.11310899043216277,-5085.345063198965,0.9129846864558259,461661.48487219366,460211.4041761072,1271.4850586568841,0.4317049716408823
5_130,0.1,42,175,0.1121275330683672,-1770.264424493839,1.066331771743768,161946.8114019612,160528.4195932897,442.96281326631686,0.4317049716408823
5_130,0.1,42,176,0.11116133911712744,-5085.050366406782,0.7165726367752688,461774.968823092,460180.1897618801,1271.4155844588383,0.4317049716408823
5_130,0.1,42,177,0.1102101712051541,-1658.2786417130637,0.7815461711408161,151916.09056473928,150397.9538269458,414.96721757112306,0.4317049716408823
5_130,0.1,42,178,0.10927379565073586,-1770.291598038101,1.170929055799623,161877.82970257467,160535.18881406172,442.9727209380967,0.4317049716408823
5_130,0.1,42,179,0.10835198240632873,-5085.050366406782,0.861937887562827,461774.968823092,460180.1897618801,1271.4155844588383,0.4317049716408823
5_130,0.1,42,180,0.1074445050020384,-5085.050366406782,0.932295618760361,461774.968823092,460180.1897618801,1271.4155844588383,0.4317049716408823
5_130,0.1,42,181,0.10655114048998136,-5084.895033846507,1.2035496435307638,461810.8030917603,460164.2018880215,1271.3774084616268,0.4317049716408823
5_130,0.1,42,182,0.10567166938951125,-3426.999224117756,0.8301461090796197,312028.0423320352,310284.6595184318,857.0241846008676,0.4317049716408823
5_130,0.1,42,183,0.10480587563329734,-3315.9513607281583,1.0976691009044715,301871.72537728166,300249.21226953284,829.2656330391824,0.4317049716408823
5_130,0.1,42,184,0.10395354651424124,-3315.815481389253,1.1131758647774999,301931.1120273542,300233.79755398206,829.231713204456,0.4317049716408823
5_130,0.1,42,185,0.10311447263321932,-5085.050366406782,0.9406571712356893,461774.968823092,460180.1897618801,1271.4155844588383,0.4317049716408823
5_130,0.1,42,186,0.10228844784763778,-3429.5158680744757,0.8416742533262326,311669.7137743862,310536.52384992817,857.6495598757617,0.4317049716408823
5_130,0.1,42,187,0.10147526922078795,-3427.2924801740073,1.2683118184741606,311954.08914279484,310316.1602304606,857.0990129006448,0.4317049716408823
5_130,0.1,42,188,0.10067473697198882,-5085.050366406782,1.1642306289467734,461774.968823092,460180.1897618801,1271.4155844588383,0.4317049716408823
5_130,0.1,42,189,0.09988665442750533,-5084.812158214967,1.1713807056925352,461773.68949054246,460158.53383998043,1271.3580824108847,0.4317049716408823
5_130,0.1,42,190,0.09911082797222981,-3427.1475884298206,1.074950103008157,311957.4614912975,310302.9632575357,857.0644542503123,0.4317049716408823
5_130,0.1,42,191,0.09834706700211487,-1769.5637299747552,1.0600798134718459,161942.4913037533,160464.9227995095,442.7941467794031,0.4317049716408823
5_130,0.1,42,192,0.09759518387734595,-3426.6857644220236,1.0105881515041966,312133.9669549694,310251.04833139206,856.9474839626488,0.4317049716408823
5_130,0.1,42,193,0.09685499387624241,-0.5538884466625155,1.140212396382999,2076.8700208852347,540.5757206283208,0.6661292545227717,0.4317049716408823
5_130,0.1,42,194,0.09612631514987509,-3426.7689012303504,1.0620344408282605,312080.269858003,310261.1212703323,856.9679181647305,0.4317049716408823
5_130,0.1,42,195,0.09540896867739013,-3427.054271982193,1.0091405280283037,311952.8098102452,310294.5043085609,857.0415108526911,0.4317049716408823
5_130,0.1,42,196,0.0947027782220271,-3427.869640704266,1.1317215506208174,311668.01403858105,310385.06982090353,857.2482530332095,0.4317049716408823
5_130,0.1,42,197,0.09400757028782174,-3427.0459444361322,0.9632357259529254,312013.7216368866,310290.7799551915,857.0387289661759,0.4317049716408823
5_130,0.1,42,198,0.09332317407698135,-3427.054271982193,0.9315039499620733,311952.8098102452,310294.5043085609,857.0415108526911,0.4317049716408823
5_130,0.1,42,199,0.09264942144792357,-3427.364579786976,0.9441821498680953,311870.220976506,310325.1726258076,857.1131306610297,0.4317049716408823
5_130,0.1,42,200,0.09198614687396757,-3648.525561118914,0.932190795479199,332041.2604876887,330316.8318210044,912.4039259940142,0.4317049716408823
5_130,0.1,42,201,0.0913331874026676,-1657.998943942663,1.1879938196843183,152127.901207399,150364.52391968635,414.90330741423713,0.4317049716408823
5_130,0.1,42,202,0.09069038261577916,-3427.292480174008,1.1197571306057506,311954.08914279484,310316.1602304606,857.0990129006448,0.4317049716408823
5_130,0.1,42,203,0.09005757458984752,-3427.0942869939604,1.0965109830121353,312032.9111333051,310294.2177637209,857.050064605633,0.4317049716408823
5_130,0.1,42,204,0.08943460785740934,-3427.054271982193,0.9566591782271949,311952.8098102452,310294.5043085609,857.0415108526911,0.4317049716408823
5_130,0.1,42,205,0.08882132936879764,-1657.8514111658744,0.9201323266454088,152082.06353076015,150352.29662152598,414.8655956486115,0.4317049716408823
5_130,0.1,42,206,0.08821758845454078,-3537.648298248429,1.333152035372352,321937.3341527132,320295.40733359754,884.6886031335358,0.4317049716408823
5_130,0.1,42,207,0.08762323678834613,-3427.054271982193,1.201428527540101,311952.8098102452,310294.5043085609,857.0415108526911,0.4317049716408823
5_130,0.1,42,208,0.08703812835065944,-3426.759564153948,0.9049717034555582,312139.3860956013,310257.1296179389,856.9642196099155,0.4317049716408823
5_130,0.1,42,209,0.08646211939279098,-3427.054271982193,1.110247231487739,311952.8098102452,310294.5043085609,857.0415108526911,0.4317049716408823
5_130,0.1,42,210,0.08589506840159955,-1769.6780679080289,1.1419123553713226,162035.2987374371,160471.01611970703,442.82107411986436,0.4317049716408823
5_130,0.1,42,211,0.08533683606472567,-1769.4233002851774,1.091338377653755,161882.31736594829,160454.0600832152,442.75838221415154,0.4317049716408823
5_130,0.1,42,212,0.08478728523636561,-1.1214070367820148,1.1746749316162393,2125.1918895781987,592.1721486429155,0.8083946163383608,0.4317049716408823
5_130,0.1,42,213,0.08424628090357741,-3427.054271982193,1.2397253553847216,311952.8098102452,310294.5043085609,857.0415108526911,0.4317049716408823
5_130,0.1,42,214,0.08371369015311121,-3427.054271982193,0.9282744444139068,311952.8098102452,310294.5043085609,857.0415108526911,0.4317049716408823
5_130,0.1,42,215,0.08318938213875532,-3426.6857644220236,1.1862850152141606,312133.9669549694,310251.04833139206,856.9474839626488,0.4317049716408823
5_130,0.1,42,216,0.08267322804918986,-3426.728147198627,1.1818295902900773,312072.26172354224,310257.9089492907,856.9584796567997,0.4317049716408823
5_130,0.1,42,217,0.08216510107634088,-1770.5213131379887,1.1045636381920227,161936.54923710463,160554.07706051998,443.02957114164,0.4317049716408823
5_130,0.1,42,218,0.08166487638422609,-3426.728147198627,0.9292713336865699,312072.26172354224,310257.9089492907,856.9584796567997,0.4317049716408823
5_130,0.1,42,219,0.08117243107828538,-3426.728147198627,1.0087962695374602,312072.26172354224,310257.9089492907,856.9584796567997,0.4317049716408823
5_130,0.1,42,220,0.08068764417518824,-3426.796998620464,1.164232621401519,312205.7818372477,310258.36895949487,856.9752210836874,0.4317049716408823
5_130,0.1,42,221,0.08021039657311081,-5306.469056410968,1.1852659136020671,482175.6083594191,480184.61337160785,1326.7668783884562,0.4317049716408823
5_130,0.1,42,222,0.07974057102247495,-3427.2648007835473,1.1004676428996343,311877.04532974714,310316.7757655439,857.0916859101725,0.4317049716408823
5_130,0.1,42,223,0.0792780520971426,-3426.9016989012093,1.0655830071309371,312333.58685351757,310261.0317420645,856.9971318681595,0.4317049716408823
5_130,0.1,42,224,0.07882272616605801,-1769.1148256086271,1.0895820962842688,162116.30006660245,160413.1645192531,442.67727783072826,0.4317049716408823
5_130,0.1,42,225,0.0783744813653311,-3426.9715813357375,0.9730665291185787,312206.92784516077,310272.9431602795,857.0139524767916,0.4317049716408823
5_130,0.1,42,226,0.07793320757075473,-3426.745797305642,1.1976452947834637,312186.7925108993,310253.60874459875,856.9604064692677,0.4317049716408823
5_130,0.1,42,227,0.07749879637074959,-1769.1148256086271,0.9619521495103689,162116.30006660245,160413.1645192531,442.67727783072826,0.4317049716408823
5_130,0.1,42,228,0.07707114103972987,-0.24152444850211371,1.221268932473059,2408.7154163330183,494.7364831153699,0.5833096835540998,0.4317049716408823
5_130,0.1,42,229,0.0766501365118829,-1769.231966728229,0.8127012269787128,162197.26423580805,160421.89793032172,442.7098202534859,0.4317049716408823
5_130,0.1,42,230,0.07623567935535681,-0.13209000343916405,0.9995457106053989,2424.6787212409818,484.6494025924169,0.5584510722883624,0.4317049716408823
5_130,0.1,42,231,0.07582766774684957,-1769.4610769302708,1.1376843671189825,162143.01748329398,160445.24582538236,442.7653478039963,0.4317049716408823
5_130,0.1,42,232,0.07542600144659303,-1769.6025845819177,1.1114154160277265,162180.42409862197,160457.18817612462,442.80132471690797,0.4317049716408823
5_130,0.1,42,233,0.07503058177372629,-1770.2398238790852,1.1731474239092372,161880.83838907225,160529.10677112546,442.95696311262844,0.4317049716408823
5_130,0.1,42,234,0.0746413115820518,-1769.470322336868,1.4051947968910445,162227.94335384862,160442.3715542897,442.76760915564563,0.4317049716408823
5_130,0.1,42,235,0.07425809523616868,-1769.4290740500342,1.2568292752575778,162032.0827866215,160446.66050581308,442.75619708393714,0.4317049716408823
5_130,0.1,42,236,0.0738808385879771,-1770.4457785813306,1.0589352866565498,162101.00727836622,160539.09892626113,443.00902321676125,0.4317049716408823
5_130,0.1,42,237,0.0735094489535481,-1769.695188506428,1.2247419056293785,162102.24099091408,160468.3045944326,442.82167569803556,0.4317049716408823
5_130,0.1,42,238,0.07314383509035316,-1769.4610769302708,1.0234344286998749,162143.01748329398,160445.24582538236,442.7653478039963,0.4317049716408823
5_130,0.1,42,239,0.07278390717484776,-1769.231966728229,1.142020468914232,162197.26423580805,160421.89793032172,442.7098202534859,0.4317049716408823
5_130,0.1,42,240,0.07242957678040378,-1769.563730186388,0.9404821006397169,161964.8667676273,160462.21849607388,442.7895861180256,0.4317049716408823
5_130,0.1,42,241,0.07208075685558483,-3869.642200919864,1.0378259331030324,352169.49441681616,350305.0327722936,967.6805859442518,0.4317049716408823
5_130,0.1,42,242,0.0717373617027597,-1769.6710611934125,1.1917920719640833,162107.8018146457,160466.08500629838,442.8164438697817,0.4317049716408823
5_130,0.1,42,243,0.07139930695704806,-3869.74177021076,1.1852509360277965,351978.5997115577,350323.2433617767,967.7066211241186,0.4317049716408823
5_130,0.1,42,244,0.0710665095655941,-1769.6025845819177,0.9724509002015423,162180.42409862197,160457.18817612462,442.80132471690797,0.4317049716408823
5_130,0.1,42,245,0.07073888776716195,-1769.6710611934125,0.9121120256579618,162107.8018146457,160466.08500629838,442.8164438697817,0.4317049716408823
5_130,0.1,42,246,0.07041636107204882,-1769.4610769302708,1.1125329879130939,162143.01748329398,160445.24582538236,442.7653478039963,0.4317049716408823
5_130,0.1,42,247,0.07009885024231037,-1769.695188506428,1.100759858167505,162102.24099091408,160468.3045944326,442.82167569803556,0.4317049716408823
5_130,0.1,42,248,0.0697862772722936,-1769.6710611934125,1.2291399549239475,162107.8018146457,160466.08500629838,442.8164438697817,0.4317049716408823
5_130,0.1,42,249,0.0694785653694726,-2100.259447857363,1.0902970452421525,192023.56977136203,190360.84736347405,525.4674405357692,0.4317049716408823
5_130,0.1,42,250,0.06917563893558212,-0.7483836945403342,0.9801956583923367,2225.023656404979,551.5039572532938,0.7122959236350835,0.4317049716408823
5_130,0.1,42,251,0.06887742354804487,-1769.6710611934125,1.0658350939218768,162107.8018146457,160466.08500629838,442.8164438697817,0.4317049716408823
5_130,0.1,42,252,0.06858384594168729,-1769.787070693383,1.0896805183285345,161999.78594806473,160482.57063941273,442.8475462447743,0.4317049716408823
5_130,0.1,42,253,0.06829483399074003,-1769.5582719729307,1.1651407936006866,161979.46167954127,160461.44958799874,442.78924656466125,0.4317049716408823
5_130,0.1,42,254,0.06801031669111803,-2100.312782936939,1.0590297647692082,192105.4387327761,190360.65368212113,525.4764457342349,0.4317049716408823
5_130,0.1,42,255,0.06773022414297643,-3869.74177021076,0.8456889847764663,351978.5997115577,350323.2433617767,967.7066211241186,0.4317049716408823
5_130,0.1,42,256,0.06745448753353762,-3869.74177021076,1.278638222917977,351978.5997115577,350323.2433617767,967.7066211241186,0.4317049716408823
5_130,0.1,42,257,0.06718303912018544,-1769.6710611934125,1.1547223356769272,162107.8018146457,160466.08500629838,442.8164438697817,0.4317049716408823
5_130,0.1,42,258,0.0669158122138222,-0.3987164633644401,1.1949431993067074,2206.075398677983,519.4900464676043,0.6253076872696814,0.4317049716408823
5_130,0.1,42,259,0.06665274116248465,-1770.5223682249086,1.179453360934038,162122.9952566201,160544.89422840282,443.0269277705129,0.4317049716408823
5_130,0.1,42,260,0.06639376133521471,-1769.577086430241,1.1522999325573011,162035.001616713,160461.7314584967,442.79645017898883,0.4317049716408823
5_130,0.1,42,261,0.06613880910618089,-1769.708473607994,1.2122724163951264,162121.79269557746,160469.68210365315,442.8275969734271,0.4317049716408823
5_130,0.1,42,262,0.06588782183904693,-1769.6710611934125,1.2269119915525675,162107.8018146457,160466.08500629838,442.8164438697817,0.4317049716408823
5_130,0.1,42,263,0.06564073787158327,-1769.6710611934125,1.0625391987324762,162107.8018146457,160466.08500629838,442.8164438697817,0.4317049716408823
5_130,0.1,42,264,0.06539749650051803,-3649.271698765391,1.2044119850574666,331911.8522076587,330392.08276443655,912.5881746913478,0.4317049716408823
5_130,0.1,42,265,0.06515803796662348,-1769.6710611934125,1.0923077625418038,162107.8018146457,160466.08500629838,442.8164438697817,0.4317049716408823
5_130,0.1,42,266,0.06492230344003448,-1769.4419509913707,0.874639975704112,162162.04856715977,160442.73711123774,442.7609163192713,0.4317049716408823
5_130,0.1,42,267,0.06469023500579518,-1769.6710611934125,0.993813787822913,162107.8018146457,160466.08500629838,442.8164438697817,0.4317049716408823
5_130,0.1,42,268,0.06446177564963067,-1769.152728795595,0.837543039281865,161802.78768419198,160430.99070419648,442.68803934175594,0.4317049716408823
5_130,0.1,42,269,0.06423686924393959,-1769.4419509913707,1.1618003249753484,162162.04856715977,160442.73711123774,442.7609163192713,0.4317049716408823
5_130,0.1,42,270,0.064015460534005,-1769.6710611934125,1.0111125577191333,162107.8018146457,160466.08500629838,442.8164438697817,0.4317049716408823
5_130,0.1,42,271,0.0637974951244193,-1769.6710611934125,1.2283476598455776,162107.8018146457,160466.08500629838,442.8164438697817,0.4317049716408823
5_130,0.1,42,272,0.06358291946572056,-1769.6710611934125,1.135125103369042,162107.8018146457,160466.08500629838,442.8164438697817,0.4317049716408823
5_130,0.1,42,273,0.06337168084123639,-3869.5976409699006,1.115155014834222,352097.5893518791,350305.16968654684,967.6725888139038,0.4317049716408823
5_130,0.1,42,274,0.06316372735413278,-1769.7041091081219,1.0001074793680886,162088.24699805235,160469.37396203383,442.822880848459,0.4317049716408823
5_130,0.1,42,275,0.06295900791466405,-1769.6710611934125,1.1733373344831468,162107.8018146457,160466.08500629838,442.8164438697817,0.4317049716408823
5_130,0.1,42,276,0.06275747222762111,-1769.4610769302708,0.9266266876675502,162143.01748329398,160445.24582538236,442.7653478039963,0.4317049716408823
5_130,0.1,42,277,0.06255907077997513,-1769.510979690463,0.957436423897666,162247.18539643608,160444.96831950595,442.77672349404435,0.4317049716408823
5_130,0.1,42,278,0.062363754828713217,-0.6306007908048041,1.1673942222147087,2208.8174577519953,538.9906332185145,0.6772716262726296,0.4317049716408823
5_130,0.1,42,279,0.06217147638886324,-1769.6710611934125,1.0457151620204959,162107.8018146457,160466.08500629838,442.8164438697817,0.4317049716408823
5_130,0.1,42,280,0.06198218822170495,-1769.6710611934125,0.9190724088177404,162107.8018146457,160466.08500629838,442.8164438697817,0.4317049716408823
5_130,0.1,42,281,0.06179584382316449,-2100.478181017984,1.143927911099024,192339.47417403423,190365.4589092989,525.5163809687817,0.4317049716408823
5_130,0.1,42,282,0.06161239741238927,-1769.3918600346885,1.0546929168952104,162143.36103806397,160438.98950732392,442.7488185801007,0.4317049716408823
5_130,0.1,42,283,0.06143180392050065,-1769.695188506428,1.1359150849304407,162102.24099091408,160468.3045944326,442.82167569803556,0.4317049716408823
5_130,0.1,42,284,0.06125401897952138,-1769.8407546545961,1.1371572718894878,161923.7904534287,160489.322395687,442.8565922350776,0.4317049716408823
5_130,0.1,42,285,0.06107899891147547,-1769.695188506428,0.7752374324242102,162102.24099091408,160468.3045944326,442.82167569803556,0.4317049716408823
5_130,0.1,42,286,0.060906700717657275,-1769.6025845819177,1.0444727849540607,162180.42409862197,160457.18817612462,442.80132471690797,0.4317049716408823
5_130,0.1,42,287,0.060737082068067785,-1769.695188506428,1.0010325953641976,162102.24099091408,160468.3045944326,442.82167569803556,0.4317049716408823
5_130,0.1,42,288,0.06057010129101494,-1769.577086430241,1.1631446952453879,162035.001616713,160461.7314584967,442.79645017898883,0.4317049716408823
5_130,0.1,42,289,0.06040571736287584,-1769.4660783043862,1.1865011026593075,162156.48774342815,160444.95669937195,442.76614814752514,0.4317049716408823
5_130,0.1,42,290,0.06024388989801807,-1769.695188506428,1.1549893406699505,162102.24099091408,160468.3045944326,442.82167569803556,0.4317049716408823
5_130,0.1,42,291,0.06008457913887785,-1769.695188506428,1.364512760890408,162102.24099091408,160468.3045944326,442.82167569803556,0.4317049716408823
5_130,0.1,42,292,0.05992774594619241,-1770.3016493404716,1.1466017088230618,162219.9969186876,160521.02525103127,442.9749909065465,0.4317049716408823
5_130,0.1,42,293,0.05977335178938433,-1769.7620621740996,0.918052104814296,161884.9860355564,160483.93870069037,442.837822686382,0.4317049716408823
5_130,0.1,42,294,0.059621358737095426,-1769.663185626191,1.0864879969476189,161991.30629424157,160469.71927486328,442.81252497797635,0.4317049716408823
5_130,0.1,42,295,0.05947172944786773,-1769.6083064908278,1.1668268787148979,161935.80111629597,160468.08933569456,442.8017551941355,0.4317049716408823
5_130,0.1,42,296,0.059324427160969605,-0.5632802790845205,1.271635397270277,2096.027123035892,538.5742443302985,0.6630557840568444,0.4317049716408823
5_130,0.1,42,297,0.05917941568736433,-1769.6710611934125,0.9602629215095089,162107.8018146457,160466.08500629838,442.8164438697817,0.4317049716408823
5_130,0.1,42,298,0.05903665940081926,-1770.8360352662673,1.4136951476846356,162019.91959262884,160579.23331346174,443.10588738799544,0.4317049716408823
5_130,0.1,42,299,0.058896123229153184,-1769.7598336298965,0.9693871477238887,162213.10896380394,160469.09223519114,442.83665126461705,0.4317049716408823
5_130,0.1,42,300,0.05875777264561992,-1769.621979899954,1.1501493627964743,162303.28208604633,160452.37969683777,442.8028735464171,0.4317049716408823
5_130,0.1,42,301,0.05862157366042571,-1769.5978525869389,1.2662669367470087,162308.84290977794,160450.16010870357,442.79764171816333,0.4317049716408823
5_130,0.1,42,302,0.058487492812378764,-1769.5978525869389,1.1882517760537117,162308.84290977794,160450.16010870357,442.79764171816333,0.4317049716408823
5_130,0.1,42,303,0.05835549716066848,-1769.621979899954,1.2356002929418144,162303.28208604633,160452.37969683777,442.8028735464171,0.4317049716408823
5_130,0.1,42,304,0.05822555427677263,-0.645259483626354,1.1318315314444996,2006.204535408582,549.1959812629223,0.6807434423351599,0.4317049716408823
5_130,0.1,42,305,0.05809763223649032,-1769.4660783043862,0.8915310668187926,162156.48774342815,160444.95669937195,442.76614814752514,0.4317049716408823
5_130,0.1,42,306,0.057971699612098956,-1769.621979899954,0.9144747348882879,162303.28208604633,160452.37969683777,442.8028735464171,0.4317049716408823
5_130,0.1,42,307,0.05784772546463305,-1769.688853567626,1.0789989042725903,162086.02713068863,160468.01380309556,442.81902053476364,0.4317049716408823
5_130,0.1,42,308,0.05772567933628324,-0.41476707512717725,0.7534326796870351,2345.467639085867,513.2340986169336,0.6249453402103657,0.4317049716408823
5_130,0.1,42,309,0.05760553124291343,-0.14764116909271113,1.0888837948185688,2231.140663518888,495.0436243142406,0.5634781494160349,0.4317049716408823
5_130,0.1,42,310,0.05748725166669427,-1769.783624646261,1.202905760556869,162018.25029705346,160481.8258563552,442.8477204472795,0.4317049716408823
5_130,0.1,42,311,0.05737081154885137,-1769.5978525869389,1.5065134655676793,162308.84290977794,160450.16010870357,442.79764171816333,0.4317049716408823
5_130,0.1,42,312,0.057256182282526054,-1769.485063366457,1.2321554357688633,162180.50277467354,160445.52469040392,442.77044441304287,0.4317049716408823
5_130,0.1,42,313,0.057143335705747374,-1769.5978525869389,0.9888252391695149,162308.84290977794,160450.16010870357,442.79764171816333,0.4317049716408823
5_130,0.1,42,314,0.05703224409451321,-1657.8890795615894,1.056984473788303,152111.7529228746,150354.4924428354,414.8748627475402,0.4317049716408823
5_130,0.1,42,315,0.056922880155979176,-3869.597559343959,1.0879709803808313,352189.7515696901,350301.10539693997,967.6725398359897,0.4317049716408823
5_130,0.1,42,316,0.05681521702175326,-1769.5978525869389,1.1202527855826845,162308.84290977794,160450.16010870357,442.79764171816333,0.4317049716408823
5_130,0.1,42,317,0.05670922824129488,-1769.5978525869389,1.062676222283675,162308.84290977794,160450.16010870357,442.79764171816333,0.4317049716408823
5_130,0.1,42,318,0.05660488777541653,-1769.5978525869389,0.985169504034398,162308.84290977794,160450.16010870357,442.79764171816333,0.4317049716408823
5_130,0.1,42,319,0.056502169989886525,-1769.379196288786,1.1877934551715756,161990.04786881004,160444.74144063392,442.7462276436251,0.4317049716408823
5_130,0.1,42,320,0.056401049649131195,-1769.5978525869389,1.307180876431135,162308.84290977794,160450.16010870357,442.79764171816333,0.4317049716408823
5_130,0.3,42,1,1.0,-3179.0295986298156,,331405.9445532505,330345.1995140293,794.9966663241205,794.9966663241205
5_130,0.3,42,2,0.9852258055592246,-0.859258739383962,,1688.6656696872362,569.0154525953052,0.7049646848459905,0.7049646848459905
5_130,0.3,42,3,0.9706813761935793,-1444.8379673136303,,151388.00911028485,150417.3558294617,361.5837668284076,0.7049646848459905
5_130,0.3,42,4,0.9563631386463322,-0.2914366222821418,0.9167678872470235,1678.3161047904632,504.9961054162272,0.5694841555705354,0.5694841555705354
5_130,0.3,42,5,0.9422675752312664,-2890.843570510689,0.7476193135263205,301379.00456536654,300455.13512010867,722.9545092943389,0.5694841555705354
5_130,0.3,42,6,0.9283912229684601,-0.7041301567221417,0.8948562869325611,1720.2840809409076,546.3188688558389,0.6692408725138688,0.5694841555705354
5_130,0.3,42,7,0.9147306727335057,-1.4953381224369091,0.7687257104274999,1615.5032077256622,662.9115214756965,0.8728595306092273,0.5694841555705354
5_130,0.3,42,8,0.9012825684199611,-1541.8563853565443,0.6401703309477746,161531.08389333007,160474.47062300693,385.83772133913607,0.5694841555705354
5_130,0.3,42,9,0.888043606114825,-1.992011389302585,0.9278762954944696,1907.1142025178033,669.4943182004313,0.9881278473256463,0.5694841555705354
5_130,0.3,42,10,0.8750105332868364,-0.9430189203108231,0.7354817066654384,1526.7412337841688,608.9573833342091,0.7307630634110391,0.5694841555705354
5_130,0.3,42,11,0.8621801479873967,-0.8286719108569603,0.67288154853996,1905.7607069579021,530.0327243487774,0.7003846443809068,0.5694841555705354
5_130,0.3,42,12,0.8495492980639193,-0.9272574258744676,0.6535357273431899,1958.2026175365645,532.6488817631547,0.7240643564686169,0.5694841555705354
5_130,0.3,42,13,0.837114880385412,-0.814734361001358,0.6820254190149689,1817.2804087202746,539.9327358189902,0.6899169235836728,0.5694841555705354
5_130,0.3,42,14,0.8248738400801048,-1444.943823559455,0.6369899419523054,151747.65247596343,150364.81268659298,361.60097255653045,0.5694841555705354
5_130,0.3,42,15,0.8128231697849323,-3276.153180357848,0.6475633914377662,341972.8509781356,340341.69090340176,819.273570089462,0.5694841555705354
5_130,0.3,42,16,0.8009599089066888,-0.3651540628792036,0.6086663276680334,1789.5737007097662,493.32040203420297,0.5842385157198009,0.5694841555705354
5_130,0.3,42,17,0.7892811428946735,-1.4726394829544165,0.7824824815183419,1725.1740474471278,638.0711970274879,0.8599432040719375,0.5694841555705354
5_130,0.3,42,18,0.7777840025246476,-1541.4185399686646,0.6930745132902184,161646.82696262863,160398.9935292065,385.7226183254995,0.5694841555705354
5_130,0.3,42,19,0.7664656631939266,0.11476386871602881,0.7936747430125934,1832.8901434917484,427.7070802843781,0.46419236615432613,0.46419236615432613
5_130,0.3,42,20,0.7553233442274359,-1349.3105372395546,0.6598789750354508,141506.1433454602,140496.01103649582,337.70058430988865,0.46419236615432613
5_130,0.3,42,21,0.7443543081945577,-1444.8890750333267,0.6075449259750846,151435.87769403443,150415.47765465084,361.59659375833166,0.46419236615432613
5_130,0.3,42,22,0.7335558602366034,-1.5663058597674573,0.6291175798680886,1602.2582731681257,670.3690877347906,0.8836014649418643,0.46419236615432613
5_130,0.3,42,23,0.7229253474047432,-1349.2299646455092,0.6869366942296661,141525.65214291032,140483.7824606347,337.68219949471063,0.46419236615432613
5_130,0.3,42,24,0.7124601580082336,-1735.5367527615615,0.7012339810728575,182129.96219842922,180484.0167905047,434.2390715237237,0.46419236615432613
5_130,0.3,42,25,0.7021577209727804,-2.1406517815724846,0.7954806741891015,1990.3754444748834,670.6206428867541,1.0194879453931212,0.46419236615432613
5_130,0.3,42,26,0.6920155052088806,-1446.6232045279858,0.858933222370432,151279.86452009538,150650.21724568456,362.0257094653298,0.46419236615432613
5_130,0.3,42,27,0.6820310189899872,-2986.230324923569,0.790023663971521,311611.66627445025,310301.286917516,746.8051562308922,0.46419236615432613
5_130,0.3,42,28,0.6722018093403456,-1445.2316899364853,0.7916122778606915,151675.6988555311,150411.2460060813,361.6715224841213,0.46419236615432613
5_130,0.3,42,29,0.6625254614323491,-0.24092312552522988,0.7891977546784256,1930.5311067445728,455.9572417055927,0.5564391147146408,0.46419236615432613
5_130,0.3,42,30,0.6529995979932678,-1542.1601596682606,0.8466745831122665,161699.4993798824,160480.8480558909,385.90959825039846,0.46419236615432613
5_130,0.3,42,31,0.6436218787212026,-0.9735681057306226,0.9015598292802378,1627.3143513121217,595.4576827232146,0.7380336930993223,0.46419236615432613
5_130,0.3,42,32,0.634389999710123,-1445.1107346743925,0.80898287817833,151741.67894311124,150383.0799167987,361.63651700193145,0.46419236615432613
5_130,0.3,42,33,0.6253016928838472,-1.4266132566852163,0.8109659345553666,2053.9404844529486,576.4046280403285,0.8475866475046374,0.46419236615432613
5_130,0.3,42,34,0.6163547254388225,-1543.5094196110401,0.6279401543780867,161589.13011612717,160662.41465442168,386.24510490276003,0.46419236615432613
5_130,0.3,42,35,0.607546899295575,-0.6955765719916817,0.9039479439449633,1792.5231771645745,530.334388746949,0.6615108096645871,0.46419236615432613
5_130,0.3,42,36,0.5988760505586863,-1.639143818744808,0.8674133363016401,1750.2795266533299,654.3602181716249,0.9022526213528687,0.46419236615432613
5_130,0.3,42,37,0.5903400489851716,-1.0504437517314253,0.7618684728359999,1897.8275314505718,557.6082012887865,0.7544192712661897,0.46419236615432613
5_130,0.3,42,38,0.581936797461124,-2.4355852260159,0.787112310101068,1975.4960604210473,708.8626043970788,1.093071306503975,0.46419236615432613
5_130,0.3,42,39,0.5736642314864987,-1541.570893257759,0.6246498058824589,161761.037676029,160397.73308944143,385.7598566477731,0.46419236615432613
5_130,0.3,42,40,0.5655203186679085,-1444.9782533077696,0.8119234328999803,151333.53929449734,150443.228770699,361.61806332694243,0.46419236615432613
5_130,0.3,42,41,0.5575030582193081,-0.43613928543736724,0.6386246322183736,1586.4705898491602,536.2327526234868,0.6017931546926751,0.46419236615432613
5_130,0.3,42,42,0.5496104804704447,-1542.3561411837948,0.7256375315833165,161703.2862159428,160501.27402277262,385.95299362928205,0.46419236615432613
5_130,0.3,42,43,0.5418406463829504,-1832.0227175089583,0.8658656641229581,191656.6899716072,190585.85106627745,458.3701710439062,0.46419236615432613
5_130,0.3,42,44,0.5341916470739625,-1444.9696999896719,0.6483976107779592,151896.27663821506,150339.4541453218,361.60057499741794,0.46419236615432613
5_130,0.3,42,45,0.5266616033471518,-0.19053924175575274,0.6683228684452281,1793.2254601020757,470.06522353717855,0.5376098104389382,0.46419236615432613
5_130,0.3,42,46,0.519248665231044,-1444.754854790119,0.7765844792314127,151634.11539765054,150367.83029157147,361.56758869752974,0.46419236615432613
5_130,0.3,42,47,0.5119510115245198,-1445.7177152205209,0.8130098878572494,152013.6571359196,150412.90026090623,361.79280380513023,0.46419236615432613
5_130,0.3,42,48,0.504766849349387,-0.46235666247979607,0.660369931110458,1556.8792487105397,546.7635448741064,0.613164165619949,0.46419236615432613
5_130,0.3,42,49,0.49769441370990625,-1444.9355515607017,0.8430904545494583,151714.93960635288,150367.85496514474,361.5958295568421,0.46419236615432613
5_130,0.3,42,50,0.4907319670591703,-1.7610835942940934,0.7969624421263288,1736.8409215142979,669.8978991399367,0.9295708985735234,0.46419236615432613
5_130,0.3,42,51,0.4838777988722253,-1.0394598479058494,0.8669426576608256,1745.2767098524232,585.414813809643,0.7584899619764623,0.46419236615432613
5_130,0.3,42,52,0.47713022522583176,-2889.3665091441667,0.6603568044897612,301579.37962818233,300242.0973775544,722.5855689527084,0.46419236615432613
5_130,0.3,42,53,0.47048758838475946,-1.6430794909509392,0.8255625087759334,1692.3985550090558,664.2460582222458,0.9024282060710681,0.46419236615432613
5_130,0.3,42,54,0.4639482563945182,-1542.530316344576,1.178569587975659,161997.5087320281,160469.28116767356,385.98971241947737,0.46419236615432613
5_130,0.3,42,55,0.4575106226804207,-2890.0904356581655,0.7117523260098017,301895.5618138852,300273.298365916,722.7601172478747,0.46419236615432613
5_130,0.3,42,56,0.45117310565288166,-1.7567066063621462,0.8559762627378007,1797.2366786700036,660.4105778972155,0.9310933182572032,0.46419236615432613
5_130,0.3,42,57,0.44493414831885486,-2889.499327907942,0.7481260451067326,301480.2501725955,300275.2489783305,722.6192819769856,0.46419236615432613
5_130,0.3,42,58,0.438792217899313,-0.14672926746195802,0.6627175684444524,1625.7606222572379,496.75293577807616,0.5341739835321562,0.46419236615432613
5_130,0.3,42,59,0.43274580545267627,-2985.877984111906,0.924033904391543,311594.28372940025,310259.9179808427,746.7138793613098,0.46419236615432613
5_130,0.3,42,60,0.4267934255040983,-1541.5130974860867,0.8383871880705623,161521.14619223983,160433.16234123663,385.7491660381884,0.46419236615432613
5_130,0.3,42,61,0.42093361568051574,-1542.0920127616687,0.8164181775800154,161653.1920796145,160479.556428064,385.89078652375053,0.46419236615432613
5_130,0.3,42,62,0.4151649363513749,-3179.6265033691034,0.866004291195803,331816.2538626279,330349.7472308172,795.1491425089424,0.46419236615432613
5_130,0.3,42,63,0.40948597027494477,-1.5278380622790748,0.8625929646414068,1892.115812533831,617.6523250795027,0.8761095155697687,0.46419236615432613
5_130,0.3,42,64,0.4038953222501312,-1445.4407789836382,1.0003950251450757,151806.8394479162,150414.06550764153,361.7230697459095,0.46419236615432613
5_130,0.3,42,65,0.3983916187737056,-1446.3476242744953,0.746879073595592,151628.43836427483,150558.12124990695,361.9575810686238,0.46419236615432613
5_130,0.3,42,66,0.3929735077028642,-1542.488682533558,0.8397364251063234,162022.80688797715,160461.6922982141,385.9829039667228,0.46419236615432613
5_130,0.3,42,67,0.38763965792303584,-1445.1025026791283,0.9625716321858826,151640.01179289792,150404.02877521084,361.6442090031154,0.46419236615432613
5_130,0.3,42,68,0.38238875902085495,-1445.4850102719959,0.8639363291410191,151612.9165780519,150455.01232482455,361.739777567999,0.46419236615432613
5_130,0.3,42,69,0.37721952096222106,-1444.8496749312837,1.0230429629130469,151381.20715189155,150419.62911146766,361.5860770661543,0.46419236615432613
5_130,0.3,42,70,0.372130673775365,-0.43202288153759194,0.8474837446640237,1769.057286710381,505.6382209629789,0.602455720384398,0.46419236615432613
5_130,0.3,42,71,0.3671209672388437,-0.567607517339825,0.8940919151593156,1501.8277887198406,570.5379998616453,0.6429352126682896,0.46419236615432613
5_130,0.3,42,72,0.3621891705743874,-1444.8685727580194,0.6329736588969608,151717.62060149095,150361.6548055978,361.58399318950484,0.46419236615432613
5_130,0.3,42,73,0.35733407214452373,-1445.3309752115697,1.164173045378478,151681.3591581131,150425.48101731666,361.7028188028924,0.46419236615432613
5_130,0.3,42,74,0.35255447915490423,-1.417159063322937,0.5725319345735841,1937.3779854163436,593.9663673664437,0.8431064324974009,0.46419236615432613
5_130,0.3,42,75,0.3478492173612599,-1445.1927420033855,0.7458861896583515,151861.770871806,150375.91886780245,361.6636521675131,0.46419236615432613
5_130,0.3,42,76,0.3432171307809146,-1445.7009445564909,1.0385009235334863,151545.1078777887,150495.77193847194,361.80008613912275,0.46419236615432613
5_130,0.3,42,77,0.3386570814087846,-1.973499207417027,0.8716585579522785,1811.3803379476271,683.7933000812716,0.9841914685209234,0.46419236615432613
5_130,0.3,42,78,0.3341679489377949,-2889.200856390872,0.8493322209269689,301549.4592066272,300229.2150281479,722.5485974310513,0.46419236615432613
5_130,0.3,42,79,0.32974863048364406,-2889.925336101091,1.0651576158190248,301894.04167699505,300254.50919714157,722.7208840252728,0.46419236615432613
5_130,0.3,42,80,0.3253980403138483,-1445.8500699600902,0.9120178758276326,151814.87252453144,150463.8404276226,361.8284008233559,0.46419236615432613
5_130,0.3,42,81,0.32111510958100054,-1445.601779022321,0.9630742132688057,151929.01095609888,150412.61578538085,361.76269475558024,0.46419236615432613
5_130,0.3,42,82,0.3168987860601775,-1445.340523916241,0.8900535022264071,151759.68480295176,150410.97043789283,361.7002476457269,0.46419236615432613
5_130,0.3,42,83,0.31274803389043004,-1445.8761425115185,0.823808611733283,151772.29237112976,150475.59819348162,361.837768961213,0.46419236615432613
5_130,0.3,42,84,0.30866183332029457,-1445.2789675119193,1.0323763878493182,151642.65826250895,150426.43800243025,361.69129187797984,0.46419236615432613
5_130,0.3,42,85,0.3046391804572615,-0.8994527218965827,0.9642213010755721,1754.3726139790788,565.0982372283295,0.7198131804741457,0.46419236615432613
5_130,0.3,42,86,0.3006790870211401,-1445.1839527587138,0.808920106399207,151763.01330590036,150393.9043558358,361.66625485634506,0.46419236615432613
5_130,0.3,42,87,0.29678058010125963,-2986.907033938066,0.9210696038652605,311805.93166183186,310344.96110293805,746.9628751511832,0.46419236615432613
5_130,0.3,42,88,0.2929427019174456,-2889.552198773223,0.8783518113739035,301719.99934255314,300240.6337355437,722.6315996933058,0.46419236615432613
5_130,0.3,42,89,0.28916450958471324,-1445.0659935813023,0.9264267875518257,151810.73078954988,150366.4634086841,361.6263733953256,0.46419236615432613
5_130,0.3,42,90,0.28544507488162135,-1446.7351021697825,0.8752306004423704,151673.87844250654,150594.14110010708,362.04762554244564,0.46419236615432613
5_130,0.3,42,91,0.28178348402222775,-2889.6669181038233,0.8174608728337471,301575.91294052266,300277.9831907366,722.6582795259559,0.46419236615432613
5_130,0.3,42,92,0.27817883743159105,-0.7862129833510437,0.6982199411847407,1755.3355565614274,547.1783358437353,0.6832365791710943,0.46419236615432613
5_130,0.3,42,93,0.27463024952476534,-1445.2392517015526,0.9594700764741868,151905.89450286792,150371.924042743,361.67081292538813,0.46419236615432613
5_130,0.3,42,94,0.27113684848922975,-1445.1033107981175,0.9464328688388427,151801.19153701785,150376.62499311825,361.6439776995294,0.46419236615432613
5_130,0.3,42,95,0.2676977760707032,-2889.3627532817727,0.8975428777123143,301534.3862721583,300248.9808171475,722.5840549871098,0.46419236615432613
5_130,0.3,42,96,0.2643121873622896,-2987.0470729733706,0.9082719939600963,312028.77549485146,310321.4736420163,746.9922182433427,0.46419236615432613
5_130,0.3,42,97,0.2609792505969018,-4431.2060142918,0.8743031509423907,461501.26263141545,460230.331092226,1107.91655357295,0.46419236615432613
5_130,0.3,42,98,0.25769814694291476,-1445.0205563822972,0.9311882839413567,151796.67950246137,150363.68807414427,361.61575576224095,0.46419236615432613
5_130,0.3,42,99,0.25446807030299534,-1446.5810680955008,0.8737783906608243,151735.8900842757,150565.6259996333,362.0105170238752,0.46419236615432613
5_130,0.3,42,100,0.2512882271160621,-1444.911670281393,0.781110376014701,151939.55469456024,150326.61246742847,361.58921757034824,0.46419236615432613
5_130,0.3,42,101,0.2481578361623234,-0.5715115523866904,0.8630360815268704,1718.076526011879,529.3065199696193,0.6334278880966726,0.46419236615432613
5_130,0.3,42,102,0.2450761283713493,-1.908686406342968,0.614780887759585,1818.950122319548,672.3353574718919,0.9632299349190754,0.46419236615432613
5_130,0.3,42,103,0.24204234663312607,-1.7468022127624576,0.7143242778058042,1980.8254880742534,624.5544305491823,0.9212672198572811,0.46419236615432613
5_130,0.3,42,104,0.23905574561205173,-1445.2129550439242,1.061425135077821,152070.67399067828,150338.8289047752,361.66011376098106,0.46419236615432613
5_130,0.3,42,105,0.23611559156382206,-0.9209975196864648,0.8789555042892168,1841.261661423198,551.9488818032943,0.7230327132549496,0.46419236615432613
5_130,0.3,42,106,0.2332211621551653,-1542.7309827179333,0.7628897858448511,161869.34576725852,160515.53881691938,386.04029567948334,0.46419236615432613
5_130,0.3,42,107,0.23037174628638085,-1446.9319467749528,0.9778328052056434,151665.2011227336,150620.5689586117,362.0990366937382,0.46419236615432613
5_130,0.3,42,108,0.2275666439166364,-2889.3934815546027,0.8836731733056663,301439.88073271286,300269.97444832645,722.5943370553173,0.46419236615432613
5_130,0.3,42,109,0.2248051658919834,-2889.6612547141945,0.9724941116235696,301668.7995137787,300260.5080315296,722.6546803452153,0.46419236615432613
5_130,0.3,42,110,0.22208663377604637,-1.5487850321474466,1.027516883400335,1923.8731749872468,611.4271447519608,0.8743629247035283,0.46419236615432613
5_130,0.3,42,111,0.21941037968334542,-2889.5314153509203,0.8791556163500978,301616.6894329026,300254.9244216864,722.62500383773,0.46419236615432613
5_130,0.3,42,112,0.21677574611521144,-2889.695385324119,0.8940794492349605,301718.347363802,300256.1070414497,722.6628963310297,0.46419236615432613
5_130,0.3,42,113,0.21418208579825188,-2986.828940725078,0.767456607463103,311922.1092619711,310311.99250849686,746.9354851812695,0.46419236615432613
5_130,0.3,42,114,0.21162876152533033,-1.978677920022269,1.0373043745600887,1892.8497897489963,667.9246977268948,0.9799194800055673,0.46419236615432613
5_130,0.3,42,115,0.20911514599901782,-2889.4997196248505,0.7446268970196075,301582.2981237429,300257.6047713699,722.6185299062126,0.46419236615432613
5_130,0.3,42,116,0.20664062167747893,-1.0332259050037318,0.9023525741386044,1801.3688688060001,572.7614718654106,0.7519898095842663,0.46419236615432613
5_130,0.3,42,117,0.20420458062275576,-1.1501469249597043,0.9049367854612065,1827.1246718303942,582.3076424890738,0.780636731239926,0.46419236615432613
5_130,0.3,42,118,0.2018064243514096,-2889.405132763265,0.9486465711885217,301636.23813893663,300237.49334351486,722.5959165241496,0.46419236615432613
5_130,0.3,42,119,0.1994455636874869,-1445.1295543966137,0.6432936428322085,151767.66908131738,150384.5395816769,361.6485885991534,0.46419236615432613
5_130,0.3,42,120,0.19712141861777083,-1445.7890340798256,0.889461564569039,151724.99563539246,150471.78036414963,361.8134085199564,0.46419236615432613
5_130,0.3,42,121,0.19483341814928484,-1.4896581256180668,0.8846070343182884,1846.957838369466,619.7747887222657,0.8647311980711834,0.46419236615432613
5_130,0.3,42,122,0.19258100016901147,-1.6040546794285522,0.77326845663669,1882.925995561011,625.9341556049812,0.889963669857138,0.46419236615432613
5_130,0.3,42,123,0.19036361130579338,-1445.2887555956813,1.005251773501827,151745.65474378294,150407.2248824422,361.6876388989203,0.46419236615432613
5_130,0.3,42,124,0.18818070679438154,-1445.2599905267052,0.7902645891124881,151714.01479249966,150407.78034812748,361.6777476316763,0.46419236615432613
5_130,0.3,42,125,0.1860317503415984,-1444.9949515584083,0.8896337606429394,151721.22791396955,150375.73499751798,361.6142545562687,0.46419236615432613
5_130,0.3,42,126,0.1839162139945818,-2889.5314153509203,1.081208610433889,301616.6894329026,300254.9244216864,722.62500383773,0.46419236615432613
5_130,0.3,42,127,0.18183357801107813,-2889.567549880588,0.7293872923978115,301695.7258023884,300244.35759317636,722.6308041368137,0.46419236615432613
5_130,0.3,42,128,0.17978333073175307,-1445.669175303786,0.9729659258436488,151918.04703339274,150420.46733989066,361.77504382594645,0.46419236615432613
5_130,0.3,42,129,0.17776496845448742,-1445.2916102501906,1.0513040823258308,151879.19624168624,150383.0177726361,361.68435256254764,0.46419236615432613
5_130,0.3,42,130,0.17577799531062827,-1445.415492169868,1.090919179652368,151948.12229991745,150387.29653269725,361.7172063758003,0.46419236615432613
5_130,0.3,42,131,0.1738219231431649,-1445.3071896431468,0.9968008437660453,151878.7310200235,150386.12014254602,361.69058074412,0.46419236615432613
5_130,0.3,42,132,0.17189627138679878,-1445.4284826953933,0.9037225862549537,151854.00395112048,150404.96332573085,361.7207706738483,0.46419236615432613
5_130,0.3,42,133,0.1700005669498786,-1.193739004674314,1.0523628969701586,2066.1938031745817,543.6836235010521,0.7844597511685785,0.46419236615432613
5_130,0.3,42,134,0.16813434409817252,-1445.13045062043,0.9924127440508382,151510.46667677508,150430.6988938446,361.6539626551075,0.46419236615432613
5_130,0.3,42,135,0.16629714434044632,-1445.3566390837223,1.0693208979821653,152062.17784249104,150355.63878924656,361.69177643759724,0.46419236615432613
5_130,0.3,42,136,0.16448851631582245,-1446.4591700825101,0.897509811292176,151988.58088103714,150506.61294952375,361.97709252062754,0.46419236615432613
5_130,0.3,42,137,0.16270801568288995,-4431.212977300194,0.7442318605956012,461575.00936514203,460217.1194458365,1107.915060991715,0.46419236615432613
5_130,0.3,42,138,0.16095520501053945,-2987.054371100278,0.9802212226498697,311591.42313345335,310402.3927319228,747.0063594417361,0.46419236615432613
5_130,0.3,42,139,0.1592296536704954,-1446.1767469291738,0.872677307736035,151682.68346215313,150525.15908645059,361.9086033989601,0.46419236615432613
5_130,0.3,42,140,0.15753093773152022,-1445.017580126653,0.8748268948784694,152026.25729501268,150324.79380599115,361.6157116983299,0.46419236615432613
5_130,0.3,42,141,0.15585863985526294,-4430.999302056028,1.0150824518600772,461671.91369674104,460177.6099466652,1107.867475514007,0.46419236615432613
5_130,0.3,42,142,0.15421234919372853,-4431.070511538896,0.824790714783774,461542.03912379534,460207.2723231758,1107.883277884724,0.46419236615432613
5_130,0.3,42,143,0.152591661288341,-4431.126039377706,1.0905865505014591,461491.4602778059,460222.81851577933,1107.8976598444262,0.46419236615432613
5_130,0.3,42,144,0.15099617797057668,-1445.541379151563,1.2057600822596748,151916.28839954425,150407.39087851514,361.74749478789073,0.46419236615432613
5_130,0.3,42,145,0.14942550726414244,-2986.792175768463,1.0204551927934973,311515.15984450554,310384.6166399341,746.9431439421157,0.46419236615432613
5_130,0.3,42,146,0.14787926328867598,-2986.162562250116,0.6815129765541943,311489.68669485865,310312.1672559315,746.7850238958623,0.46419236615432613
5_130,0.3,42,147,0.1463570661649425,-2889.8331795227205,1.0628080754549762,301657.64456339047,300283.0161402297,722.6971532140135,0.46419236615432613
5_130,0.3,42,148,0.1448585419215072,-2988.214122856003,0.845159408383509,311648.9823573087,310530.5304979531,747.2903807140008,0.46419236615432613
5_130,0.3,42,149,0.14338332240285795,-1445.0990455062051,1.0399747181314773,151651.82179538184,150403.75363797086,361.6477613765513,0.46419236615432613
5_130,0.3,42,150,0.1419310451789575,-1445.5429167899292,0.8781441373081373,151725.07699037078,150441.01399400516,361.7500625308156,0.46419236615432613
5_130,0.3,42,151,0.14050135345620207,-1445.270931235498,0.9340799574092701,152089.13705076714,150341.8531241314,361.6727828088745,0.46419236615432613
5_130,0.3,42,152,0.13909389598976496,-2987.519883416093,0.9468503390119551,311456.78331834817,310479.57669626805,747.1183875206899,0.46419236615432613
5_130,0.3,42,153,0.13770832699730284,-4431.065081706081,1.0415166341106517,461645.8961590843,460187.87895213946,1107.8795537598535,0.46419236615432613
5_130,0.3,42,154,0.13634430607400466,-4431.070511538896,0.8959742469495902,461542.03912379534,460207.2723231758,1107.883277884724,0.46419236615432613
5_130,0.3,42,155,0.13500149810896128,-2986.880951371755,0.9081017765915318,311649.7336675634,310370.8488470196,746.9617211762721,0.46419236615432613
5_130,0.3,42,156,0.13367957320283602,-2987.930590959812,0.6909246992301272,311551.3340951218,310516.5368121366,747.227497739953,0.46419236615432613
5_130,0.3,42,157,0.13237820658681518,-1542.538166450902,1.1326516707052252,161767.4310672071,160513.99354261623,386.0015666127255,0.46419236615432613
5_130,0.3,42,158,0.13109707854281938,-2986.8801400912384,0.9069607444669338,311838.74257397203,310337.6140023781,746.9591850228096,0.46419236615432613
5_130,0.3,42,159,0.12983587432495577,-4431.070511538896,1.1098655106448263,461542.03912379534,460207.2723231758,1107.883277884724,0.46419236615432613
5_130,0.3,42,160,0.12859428408219134,-4431.030273220049,1.0332311733019464,461678.35918708326,460177.73684188316,1107.8699849716788,0.46419236615432613
5_130,0.3,42,161,0.1273720027822294,-2986.715926456159,0.9151741539247154,311852.4312118954,310314.9776106972,746.9173316140398,0.46419236615432613
5_130,0.3,42,162,0.12616873013656954,-4431.166296426706,0.8734798178177968,461661.3454402304,460196.85137226945,1107.9034241066765,0.46419236615432613
5_130,0.3,42,163,0.12498417052673307,-4430.983072746765,1.0657889298566643,461601.4280557541,460187.5750983336,1107.8634181866912,0.46419236615432613
5_130,0.3,42,164,0.12381803293163596,-2986.7291552504716,0.9741691578526959,311645.2817537,310352.83565888886,746.9230638126179,0.46419236615432613
5_130,0.3,42,165,0.12267003085609117,-2987.9164152538033,1.2873783989539245,311684.63711591536,310493.26451729774,747.2260538134508,0.46419236615432613
5_130,0.3,42,166,0.1215398822604227,-2987.1157867323336,0.9902276539846377,311994.51128180797,310337.1199524275,747.0124966830833,0.46419236615432613
5_130,0.3,42,167,0.1204273094911746,-4431.356512336084,1.0757740660673045,461789.49929647613,460198.72344731406,1107.951978084021,0.46419236615432613
5_130,0.3,42,168,0.11933203921289748,-4431.176733394988,0.9777635464728649,461774.968823092,460180.1897618801,1107.908733348747,0.46419236615432613
5_130,0.3,42,169,0.11825380234099556,-4431.176733394988,1.193827114296702,461774.968823092,460180.1897618801,1107.908733348747,0.46419236615432613
5_130,0.3,42,170,0.11719233397561858,-4431.176733394988,0.8661062955001496,461774.968823092,460180.1897618801,1107.908733348747,0.46419236615432613
5_130,0.3,42,171,0.11614737333658141,-4431.176733394988,0.9262980002272375,461774.968823092,460180.1897618801,1107.908733348747,0.46419236615432613
5_130,0.3,42,172,0.11511866369929591,-2986.9925454334475,0.9733967988313946,311902.8657225895,310338.2142041856,746.9827863583619,0.46419236615432613
5_130,0.3,42,173,0.11410595233169919,-2986.7724657089443,0.9160980021120168,311957.4614912975,310302.9632575357,746.929216427236,0.46419236615432613
5_130,0.3,42,174,0.11310899043216277,-4431.277997809921,0.8743091702253061,461661.48487219366,460211.4041761072,1107.93344945248,0.46419236615432613
5_130,0.3,42,175,0.1121275330683672,-1542.885659677278,1.0175052510286045,161997.3902479506,160512.87340068622,386.0794649193195,0.46419236615432613
5_130,0.3,42,176,0.11116133911712744,-4431.176733394988,0.7156737801427815,461774.968823092,460180.1897618801,1107.908733348747,0.46419236615432613
5_130,0.3,42,177,0.1102101712051541,-2986.81265931832,0.7490899778716412,311872.0637332209,310321.200891716,746.9369981629134,0.46419236615432613
5_130,0.3,42,178,0.10927379565073586,-1542.8839237386,1.068489882563746,161877.82970257467,160535.18881406172,386.08373093465,0.46419236615432613
5_130,0.3,42,179,0.10835198240632873,-4431.176733394988,0.8717705266493873,461774.968823092,460180.1897618801,1107.908733348747,0.46419236615432613
5_130,0.3,42,180,0.1074445050020384,-4431.176733394988,0.946562139610988,461774.968823092,460180.1897618801,1107.908733348747,0.46419236615432613
5_130,0.3,42,181,0.10655114048998136,-4431.094729109126,1.1763037254938875,461810.8030917603,460164.2018880215,1107.888298943948,0.46419236615432613
5_130,0.3,42,182,0.10567166938951125,-2986.7344559317376,0.7772255943115337,312028.0423320352,310284.6595184318,746.9161306496011,0.46419236615432613
5_130,0.3,42,183,0.10480587563329734,-2889.8529583176232,1.0410015698679984,301871.72537728166,300249.21226953284,722.7021895794059,0.46419236615432613
5_130,0.3,42,184,0.10395354651424124,-2889.8148684586463,1.0434536202619042,301931.1120273542,300233.79755398206,722.6911504479949,0.46419236615432613
5_130,0.3,42,185,0.10311447263321932,-4431.176733394988,0.8809866971368059,461774.968823092,460180.1897618801,1107.908733348747,0.46419236615432613
5_130,0.3,42,186,0.10228844784763778,-2988.234899828215,0.763560929525835,311720.29262037564,310520.9776573247,747.2955749570538,0.46419236615432613
5_130,0.3,42,187,0.10147526922078795,-2986.8798964293583,1.1696435674160823,311954.08914279484,310316.1602304606,746.9552241073395,0.46419236615432613
5_130,0.3,42,188,0.10067473697198882,-4431.176733394988,1.1030537857596179,461774.968823092,460180.1897618801,1107.908733348747,0.46419236615432613
5_130,0.3,42,189,0.09988665442750533,-4431.176733394988,1.1669199928482503,461774.968823092,460180.1897618801,1107.908733348747,0.46419236615432613
5_130,0.3,42,190,0.09911082797222981,-2986.9572830677976,1.0629401938407945,311958.7408238471,310324.61917943537,746.9742707669494,0.46419236615432613
5_130,0.3,42,191,0.09834706700211487,-2986.619979870265,0.9968207214423677,311740.3106474635,310323.75766267575,746.8963116342329,0.46419236615432613
5_130,0.3,42,192,0.09759518387734595,-2986.775782440404,0.9144962376192538,311977.67465486494,310299.2878561229,746.9286956101009,0.46419236615432613
5_130,0.3,42,193,0.09685499387624241,-1.1815263394766589,1.0339427636660192,2076.8700208852347,540.5757206283208,0.7817815848691647,0.46419236615432613
5_130,0.3,42,194,0.09612631514987509,-2986.9369282942585,1.0372019615378987,312037.4756318757,310308.28311282967,746.9680820735646,0.46419236615432613
5_130,0.3,42,195,0.09540896867739013,-4431.176733394988,1.036021217642393,461774.968823092,460180.1897618801,1107.908733348747,0.46419236615432613
5_130,0.3,42,196,0.0947027782220271,-2987.1939782938434,1.1166982339227014,311669.29337113065,310406.7257428032,747.0424445734608,0.46419236615432613
5_130,0.3,42,197,0.09400757028782174,-4431.248063231776,0.9321985901817369,461836.7770667495,460177.3618255267,1107.9244658079438,0.46419236615432613
5_130,0.3,42,198,0.09332317407698135,-4431.176733394988,0.8651646765950787,461774.968823092,460180.1897618801,1107.908733348747,0.46419236615432613
5_130,0.3,42,199,0.09264942144792357,-4431.171190920764,0.9144549953727352,461654.4725955894,460198.41494994896,1107.9042477301912,0.46419236615432613
5_130,0.3,42,200,0.09198614687396757,-3179.8461436355587,0.87204562846284,332068.22017519135,330327.7693764215,795.1917525755564,0.46419236615432613
5_130,0.3,42,201,0.0913331874026676,-1445.606418929431,1.1730343356817543,152124.15869791634,150378.6470785377,361.7607880656911,0.46419236615432613
5_130,0.3,42,202,0.09069038261577916,-4431.176733394988,1.085005984307799,461774.968823092,460180.1897618801,1107.908733348747,0.46419236615432613
5_130,0.3,42,203,0.09005757458984752,-4431.112040025117,1.1028417376876538,461853.7908136024,460158.2472951404,1107.8910266729456,0.46419236615432613
5_130,0.3,42,204,0.08943460785740934,-4430.991916036136,0.9441770998327519,461773.68949054246,460158.53383998043,1107.8636790090338,0.46419236615432613
5_130,0.3,42,205,0.08882132936879764,-2889.8057655930825,0.9459860259755443,301904.2225436069,300237.98207484506,722.6903913982707,0.46419236615432613
5_130,0.3,42,206,0.08821758845454078,-2889.6859258298555,1.368613071072497,301811.61093199416,300239.1996323347,722.6605981241305,0.46419236615432613
5_130,0.3,42,207,0.08762323678834613,-4431.176733394988,1.1775703178792356,461774.968823092,460180.1897618801,1107.908733348747,0.46419236615432613
5_130,0.3,42,208,0.08703812835065944,-2986.7344559317376,0.8991562648240541,312028.0423320352,310284.6595184318,746.9161306496011,0.46419236615432613
5_130,0.3,42,209,0.08646211939279098,-4431.176733394988,1.0509843478460172,461774.968823092,460180.1897618801,1107.908733348747,0.46419236615432613
5_130,0.3,42,210,0.08589506840159955,-2986.8823035712894,1.1185232784299428,311856.17841773434,310335.04565112654,746.9599758928224,0.46419236615432613
5_130,0.3,42,211,0.08533683606472567,-2986.517166797274,1.0873507957976767,311703.1970462456,310318.0896146347,746.8716916993185,0.46419236615432613
5_130,0.3,42,212,0.08478728523636561,-1445.8048572462205,1.0954376701880126,151907.2677590961,150442.86213386856,361.8174143115552,0.46419236615432613
5_130,0.3,42,213,0.08424628090357741,-4430.991916036136,1.1453641771193444,461773.68949054246,460158.53383998043,1107.8636790090338,0.46419236615432613
5_130,0.3,42,214,0.08371369015311121,-4430.991916036136,0.862506322561558,461773.68949054246,460158.53383998043,1107.8636790090338,0.46419236615432613
5_130,0.3,42,215,0.08318938213875532,-2986.7521109354043,1.106579913858515,312036.1962993261,310286.62719093,746.9230277338511,0.46419236615432613
5_130,0.3,42,216,0.08267322804918986,-4430.991916036136,1.1579922853393632,461773.68949054246,460158.53383998043,1107.8636790090338,0.46419236615432613
5_130,0.3,42,217,0.08216510107634088,-2987.263263840258,1.040763491858155,311718.6251066223,310404.76704574574,747.0556159600644,0.46419236615432613
5_130,0.3,42,218,0.08166487638422609,-4430.991916036136,0.8859958133956074,461773.68949054246,460158.53383998043,1107.8636790090338,0.46419236615432613
5_130,0.3,42,219,0.08117243107828538,-4430.991916036136,0.9446909593747732,461773.68949054246,460158.53383998043,1107.8636790090338,0.46419236615432613
5_130,0.3,42,220,0.08068764417518824,-4431.19145061565,1.1509404486337076,461907.20960424794,460158.99385018455,1107.9111959872457,0.46419236615432613
5_130,0.3,42,221,0.08021039657311081,-4431.039669424502,1.1261856230962877,461820.84436842817,460156.37749635533,1107.875684022792,0.46419236615432613
5_130,0.3,42,222,0.07974057102247495,-4430.930926203279,0.9938121118327798,461669.5681270902,460168.47054609476,1107.8478315508198,0.46419236615432613
5_130,0.3,42,223,0.0792780520971426,-2986.757725238419,1.0362535300701097,311982.4992023597,310296.70012987027,746.9250479762715,0.46419236615432613
5_130,0.3,42,224,0.07882272616605801,-2986.517166797274,1.082051189507028,311703.1970462456,310318.0896146347,746.8716916993185,0.46419236615432613
5_130,0.3,42,225,0.0783744813653311,-2986.8932750751596,0.9901402129757291,311972.9451445067,310313.8387242417,746.9570187687899,0.46419236615432613
5_130,0.3,42,226,0.07793320757075473,-4430.991916036136,1.098214697013898,461773.68949054246,460158.53383998043,1107.8636790090338,0.46419236615432613
5_130,0.3,42,227,0.07749879637074959,-2986.549638572884,0.8955865983432828,312026.7629994856,310263.00359653216,746.8710763098876,0.46419236615432613
5_130,0.3,42,228,0.07707114103972987,-2987.0124377849183,1.2332934745552042,312180.7397999242,310292.59889458044,746.9857427795629,0.46419236615432613
5_130,0.3,42,229,0.0766501365118829,-4430.991916036136,0.8049592729138352,461773.68949054246,460158.53383998043,1107.8636790090338,0.46419236615432613
5_130,0.3,42,230,0.07623567935535681,-1445.5737745678946,0.9607769194974592,151769.8051442194,150439.879967562,361.763326975307,0.46419236615432613
5_130,0.3,42,231,0.07582766774684957,-4430.8144846971745,1.153817466464218,461670.6343641915,460155.9540247655,1107.8224211742936,0.46419236615432613
5_130,0.3,42,232,0.07542600144659303,-4430.8144846971745,1.1117414411773474,461670.6343641915,460155.9540247655,1107.8224211742936,0.46419236615432613
5_130,0.3,42,233,0.07503058177372629,-2988.018171516038,1.1324752218250682,311727.8233737954,310495.1707031863,747.2450428790095,0.46419236615432613
5_130,0.3,42,234,0.0746413115820518,-2986.6872887892146,1.3130060448580099,311679.3795930925,310344.4365390141,746.917655530637,0.46419236615432613
5_130,0.3,42,235,0.07425809523616868,-4430.672614923158,1.309601366631399,461430.69238207093,460179.99452205753,1107.7882537307894,0.46419236615432613
5_130,0.3,42,236,0.0738808385879771,-4430.842141729937,1.0743852168506314,461590.03796020435,460172.1322436759,1107.8276354324842,0.46419236615432613
5_130,0.3,42,237,0.0735094489535481,-4430.798602219021,1.2536991142194671,461592.45125648356,460167.07044307346,1107.8180505547552,0.46419236615432613
5_130,0.3,42,238,0.07314383509035316,-4430.798255387911,1.0561083054384697,461600.14872320456,460165.919176434,1107.8183638469777,0.46419236615432613
5_130,0.3,42,239,0.07278390717484776,-2986.5584502871816,1.2118787324281393,311862.6555319882,310294.01252738363,746.8777125717954,0.46419236615432613
5_130,0.3,42,240,0.07242957678040378,-2986.311779741247,1.035001317312013,311515.06136699376,310326.2438591634,746.8228699353117,0.46419236615432613
5_130,0.3,42,241,0.07208075685558483,-2889.2913949869344,1.0568178933097392,301704.7612073351,300211.39087120676,722.5660487467336,0.46419236615432613
5_130,0.3,42,242,0.0717373617027597,-2986.531109097306,1.1360885407788972,311851.1518793458,310293.3216887976,746.8722772743264,0.46419236615432613
5_130,0.3,42,243,0.07139930695704806,-2986.5867786942204,1.1538441693668662,311843.1777593349,310300.6030775342,746.8844946735551,0.46419236615432613
5_130,0.3,42,244,0.0710665095655941,-2986.682494328363,0.934294418201892,311888.5584946738,310305.2640395399,746.9099235820908,0.46419236615432613
5_130,0.3,42,245,0.07073888776716195,-2986.531109097306,0.8902519637692725,311851.1518793458,310293.3216887976,746.8722772743264,0.46419236615432613
5_130,0.3,42,246,0.07041636107204882,-2986.531109097306,1.0772880873215072,311851.1518793458,310293.3216887976,746.8722772743264,0.46419236615432613
5_130,0.3,42,247,0.07009885024231037,-2986.66661185021,1.1476641778914671,311810.37538696587,310316.38045784784,746.9055529625524,0.46419236615432613
5_130,0.3,42,248,0.0697862772722936,-2986.531109097306,1.265187561626069,311851.1518793458,310293.3216887976,746.8722772743264,0.46419236615432613
5_130,0.3,42,249,0.0694785653694726,-0.6836401001768133,1.075711626672802,1813.026555913215,527.8170656717,0.66347669171087,0.46419236615432613
5_130,0.3,42,250,0.06917563893558212,-2986.5691774659326,0.9794446053878325,312151.5130433669,310243.16767462855,746.8737276998164,0.46419236615432613
5_130,0.3,42,251,0.06887742354804487,-2986.531109097306,1.000146208896362,311851.1518793458,310293.3216887976,746.8722772743264,0.46419236615432613
5_130,0.3,42,252,0.06858384594168729,-4430.949640618969,1.1302179393071798,461637.55533853255,460177.8615271763,1107.856010154742,0.46419236615432613
5_130,0.3,42,253,0.06829483399074003,-2986.3874846689646,1.156726744198656,312015.2235713069,310244.69470147806,746.8293378339077,0.46419236615432613
5_130,0.3,42,254,0.06801031669111803,-1445.1691989507995,0.9746040362592601,152178.9767861953,150315.25701021298,361.6493330710332,0.46419236615432613
5_130,0.3,42,255,0.06773022414297643,-1542.3897472324002,0.8264189077554758,161840.67878008512,160481.31623380064,385.9598034747667,0.46419236615432613
5_130,0.3,42,256,0.06745448753353762,-2986.61045019922,1.2689654569507096,311784.65611487377,310313.26374272705,746.8901625498049,0.46419236615432613
5_130,0.3,42,257,0.06718303912018544,-2986.531109097306,1.1532816749285018,311851.1518793458,310293.3216887976,746.8722772743264,0.46419236615432613
5_130,0.3,42,258,0.0669158122138222,-1542.4626695798868,1.1384402124973283,161999.42603518887,160462.38890789935,385.9761840616384,0.46419236615432613
5_130,0.3,42,259,0.06665274116248465,-3180.896472132743,1.196720978887447,331911.2225909275,330484.95982996974,795.4607846998524,0.46419236615432613
5_130,0.3,42,260,0.06639376133521471,-6068.589388681052,1.162231837680745,631588.9645717243,630096.9238034427,1517.1412138369294,0.46419236615432613
5_130,0.3,42,261,0.06613880910618089,-2986.9438399534583,1.1723079686627105,312003.82215587347,310316.29287591454,746.9728433216978,0.46419236615432613
5_130,0.3,42,262,0.06588782183904693,-4624.322242390448,1.2244371133068428,481839.96772786556,480224.3263158068,1156.1951272642787,0.46419236615432613
5_130,0.3,42,263,0.06564073787158327,-4624.205368110547,1.045141926218721,481959.41964116256,480187.73095653654,1156.1614086943036,0.46419236615432613
5_130,0.3,42,264,0.06539749650051803,-3179.9194843019695,1.2238888320833092,331874.60990705306,330371.9534621524,795.215237742159,0.46419236615432613
5_130,0.3,42,265,0.06515803796662348,-4624.322242390448,1.1317151107149568,481839.96772786556,480224.3263158068,1156.1951272642787,0.46419236615432613
5_130,0.3,42,266,0.06492230344003448,-4624.322242390448,0.8537670105617691,481839.96772786556,480224.3263158068,1156.1951272642787,0.46419236615432613
5_130,0.3,42,267,0.06469023500579518,-4624.322242390448,0.9942595468892466,481839.96772786556,480224.3263158068,1156.1951272642787,0.46419236615432613
5_130,0.3,42,268,0.06446177564963067,-3180.141163165806,0.818630952616324,331699.1634106304,330432.4652166139,795.2786907914515,0.46419236615432613
5_130,0.3,42,269,0.06423686924393959,-4624.239727221115,1.159879875520921,482021.1248725897,480180.8703386379,1156.1687984719454,0.46419236615432613
5_130,0.3,42,270,0.064015460534005,-4624.522780648814,0.8977490636214274,482050.21565856057,480209.3271557551,1156.2375618288702,0.46419236615432613
5_130,0.3,42,271,0.0637974951244193,-4624.205368110547,1.1910552120346922,481959.41964116256,480187.73095653654,1156.1614086943036,0.46419236615432613
5_130,0.3,42,272,0.06358291946572056,-4624.322242390448,1.168767457853872,481839.96772786556,480224.3263158068,1156.1951272642787,0.46419236615432613
5_130,0.3,42,273,0.06337168084123639,-3180.180880525543,1.0744804053540633,331829.49462860497,330412.32086080976,795.2826534647191,0.46419236615432613
5_130,0.3,42,274,0.06316372735413278,-4624.446018735548,0.9597300138521728,481784.5963235717,480248.1539929322,1156.2248963505538,0.46419236615432613
5_130,0.3,42,275,0.06295900791466405,-3179.9398530957087,1.1894776475381308,331699.01785051124,330406.61712101544,795.2253966072604,0.46419236615432613
5_130,0.3,42,276,0.06275747222762111,-4624.322242390448,0.9034342956930563,481839.96772786556,480224.3263158068,1156.1951272642787,0.46419236615432613
5_130,0.3,42,277,0.06255907077997513,-2986.9438399534583,1.0311242308447979,312003.82215587347,310316.29287591454,746.9728433216978,0.46419236615432613
5_130,0.3,42,278,0.062363754828713217,-3083.0282791180457,1.2458624656607398,321937.3341527132,320295.40733359754,770.993036446178,0.46419236615432613
5_130,0.3,42,279,0.06217147638886324,-4624.322242390448,1.0289784699171687,481839.96772786556,480224.3263158068,1156.1951272642787,0.46419236615432613
5_130,0.3,42,280,0.06198218822170495,-4624.322242390448,0.9601431849573819,481839.96772786556,480224.3263158068,1156.1951272642787,0.46419236615432613
5_130,0.3,42,281,0.06179584382316449,-1445.3145754226248,1.143775604834964,152062.39708266308,150355.61821389163,361.6918105223229,0.46419236615432613
5_130,0.3,42,282,0.06161239741238927,-4624.1062029106115,1.0882669358621138,482004.2136612074,480168.80263976945,1156.1380423943197,0.46419236615432613
5_130,0.3,42,283,0.06143180392050065,-4624.322242390448,1.1733648791514781,481839.96772786556,480224.3263158068,1156.1951272642787,0.46419236615432613
5_130,0.3,42,284,0.06125401897952138,-3181.129828228786,1.1330728648092463,331865.5908152724,330521.72428495955,795.5205987238631,0.46419236615432613
5_130,0.3,42,285,0.06107899891147547,-4624.322242390448,0.8326471357646664,481839.96772786556,480224.3263158068,1156.1951272642787,0.46419236615432613
5_130,0.3,42,286,0.060906700717657275,-2986.8055785133242,0.9967929596524611,311943.5321814555,310310.9265048108,746.9407612949976,0.46419236615432613
5_130,0.3,42,287,0.060737082068067785,-4624.322242390448,1.0570889396922027,481839.96772786556,480224.3263158068,1156.1951272642787,0.46419236615432613
5_130,0.3,42,288,0.06057010129101494,-4624.605694142724,1.158640887616775,481928.28381370933,480239.5344183941,1156.2572568690143,0.46419236615432613
5_130,0.3,42,289,0.06040571736287584,-4624.658534831588,1.1506852865531028,482107.6099433572,480213.49594465125,1156.2661670412306,0.46419236615432613
5_130,0.3,42,290,0.06024388989801807,-4624.658534831588,1.1909675012079757,482107.6099433572,480213.49594465125,1156.2661670412306,0.46419236615432613
5_130,0.3,42,291,0.06008457913887785,-4624.938544162844,1.4221590330732448,482073.4038098126,480252.98061078985,1156.3355693740443,0.46419236615432613
5_130,0.3,42,292,0.05992774594619241,-3181.0531688262467,1.2031863215839202,332089.8231268859,330470.1035532702,795.4924755398949,0.46419236615432613
5_130,0.3,42,293,0.05977335178938433,-6454.2269562773345,0.9179420775305378,671684.615447191,670106.842168729,1613.540622402667,0.46419236615432613
5_130,0.3,42,294,0.059621358737095426,-6454.267926667396,1.0485703928415302,671790.9357058762,670092.6227429019,1613.5484150001823,0.46419236615432613
5_130,0.3,42,295,0.05947172944786773,-5010.58254529825,1.1813218855736412,521799.5762794581,520335.6268719604,1252.755919657896,0.46419236615432613
5_130,0.3,42,296,0.059324427160969605,-4912.827573011032,1.3140591058241196,511873.15194127586,510150.22541567165,1228.3132765860912,0.46419236615432613
5_130,0.3,42,297,0.05917941568736433,-6454.416891806039,1.04850260575749,671909.5678692696,670090.0567958317,1613.584506284843,0.46419236615432613
5_130,0.3,42,298,0.05903665940081926,-3181.1040502314977,1.3474698211165261,331900.2046656081,330510.61889838707,795.5097958912078,0.46419236615432613
5_130,0.3,42,299,0.058896123229153184,-4816.963261641419,0.9059549302752666,502074.8864227336,500172.2487715198,1204.342598743688,0.46419236615432613
5_130,0.3,42,300,0.05875777264561992,-6454.417238637148,1.1684832566458712,671901.8704025487,670091.2080624711,1613.5841929926205,0.46419236615432613
5_130,0.3,42,301,0.05862157366042571,-6454.417238637148,1.2247848946272542,671901.8704025487,670091.2080624711,1613.5841929926205,0.46419236615432613
5_130,0.3,42,302,0.058487492812378764,-6454.416891806039,1.204908846381548,671909.5678692696,670090.0567958317,1613.584506284843,0.46419236615432613
5_130,0.3,42,303,0.05835549716066848,-6454.416891806039,1.2917090391414316,671909.5678692696,670090.0567958317,1613.584506284843,0.46419236615432613
5_130,0.3,42,304,0.05822555427677263,-4912.924178974314,1.1499697386134702,511622.3450556136,510206.86932866985,1228.3424780769117,0.46419236615432613
5_130,0.3,42,305,0.05809763223649032,-4625.090180580364,0.8702720476487995,482041.26856698655,480279.0587637774,1156.3780784784242,0.46419236615432613
5_130,0.3,42,306,0.057971699612098956,-6454.416891806039,0.9136052498131656,671909.5678692696,670090.0567958317,1613.584506284843,0.46419236615432613
5_130,0.3,42,307,0.05784772546463305,-6454.226609446225,1.127202282881302,671692.312913912,670105.6909020895,1613.5409356948894,0.46419236615432613
5_130,0.3,42,308,0.05772567933628324,-1446.2003388793353,0.684883677520634,152109.6246787505,150450.47201406086,361.90366805316717,0.46419236615432613
5_130,0.3,42,309,0.05760553124291343,-1638.435404158846,1.1464225571023368,171889.9743627498,170437.03727109244,409.97219270637817,0.46419236615432613
5_130,0.3,42,310,0.05748725166669427,-5010.156613237592,1.2546571155185295,521877.8640424853,520269.98883884266,1252.6480199760645,0.46419236615432613
5_130,0.3,42,311,0.05737081154885137,-3180.2292772383703,1.5365161114564563,331968.2775280612,330392.4542150078,795.2901359762593,0.46419236615432613
5_130,0.3,42,312,0.057256182282526054,-3180.2292772383703,1.212816656115407,331968.2775280612,330392.4542150078,795.2901359762593,0.46419236615432613
5_130,0.3,42,313,0.057143335705747374,-3180.2292772383703,0.9884068926934141,331968.2775280612,330392.4542150078,795.2901359762593,0.46419236615432613
5_130,0.3,42,314,0.05703224409451321,-0.4731924858596172,1.0695017372832645,1822.5730778183477,498.6767644614153,0.6067814547982376,0.46419236615432613
5_130,0.3,42,315,0.056922880155979176,-1542.4381439452284,1.0446258507415431,161979.46167954127,160461.44958799874,385.9672859863071,0.46419236615432613
5_130,0.3,42,316,0.05681521702175326,-3180.2292772383703,1.1105487851485984,331968.2775280612,330392.4542150078,795.2901359762593,0.46419236615432613
5_130,0.3,42,317,0.05670922824129488,-3180.2292772383703,1.0788039586378537,331968.2775280612,330392.4542150078,795.2901359762593,0.46419236615432613
5_130,0.3,42,318,0.05660488777541653,-3180.2292772383703,1.1143048921469891,331968.2775280612,330392.4542150078,795.2901359762593,0.46419236615432613
5_130,0.3,42,319,0.056502169989886525,-3179.8563532336466,1.1529836315545778,331848.3869392361,330370.0423278486,795.2021549750783,0.46419236615432613
5_130,0.3,42,320,0.056401049649131195,-3180.394879432872,1.3245136391869283,331987.73878584435,330408.9502412955,795.3309031915513,0.46419236615432613
5_130,0.5,42,1,1.0,-2709.5112275848683,,331405.9445532505,330345.1995140293,677.5881402295504,677.5881402295504
5_130,0.5,42,2,0.9852258055592246,-1.022025587441522,,1688.6656696872362,569.0154525953052,0.7136135397175234,0.7136135397175234
5_130,0.5,42,3,0.9706813761935793,-1231.4496657229101,,151388.00911028485,150417.3558294617,308.21032714501325,0.7136135397175234
5_130,0.5,42,4,0.9563631386463322,-0.5969726743754177,0.9072902074315254,1678.3161047904632,504.9961054162272,0.6134038828795687,0.6134038828795687
5_130,0.5,42,5,0.9422675752312664,-2463.7548896170742,0.7419862861782498,301379.00456536654,300455.13512010867,616.1553057376019,0.6134038828795687
5_130,0.5,42,6,0.9283912229684601,-0.9532306382834173,0.8861293730426081,1720.2840809409076,546.3188688558389,0.698599326237521,0.6134038828795687
5_130,0.5,42,7,0.9147306727335057,-1.363157507459106,0.7611412047594491,1615.5032077256622,662.9115214756965,0.8092358054362051,0.6134038828795687
5_130,0.5,42,8,0.9012825684199611,-2709.873644661715,0.6316802255877688,331405.9853583123,330414.818104896,677.6905956892382,0.6134038828795687
5_130,0.5,42,9,0.888043606114825,-2.138528652161545,0.9194172498831902,1907.1142025178033,669.4943182004313,0.9884357344689577,0.6134038828795687
5_130,0.5,42,10,0.8750105332868364,-1.1603708469083767,0.7283499259889866,1572.3580601368137,641.5608276176837,0.7527415212509037,0.6134038828795687
5_130,0.5,42,11,0.8621801479873967,-1.3080592152135033,0.6703206393571715,1905.7607069579021,530.0327243487774,0.782455279993852,0.6134038828795687
5_130,0.5,42,12,0.8495492980639193,-1.4248461144753815,0.656172288001949,1898.8136855778127,552.3461066053616,0.8112472429045596,0.6134038828795687
5_130,0.5,42,13,0.837114880385412,-1.1759691861035158,0.6819391648207268,1817.2804087202746,539.9327358189902,0.745587534621117,0.6134038828795687
5_130,0.5,42,14,0.8248738400801048,-1.4406524713137663,0.6401195877141813,1860.6789468951733,568.172707496656,0.8123654987808225,0.6134038828795687
5_130,0.5,42,15,0.8128231697849323,-2792.9768242572245,0.6050371659255067,341972.8509781356,340341.69090340176,698.4388310643062,0.6134038828795687
5_130,0.5,42,16,0.8009599089066888,-0.816883818416499,0.5596288299493523,1789.5737007097662,493.32040203420297,0.6608995260326962,0.6134038828795687
5_130,0.5,42,17,0.7892811428946735,-1.5098059957492906,0.7238607631229089,1725.1740474471278,638.0711970274879,0.8364395941754179,0.6134038828795687
5_130,0.5,42,18,0.7777840025246476,-1314.10432916518,0.6715190733998047,161646.82696262863,160398.9935292065,328.86007038653304,0.6134038828795687
5_130,0.5,42,19,0.7664656631939266,-0.533925291309753,0.7331097462282733,1832.8901434917484,427.7070802843781,0.589540846636962,0.589540846636962
5_130,0.5,42,20,0.7553233442274359,-1150.1075293865733,0.6356828344569304,141506.1433454602,140496.01103649582,287.86841806092906,0.589540846636962
5_130,0.5,42,21,0.7443543081945577,-1231.5600596331024,0.5813460634685593,151435.87769403443,150415.47765465084,308.2353899082756,0.589540846636962
5_130,0.5,42,22,0.7335558602366034,-1.401964574076795,0.5509267645384295,1602.2582731681257,670.3690877347906,0.8125090006620559,0.589540846636962
5_130,0.5,42,23,0.7229253474047432,-1150.077041605537,0.572445609302254,141525.65214291032,140483.7824606347,287.8617663537652,0.589540846636962
5_130,0.5,42,24,0.7124601580082336,-2.156455240733226,0.6558617861209112,2181.2878072306576,554.2453003039957,0.9782447625642589,0.589540846636962
5_130,0.5,42,25,0.7021577209727804,-2.365614756212435,0.7217276785089031,1990.3754444748834,670.6206428867541,1.0384929747673945,0.589540846636962
5_130,0.5,42,26,0.6920155052088806,-1232.5685727061168,0.7852973561975827,151279.86452009538,150650.21724568456,308.4900777003387,0.589540846636962
5_130,0.5,42,27,0.6820310189899872,-2545.325998614374,0.7398744600585008,311539.1696674908,310302.4554945244,636.5500770345459,0.589540846636962
5_130,0.5,42,28,0.6722018093403456,-1232.1520048397783,0.6958944329631158,151675.6988555311,150411.2460060813,308.368572638516,0.589540846636962
5_130,0.5,42,29,0.6625254614323491,-1.6516395503558319,0.7095697522069483,1929.6165513308129,578.0928116205937,0.867034887588958,0.589540846636962
5_130,0.5,42,30,0.6529995979932678,-1314.4492860882767,0.7204750934990074,161649.28120014217,160458.72867421585,328.9493869982597,0.589540846636962
5_130,0.5,42,31,0.6436218787212026,-1314.7183664067118,0.7910176122471745,161587.5624117409,160529.39197736114,329.01747850643983,0.589540846636962
5_130,0.5,42,32,0.634389999710123,-1.0616189176227087,0.7690908554420233,1734.7007983784713,553.8735380109291,0.7180952055961534,0.589540846636962
5_130,0.5,42,33,0.6253016928838472,-1.7891260393039317,0.7592545912918044,1915.7857807754347,608.5323299205058,0.9037815098259829,0.589540846636962
5_130,0.5,42,34,0.6163547254388225,-1314.5462088291385,0.6081315754291257,161505.20944505313,160534.1531808067,328.9766117310942,0.589540846636962
5_130,0.5,42,35,0.607546899295575,-1.4931839463616632,0.809302370453168,1891.28254143521,564.3601722379165,0.8245459865904158,0.589540846636962
5_130,0.5,42,36,0.5988760505586863,-1.6678094399394316,0.7729059552399925,1750.2795266533299,654.3602181716249,0.874999979032477,0.589540846636962
5_130,0.5,42,37,0.5903400489851716,-1.3746138551485867,0.7740961277327847,1975.6744072473316,510.2764877610142,0.7940284637871466,0.589540846636962
5_130,0.5,42,38,0.581936797461124,-2.358793245679125,0.6592398090984168,1863.495470367533,722.1632873032613,1.0405733114197813,0.589540846636962
5_130,0.5,42,39,0.5736642314864987,-1314.3763325607902,0.6038807935631235,161761.037676029,160397.73308944143,328.92460694972135,0.589540846636962
5_130,0.5,42,40,0.5655203186679085,-2462.286898272617,0.7556090049675183,301272.2151942249,300253.1766723238,615.7960817110113,0.589540846636962
5_130,0.5,42,41,0.5575030582193081,-0.565725741165436,0.6104971513119412,1586.4705898491602,536.2327526234868,0.6059731019580257,0.589540846636962
5_130,0.5,42,42,0.5496104804704447,-1.1433232850764032,0.6293782792839159,1581.6684115268952,634.3789542004827,0.7475867736500532,0.589540846636962
5_130,0.5,42,43,0.5418406463829504,-1.4531820815966234,0.7756823205101656,1619.822976073584,671.5009791891124,0.8243848061134416,0.589540846636962
5_130,0.5,42,44,0.5341916470739625,-1232.3285761114262,0.6192840021750238,151833.8107286344,150372.153305696,308.402965456428,0.589540846636962
5_130,0.5,42,45,0.5266616033471518,-0.58356391771485,0.6726764944644601,1531.1680435109965,561.1697171637264,0.6105159794287125,0.589540846636962
5_130,0.5,42,46,0.519248665231044,-1231.751585202895,0.6902058416767701,151634.11539765054,150367.83029157147,308.28052130072376,0.589540846636962
5_130,0.5,42,47,0.5119510115245198,-1232.7049632596938,0.6857889897615157,151923.74488800007,150405.36101743457,308.5041039101615,0.589540846636962
5_130,0.5,42,48,0.504766849349387,-0.27860870337717747,0.5502491195168713,1412.5353166786138,561.4020641435382,0.541896223463342,0.541896223463342
5_130,0.5,42,49,0.49769441370990625,-1231.6776802791796,0.7831398848143822,151579.25051731226,150372.82271219927,308.2559736412235,0.541896223463342
5_130,0.5,42,50,0.4907319670591703,-1.737053490704444,0.7107633784077463,1736.8409215142979,669.8978991399367,0.8900490869618253,0.541896223463342
5_130,0.5,42,51,0.4838777988722253,-1.5293618077937625,0.8228254422843714,1634.392316310566,683.058090968351,0.8498583090912978,0.541896223463342
5_130,0.5,42,52,0.47713022522583176,-2462.7657475445203,0.5884935827446194,301500.8629851535,300237.91332149506,615.9065380766062,0.541896223463342
5_130,0.5,42,53,0.47048758838475946,-1559.9225559705192,0.7080383858937352,191390.15420572448,190420.48954531125,390.3214187545346,0.541896223463342
5_130,0.5,42,54,0.4639482563945182,-1315.6335975333982,1.0820074682968945,161961.74466883278,160523.61669896712,329.2264946214448,0.541896223463342
5_130,0.5,42,55,0.4575106226804207,-2463.441067076747,0.6042933621549915,301551.21897627646,300328.8164395796,616.0695584358534,0.541896223463342
5_130,0.5,42,56,0.45117310565288166,-1.5702911389144123,0.8557396315093279,1697.066337312292,662.8679925577876,0.8565846894905078,0.541896223463342
5_130,0.5,42,57,0.44493414831885486,-1231.9480761645439,0.7960350365060139,151510.4691415622,150449.07692931226,308.3281857078026,0.541896223463342
5_130,0.5,42,58,0.438792217899313,-0.041864549346187524,0.6142426366429192,1447.3979276986083,506.64546089641243,0.48159708971749926,0.48159708971749926
5_130,0.5,42,59,0.43274580545267627,-2545.5613071352614,0.8552257021517733,311500.0565537154,310351.22788034886,636.5991005933391,0.48159708971749926
5_130,0.5,42,60,0.4267934255040983,-1313.7484241936195,0.7684130009108524,161420.97585088213,160435.6197558972,328.78267152459534,0.48159708971749926
5_130,0.5,42,61,0.42093361568051574,-1.5101507061923103,0.7099659471160316,1743.6763894236674,630.4313430913035,0.8359543432147443,0.48159708971749926
5_130,0.5,42,62,0.4151649363513749,-2545.974106855126,0.7449446545922225,311598.6743880936,310382.47060726286,636.7023957614006,0.48159708971749926
5_130,0.5,42,63,0.40948597027494477,-1231.453591181836,0.8008975594337366,151443.31289519163,150394.26750228705,308.2085049383161,0.48159708971749926
5_130,0.5,42,64,0.4038953222501312,-1231.3850211130925,0.9054773488220217,151558.0762356421,150331.671718227,308.1831183735112,0.48159708971749926
5_130,0.5,42,65,0.3983916187737056,-1231.5491464723111,0.7632680445332947,151339.5430078101,150453.9738072631,308.23603066569683,0.48159708971749926
5_130,0.5,42,66,0.3929735077028642,-1315.1340682524353,0.7732974761117963,161913.1810697595,160459.62541273562,329.1041123012041,0.48159708971749926
5_130,0.5,42,67,0.38763965792303584,-1232.05729819192,0.9049852503689028,151628.93836752608,150417.89250844612,308.3511697860752,0.48159708971749926
5_130,0.5,42,68,0.38238875902085495,-1231.5772168936423,0.8149731556825213,151455.77006075688,150408.25198252779,308.23632208055346,0.48159708971749926
5_130,0.5,42,69,0.37721952096222106,-1231.4391334265097,0.9043328169612652,151194.23550719212,150496.50923433353,308.21414645186553,0.48159708971749926
5_130,0.5,42,70,0.372130673775365,-0.8690486063650305,0.8101769997803728,1656.1591793221487,558.7296220059001,0.6795835801626862,0.48159708971749926
5_130,0.5,42,71,0.3671209672388437,-0.6760640640408186,0.7988593288431329,1512.0005673094229,588.1290238417542,0.6390398255340142,0.48159708971749926
5_130,0.5,42,72,0.3621891705743874,-1231.956336582994,0.6365767143881371,151717.62060149095,150361.6548055978,308.3199770028914,0.48159708971749926
5_130,0.5,42,73,0.35733407214452373,-1231.5684167842462,1.1299654783842572,151524.2126408181,150378.7206750199,308.23265776749014,0.48159708971749926
5_130,0.5,42,74,0.35255447915490423,-0.9959793910177724,0.6380693353456119,1782.9607154737419,524.2118120612453,0.7025067525163479,0.48159708971749926
5_130,0.5,42,75,0.3478492173612599,-0.9215285097383847,0.6302636467670466,1685.1821541687818,554.6185051248181,0.6904059369584057,0.48159708971749926
5_130,0.5,42,76,0.3432171307809146,-1231.1692895997642,0.9949099289109785,151265.3347584441,150421.21311345205,308.1446914475601,0.48159708971749926
5_130,0.5,42,77,0.3386570814087846,-1.7037106996265454,0.839056022749979,1644.51221986148,703.7405568240641,0.886171722525684,0.48159708971749926
5_130,0.5,42,78,0.3341679489377949,-1231.7210761552287,0.7571318174638731,151407.87065978904,150452.26753220646,308.2732392769024,0.48159708971749926
5_130,0.5,42,79,0.32974863048364406,-1315.753942074963,0.9181262914699099,161915.2789598672,160564.33254301778,329.25939028064556,0.48159708971749926
5_130,0.5,42,80,0.3253980403138483,-1232.6880512043615,0.8184104729692352,151782.052217779,150459.39489273855,308.50123899156654,0.48159708971749926
5_130,0.5,42,81,0.32111510958100054,-1.2969341527340796,0.8066050030791476,1789.6386605977923,572.4592182574866,0.777376395326377,0.48159708971749926
5_130,0.5,42,82,0.3168987860601775,-2463.115064243216,0.8559297734091393,301508.41192241193,300290.8541780579,615.9888196322325,0.48159708971749926
5_130,0.5,42,83,0.31274803389043004,-1231.981669073926,0.7600803705838841,151483.5221944465,150465.6982728867,308.336976792291,0.48159708971749926
5_130,0.5,42,84,0.30866183332029457,-1231.5420348337,0.958478557807755,151517.69149962522,150377.62758238427,308.227258708425,0.48159708971749926
5_130,0.5,42,85,0.3046391804572615,-1314.291825994666,0.8180264390951022,161606.59753657793,160448.48977904863,328.90951007009505,0.48159708971749926
5_130,0.5,42,86,0.3006790870211401,-1231.5239717180089,0.7164613318984971,151480.44970976995,150389.00111687358,308.2223441199784,0.48159708971749926
5_130,0.5,42,87,0.29678058010125963,-0.8757389000727288,0.7743108424972578,1592.8937908915345,584.9548303335054,0.6813930583515155,0.48159708971749926
5_130,0.5,42,88,0.2929427019174456,-1231.8541202590097,0.8384731306865708,151658.34822860663,150367.94323937382,308.2947741123715,0.48159708971749926
5_130,0.5,42,89,0.28916450958471324,-1231.7785226852254,0.8277192646003906,151598.64952482178,150379.35994872847,308.27686876654445,0.48159708971749926
5_130,0.5,42,90,0.28544507488162135,-1231.4189037420135,0.7405757553865242,151340.358083992,150427.21713652415,308.1971366497891,0.48159708971749926
5_130,0.5,42,91,0.28178348402222775,-2463.292014044672,0.8104416411792321,301478.91340767965,300334.86079052696,616.0364201778348,0.48159708971749926
5_130,0.5,42,92,0.27817883743159105,-2462.5108313487794,0.7217506760385741,301422.52168730093,300225.77758045204,615.8431423610044,0.48159708971749926
5_130,0.5,42,93,0.27463024952476534,-1.4181178876272897,0.8253962983768603,1818.6566077265338,578.0900816564598,0.8025294719068224,0.48159708971749926
5_130,0.5,42,94,0.27113684848922975,-0.5338180298642083,0.8463884637171313,1597.0081509936242,528.1002704244185,0.6001330788946235,0.48159708971749926
5_130,0.5,42,95,0.2676977760707032,-2545.086697131754,0.8163977990199628,311257.6725598312,310374.8838505938,636.4930076162718,0.48159708971749926
5_130,0.5,42,96,0.2643121873622896,-0.8591869510983476,0.900516302774186,1713.1734230613033,531.4092058254113,0.6725288806317298,0.48159708971749926
5_130,0.5,42,97,0.2609792505969018,-2545.4834233007923,0.7702771330821964,311400.51642932295,310380.97048414755,636.5849986823409,0.48159708971749926
5_130,0.5,42,98,0.25769814694291476,-1232.1269476716814,0.8197856206369979,151489.55032532022,150485.60255415997,308.3697666798251,0.48159708971749926
5_130,0.5,42,99,0.25446807030299534,-1232.1762570627461,0.8075265700356221,151560.57569873304,150463.78765935497,308.3789571228294,0.48159708971749926
5_130,0.5,42,100,0.2512882271160621,-1.1345346676879442,0.7068530688279795,1837.1965058930687,524.0852240253687,0.7338479526362718,0.48159708971749926
5_130,0.5,42,101,0.2481578361623234,-0.8176677236462938,0.6616048795799697,1647.2753569944502,551.2395760614635,0.6633990737687163,0.48159708971749926
5_130,0.5,42,102,0.2450761283713493,-1.846965989418938,0.5551945641915801,1872.8638815446466,632.9069301754296,0.9146938783071155,0.48159708971749926
5_130,0.5,42,103,0.24204234663312607,-1232.1636667126254,0.6995064633882971,151634.27492278072,150432.75726572904,308.37614286863254,0.48159708971749926
5_130,0.5,42,104,0.23905574561205173,-0.9620377092962108,0.9412007490239123,1848.579249276261,491.3341880483356,0.6922772844669098,0.48159708971749926
5_130,0.5,42,105,0.23611559156382206,-0.4955404083386814,0.7911285739361562,1711.5529435280062,473.201722577325,0.5859446258941942,0.48159708971749926
5_130,0.5,42,106,0.2332211621551653,-1232.5233696563885,0.7502451320739018,151580.63246251637,150516.40861525392,308.46803884266853,0.48159708971749926
5_130,0.5,42,107,0.23037174628638085,-1231.6493839728278,0.8737070307058682,151336.44913439563,150470.265864255,308.2582031360641,0.48159708971749926
5_130,0.5,42,108,0.2275666439166364,-1231.4761991872908,0.7649506006047726,151451.18703254068,150393.35544927363,308.2117402730132,0.48159708971749926
5_130,0.5,42,109,0.2248051658919834,-1231.9381909767376,0.9861445049146349,151658.95710411092,150382.824958431,308.3170239346606,0.48159708971749926
5_130,0.5,42,110,0.22208663377604637,-0.79236576029334,1.0112381610727723,1765.6059312639086,500.4524033916366,0.6574604876923826,0.48159708971749926
5_130,0.5,42,111,0.21941037968334542,-1231.8039790941966,0.7989127609813313,151548.81969841613,150405.66232070918,308.2866019164063,0.48159708971749926
5_130,0.5,42,112,0.21677574611521144,-1231.7969640143388,0.8216340565998053,151577.41688674098,150393.85161523704,308.2858481464419,0.48159708971749926
5_130,0.5,42,113,0.21418208579825188,-0.625525846916053,0.678957136719645,1684.5290127688377,505.4956825846783,0.6177505093480609,0.48159708971749926
5_130,0.5,42,114,0.21162876152533033,-0.8100389659405137,0.8886870330601896,1790.9228850480172,491.80232122132253,0.6594502176756046,0.48159708971749926
5_130,0.5,42,115,0.20911514599901782,-1231.6017529207518,0.5790691255967039,151461.3826663903,150409.41465062997,308.2412953730451,0.48159708971749926
5_130,0.5,42,116,0.20664062167747893,-0.5032153930775766,0.6064563843798939,1680.8074263866386,483.78062655037013,0.5836371816027275,0.48159708971749926
5_130,0.5,42,117,0.20420458062275576,-0.8964464781600912,0.8662202102266647,1781.7808077827206,511.54446139862483,0.6831830481114514,0.48159708971749926
5_130,0.5,42,118,0.2018064243514096,-1231.5653767328893,0.8600483165232546,151492.6315682595,150390.61264652896,308.23179656417466,0.48159708971749926
5_130,0.5,42,119,0.1994455636874869,-1.218733785903184,0.6011255163776715,1784.8467407874778,561.8134967257057,0.7589274940948436,0.48159708971749926
5_130,0.5,42,120,0.19712141861777083,-1231.7432713750334,0.8487592277020826,151587.19123766574,150381.20655475688,308.27292498661546,0.48159708971749926
5_130,0.5,42,121,0.19483341814928484,-1.641257315835898,0.8306152130361673,1912.2912245657903,584.229641014882,0.865992900387546,0.48159708971749926
5_130,0.5,42,122,0.19258100016901147,-1.3138589985510167,0.6688842610029682,1909.4714407548063,527.0924105842098,0.7802861782091828,0.48159708971749926
5_130,0.5,42,123,0.19036361130579338,-0.9655588346015327,0.8059462145153056,1740.4098413819509,539.0745316544674,0.6996397086503832,0.48159708971749926
5_130,0.5,42,124,0.18818070679438154,-0.8102026971598352,0.6961314241798929,1676.097536193538,537.6493382777692,0.6601578171471016,0.48159708971749926
5_130,0.5,42,125,0.1860317503415984,-0.8159407891642871,0.706284376579603,1736.2122344316424,512.8185842282373,0.6585685306244051,0.48159708971749926
5_130,0.5,42,126,0.1839162139945818,-1231.7969640143388,0.9053956174655834,151577.41688674098,150393.85161523704,308.2858481464419,0.48159708971749926
5_130,0.5,42,127,0.18183357801107813,-1232.0025187214742,0.5497532756305359,151668.903519617,150389.50991842215,308.3326415851305,0.48159708971749926
5_130,0.5,42,128,0.17978333073175307,-1231.8573383357063,0.9461821859380464,151600.8354294162,150393.54694412966,308.29901315535517,0.48159708971749926
5_130,0.5,42,129,0.17776496845448742,-1.1545581703357317,0.8571714611304699,1871.601363225348,514.5014088501276,0.7397466854410758,0.48159708971749926
5_130,0.5,42,130,0.17577799531062827,-1.2898420376569373,0.9245629524190676,1808.6429205490763,565.8495182099675,0.7786986046523295,0.48159708971749926
5_130,0.5,42,131,0.1738219231431649,-1231.9208440232,0.8332512217545878,151622.99087220136,150393.85263224886,308.312341958181,0.48159708971749926
5_130,0.5,42,132,0.17189627138679878,-1.2298250414704877,0.8356740504534061,1861.8548746368208,532.5974781843702,0.7607062603676219,0.48159708971749926
5_130,0.5,42,133,0.1700005669498786,-1.14783185360936,0.7938669049517648,1955.4709174793527,475.45292874121964,0.7310472491166257,0.48159708971749926
5_130,0.5,42,134,0.16813434409817252,-1231.8051177376353,0.8230984234968405,151562.2671454672,150401.46526449276,308.2882437201231,0.48159708971749926
5_130,0.5,42,135,0.16629714434044632,-1232.3004952030435,0.7389967683313794,151880.99866952345,150350.56717579343,308.3986357055228,0.48159708971749926
5_130,0.5,42,136,0.16448851631582245,-1231.9288075307113,0.7719579096219988,151656.23643994992,150382.26906485236,308.31462450172546,0.48159708971749926
5_130,0.5,42,137,0.16270801568288995,-2710.521753784125,0.6058314084952265,331674.080849238,330404.3709895138,677.8310693984122,0.48159708971749926
5_130,0.5,42,138,0.16095520501053945,-1231.4017776912751,0.8026643205837196,151463.0858203828,150376.32464090537,308.19359918472355,0.48159708971749926
5_130,0.5,42,139,0.1592296536704954,-0.44771973239701246,0.7328480618933695,1594.8876896498427,512.5973985563895,0.5760906473849674,0.48159708971749926
5_130,0.5,42,140,0.15753093773152022,-1.3704925676367783,0.664943322631905,1895.1180724995957,542.8230441546614,0.7950874276234803,0.48159708971749926
5_130,0.5,42,141,0.15585863985526294,-1.5980151800389273,0.8201951593590777,1961.3680347573932,553.2689319974569,0.8489680807240175,0.48159708971749926
5_130,0.5,42,142,0.15421234919372853,-1.740909805661186,0.7991032334069976,2001.1807093167313,558.7608510873001,0.8801917371295822,0.48159708971749926
5_130,0.5,42,143,0.152591661288341,-1232.2936818786889,0.8864176118359597,151675.86189639627,150435.03612593215,308.4036704696722,0.48159708971749926
5_130,0.5,42,144,0.15099617797057668,-1.740909805661186,1.0194726515103034,2001.1807093167313,558.7608510873001,0.8801917371295822,0.48159708971749926
5_130,0.5,42,145,0.14942550726414244,-1231.578767474951,0.8255330379167752,151561.13551811053,150363.71915167922,308.2320490115949,0.48159708971749926
5_130,0.5,42,146,0.14787926328867598,-0.9682628150604796,0.5937572893428319,1863.8795655383278,485.9140788720063,0.6931966561460723,0.48159708971749926
5_130,0.5,42,147,0.1463570661649425,-1479.2957120395527,0.796211842704006,181787.29008003662,180503.30064178683,370.1478089622691,0.48159708971749926
5_130,0.5,42,148,0.1448585419215072,-1.7528864132219197,0.6568350305363694,1976.7315939639918,571.2321504620959,0.8843287461626228,0.48159708971749926
5_130,0.5,42,149,0.14338332240285795,-1.18476072033239,0.7902025142754131,1913.210575499064,502.9269633668094,0.7469044657973832,0.48159708971749926
5_130,0.5,42,150,0.1419310451789575,-1.4863699852655572,0.6992545066427828,1935.0165706829666,542.7114056563768,0.8181163058401988,0.48159708971749926
5_130,0.5,42,151,0.14050135345620207,-1.6720802971440525,0.7495225079596899,2001.070119984331,542.8170390405082,0.8566688838098226,0.48159708971749926
5_130,0.5,42,152,0.13909389598976496,-1231.776778187997,0.6987799979350798,151294.11458459904,150512.2060703955,308.2953016898564,0.48159708971749926
5_130,0.5,42,153,0.13770832699730284,-1232.8472574581324,0.8002117319456264,151999.0503220368,150392.43174800568,308.5288560311997,0.48159708971749926
5_130,0.5,42,154,0.13634430607400466,-1.740909805661186,0.6652958757398493,2001.1807093167313,558.7608510873001,0.8801917371295822,0.48159708971749926
5_130,0.5,42,155,0.13500149810896128,-1479.2581551874746,0.7501002800603277,181950.20205484141,180428.65875643978,370.13268760639244,0.48159708971749926
5_130,0.5,42,156,0.13367957320283602,-1.2788510665303237,0.6029408986032887,1824.4121353127714,556.0121660479266,0.7733913380611523,0.48159708971749926
5_130,0.5,42,157,0.13237820658681518,-0.9097643852392849,0.8906473867203994,1798.7825341224427,504.2987399563609,0.6824053820241069,0.48159708971749926
5_130,0.5,42,158,0.13109707854281938,-1.740909805661186,0.7320370128094431,2001.1807093167313,558.7608510873001,0.8801917371295822,0.48159708971749926
5_130,0.5,42,159,0.12983587432495577,-1.7187421050347726,0.7875414366250062,1941.7917773579798,578.458075929507,0.8746498119729789,0.48159708971749926
5_130,0.5,42,160,0.12859428408219134,-1.5042551271199895,0.8718554909732792,2023.444975731599,508.7298942691917,0.8195221151133307,0.48159708971749926
5_130,0.5,42,161,0.1273720027822294,-1.722737779942483,0.7321076489463366,2081.1492919844086,519.575812772082,0.8690237306999065,0.48159708971749926
5_130,0.5,42,162,0.12616873013656954,-1.5360778051710893,0.6027937641101679,1998.753553702889,524.0055870676023,0.8276444512927723,0.48159708971749926
5_130,0.5,42,163,0.12498417052673307,-2.104732719846043,0.7472176508981094,2146.384166074299,557.6731580019102,0.962998656151987,0.48159708971749926
5_130,0.5,42,164,0.12381803293163596,-2.226580596334168,0.8036650713893945,2201.8249938928248,555.8701054446009,0.9925737205121135,0.48159708971749926
5_130,0.5,42,165,0.12267003085609117,-1.1993802838055314,0.8767264694426201,1769.8946489307584,566.4390533419075,0.7570414995228114,0.48159708971749926
5_130,0.5,42,166,0.1215398822604227,-1.5602919217154991,0.6689424921536135,1904.848919145159,569.1528009127885,0.8394836947145891,0.48159708971749926
5_130,0.5,42,167,0.1204273094911746,-2.2689347090876364,0.7314051721069003,2164.260351175135,577.879699294316,1.0031205820338138,0.48159708971749926
5_130,0.5,42,168,0.11933203921289748,-1.983516192471699,0.6228860586831818,2216.008509060592,508.37148080976345,0.9309326195464962,0.48159708971749926
5_130,0.5,42,169,0.11825380234099556,-1.6421164487279332,0.9061361936853187,2070.586027151649,512.914763181831,0.8530826836105547,0.48159708971749926
5_130,0.5,42,170,0.11719233397561858,-1.983516192471699,0.6206398169366782,2216.008509060592,508.37148080976345,0.9309326195464962,0.48159708971749926
5_130,0.5,42,171,0.11614737333658141,-1.727130219988286,0.5270062997428852,2102.8749171550944,514.0688809532758,0.8735504121399287,0.48159708971749926
5_130,0.5,42,172,0.11511866369929591,-1.673716147267215,0.7051062509950958,1996.4724716896505,548.2450310350442,0.8619826082453752,0.48159708971749926
5_130,0.5,42,173,0.11410595233169919,-1.3499480123105698,0.6280598776326014,2087.083664615119,456.5750605600737,0.7797786697443091,0.48159708971749926
5_130,0.5,42,174,0.11310899043216277,-1.4407217925526625,0.5691014210731093,1935.587082994833,534.0702785055165,0.8057340195667371,0.48159708971749926
5_130,0.5,42,175,0.1121275330683672,-1.7854695665611136,0.7550237494243542,2014.9967280934388,560.5459723893515,0.8908495344974212,0.48159708971749926
5_130,0.5,42,176,0.11116133911712744,-1.983516192471699,0.4528319745443201,2216.008509060592,508.37148080976345,0.9309326195464962,0.48159708971749926
5_130,0.5,42,177,0.1102101712051541,-1.1071974211855877,0.5544342762568251,1749.5277448620009,557.1638640393098,0.7315553076773493,0.48159708971749926
5_130,0.5,42,178,0.10927379565073586,-1.5574532836116606,0.7486632087752272,2106.156767956557,482.9707330699779,0.8297026066172009,0.48159708971749926
5_130,0.5,42,179,0.10835198240632873,-1479.7860302596564,0.631869694414336,182149.9406706524,180433.70960265692,370.2562278030093,0.48159708971749926
5_130,0.5,42,180,0.1074445050020384,-1479.7860302596564,0.6800228971498898,182149.9406706524,180433.70960265692,370.2562278030093,0.48159708971749926
5_130,0.5,42,181,0.10655114048998136,-1232.7912356606776,0.681504469907946,152196.64941548105,150300.33705909288,308.5082196294551,0.48159708971749926
5_130,0.5,42,182,0.10567166938951125,-1479.6063472113465,0.39608863647921233,182082.16832434724,180432.67348875964,370.21530704093186,0.48159708971749926
5_130,0.5,42,183,0.10480587563329734,-1479.3891869091715,0.6136703271023733,182020.68927215028,180424.2030394028,370.1671062511024,0.48159708971749926
5_130,0.5,42,184,0.10395354651424124,-1480.2027118006745,0.7543883481730184,182296.7350132706,180441.13260012277,370.35248152159716,0.48159708971749926
5_130,0.5,42,185,0.10311447263321932,-1479.7278219891869,0.6655369896632297,182064.92771743928,180461.90948286522,370.2483007353919,0.48159708971749926
5_130,0.5,42,186,0.10228844784763778,-1.2425101368604283,0.5858440942203916,1810.0746027146963,555.4816675082262,0.7642763437389166,0.48159708971749926
5_130,0.5,42,187,0.10147526922078795,-1479.8812266302648,0.7547165159326065,182096.74460973137,180473.02590117315,370.28315189566143,0.48159708971749926
5_130,0.5,42,188,0.10067473697198882,-1479.7278219891869,0.8160368128853275,182064.92771743928,180461.90948286522,370.2483007353919,0.48159708971749926
5_130,0.5,42,189,0.09988665442750533,-1479.7278219891869,0.8979615091959958,182064.92771743928,180461.90948286522,370.2483007353919,0.48159708971749926
5_130,0.5,42,190,0.09911082797222981,-1479.3973792846484,0.6272497443257155,181904.19239563253,180473.87897164252,370.17247577354306,0.48159708971749926
5_130,0.5,42,191,0.09834706700211487,-1.4265859730948602,0.6738686015810951,1997.3437621901599,509.66811999337756,0.8057298266070484,0.48159708971749926
5_130,0.5,42,192,0.09759518387734595,-1.9833698144967213,0.6136175324203043,2260.910971071558,489.8982179375224,0.9298543583860851,0.48159708971749926
5_130,0.5,42,193,0.09685499387624241,-1479.9274599983705,0.8046034070404913,182057.4672623297,180499.79791684097,370.29971023768786,0.48159708971749926
5_130,0.5,42,194,0.09612631514987509,-1.5223554442346767,0.6812326168006086,2042.1517217662986,506.09351379570865,0.8265174324872406,0.48159708971749926
5_130,0.5,42,195,0.09540896867739013,-1479.7278219891869,0.8033571483215611,182064.92771743928,180461.90948286522,370.2483007353919,0.48159708971749926
5_130,0.5,42,196,0.0947027782220271,-1479.245388508919,0.7773412991756585,181851.98340479023,180470.52544115478,370.13719236532495,0.48159708971749926
5_130,0.5,42,197,0.09400757028782174,-1479.7860302596564,0.6212297056790164,182149.9406706524,180433.70960265692,370.2562278030093,0.48159708971749926
5_130,0.5,42,198,0.09332317407698135,-1479.7860302596564,0.5644470983869573,182149.9406706524,180433.70960265692,370.2562278030093,0.48159708971749926
5_130,0.5,42,199,0.09264942144792357,-1479.214222991539,0.592505855803892,181854.50260758682,180460.46012722267,370.1238474145514,0.48159708971749926
5_130,0.5,42,200,0.09198614687396757,-1480.1578309366425,0.552630633018513,182130.49603350286,180502.2198634195,370.3457255913035,0.48159708971749926
5_130,0.5,42,201,0.0913331874026676,-1232.826942277529,0.7691409550186369,152092.2648184086,150352.4109121645,308.52415818842985,0.48159708971749926
5_130,0.5,42,202,0.09069038261577916,-1.917947869121203,0.8371426223286053,2130.0991388314146,535.6749440019805,0.9211655387088722,0.48159708971749926
5_130,0.5,42,203,0.09005757458984752,-1.8180434663179568,0.8377284614254654,1972.2376778759622,582.7396873058707,0.898647771341394,0.48159708971749926
5_130,0.5,42,204,0.08943460785740934,-1.7819141924143345,0.7451534130430629,2026.4333220063022,554.6223780716083,0.888782119532155,0.48159708971749926
5_130,0.5,42,205,0.08882132936879764,-1480.1652300040478,0.6047702270474489,182189.2680203009,180481.1996011613,370.3489622629167,0.48159708971749926
5_130,0.5,42,206,0.08821758845454078,-1232.5998245658138,0.9596800220965157,152048.37494870397,150333.61631905136,308.47099185573916,0.48159708971749926
5_130,0.5,42,207,0.08762323678834613,-1479.7278219891869,0.760852207994521,182064.92771743928,180461.90948286522,370.2483007353919,0.48159708971749926
5_130,0.5,42,208,0.08703812835065944,-1479.7278219891869,0.6738344365068714,182064.92771743928,180461.90948286522,370.2483007353919,0.48159708971749926
5_130,0.5,42,209,0.08646211939279098,-1479.662535003663,0.7430058772668511,182060.69987355397,180454.23433346226,370.2345504175824,0.48159708971749926
5_130,0.5,42,210,0.08589506840159955,-1.7199579397299614,0.6592980349547239,2070.2981618206927,526.6796872951747,0.8731680563610618,0.48159708971749926
5_130,0.5,42,211,0.08533683606472567,-1.068777996849471,0.9253454155075994,1896.2428706296228,490.06917946269834,0.7181230706409392,0.48159708971749926
5_130,0.5,42,212,0.08478728523636561,-1480.296894487488,0.850393283233658,182195.56452203548,180503.73755210498,370.38578314568156,0.48159708971749926
5_130,0.5,42,213,0.08424628090357741,-1479.903938562021,0.8276335163075638,182190.3204182979,180437.19569871805,370.2848298786005,0.48159708971749926
5_130,0.5,42,214,0.08371369015311121,-1479.903938562021,0.5542573077910504,182190.3204182979,180437.19569871805,370.2848298786005,0.48159708971749926
5_130,0.5,42,215,0.08318938213875532,-1.8104770148157319,0.8079663677715164,2194.301079606576,488.08400153432626,0.8884644917991711,0.48159708971749926
5_130,0.5,42,216,0.08267322804918986,-1232.682910706473,0.8130810947126541,152117.39559389427,150314.36391112788,308.48278720042777,0.48159708971749926
5_130,0.5,42,217,0.08216510107634088,-1.3168380035808214,0.723617116022648,1936.8350318371245,514.339987503719,0.7774297389904434,0.48159708971749926
5_130,0.5,42,218,0.08166487638422609,-1.3684013872281577,0.6364613402237826,2047.9613394663563,474.18423324946076,0.7829455849022775,0.48159708971749926
5_130,0.5,42,219,0.08117243107828538,-1.3684013872281577,0.641686115026731,2047.9613394663563,474.18423324946076,0.7829455849022775,0.48159708971749926
5_130,0.5,42,220,0.08068764417518824,-2.0286111953667287,0.8078140507472094,2187.1078868393665,525.4818622509476,0.9393075607464441,0.48159708971749926
5_130,0.5,42,221,0.08021039657311081,-2628.354112257411,0.7664281954125178,322036.2995482336,320243.797537271,657.2790637786385,0.48159708971749926
5_130,0.5,42,222,0.07974057102247495,-0.8545604307448966,0.6114730747614088,1748.342047254845,514.2322728041202,0.667699631495748,0.48159708971749926
5_130,0.5,42,223,0.0792780520971426,-1.127304383652868,0.8067846351244615,1950.3253084212845,474.9082359439705,0.7272546673417885,0.48159708971749926
5_130,0.5,42,224,0.07882272616605801,-1.3684013872281577,0.712439377574728,2047.9613394663563,474.18423324946076,0.7829455849022775,0.48159708971749926
5_130,0.5,42,225,0.0783744813653311,-1.7150502779479984,0.7257771734038554,1892.0176594771,601.399916047807,0.8794709028203329,0.48159708971749926
5_130,0.5,42,226,0.07793320757075473,-1396.9397766611164,0.6649932131605498,171887.63233067497,170420.57334090734,349.5581108319458,0.48159708971749926
5_130,0.5,42,227,0.07749879637074959,-1397.180873664692,0.5972024739324804,171985.26836172005,170419.84933821284,349.6138017495063,0.48159708971749926
5_130,0.5,42,228,0.07707114103972987,-1396.7666906110842,0.7055110952591104,171818.59225235175,170419.93725186717,349.5170417003901,0.48159708971749926
5_130,0.5,42,229,0.0766501365118829,-1397.0068334887083,0.5577012908349943,171814.19571674967,170463.04847709354,349.5779167055104,0.48159708971749926
5_130,0.5,42,230,0.07623567935535681,-1397.2399218882936,0.5938381634321221,172043.37430489523,170404.77329417848,349.62539713874,0.48159708971749926
5_130,0.5,42,231,0.07582766774684957,-1397.180873664692,0.7879169855175373,171985.26836172005,170419.84933821284,349.6138017495063,0.48159708971749926
5_130,0.5,42,232,0.07542600144659303,-1.6027025459291804,0.646776060096822,2122.736463048733,484.95433584619633,0.8422589698156284,0.48159708971749926
5_130,0.5,42,233,0.07503058177372629,-1396.9230634878786,0.7868541942318666,171766.3132613664,170469.29814539923,349.55927777673156,0.48159708971749926
5_130,0.5,42,234,0.0746413115820518,-1396.8976199291246,0.8449927468188425,171953.9861720608,170385.94866512224,349.54573831561447,0.48159708971749926
5_130,0.5,42,235,0.07425809523616868,-1396.9460509516095,0.8260504293589875,171833.3855781609,170443.92123596798,349.56092940456904,0.48159708971749926
5_130,0.5,42,236,0.0738808385879771,-1.653819903844094,0.7696993554997401,1996.2131815808993,543.692451734013,0.8551335473895949,0.48159708971749926
5_130,0.5,42,237,0.0735094489535481,-1396.6460436378227,0.8495004346621734,171762.20679882265,170424.53050082098,349.49102281421756,0.48159708971749926
5_130,0.5,42,238,0.07314383509035316,-1397.180873664692,0.7320953746274835,171985.26836172005,170419.84933821284,349.6138017495063,0.48159708971749926
5_130,0.5,42,239,0.07278390717484776,-1397.0068334887083,0.7753109779650461,171814.19571674967,170463.04847709354,349.5779167055104,0.48159708971749926
5_130,0.5,42,240,0.07242957678040378,-1396.982589391231,0.7840659696883466,171800.4867289027,170464.26034720222,349.57173068114105,0.48159708971749926
5_130,0.5,42,241,0.07208075685558483,-1397.4185596420134,0.8574194288433535,172108.6822529233,170405.0519460054,349.6637708628843,0.48159708971749926
5_130,0.5,42,242,0.0717373617027597,-1397.180873664692,0.7914004692778616,171985.26836172005,170419.84933821284,349.6138017495063,0.48159708971749926
5_130,0.5,42,243,0.07139930695704806,-1397.0437683504906,0.869657510289248,171917.78754766483,170423.26253548844,349.57959684952743,0.48159708971749926
5_130,0.5,42,244,0.0710665095655941,-1.64923774942437,0.6051990778781804,2174.2452893149457,470.2938578919346,0.850630865927521,0.48159708971749926
5_130,0.5,42,245,0.07073888776716195,-1397.227408868187,0.48945995793991964,172036.77718798624,170405.18886025858,349.6221736456182,0.48159708971749926
5_130,0.5,42,246,0.07041636107204882,-1397.494386233834,0.7556563444054303,172138.84615347613,170406.4878904708,349.68341798702994,0.48159708971749926
5_130,0.5,42,247,0.07009885024231037,-1397.2206301734016,0.8212012551659555,172029.9043433453,170406.7524379381,349.6204789719218,0.48159708971749926
5_130,0.5,42,248,0.0697862772722936,-1397.227408868187,0.743609917686242,172036.77718798624,170405.18886025858,349.6221736456182,0.48159708971749926
5_130,0.5,42,249,0.0694785653694726,-1397.4662921813076,0.7768799528734764,171933.52020383457,170489.3575566974,349.68598971199356,0.48159708971749926
5_130,0.5,42,250,0.06917563893558212,-1397.4662921813076,0.6335548198453581,171933.52020383457,170489.3575566974,349.68598971199356,0.48159708971749926
5_130,0.5,42,251,0.06887742354804487,-1397.227408868187,0.6508194542521044,172036.77718798624,170405.18886025858,349.6221736456182,0.48159708971749926
5_130,0.5,42,252,0.06858384594168729,-1.6303400815392108,0.7286710200228291,2086.285213025606,504.5696346486557,0.8499302584800408,0.48159708971749926
5_130,0.5,42,253,0.06829483399074003,-1397.227408868187,0.8397205410709621,172036.77718798624,170405.18886025858,349.6221736456182,0.48159708971749926
5_130,0.5,42,254,0.06801031669111803,-1.6209760673997746,0.6842122711392614,2043.1048149300232,521.474782100812,0.849702350183277,0.48159708971749926
5_130,0.5,42,255,0.06773022414297643,-1397.4662921813076,0.5563917624220316,171933.52020383457,170489.3575566974,349.68598971199356,0.48159708971749926
5_130,0.5,42,256,0.06745448753353762,-1397.0500426409835,0.6826829382768703,171863.54079515077,170446.61043054907,349.58241542215063,0.48159708971749926
5_130,0.5,42,257,0.06718303912018544,-1397.227408868187,0.847977155146185,172036.77718798624,170405.18886025858,349.6221736456182,0.48159708971749926
5_130,0.5,42,258,0.0669158122138222,-1.6283221031993336,0.8866915040906361,2021.5418181689802,531.9421434538367,0.8525686210379286,0.48159708971749926
5_130,0.5,42,259,0.06665274116248465,-2627.938121508829,0.8350345974374699,321575.37575390417,320371.04632253817,657.1983518057788,0.48159708971749926
5_130,0.5,42,260,0.06639376133521471,-1397.034346350429,0.7861090919917408,171872.10851854624,170443.90005266544,349.5834080161787,0.48159708971749926
5_130,0.5,42,261,0.06613880910618089,-1.692430346423414,0.9331191559678723,2055.796850473203,528.6216669982332,0.8675956818439488,0.48159708971749926
5_130,0.5,42,262,0.06588782183904693,-1397.0512922953524,0.8642359199073614,171911.38448712762,170429.90264440575,349.58564450240954,0.48159708971749926
5_130,0.5,42,263,0.06564073787158327,-1396.8031258935482,0.8030347035374164,171811.34653664893,170430.2328266494,349.5279779019585,0.48159708971749926
5_130,0.5,42,264,0.06539749650051803,-1396.850254608722,0.8047398626248248,171840.7066888033,170425.99759809187,349.5388136521805,0.48159708971749926
5_130,0.5,42,265,0.06515803796662348,-1397.0512922953524,0.7277637379407236,171911.38448712762,170429.90264440575,349.58564450240954,0.48159708971749926
5_130,0.5,42,266,0.06492230344003448,-1396.8101952917773,0.5978443300199422,171813.74845608254,170430.62664710026,349.52995358484907,0.48159708971749926
5_130,0.5,42,267,0.06469023500579518,-1397.0512922953524,0.7142701431570944,171911.38448712762,170429.90264440575,349.58564450240954,0.48159708971749926
5_130,0.5,42,268,0.06446177564963067,-1395.7858599346664,0.6514211007463646,171467.8104429599,170405.55966805396,349.2919768884285,0.48159708971749926
5_130,0.5,42,269,0.06423686924393959,-1397.0512922953524,0.9042747587455688,171911.38448712762,170429.90264440575,349.58564450240954,0.48159708971749926
5_130,0.5,42,270,0.064015460534005,-1396.7208495908142,0.7383045936473258,171750.64916532082,170441.8721331831,349.50981954056067,0.48159708971749926
5_130,0.5,42,271,0.0637974951244193,-1396.9792424663826,0.9351998871568101,171936.73923750754,170405.51904250222,349.5645070451671,0.48159708971749926
5_130,0.5,42,272,0.06358291946572056,-1397.0512922953524,0.862856659637403,171911.38448712762,170429.90264440575,349.58564450240954,0.48159708971749926
5_130,0.5,42,273,0.06337168084123639,-1397.3922010310619,0.698969225325847,171922.32709993224,170484.0225572018,349.6716335910988,0.48159708971749926
5_130,0.5,42,274,0.06316372735413278,-1397.0223458999405,0.7413623517279577,171845.12271052794,170451.16344692747,349.5784079035566,0.48159708971749926
5_130,0.5,42,275,0.06295900791466405,-1.148612189957516,0.819844748358429,1956.4722863467214,477.40282602592674,0.734498285584617,0.48159708971749926
5_130,0.5,42,276,0.06275747222762111,-1397.3182696609995,0.6720601010971319,172013.4534526175,170431.201674618,349.64688884382133,0.48159708971749926
5_130,0.5,42,277,0.06255907077997513,-1.6487577219870924,0.738850435814864,2089.700498212141,507.12647562751795,0.8556775257348683,0.48159708971749926
5_130,0.5,42,278,0.062363754828713217,-1397.007619670916,0.9928603250140975,171945.28813486657,170408.40745303503,349.5737263463005,0.48159708971749926
5_130,0.5,42,279,0.06217147638886324,-1397.007619670916,0.8335240133815927,171945.28813486657,170408.40745303503,349.5737263463005,0.48159708971749926
5_130,0.5,42,280,0.06198218822170495,-1396.5633086879013,0.7247993061340118,171735.04020417162,170423.40661308667,349.47357717197536,0.48159708971749926
5_130,0.5,42,281,0.06179584382316449,-1.8403885232508221,0.7314295006400016,2246.1503542520136,470.1569436387564,0.8922280831936579,0.48159708971749926
5_130,0.5,42,282,0.06161239741238927,-1479.566559178719,0.6504988376710694,182027.5211021113,180449.96713212293,370.208985032775,0.48159708971749926
5_130,0.5,42,283,0.06143180392050065,-1.5586951292627158,0.8383408276197393,2032.8915464927195,514.7373365529128,0.8338523537442504,0.48159708971749926
5_130,0.5,42,284,0.06125401897952138,-1.3020037711995844,0.8212657833611889,1978.1775127399528,494.635953277563,0.7724711808951342,0.48159708971749926
5_130,0.5,42,285,0.06107899891147547,-1479.566559178719,0.6047666518805893,182027.5211021113,180449.96713212293,370.208985032775,0.48159708971749926
5_130,0.5,42,286,0.060906700717657275,-1479.5400160591662,0.7578356259614123,181995.01582325893,180460.33848199915,370.2053492528868,0.48159708971749926
5_130,0.5,42,287,0.060737082068067785,-1479.3787532486983,0.7566558925722241,181957.60920793092,180448.39613125686,370.16603355026984,0.48159708971749926
5_130,0.5,42,288,0.06057010129101494,-1479.4054799282112,0.9450903926128833,181884.42959161062,180483.88873088724,370.17571522014805,0.48159708971749926
5_130,0.5,42,289,0.06040571736287584,-1479.3787532486983,0.7877029803226078,181957.60920793092,180448.39613125686,370.16603355026984,0.48159708971749926
5_130,0.5,42,290,0.06024388989801807,-1479.3787532486983,0.7689252831038315,181957.60920793092,180448.39613125686,370.16603355026984,0.48159708971749926
5_130,0.5,42,291,0.06008457913887785,-1479.689403238782,0.9816123107552672,182025.7745256819,180471.1903528398,370.2391960477907,0.48159708971749926
5_130,0.5,42,292,0.05992774594619241,-1480.3345788459287,0.892260818290884,182218.40870897644,180497.91111194732,370.39048994957744,0.48159708971749926
5_130,0.5,42,293,0.05977335178938433,-0.8356436130408312,0.6202295373284276,1843.4662593444334,473.53271047926665,0.6631132842125887,0.48159708971749926
5_130,0.5,42,294,0.059621358737095426,-1.3912133531520052,0.7003168110404594,2015.3392028021801,493.55428365066575,0.7924819097165727,0.48159708971749926
5_130,0.5,42,295,0.05947172944786773,-1479.4412446480826,0.823606222175691,181984.72735192243,180446.26130995457,370.1786564001159,0.48159708971749926
5_130,0.5,42,296,0.059324427160969605,-1.069743114998123,0.9972427814242192,1880.0775783087447,497.0487085127964,0.7189953025590545,0.48159708971749926
5_130,0.5,42,297,0.05917941568736433,-1479.5548698215327,0.7759035070252531,182083.00190878953,180423.68234710966,370.20256269347846,0.48159708971749926
5_130,0.5,42,298,0.05903665940081926,-0.9105457091844117,0.933109964916335,1915.1888778369919,452.7769555330954,0.6742673796770553,0.48159708971749926
5_130,0.5,42,299,0.058896123229153184,-1479.0367693444534,0.6116629532081304,181914.1131150656,180409.8273793117,370.0840018599229,0.48159708971749926
5_130,0.5,42,300,0.05875777264561992,-1479.282459322251,0.778067091330446,181969.25497046387,180425.22439946196,370.13871006865804,0.48159708971749926
5_130,0.5,42,301,0.05862157366042571,-1479.282459322251,0.8768346010317106,181969.25497046387,180425.22439946196,370.13871006865804,0.48159708971749926
5_130,0.5,42,302,0.058487492812378764,-1479.282459322251,0.8407926313527423,181969.25497046387,180425.22439946196,370.13871006865804,0.48159708971749926
5_130,0.5,42,303,0.05835549716066848,-1479.282459322251,0.7605751588287175,181969.25497046387,180425.22439946196,370.13871006865804,0.48159708971749926
5_130,0.5,42,304,0.05822555427677263,-1.022136820628397,0.705578515373195,1796.1326968294784,523.2256996140793,0.7087127765856707,0.48159708971749926
5_130,0.5,42,305,0.05809763223649032,-1479.5548698215327,0.6230333806987669,182083.00190878953,180423.68234710966,370.20256269347846,0.48159708971749926
5_130,0.5,42,306,0.057971699612098956,-1479.5548698215327,0.620283847908248,182083.00190878953,180423.68234710966,370.20256269347846,0.48159708971749926
5_130,0.5,42,307,0.05784772546463305,-0.8356436130408312,0.8360323830130358,1843.4662593444334,473.53271047926665,0.6631132842125887,0.48159708971749926
5_130,0.5,42,308,0.05772567933628324,-1479.5443914780928,0.3880769412232803,181968.13217015256,180469.66435696514,370.20344310761845,0.48159708971749926
5_130,0.5,42,309,0.05760553124291343,-1.2686524243018593,0.9047666159493397,1998.360742644626,482.46347288994195,0.7662940584564172,0.48159708971749926
5_130,0.5,42,310,0.05748725166669427,-1397.7060925792548,0.8152653825411289,171932.24909681155,170532.3854011217,349.74855885909943,0.48159708971749926
5_130,0.5,42,311,0.05737081154885137,-1479.5548698215327,1.0380249480357522,182083.00190878953,180423.68234710966,370.20256269347846,0.48159708971749926
5_130,0.5,42,312,0.057256182282526054,-1479.5548698215327,1.0138328944451322,182083.00190878953,180423.68234710966,370.20256269347846,0.48159708971749926
5_130,0.5,42,313,0.057143335705747374,-1479.7426757515536,0.8061997833894367,182152.9138029699,180425.25334797575,370.24551417598366,0.48159708971749926
5_130,0.5,42,314,0.05703224409451321,-2462.7487945256594,0.7796135305747035,301550.72585609346,300214.3494682844,615.9008533933196,0.48159708971749926
5_130,0.5,42,315,0.056922880155979176,-1.7035867777331521,0.6809674811950979,2153.9243092444767,486.3919931766507,0.8625038372904309,0.48159708971749926
5_130,0.5,42,316,0.05681521702175326,-1479.4621423705607,0.7792345006251333,182037.02731676903,180426.26051335924,370.17963083073545,0.48159708971749926
5_130,0.5,42,317,0.05670922824129488,-1479.4621423705607,0.8223323768333006,182037.02731676903,180426.26051335924,370.17963083073545,0.48159708971749926
5_130,0.5,42,318,0.05660488777541653,-1479.4621423705607,0.7619580693259166,182037.02731676903,180426.26051335924,370.17963083073545,0.48159708971749926
5_130,0.5,42,319,0.056502169989886525,-1479.3525346585725,0.7476257698108473,181939.81094977105,180449.10402367142,370.1567289027384,0.48159708971749926
5_130,0.5,42,320,0.056401049649131195,-1479.3644327183897,0.8636717259597108,182057.35240496276,180401.79793802297,370.1554534176927,0.48159708971749926
5_130,0.7,42,1,1.0,-2239.9928565399214,,331405.9445532505,330345.1995140293,560.1796141349803,560.1796141349803
5_130,0.7,42,2,0.9852258055592246,-1.1847924354990822,,1688.6656696872362,569.0154525953052,0.7222623945890563,0.7222623945890563
5_130,0.7,42,3,0.9706813761935793,-1018.0613641321897,,151388.00911028485,150417.3558294617,254.83688746161886,0.7222623945890563
5_130,0.7,42,4,0.9563631386463322,-0.6601713968688748,0.9108498338827713,1598.735801631029,514.7153282726426,0.6011392777886473,0.6011392777886473
5_130,0.7,42,5,0.9422675752312664,-2036.6662087234597,0.7488253201980833,301379.00456536654,300455.13512010867,509.3561021808649,0.6011392777886473
5_130,0.7,42,6,0.9283912229684601,-1.2023311198446927,0.8903035429014027,1720.2840809409076,546.3188688558389,0.7279577799611732,0.6011392777886473
5_130,0.7,42,7,0.9147306727335057,-1.2309768924813032,0.7666950601524096,1615.5032077256622,662.9115214756965,0.7456120802631829,0.6011392777886473
5_130,0.7,42,8,0.9012825684199611,-2240.191182690424,0.6340203434242367,331405.9853583123,330414.818104896,560.2411063868917,0.6011392777886473
5_130,0.7,42,9,0.888043606114825,-2.4238618524991646,0.921675754419254,1944.8324105118431,672.7317233194384,1.022297605981934,0.6011392777886473
5_130,0.7,42,10,0.8750105332868364,-0.7067700628350511,0.7327790799934821,1480.3049827444177,642.9719249498257,0.6179818014230485,0.6011392777886473
5_130,0.7,42,11,0.8621801479873967,-1.8654006943575268,0.6695888908345945,1867.40829741887,587.6911894268185,0.8842144593036674,0.6011392777886473
5_130,0.7,42,12,0.8495492980639193,-1.7298523456633834,0.6743187577072487,1844.5669330637475,575.6940016659919,0.8550345149872745,0.6011392777886473
5_130,0.7,42,13,0.837114880385412,-1.5961303720324722,0.688063973152077,1783.1832698990404,593.5876910382922,0.8208754501509752,0.6011392777886473
5_130,0.7,42,14,0.8248738400801048,-1155.0134246003715,0.6464149809408858,171639.59639969515,170506.74972074342,289.0529775786643,0.6011392777886473
5_130,0.7,42,15,0.8128231697849323,-1087.9250806058587,0.6731284458758818,161966.11150356795,160408.45891938108,272.26572015146473,0.6011392777886473
5_130,0.7,42,16,0.8009599089066888,-1.2686135739537945,0.6277086503283089,1789.5737007097662,493.32040203420297,0.7375605363455915,0.6011392777886473
5_130,0.7,42,17,0.7892811428946735,-1.0936631292052534,0.8106990487228384,1658.7868156963336,576.0809529267362,0.7041836394441705,0.6011392777886473
5_130,0.7,42,18,0.7777840025246476,-1086.7455528755559,0.717357194021502,161652.0125673826,160380.28984523652,271.9852310760318,0.6011392777886473
5_130,0.7,42,19,0.7664656631939266,-1.1826144513355343,0.817585418914535,1832.8901434917484,427.7070802843781,0.7148893271195979,0.6011392777886473
5_130,0.7,42,20,0.7553233442274359,-950.9045215335921,0.686224010996799,141506.1433454602,140496.01103649582,238.03625181196946,0.6011392777886473
5_130,0.7,42,21,0.7443543081945577,-1018.0587612463765,0.6314482669970848,151369.73988996158,150433.88942063606,254.83661531159413,0.6011392777886473
5_130,0.7,42,22,0.7335558602366034,-0.9678620666902488,0.6384126461991707,1502.463614135996,690.779143426927,0.6782190881011336,0.6011392777886473
5_130,0.7,42,23,0.7229253474047432,-950.6722937354243,0.6945453628301592,141438.00220764108,140499.32210696736,237.9837198624275,0.6011392777886473
5_130,0.7,42,24,0.7124601580082336,-2.115857163629632,0.7125427310623953,1899.7832479797164,626.7215509893778,0.9450178623359795,0.6011392777886473
5_130,0.7,42,25,0.7021577209727804,-1087.2420355934983,0.7479552446236946,161632.46293323277,160544.05346911022,272.1138910412317,0.6011392777886473
5_130,0.7,42,26,0.6920155052088806,-1018.9665310659688,0.8493176641746126,151383.79215197227,150673.92123774375,255.05995062363502,0.6011392777886473
5_130,0.7,42,27,0.6820310189899872,-3121.5152791978726,0.8280250189283118,461223.8334230908,460188.99529564264,780.4542769423252,0.6011392777886473
5_130,0.7,42,28,0.6722018093403456,-1018.6701112273138,0.7939751420653803,151573.0608978491,150401.1385692312,254.9731706639713,0.6011392777886473
5_130,0.7,42,29,0.6625254614323491,-1.777597914183931,0.834535547295616,1828.1723256047317,601.8893493694595,0.8648173356888399,0.6011392777886473
5_130,0.7,42,30,0.6529995979932678,-0.8879014480595255,0.8100682341389842,1658.6577698625313,519.9852189901286,0.6545575048720242,0.6011392777886473
5_130,0.7,42,31,0.6436218787212026,-1153.3595592662934,0.8669638854926122,171168.07914647576,170513.27732905504,288.6750076737162,0.6011392777886473
5_130,0.7,42,32,0.634389999710123,-1.6116239013713978,0.7888224771744448,1837.7414382785444,540.3936006333666,0.8183166896285637,0.6011392777886473
5_130,0.7,42,33,0.6253016928838472,-2239.746598959651,0.8097087207100369,331285.97606115235,330403.01620962,560.1330211684841,0.6011392777886473
5_130,0.7,42,34,0.6163547254388225,-2171.106381599217,0.6577290921749197,321118.90161998954,320350.4064856543,542.9843953998043,0.6011392777886473
5_130,0.7,42,35,0.607546899295575,-1.3698615777330483,0.8517038677827603,1744.5484272230342,570.0623796839136,0.7686653944332621,0.6011392777886473
5_130,0.7,42,36,0.5988760505586863,-0.6334554803917823,0.8376335904465139,1397.6122258143764,704.2069480123052,0.604742441526517,0.6011392777886473
5_130,0.7,42,37,0.5903400489851716,-1087.0640905873643,0.8927469188885793,161715.2785517993,160409.8192199947,272.06278693255535,0.6011392777886473
5_130,0.7,42,38,0.581936797461124,-1155.2508938246579,0.7294965505311151,171585.84839593442,170629.27212121617,289.11739845616444,0.6011392777886473
5_130,0.7,42,39,0.5736642314864987,-1086.4104553188304,0.7182420843149161,161598.37675188165,160339.27252460987,271.90537097256475,0.6011392777886473
5_130,0.7,42,40,0.5655203186679085,-2103.850609132872,0.9299005038860854,311122.3000206604,310516.15454864077,526.1672701403608,0.6011392777886473
5_130,0.7,42,41,0.5575030582193081,-0.8693044651111621,0.649462753504831,1607.3277565933577,564.8055760426437,0.6523511162777905,0.6011392777886473
5_130,0.7,42,42,0.5496104804704447,-0.7919992770573154,0.7147706019560834,1534.7594245934079,610.524140623862,0.6336533906929003,0.6011392777886473
5_130,0.7,42,43,0.5418406463829504,-2170.9669681755013,0.9213415202701294,321032.09636786574,320393.2753563044,542.9515956153039,0.6011392777886473
5_130,0.7,42,44,0.5341916470739625,-1154.4667764057544,0.7186769190702542,171440.6046833133,170550.37350933685,288.92954410143864,0.6011392777886473
5_130,0.7,42,45,0.5266616033471518,-0.6015429061202117,0.7828984019743398,1531.1680435109965,561.1697171637264,0.5871607265300529,0.5871607265300529
5_130,0.7,42,46,0.519248665231044,-1.7160388209812658,0.7153617459584798,1884.3176304759922,528.8138518343573,0.8459989909596022,0.5871607265300529
5_130,0.7,42,47,0.5119510115245198,-1019.8450378509933,0.7747903679021483,151898.14478079867,150416.90295630152,255.2516487484626,0.5871607265300529
5_130,0.7,42,48,0.504766849349387,-1017.1101833706879,0.6805269524755075,151100.1938487785,150430.81988414505,254.6145422712434,0.5871607265300529
5_130,0.7,42,49,0.49769441370990625,-1085.5410237295382,0.8997736332874353,161321.53121757635,160373.64723982208,271.7104130752417,0.5871607265300529
5_130,0.7,42,50,0.4907319670591703,-1086.1317392063427,0.6657479374882393,161353.28401830193,160503.00298894942,271.8504490873,0.5871607265300529
5_130,0.7,42,51,0.4838777988722253,-1018.7431602159289,0.9595019941226115,151567.49569013924,150431.46661913634,254.99541505398224,0.5871607265300529
5_130,0.7,42,52,0.47713022522583176,-1018.381785072588,0.7478105461961374,151467.6807315558,150425.57086577616,254.90897841100414,0.5871607265300529
5_130,0.7,42,53,0.47048758838475946,-1289.6473269587304,0.895509772607315,191375.02083283526,190455.8324092235,322.72513531111116,0.5871607265300529
5_130,0.7,42,54,0.4639482563945182,-1.8162901319121034,1.1891232834846552,1755.914286785685,688.2745922507735,0.8822725329780259,0.5871607265300529
5_130,0.7,42,55,0.4575106226804207,-1.8327832668516277,0.765441665864931,1749.3033881817291,698.9264219252178,0.8862958167129069,0.5871607265300529
5_130,0.7,42,56,0.45117310565288166,-1085.6560075153855,0.845887482075014,161238.9156490992,160486.8611477541,271.7431233074178,0.5871607265300529
5_130,0.7,42,57,0.44493414831885486,-1018.1685227234912,0.9110445988735488,151358.58465003356,150477.6677489197,254.86618425230137,0.5871607265300529
5_130,0.7,42,58,0.438792217899313,0.014141966920051263,0.6706176303043332,1396.819081709208,522.1916534999011,0.4434145082699872,0.4434145082699872
5_130,0.7,42,59,0.43274580545267627,-2172.38774829838,0.8453646747825836,321315.49147536594,320512.9441619817,543.2878727888807,0.4434145082699872
5_130,0.7,42,60,0.4267934255040983,-2035.6531276555431,0.9453019468010808,301045.15798748116,300500.4588842711,509.1244211996001,0.4434145082699872
5_130,0.7,42,61,0.42093361568051574,-1086.2978876385814,0.7939004049451445,161430.734986367,160481.02965001605,271.89408262393107,0.4434145082699872
5_130,0.7,42,62,0.4151649363513749,-1087.042745938184,0.7469789219665506,161553.414839199,160565.03180841697,272.0680793416889,0.4434145082699872
5_130,0.7,42,63,0.40948597027494477,-0.859939004774801,0.9943006568280118,1670.1125238311843,498.99438735651063,0.645349036907986,0.4434145082699872
5_130,0.7,42,64,0.4038953222501312,-0.5381045494812198,0.9352441019114849,1461.6710643262454,614.0036824276235,0.5772439945131621,0.4434145082699872
5_130,0.7,42,65,0.3983916187737056,-1018.1714263218346,0.911348028954938,151378.5918617935,150452.5211549077,254.86026729474435,0.4434145082699872
5_130,0.7,42,66,0.3929735077028642,-1087.69000737871,0.8259958608650736,161863.46861123698,160436.29339039268,272.20675898753467,0.4434145082699872
5_130,0.7,42,67,0.38763965792303584,-1018.634916270059,1.0330777767921018,151537.05553789102,150430.06826399357,254.96940763894332,0.4434145082699872
5_130,0.7,42,68,0.38238875902085495,-1017.9034725765091,0.8547031239287698,151347.23928521652,150408.632940444,254.79600742984155,0.4434145082699872
5_130,0.7,42,69,0.37721952096222106,-1017.4687857771065,1.146289131666562,151150.74512856198,150482.51033182917,254.70131430141947,0.4434145082699872
5_130,0.7,42,70,0.372130673775365,-0.7660744376524427,0.753743933290506,1571.1149449781874,568.4658037689939,0.6261114665559678,0.4434145082699872
5_130,0.7,42,71,0.3671209672388437,-0.49877965233150096,0.7837417885361105,1475.8590616508345,592.5023037662818,0.569809198797161,0.4434145082699872
5_130,0.7,42,72,0.3621891705743874,-1.1450036956085428,0.6665756325050091,1727.0399559619102,524.1919937740838,0.7139223524735643,0.4434145082699872
5_130,0.7,42,73,0.35733407214452373,-1018.2359662810885,1.073207360874367,151476.03581253148,150376.91381564338,254.87282371312926,0.4434145082699872
5_130,0.7,42,74,0.35255447915490423,-0.9067740935264872,0.6067510113001815,1638.493366885735,539.4443522454018,0.6553256662387646,0.4434145082699872
5_130,0.7,42,75,0.3478492173612599,-0.7950913906381508,0.6714242913646903,1631.6788896949524,514.2485752924421,0.6275371333738234,0.4434145082699872
5_130,0.7,42,76,0.3432171307809146,-0.17665071994237255,0.8859824823865337,1426.504465642621,544.9159154243403,0.4876341085570217,0.4434145082699872
5_130,0.7,42,77,0.3386570814087846,-1087.4545636944056,0.8993391191465292,161666.30048330984,160569.74848918052,272.1641123521728,0.4434145082699872
5_130,0.7,42,78,0.3341679489377949,-1017.8597249607741,0.7761861321885106,151316.03583050764,150427.18206365514,254.78698838305067,0.4434145082699872
5_130,0.7,42,79,0.32974863048364406,-2105.638663053187,0.9695671244224618,311864.8800939346,310284.2306042364,526.5668586204396,0.4434145082699872
5_130,0.7,42,80,0.3253980403138483,-1019.2344831848733,0.8004279581556139,151691.32727635084,150446.1520379879,255.10915651050405,0.4434145082699872
5_130,0.7,42,81,0.32111510958100054,-1087.7286403823116,0.8221811251431612,161892.90224637813,160422.88324364772,272.2188743812922,0.4434145082699872
5_130,0.7,42,82,0.3168987860601775,-1019.0386364872115,0.835483529493996,151702.38383897295,150378.0294800804,255.05801626466,0.4434145082699872
5_130,0.7,42,83,0.31274803389043004,-1018.0382643694211,0.8768943186607558,151367.68826116592,150426.81662533095,254.828701806641,0.4434145082699872
5_130,0.7,42,84,0.30866183332029457,-1017.9863977343158,1.045619475617124,151417.71191636333,150362.0484070889,254.81223514786467,0.4434145082699872
5_130,0.7,42,85,0.3046391804572615,-950.5492268400862,0.8581504966102527,141434.09541065607,140469.59742093575,237.9542995671644,0.4434145082699872
5_130,0.7,42,86,0.3006790870211401,-0.8416184543020497,0.736687812103642,1676.140481820435,487.99025250036385,0.6405403278612267,0.4434145082699872
5_130,0.7,42,87,0.29678058010125963,-1019.549006529711,1.0418175026197884,151888.060381564,150343.51097266702,255.17865163242777,0.4434145082699872
5_130,0.7,42,88,0.2929427019174456,-2.231614419927297,0.8306641501983034,2020.2149476242669,535.3605818200241,0.9623750335532528,0.4434145082699872
5_130,0.7,42,89,0.28916450958471324,-2.5964551920362804,0.9256498814683976,1942.6443436899015,714.1185929100812,1.0570530837233558,0.4434145082699872
5_130,0.7,42,90,0.28544507488162135,-1.0842419350290775,0.8039456571670408,1658.6983583063113,569.8898851212273,0.6986461980429837,0.4434145082699872
5_130,0.7,42,91,0.28178348402222775,-3122.1186232835753,0.8272603365247153,461416.1592523326,460166.0269502654,780.5905201066081,0.4434145082699872
5_130,0.7,42,92,0.27817883743159105,-0.8995442884141691,0.5912548176237417,1671.1182820483214,506.1679662760893,0.652500357817828,0.4434145082699872
5_130,0.7,42,93,0.27463024952476534,-1.6863697231035526,0.8605164207644673,1831.07915021391,567.8038571284156,0.8370924307758881,0.4434145082699872
5_130,0.7,42,94,0.27113684848922975,-0.42412728205034955,0.8533664464987435,1519.4033063695726,528.84446931006,0.5490496776554445,0.4434145082699872
5_130,0.7,42,95,0.2676977760707032,-2103.5964407679385,0.7799700647694745,311205.413247576,310364.0531671207,526.1006351919846,0.4434145082699872
5_130,0.7,42,96,0.2643121873622896,-2.1230274535862543,0.8241450711086541,2039.9444037353383,486.58757721928345,0.9353747205394207,0.4434145082699872
5_130,0.7,42,97,0.2609792505969018,-1087.0069795781214,0.8687836964249505,161594.0336049903,160512.10146079992,272.05440918024465,0.4434145082699872
5_130,0.7,42,98,0.25769814694291476,-1.7790515139391547,0.9019849921920498,1846.8531556168937,582.7777333568959,0.8631485927705029,0.4434145082699872
5_130,0.7,42,99,0.25446807030299534,-1018.7606411814543,0.7726398384389973,151511.85814988753,150488.2862506809,255.00029600964928,0.4434145082699872
5_130,0.7,42,100,0.2512882271160621,-1.5557906479111068,0.6840558389992198,1837.1965058930687,524.0852240253687,0.8034762334063481,0.4434145082699872
5_130,0.7,42,101,0.2481578361623234,-1.6729082185929607,0.804866803321751,1875.938027866337,521.634255744266,0.8328413403625259,0.4434145082699872
5_130,0.7,42,102,0.2450761283713493,-2.0479968612198385,0.586976988294365,1872.8638815446466,632.9069301754296,0.9285706438763882,0.4434145082699872
5_130,0.7,42,103,0.24204234663312607,-1.3117736970861689,0.7932870085253191,1696.596453926895,599.1853788524407,0.7553505671286851,0.4434145082699872
5_130,0.7,42,104,0.23905574561205173,-2.259713899271178,0.8459249509215463,2090.5328942114775,469.4844736152678,0.9614463319606517,0.4434145082699872
5_130,0.7,42,105,0.23611559156382206,-0.9858315738068794,0.6541079972052871,1702.2654985104455,504.972754596117,0.6767936077374341,0.4434145082699872
5_130,0.7,42,106,0.2332211621551653,-2.415002136422726,0.7318712212757197,2080.728904625986,530.1327422711422,1.0070076769628242,0.4434145082699872
5_130,0.7,42,107,0.23037174628638085,-1018.2269632109449,0.811792516582055,151384.2293238336,150464.75487792384,254.87565508845051,0.4434145082699872
5_130,0.7,42,108,0.2275666439166364,-0.9013473558433107,0.7156009663176256,1601.3647983688331,577.9488234451535,0.6591011246751134,0.4434145082699872
5_130,0.7,42,109,0.2248051658919834,-1.6316904967969563,0.7491603821559052,1854.4004196331557,533.0126872427253,0.8253583384849533,0.4434145082699872
5_130,0.7,42,110,0.22208663377604637,-1222.5832952589792,0.9240455424341855,181601.86705328003,180467.2194749154,305.9535881004591,0.4434145082699872
5_130,0.7,42,111,0.21941037968334542,-1.13299831204653,0.6344898433409969,1684.6520962590573,558.64252317395,0.7098388637259182,0.4434145082699872
5_130,0.7,42,112,0.21677574611521144,-1.7387220777619259,0.6868151412790203,1855.132856131795,563.4974277727929,0.8528662337261957,0.4434145082699872
5_130,0.7,42,113,0.21418208579825188,-0.920690071587234,0.6772134754909287,1772.2057402434898,413.61430858304203,0.6530618036110942,0.4434145082699872
5_130,0.7,42,114,0.21162876152533033,-1.131822445253761,0.7287680807330368,1770.6597685784188,476.98253417366806,0.707744897027726,0.4434145082699872
5_130,0.7,42,115,0.20911514599901782,-1018.431973906339,0.5822048718223537,151502.71867202883,150404.06489411282,254.91850776229904,0.4434145082699872
5_130,0.7,42,116,0.20664062167747893,-1.6986735730937532,0.7285893618776877,1768.9200659306625,636.9409715377252,0.8475398218448669,0.4434145082699872
5_130,0.7,42,117,0.20420458062275576,-1.2581830946305432,0.7596637447302602,1829.924668723486,451.84931727406104,0.733788630800493,0.4434145082699872
5_130,0.7,42,118,0.2018064243514096,-1.1282537774800654,0.8256734948518194,1663.6794754192701,581.3420361073123,0.7128098729414449,0.4434145082699872
5_130,0.7,42,119,0.1994455636874869,-1.6473375350736452,0.6377863294094781,1765.6734521827539,624.3199026733766,0.8337558123398399,0.4434145082699872
5_130,0.7,42,120,0.19712141861777083,-1.8192070087151277,0.6606495090325872,1925.93815784674,509.47054672656856,0.8627946093216391,0.4434145082699872
5_130,0.7,42,121,0.19483341814928484,-1.9746414575541005,0.7304234184184571,1897.5557486576113,594.0554008966823,0.914367507245668,0.4434145082699872
5_130,0.7,42,122,0.19258100016901147,-1.7392201865337862,0.5938369797179956,1922.5957134676771,493.82047558703397,0.846258618062018,0.4434145082699872
5_130,0.7,42,123,0.19036361130579338,-1.2837568605570635,0.7928993707227049,1758.3329938763823,528.0431772259882,0.7427892151392659,0.4434145082699872
5_130,0.7,42,124,0.18818070679438154,-1.4171766529138057,0.6662453353995672,1761.4951496613846,562.2478836751139,0.7755584489427372,0.4434145082699872
5_130,0.7,42,125,0.1860317503415984,-1.3626798350529117,0.7070988737836356,1811.9261713674255,493.7377423105292,0.7561199587632279,0.4434145082699872
5_130,0.7,42,126,0.1839162139945818,-1.21459056834628,0.924072044834421,1710.7618632084836,555.7248483860199,0.7285119278008557,0.4434145082699872
5_130,0.7,42,127,0.18183357801107813,-1018.7266759158521,0.635259391695226,151561.51038058187,150426.7736475785,254.98640112182017,0.4434145082699872
5_130,0.7,42,128,0.17978333073175307,-1.8338706725106741,0.7514069884673499,1885.5946109607146,555.2972378484187,0.8704176681276685,0.4434145082699872
5_130,0.7,42,129,0.17776496845448742,-1.9613820811864064,0.7714238030614305,1972.4043616452789,507.43139678795075,0.8988098060108873,0.4434145082699872
5_130,0.7,42,130,0.17577799531062827,-1.4912164154766046,0.7753901605030239,1770.042799453489,576.5410277431839,0.7951326752977226,0.4434145082699872
5_130,0.7,42,131,0.1738219231431649,-1.5350362120463026,0.844195347811288,1817.83939037565,542.9462050719969,0.8043733387258614,0.4434145082699872
5_130,0.7,42,132,0.17189627138679878,-1.7245728245453424,0.6717512496966173,1909.9771070106015,503.048855219104,0.8441360632791928,0.4434145082699872
5_130,0.7,42,133,0.1700005669498786,-1.208964140939694,0.8942955787358503,1795.0730455676714,471.73477013707475,0.7229803209492093,0.4434145082699872
5_130,0.7,42,134,0.16813434409817252,-1.1041468945397135,0.8293554162861188,1683.5426431842684,553.3598496680868,0.7042724379206426,0.4434145082699872
5_130,0.7,42,135,0.16629714434044632,-2.5599916674813348,0.8215397749855209,2028.7663032376543,624.9573648581998,1.0484300597274765,0.4434145082699872
5_130,0.7,42,136,0.16448851631582245,-1018.7093636084657,0.6061619178259906,151641.1606301452,150344.74195485772,254.9788051878307,0.4434145082699872
5_130,0.7,42,137,0.16270801568288995,-1.2800313576778475,0.49193848696816833,1752.0446671255784,530.4711023764803,0.7398149822766047,0.4434145082699872
5_130,0.7,42,138,0.16095520501053945,-0.6411450608885563,0.6461715573899001,1572.8635648275101,535.9655266341073,0.5988434080792819,0.4434145082699872
5_130,0.7,42,139,0.1592296536704954,-0.4576051606082946,0.6773515770272531,1567.4110911038767,487.27555786598697,0.5514227187235022,0.4434145082699872
5_130,0.7,42,140,0.15753093773152022,-1.6198405057462706,0.5298167208570441,1912.932945528787,468.56504357086203,0.8160994121508534,0.4434145082699872
5_130,0.7,42,141,0.15585863985526294,-1019.0810887572565,0.858139507846483,151708.1703795641,150383.70573758706,255.0677364750284,0.4434145082699872
5_130,0.7,42,142,0.15421234919372853,-1.2924041207735275,0.4772348070459075,1763.562250781024,525.5742066631677,0.7448653159076676,0.4434145082699872
5_130,0.7,42,143,0.152591661288341,-1.567944776668935,0.7408419408962581,1767.0128194719225,601.0711519130786,0.814321908452948,0.4434145082699872
5_130,0.7,42,144,0.15099617797057668,-2.032788338422997,0.7820560957099607,1940.0591769899802,564.1786895619623,0.9225827988914636,0.4434145082699872
5_130,0.7,42,145,0.14942550726414244,-1.0706942598632236,0.6698868146117348,1737.963762353119,489.98301234393983,0.6926128506800916,0.4434145082699872
5_130,0.7,42,146,0.14787926328867598,-1.0077201146084174,0.6252754625161457,1731.7808632272058,476.17831293490804,0.6753943143663901,0.4434145082699872
5_130,0.7,42,147,0.1463570661649425,-1.130943185201558,0.6636765579247208,1730.6522941579544,510.69841748991183,0.7049500820146752,0.4434145082699872
5_130,0.7,42,148,0.1448585419215072,-1.8449046136452527,0.5959638574846594,1891.3341451534482,555.4125481104855,0.8751904391255989,0.4434145082699872
5_130,0.7,42,149,0.14338332240285795,-1.539334265222543,0.689110073955143,1859.059457573469,501.97254453770967,0.8017478520199215,0.4434145082699872
5_130,0.7,42,150,0.1419310451789575,-1018.6636009408326,0.6908007950537163,151554.17376348996,150418.7130354404,254.97331452092243,0.4434145082699872
5_130,0.7,42,151,0.14050135345620207,-2.5739626852903887,0.6790895004918692,2145.425140458918,503.94504068222307,1.036540671322597,0.4434145082699872
5_130,0.7,42,152,0.13909389598976496,-0.609288328293514,0.7012831614402704,1494.8171337915708,599.0626792277998,0.5910292249305213,0.4434145082699872
5_130,0.7,42,153,0.13770832699730284,-2037.2339262974426,0.6002932924210761,301782.0720431396,300216.9021473025,509.4738172886464,0.4434145082699872
5_130,0.7,42,154,0.13634430607400466,-1.5944008500214344,0.5849105242423821,1841.0212655585497,533.3462269802523,0.8147644982196444,0.4434145082699872
5_130,0.7,42,155,0.13500149810896128,-1.082722368015434,0.59953532610143,1730.7182057619334,502.67004769251224,0.6979163062895728,0.4434145082699872
5_130,0.7,42,156,0.13367957320283602,-1.1783555765628244,0.45638270911997375,1708.222942868293,548.0790830664041,0.719696036997849,0.4434145082699872
5_130,0.7,42,157,0.13237820658681518,-1.2090031298183652,0.7183096638759159,1776.3557986058072,492.2290846665809,0.725840068168877,0.4434145082699872
5_130,0.7,42,158,0.13109707854281938,-2.0167889427495727,0.6625324103843073,1992.173734140386,502.21103175297014,0.9102900928302503,0.4434145082699872
5_130,0.7,42,159,0.12983587432495577,-1.565305050745522,0.6072878437785502,1823.8036438341617,542.9330106869614,0.8092155484006662,0.4434145082699872
5_130,0.7,42,160,0.12859428408219134,-1.6378420896956123,0.6300204601587108,1863.4806905448881,523.4387339551839,0.8242962367096174,0.4434145082699872
5_130,0.7,42,161,0.1273720027822294,-1.5944008500214344,0.6101163766347928,1841.0212655585497,533.3462269802523,0.8147644982196444,0.4434145082699872
5_130,0.7,42,162,0.12616873013656954,-1.6879721009978825,0.4803426462108664,1834.4126708828526,566.3739607092665,0.8385430252494707,0.4434145082699872
5_130,0.7,42,163,0.12498417052673307,-1.461635869576786,0.5488400471312821,1780.3960504552988,554.6469517610324,0.784230395965625,0.4434145082699872
5_130,0.7,42,164,0.12381803293163596,-1.6559667475638264,0.6492008949080392,1859.8864178252313,531.3792330978725,0.8283809726052423,0.4434145082699872
5_130,0.7,42,165,0.12267003085609117,-1.245941865807074,0.6807838506658226,1708.7981929281304,569.8441617111786,0.7393783235946256,0.4434145082699872
5_130,0.7,42,166,0.1215398822604227,-2.438265829723819,0.5777477363022132,2078.3045587193683,539.077113596247,1.0129307431452403,0.4434145082699872
5_130,0.7,42,167,0.1204273094911746,-1.4650353790024533,0.6487428631626966,1773.0228494966489,562.228800023695,0.784923130464899,0.4434145082699872
5_130,0.7,42,168,0.11933203921289748,-1.7775559267617986,0.6140092818625574,1939.103214388908,486.63924472728405,0.8533532674047354,0.4434145082699872
5_130,0.7,42,169,0.11825380234099556,-1.6539829600198033,0.8465420614793843,1853.1746245801344,539.7113497978091,0.8302743114335223,0.4434145082699872
5_130,0.7,42,170,0.11719233397561858,-1.9931656839328953,0.5073710878545559,1983.0734657026114,504.1207858528095,0.9045699924117953,0.4434145082699872
5_130,0.7,42,171,0.11614737333658141,-2.270229753458466,0.6365872189288475,2067.407726799351,501.8437529718836,0.9711931526503308,0.4434145082699872
5_130,0.7,42,172,0.11511866369929591,-1.7482957135901411,0.5704551667437278,1844.2150244923453,573.8865371560082,0.8531524998261067,0.4434145082699872
5_130,0.7,42,173,0.11410595233169919,-1.84943564195641,0.5270568526947573,2010.076140967139,436.1135674613175,0.8665089104891025,0.4434145082699872
5_130,0.7,42,174,0.11310899043216277,-1.6517079667922574,0.5901902999137321,1828.1756804233185,560.8668651214947,0.8286055631266358,0.4434145082699872
5_130,0.7,42,175,0.1121275330683672,-2.237089963113255,0.584384389263418,2010.9573825173852,545.6639530796264,0.9639367764925995,0.4434145082699872
5_130,0.7,42,176,0.11116133911712744,-1.9931656839328953,0.39401894324927655,1983.0734657026114,504.1207858528095,0.9045699924117953,0.4434145082699872
5_130,0.7,42,177,0.1102101712051541,-1.6215254632869245,0.36030807474811954,1900.7277884981793,479.03561724228337,0.8154099372503025,0.4434145082699872
5_130,0.7,42,178,0.10927379565073586,-2.0949408166023478,0.6665222946276715,2039.897833966879,478.632124458674,0.9283137755791584,0.4434145082699872
5_130,0.7,42,179,0.10835198240632873,-1.9931656839328953,0.4801641099340685,1983.0734657026114,504.1207858528095,0.9045699924117953,0.4434145082699872
5_130,0.7,42,180,0.1074445050020384,-1.9931656839328953,0.5269508261490076,1983.0734657026114,504.1207858528095,0.9045699924117953,0.4434145082699872
5_130,0.7,42,181,0.10655114048998136,-2.4114778826110808,0.5537690176010914,2006.7385946963598,600.7830085915302,1.0091623277956274,0.4434145082699872
5_130,0.7,42,182,0.10567166938951125,-1.7209019939368262,0.34865478155651874,1910.967269052793,499.8342841969391,0.842104069912778,0.4434145082699872
5_130,0.7,42,183,0.10480587563329734,-2.2829516619923367,0.48844613792621416,2076.7599326596833,498.09931065140097,0.9754986297837984,0.4434145082699872
5_130,0.7,42,184,0.10395354651424124,-1223.94080023632,0.5842237678918124,181954.83845021037,180494.1607239564,306.2646286305086,0.4434145082699872
5_130,0.7,42,185,0.10311447263321932,-1.9931656839328953,0.5385957424735291,1983.0734657026114,504.1207858528095,0.9045699924117953,0.4434145082699872
5_130,0.7,42,186,0.10228844784763778,-1.5049036770609503,0.5257855081957568,1771.787722826828,578.5091685581198,0.7982902049795233,0.4434145082699872
5_130,0.7,42,187,0.10147526922078795,-2.1491933311056237,0.5501113671107026,2014.8903579947303,515.2372041607781,0.9402769042049773,0.4434145082699872
5_130,0.7,42,188,0.10067473697198882,-1.9931656839328953,0.6831940089037382,1983.0734657026114,504.1207858528095,0.9045699924117953,0.4434145082699872
5_130,0.7,42,189,0.09988665442750533,-1.9931656839328953,0.6592597035562496,1983.0734657026114,504.1207858528095,0.9045699924117953,0.4434145082699872
5_130,0.7,42,190,0.09911082797222981,-1.9931656839328953,0.5280863036696987,1983.0734657026114,504.1207858528095,0.9045699924117953,0.4434145082699872
5_130,0.7,42,191,0.09834706700211487,-1.3797821743011682,0.5647601425989078,1819.2278187154184,493.51657170853105,0.7618669721467206,0.4434145082699872
5_130,0.7,42,192,0.09759518387734595,-1224.2738901878013,0.5276603875857911,182095.95585983546,180445.4265377582,306.33645111837893,0.4434145082699872
5_130,0.7,42,193,0.09685499387624241,-1223.7896924337952,0.6837501254898142,181963.24507183096,180439.71049476432,306.2234016798774,0.4434145082699872
5_130,0.7,42,194,0.09612631514987509,-1224.2738901878013,0.47739343568135084,182095.95585983546,180445.4265377582,306.33645111837893,0.4434145082699872
5_130,0.7,42,195,0.09540896867739013,-1.9931656839328953,0.6447747055709929,1983.0734657026114,504.1207858528095,0.9045699924117953,0.4434145082699872
5_130,0.7,42,196,0.0947027782220271,-1.418700360288234,0.6867566534279641,1786.8957492298796,539.6193074605926,0.7762536615006299,0.4434145082699872
5_130,0.7,42,197,0.09400757028782174,-2.248078782815427,0.4841231256727565,2049.3323996922895,508.4593944641134,0.9623232671324282,0.4434145082699872
5_130,0.7,42,198,0.09332317407698135,-1.9931656839328953,0.4421275857369572,1983.0734657026114,504.1207858528095,0.9045699924117953,0.4434145082699872
5_130,0.7,42,199,0.09264942144792357,-1.893184993140994,0.43382334370760595,1920.570445995008,535.1220053755708,0.8810712482852485,0.4434145082699872
5_130,0.7,42,200,0.09198614687396757,-1224.2665121276223,0.46158274429317964,182053.48850985488,180481.75837032075,306.33396374619133,0.4434145082699872
5_130,0.7,42,201,0.0913331874026676,-1019.7132181857531,0.5890386152001006,151910.73587550255,150362.62527023896,255.21397954643828,0.4434145082699872
5_130,0.7,42,202,0.09069038261577916,-2.091026754393301,0.6877282429830858,1969.3638170246127,547.6444327793315,0.9318352600268967,0.4434145082699872
5_130,0.7,42,203,0.09005757458984752,-2.4022308886728423,0.5967786511298495,2042.8863549581647,559.5855387025715,1.002211293596782,0.4434145082699872
5_130,0.7,42,204,0.08943460785740934,-1.8053703951368532,0.5104638493093304,1865.6980001995003,566.5918668489593,0.8641961702127847,0.4434145082699872
5_130,0.7,42,205,0.08882132936879764,-2.42883461712756,0.5778973150501436,2077.522554774444,530.8969843661004,1.0050729399961758,0.4434145082699872
5_130,0.7,42,206,0.08821758845454078,-1019.9995419632339,0.561043595004716,152012.3495658035,150343.17755625144,255.2795069193799,0.4434145082699872
5_130,0.7,42,207,0.08762323678834613,-2.091026754393301,0.5472068102377068,1969.3638170246127,547.6444327793315,0.9318352600268967,0.4434145082699872
5_130,0.7,42,208,0.08703812835065944,-2.091026754393301,0.48002498836048824,1969.3638170246127,547.6444327793315,0.9318352600268967,0.4434145082699872
5_130,0.7,42,209,0.08646211939279098,-2.5604508682080036,0.6028922651053648,2125.8712949461033,527.9997945990101,1.041862717052001,0.4434145082699872
5_130,0.7,42,210,0.08589506840159955,-2.3774535674714725,0.5504276896063198,2070.2981618206927,526.6796872951747,0.995470534725011,0.4434145082699872
5_130,0.7,42,211,0.08533683606472567,-2.0624866000329307,0.5855096131469325,1995.158234224256,511.0010986678873,0.9204787928653755,0.4434145082699872
5_130,0.7,42,212,0.08478728523636561,-2.452038829454761,0.6280816703255254,2026.372106220754,597.5318110804186,1.0222704216494045,0.4434145082699872
5_130,0.7,42,213,0.08424628090357741,-2.2400960473030604,0.5073222192493607,2025.4618528278097,534.2403454519589,0.9656561546829079,0.4434145082699872
5_130,0.7,42,214,0.08371369015311121,-1.8355785360192967,0.4121977902462768,1938.9728805869431,505.02352645174943,0.869476776861967,0.4434145082699872
5_130,0.7,42,215,0.08318938213875532,-2.832695238469344,0.5610669687110126,2222.273501476478,505.55829579320846,1.100505952474479,0.4434145082699872
5_130,0.7,42,216,0.08267322804918986,-2.2400960473030604,0.5423314912238346,2025.4618528278097,534.2403454519589,0.9656561546829079,0.4434145082699872
5_130,0.7,42,217,0.08216510107634088,-1.8435602663183654,0.4628174689197227,1907.6489128319445,537.2366784418052,0.8724222094367342,0.4434145082699872
5_130,0.7,42,218,0.08166487638422609,-2.2400960473030604,0.5003253316545558,2025.4618528278097,534.2403454519589,0.9656561546829079,0.4434145082699872
5_130,0.7,42,219,0.08117243107828538,-2.612287572399116,0.4145911325765283,2130.0991388314146,535.6749440019805,1.0520790359569219,0.4434145082699872
5_130,0.7,42,220,0.08068764417518824,-2.8084022423947026,0.6012833628463887,2136.7079012912877,586.5444690394854,1.1023648463129614,0.4434145082699872
5_130,0.7,42,221,0.08021039657311081,-1019.9995419632339,0.602564444109694,152012.3495658035,150343.17755625144,255.2795069193799,0.4434145082699872
5_130,0.7,42,222,0.07974057102247495,-1018.852608938772,0.44635446334286744,151630.93712018334,150394.23085189878,255.01417366326444,0.4434145082699872
5_130,0.7,42,223,0.0792780520971426,-1224.7854164551238,0.6215454500668393,182232.55324708275,180456.1241241446,306.4570612566381,0.4434145082699872
5_130,0.7,42,224,0.07882272616605801,-2.0139929291258944,0.5516440096234749,1974.830245495072,517.3105991190534,0.9095053751386164,0.4434145082699872
5_130,0.7,42,225,0.0783744813653311,-2.3744604076572724,0.530156669386076,1996.8088282850886,598.6488898212943,0.9991972447714609,0.4434145082699872
5_130,0.7,42,226,0.07793320757075473,-2.201734876708781,0.4709534372209993,2042.1517217662986,506.09351379570865,0.9543908620343382,0.4434145082699872
5_130,0.7,42,227,0.07749879637074959,-2.331170228319728,0.35506321356109355,2055.8533943063976,530.8535553773105,0.9873996999370749,0.4434145082699872
5_130,0.7,42,228,0.07707114103972987,-1224.3236895958958,0.45197572294387467,182066.44669773238,180491.32872146677,306.35295811325966,0.4434145082699872
5_130,0.7,42,229,0.0766501365118829,-2.509810571355127,0.40856601924027014,2081.9594070699286,552.9304049106767,1.0281347856959246,0.4434145082699872
5_130,0.7,42,230,0.07623567935535681,-1224.0274484556676,0.40341338752480616,182007.78304195168,180466.86451291252,306.28361925677405,0.4434145082699872
5_130,0.7,42,231,0.07582766774684957,-2.612287572399116,0.5062853621060104,2130.0991388314146,535.6749440019805,1.0520790359569219,0.4434145082699872
5_130,0.7,42,232,0.07542600144659303,-2.201734876708781,0.5674681259368562,2042.1517217662986,506.09351379570865,0.9543908620343382,0.4434145082699872
5_130,0.7,42,233,0.07503058177372629,-1019.3980768244242,0.5037838746329958,151758.80746348185,150421.92213568775,255.14268349182032,0.4434145082699872
5_130,0.7,42,234,0.0746413115820518,-1224.112998097026,0.676809104078828,182064.90500068673,180435.65702535099,306.30255666711366,0.4434145082699872
5_130,0.7,42,235,0.07425809523616868,-2.100558623397558,0.5494666565113359,2042.129005013747,479.84105628149007,0.9311967987065323,0.4434145082699872
5_130,0.7,42,236,0.0738808385879771,-2.6213988990824184,0.5561656747789877,2073.560937580798,593.208054073634,1.0568568676277474,0.4434145082699872
5_130,0.7,42,237,0.0735094489535481,-1.5645741348008362,0.6181738364869606,1816.4187143690933,549.1658293318627,0.8087078194144948,0.4434145082699872
5_130,0.7,42,238,0.07314383509035316,-2.201734876708781,0.6710314239648927,2042.1517217662986,506.09351379570865,0.9543908620343382,0.4434145082699872
5_130,0.7,42,239,0.07278390717484776,-2.531167657735251,0.622026298886854,2111.1455260751086,530.0337139725904,1.0316740572909557,0.4434145082699872
5_130,0.7,42,240,0.07242957678040378,-1.5103987913964863,0.46469267847389384,1836.8539386708712,509.76640430490517,0.7905568407062644,0.4434145082699872
5_130,0.7,42,241,0.07208075685558483,-2.719473919635329,0.6563702511730544,2166.4920246278916,525.3836320917809,1.0726113370516894,0.4434145082699872
5_130,0.7,42,242,0.0717373617027597,-2.201734876708781,0.5912458239062437,2042.1517217662986,506.09351379570865,0.9543908620343382,0.4434145082699872
5_130,0.7,42,243,0.07139930695704806,-2.2108462033920824,0.6534167499627036,1985.613520515682,563.626623867362,0.9591686937051634,0.4434145082699872
5_130,0.7,42,244,0.0710665095655941,-2.201734876708781,0.5256530728599051,2042.1517217662986,506.09351379570865,0.9543908620343382,0.4434145082699872
5_130,0.7,42,245,0.07073888776716195,-2.201734876708781,0.4831918291915345,2042.1517217662986,506.09351379570865,0.9543908620343382,0.4434145082699872
5_130,0.7,42,246,0.07041636107204882,-2.357762523881509,0.5548082691240124,2073.968614058417,517.2099321036773,0.9900977738275201,0.4434145082699872
5_130,0.7,42,247,0.07009885024231037,-1.8387678869230661,0.5535455394895511,1891.847187607249,552.9670792013407,0.8734491145879094,0.4434145082699872
5_130,0.7,42,248,0.0697862772722936,-1.8722918464311127,0.6375864243451945,1947.9292699893906,504.1902600691638,0.876030104464921,0.4434145082699872
5_130,0.7,42,249,0.0694785653694726,-1.881403173114414,0.5639590554963353,1891.391068738774,561.7233701408172,0.8808079361357464,0.4434145082699872
5_130,0.7,42,250,0.06917563893558212,-2.5452102077356367,0.48458041711411,2079.8509915525733,566.9176984775354,1.0387668376481949,0.4434145082699872
5_130,0.7,42,251,0.06887742354804487,-1.8722918464311127,0.6064010300156635,1947.9292699893906,504.1902600691638,0.876030104464921,0.4434145082699872
5_130,0.7,42,252,0.06858384594168729,-1.586152492952456,0.4703118456564477,1843.9909512461036,528.8309888588586,0.8131952660952568,0.4434145082699872
5_130,0.7,42,253,0.06829483399074003,-1.655492956877648,0.4884809686731934,1887.3774180087378,504.9592697529336,0.8274303820765548,0.4434145082699872
5_130,0.7,42,254,0.06801031669111803,-2.3701703594441863,0.4218381266761269,2050.133324196459,542.4500122758471,0.9929818755753322,0.4434145082699872
5_130,0.7,42,255,0.06773022414297643,-1.881403173114414,0.3956838461990601,1891.391068738774,561.7233701408172,0.8808079361357464,0.4434145082699872
5_130,0.7,42,256,0.06745448753353762,-2.4039873595087746,0.5223628975890803,1972.7312220015347,630.198283359326,1.0074539827343365,0.4434145082699872
5_130,0.7,42,257,0.06718303912018544,-1.8722918464311127,0.5804326733800592,1947.9292699893906,504.1902600691638,0.876030104464921,0.4434145082699872
5_130,0.7,42,258,0.0669158122138222,-2.2272892335705667,0.7162632748391031,2042.899552630187,511.33819501959584,0.9596294512497845,0.4434145082699872
5_130,0.7,42,259,0.06665274116248465,-2172.783126903904,0.5932448665891116,321575.19290388515,320371.9154093288,543.3747245831188,0.4434145082699872
5_130,0.7,42,260,0.06639376133521471,-1.9004827805254554,0.512492762194785,1932.6236799871567,529.9083101511102,0.8862778379885067,0.4434145082699872
5_130,0.7,42,261,0.06613880910618089,-2.5598062363299565,0.6160954154394256,2129.567637145742,519.2637033261691,1.037158701939632,0.4434145082699872
5_130,0.7,42,262,0.06588782183904693,-1.8722918464311127,0.6225500218512869,1947.9292699893906,504.1902600691638,0.876030104464921,0.4434145082699872
5_130,0.7,42,263,0.06564073787158327,-1.519916813922938,0.48061380891279015,1847.4952214745074,504.49266905744076,0.7945613463378773,0.4434145082699872
5_130,0.7,42,264,0.06539749650051803,-1155.0902742162123,0.43387016403904716,171743.5825768151,170426.8495805506,289.06706855405304,0.4434145082699872
5_130,0.7,42,265,0.06515803796662348,-1.8722918464311127,0.45648719489492773,1947.9292699893906,504.1902600691638,0.876030104464921,0.4434145082699872
5_130,0.7,42,266,0.06492230344003448,-1.8722918464311127,0.3455313871148136,1947.9292699893906,504.1902600691638,0.876030104464921,0.4434145082699872
5_130,0.7,42,267,0.06469023500579518,-1.8722918464311127,0.4501935183676021,1947.9292699893906,504.1902600691638,0.876030104464921,0.4434145082699872
5_130,0.7,42,268,0.06446177564963067,-0.8812886949279761,0.29026676263333934,1698.4750394292573,472.7769080330847,0.6452864594462797,0.4434145082699872
5_130,0.7,42,269,0.06423686924393959,-2.3235098345592773,0.5447352085678054,2068.9083787480026,512.7977856815075,0.9820846014969622,0.4434145082699872
5_130,0.7,42,270,0.064015460534005,-1.3510310284252975,0.5472316385309511,1787.1939481825887,516.1597488465146,0.7557863285348958,0.4434145082699872
5_130,0.7,42,271,0.0637974951244193,-2.0466061222701004,0.5729205135854698,2021.3582273453253,477.5082983082896,0.9122336734246679,0.4434145082699872
5_130,0.7,42,272,0.06358291946572056,-1.8722918464311127,0.5404926218190816,1947.9292699893906,504.1902600691638,0.876030104464921,0.4434145082699872
5_130,0.7,42,273,0.06337168084123639,-2.012129680534894,0.4664401693655639,1949.828857079521,544.4187045946996,0.9130895629908664,0.4434145082699872
5_130,0.7,42,274,0.06316372735413278,-1.83710539984477,0.49049508442211626,1904.5796820996657,536.907156945884,0.8696334928183354,0.4434145082699872
5_130,0.7,42,275,0.06295900791466405,-1.519916813922938,0.40880985278139137,1847.4952214745074,504.49266905744076,0.7945613463378773,0.4434145082699872
5_130,0.7,42,276,0.06275747222762111,-1.9916061831920244,0.4093934340525414,1970.789772879062,516.139944759718,0.905183688655149,0.4434145082699872
5_130,0.7,42,277,0.06255907077997513,-2.152023309754331,0.4563259553596577,2017.8416904421392,514.2847744261485,0.9418379702957256,0.4434145082699872
5_130,0.7,42,278,0.062363754828713217,-1.519916813922938,0.4995302156992909,1847.4952214745074,504.49266905744076,0.7945613463378773,0.4434145082699872
5_130,0.7,42,279,0.06217147638886324,-1.519916813922938,0.546917406304557,1847.4952214745074,504.49266905744076,0.7945613463378773,0.4434145082699872
5_130,0.7,42,280,0.06198218822170495,-0.8135107746332653,0.346989178600129,1633.5980725207098,517.6672199796756,0.632116979372602,0.4434145082699872
5_130,0.7,42,281,0.06179584382316449,-2.9220602644951565,0.4836925357038556,2246.8618172148526,502.3768019844599,1.1177079232666463,0.4434145082699872
5_130,0.7,42,282,0.06161239741238927,-1.8722918464311127,0.41929292196941664,1947.9292699893906,504.1902600691638,0.876030104464921,0.4434145082699872
5_130,0.7,42,283,0.06143180392050065,-1.6896003202790584,0.6001031498087387,1874.1832167046523,524.7142313508444,0.8341322229269075,0.4434145082699872
5_130,0.7,42,284,0.06125401897952138,-1.370524970255107,0.4310910402986977,1808.431377709444,499.72731856339294,0.7585633854209196,0.4434145082699872
5_130,0.7,42,285,0.06107899891147547,-1.519916813922938,0.39695768047096447,1847.4952214745074,504.49266905744076,0.7945613463378773,0.4434145082699872
5_130,0.7,42,286,0.060906700717657275,-1.8355785360192967,0.4774671016498192,1938.9728805869431,505.02352645174943,0.869476776861967,0.4434145082699872
5_130,0.7,42,287,0.060737082068067785,-1.519916813922938,0.40419228511784616,1847.4952214745074,504.49266905744076,0.7945613463378773,0.4434145082699872
5_130,0.7,42,288,0.06057010129101494,-1.534326439835972,0.4626365036363951,1829.4448388078015,528.8383228071509,0.8013637528161358,0.4434145082699872
5_130,0.7,42,289,0.06040571736287584,-1.915726907983653,0.47169238714106954,1957.1824320444,507.8188567814869,0.8867638698530561,0.4434145082699872
5_130,0.7,42,290,0.06024388989801807,-1.519916813922938,0.3371614629486918,1847.4952214745074,504.49266905744076,0.7945613463378773,0.4434145082699872
5_130,0.7,42,291,0.06008457913887785,-1.9916061831920244,0.5191510257301871,1970.789772879062,516.139944759718,0.905183688655149,0.4434145082699872
5_130,0.7,42,292,0.05992774594619241,-2.151286359813456,0.3416997968770381,1977.4844018098925,557.567149745429,0.947203732810507,0.4434145082699872
5_130,0.7,42,293,0.05977335178938433,-0.8135107746332653,0.4080719550515074,1633.5980725207098,517.6672199796756,0.632116979372602,0.4434145082699872
5_130,0.7,42,294,0.059621358737095426,-1.363118501926241,0.4315996707269161,1788.973577013347,517.1533342503335,0.7581117683387031,0.4434145082699872
5_130,0.7,42,295,0.05947172944786773,-0.9690158728438116,0.4476786852706208,1685.1328946941069,512.4325059947752,0.6694361110680958,0.4434145082699872
5_130,0.7,42,296,0.059324427160969605,-0.7575954793492609,0.593053807825018,1608.2501464336283,527.5464813472684,0.6202095841230295,0.4434145082699872
5_130,0.7,42,297,0.05917941568736433,-1.519916813922938,0.3560851800651289,1847.4952214745074,504.49266905744076,0.7945613463378773,0.4434145082699872
5_130,0.7,42,298,0.05903665940081926,-0.906851776887007,0.5025212309500564,1628.509748106927,547.1730980662556,0.654023658507466,0.4434145082699872
5_130,0.7,42,299,0.058896123229153184,-1.1882504403810787,0.3924244244737895,1738.9052216789573,520.6744488724008,0.720473324380984,0.4434145082699872
5_130,0.7,42,300,0.05875777264561992,-1.519916813922938,0.4320937207027553,1847.4952214745074,504.49266905744076,0.7945613463378773,0.4434145082699872
5_130,0.7,42,301,0.05862157366042571,-1.519916813922938,0.3843182227122681,1847.4952214745074,504.49266905744076,0.7945613463378773,0.4434145082699872
5_130,0.7,42,302,0.058487492812378764,-1.519916813922938,0.4842339144736078,1847.4952214745074,504.49266905744076,0.7945613463378773,0.4434145082699872
5_130,0.7,42,303,0.05835549716066848,-1.519916813922938,0.45201453208402204,1847.4952214745074,504.49266905744076,0.7945613463378773,0.4434145082699872
5_130,0.7,42,304,0.05822555427677263,-1.6896003202790584,0.39911608541026794,1874.1832167046523,524.7142313508444,0.8341322229269075,0.4434145082699872
5_130,0.7,42,305,0.05809763223649032,-1.519916813922938,0.3494062556335026,1847.4952214745074,504.49266905744076,0.7945613463378773,0.4434145082699872
5_130,0.7,42,306,0.057971699612098956,-1.519916813922938,0.34901843971961255,1847.4952214745074,504.49266905744076,0.7945613463378773,0.4434145082699872
5_130,0.7,42,307,0.05784772546463305,-0.5487399806581723,0.2512700676640335,1562.2199341854673,517.6957374439004,0.5740528523074002,0.4434145082699872
5_130,0.7,42,308,0.05772567933628324,-1.5308437981817522,0.36019663994743084,1804.8938000255232,548.4176779036972,0.7986680924025809,0.4434145082699872
5_130,0.7,42,309,0.05760553124291343,-1.4362334303721536,0.4308481034844867,1836.9970814942785,492.11068632191495,0.7750869290216098,0.4434145082699872
5_130,0.7,42,310,0.05748725166669427,-1155.5038843270027,0.4346266726885257,171777.240142823,170511.87211807954,289.16951751032207,0.4434145082699872
5_130,0.7,42,311,0.05737081154885137,-1.519916813922938,0.5632018300350894,1847.4952214745074,504.49266905744076,0.7945613463378773,0.4434145082699872
5_130,0.7,42,312,0.057256182282526054,-1.3653734972777336,0.4481414445813483,1801.9878672211948,509.0228031730455,0.7615255171765762,0.4434145082699872
5_130,0.7,42,313,0.057143335705747374,-1.519916813922938,0.406946450426795,1847.4952214745074,504.49266905744076,0.7945613463378773,0.4434145082699872
5_130,0.7,42,314,0.05703224409451321,-2035.7862024133196,0.40105443833418153,301368.3011933131,300219.43746392516,509.1393184604728,0.4434145082699872
5_130,0.7,42,315,0.056922880155979176,-1.5169109649565762,0.34756517087134553,1796.5939428852892,553.5757917178057,0.7964670269534297,0.4434145082699872
5_130,0.7,42,316,0.05681521702175326,-0.9986559959171228,0.4643937713060569,1686.7598996677054,516.4621578347916,0.6743175704078521,0.4434145082699872
5_130,0.7,42,317,0.05670922824129488,-0.9986559959171228,0.4948140619479938,1686.7598996677054,516.4621578347916,0.6743175704078521,0.4434145082699872
5_130,0.7,42,318,0.05660488777541653,-0.9986559959171228,0.3722775359466846,1686.7598996677054,516.4621578347916,0.6743175704078521,0.4434145082699872
5_130,0.7,42,319,0.056502169989886525,-1.3648259669045273,0.46989073834341044,1794.8201052639993,515.7586937188213,0.7616386345832746,0.4434145082699872
5_130,0.7,42,320,0.056401049649131195,-1.519916813922938,0.3722015975994894,1847.4952214745074,504.49266905744076,0.7945613463378773,0.4434145082699872
5_130,0.9,42,1,1.0,-1770.4744854949736,,331405.9445532505,330345.1995140293,442.77108804041006,442.77108804041006
5_130,0.9,42,2,0.9852258055592246,-1.3475592835566423,,1688.6656696872362,569.0154525953052,0.7309112494605892,0.7309112494605892
5_130,0.9,42,3,0.9706813761935793,-804.6730625414693,,151388.00911028485,150417.3558294617,201.46344777822446,0.7309112494605892
5_130,0.9,42,4,0.9563631386463322,-0.8592107061192098,0.9191502246929749,1598.735801631029,514.7153282726426,0.6208348193869453,0.6208348193869453
5_130,0.9,42,5,0.9422675752312664,-1609.5775278298447,0.7579760259640509,301379.00456536654,300455.13512010867,402.5568986241279,0.6208348193869453
5_130,0.9,42,6,0.9283912229684601,-1.4514316014059678,0.8971617174008909,1720.2840809409076,546.3188688558389,0.7573162336848253,0.6208348193869453
5_130,0.9,42,7,0.9147306727335057,-1.0987962775034998,0.7754719017819691,1615.5032077256622,662.9115214756965,0.6819883550901606,0.6208348193869453
5_130,0.9,42,8,0.9012825684199611,-1770.5087207191339,0.6407308506284917,331405.9853583123,330414.818104896,442.7916170845454,0.6208348193869453
5_130,0.9,42,9,0.888043606114825,-2.6001056891382985,0.9265286224191713,1944.8324105118431,672.7317233194384,1.0294704699036223,0.6208348193869453
5_130,0.9,42,10,0.8750105332868364,-0.48090762328979764,0.7395722829757394,1480.3049827444177,642.9719249498257,0.5346566677272113,0.5346566677272113
5_130,0.9,42,11,0.8621801479873967,-2.1659151444806666,0.6762855305876082,1867.40829741887,587.6911894268185,0.9234335480249285,0.5346566677272113
5_130,0.9,42,12,0.8495492980639193,-1.7860019864028542,0.6911021277201106,1794.1639582270923,553.5826329148806,0.8367576394578564,0.5346566677272113
5_130,0.9,42,13,0.837114880385412,-1.7910367713369104,0.6980945079938516,1783.1832698990404,593.5876910382922,0.83704014521518,0.5346566677272113
5_130,0.9,42,14,0.8248738400801048,-913.1921106365536,0.6622041453027803,171639.59639969515,170506.74972074342,228.56523480199553,0.5346566677272113
5_130,0.9,42,15,0.8128231697849323,-860.6411881272982,0.6919168896336743,161911.57704234673,160395.9832585207,215.41110893658646,0.5346566677272113
5_130,0.9,42,16,0.8009599089066888,-1.5009941505486881,0.64103375075486,1748.8143361342206,466.56020650534225,0.763698537637172,0.5346566677272113
5_130,0.9,42,17,0.7892811428946735,-1.2112165485444057,0.8268299891543922,1658.7868156963336,576.0809529267362,0.7017267561837205,0.5346566677272113
5_130,0.9,42,18,0.7777840025246476,-858.9169419335338,0.7383169346833293,161515.77205025213,160430.6074413876,215.00714857862155,0.5346566677272113
5_130,0.9,42,19,0.7664656631939266,-751.3418685072671,0.8294596638045316,141418.09354014453,140550.97518033578,188.12812903157868,0.5346566677272113
5_130,0.9,42,20,0.7553233442274359,-1662.8132180915184,0.7342889630162064,311282.1467987455,310485.6951497698,415.8706616657367,0.5346566677272113
5_130,0.9,42,21,0.7443543081945577,-804.6208884543879,0.7157565601069538,151369.73988996158,150433.88942063606,201.44919711359697,0.5346566677272113
5_130,0.9,42,22,0.7335558602366034,-0.649969699622008,0.7198050499556914,1502.463614135996,690.779143426927,0.5719102820483591,0.5346566677272113
5_130,0.9,42,23,0.7229253474047432,-751.394180792665,0.7255817838041838,141438.00220764108,140499.32210696736,188.13376067435672,0.5346566677272113
5_130,0.9,42,24,0.7124601580082336,-859.8205342358626,0.778860650876498,161707.9529180072,160466.85060484218,215.2189014161085,0.5346566677272113
5_130,0.9,42,25,0.7021577209727804,-1771.2208252359924,0.8932225514515441,331538.9726366932,330499.4975912682,442.95568607090286,0.5346566677272113
5_130,0.9,42,26,0.6920155052088806,-1608.4926378880289,0.9402101807189718,301172.9212865821,300326.95907090744,402.3035463767691,0.5346566677272113
5_130,0.9,42,27,0.6820310189899872,-858.0701599709789,0.8261090414624469,161299.30317309723,160576.19171487383,214.82348761179236,0.5346566677272113
5_130,0.9,42,28,0.6722018093403456,-1663.1979777771594,0.8791023680349845,311416.31313852774,310308.08019197505,415.95878015857556,0.5346566677272113
5_130,0.9,42,29,0.6625254614323491,-751.8563862245468,0.9052869716761245,141511.41029821962,140608.8381601423,188.2427977466129,0.5346566677272113
5_130,0.9,42,30,0.6529995979932678,-910.9270479164055,0.8638305468447681,171148.67506489615,170472.71309594068,228.04154531243472,0.5346566677272113
5_130,0.9,42,31,0.6436218787212026,-911.0456509374364,0.9841598509287997,171168.07914647576,170513.27732905504,228.07378535340672,0.5346566677272113
5_130,0.9,42,32,0.634389999710123,-0.7565542289413298,0.9811465836710692,1559.9350461349452,559.0926517654596,0.5932945096162848,0.5346566677272113
5_130,0.9,42,33,0.6253016928838472,-1769.9777964380312,0.9691870708913441,331285.97606115235,330403.01620962,442.6625729190316,0.5346566677272113
5_130,0.9,42,34,0.6163547254388225,-1715.054068648957,0.818296779056831,321017.6676598706,320339.8727185419,428.9571314479535,0.5346566677272113
5_130,0.9,42,35,0.607546899295575,-751.34990985166,1.0030230982128299,141414.6823048429,140553.55999479722,188.12532032005785,0.5346566677272113
5_130,0.9,42,36,0.5988760505586863,-0.2770834292448249,1.007731389278422,1416.3330910685936,709.0637961080876,0.48716847635882526,0.48716847635882526
5_130,0.9,42,37,0.5903400489851716,-1.4770227876785642,0.9623714737146903,1729.4655256569743,531.7923614315032,0.7626485540624982,0.48716847635882526
5_130,0.9,42,38,0.581936797461124,-912.2147472868594,0.8977714364497016,171395.28939758588,170623.56055515065,228.3439784883815,0.48716847635882526
5_130,0.9,42,39,0.5736642314864987,-858.0671714352188,0.8833804171847234,161344.03570280262,160365.02674132478,214.80815476356662,0.48716847635882526
5_130,0.9,42,40,0.5655203186679085,-804.0076311235289,1.0072104848766226,151197.77495184756,150564.2189581913,201.30761373326317,0.48716847635882526
5_130,0.9,42,41,0.5575030582193081,-0.47514517871989526,0.7910237404799488,1506.794774590841,544.4910102196118,0.5333946280133072,0.48716847635882526
5_130,0.9,42,42,0.5496104804704447,-0.22706092993045995,0.9222336816582741,1434.2264425908909,590.2095748008301,0.4709164229588055,0.4709164229588055
5_130,0.9,42,43,0.5418406463829504,-1715.199968937424,1.072105395774166,321032.09636786574,320393.2753563044,428.98794342483217,0.4709164229588055
5_130,0.9,42,44,0.5341916470739625,-912.7263131019722,0.7932385001024309,171527.7855606466,170541.7056490684,228.45852827549305,0.4709164229588055
5_130,0.9,42,45,0.5266616033471518,-0.6195218945255738,0.836929823954665,1531.1680435109965,561.1697171637264,0.5638054736313934,0.4709164229588055
5_130,0.9,42,46,0.519248665231044,-805.4762433940527,0.898366544512607,151573.97821891814,150370.19237625317,201.64415727708462,0.4709164229588055
5_130,0.9,42,47,0.5119510115245198,-1.905959021522411,0.8571879368419063,1789.4499448014772,685.5304971136752,0.870652850618698,0.4709164229588055
5_130,0.9,42,48,0.504766849349387,-1661.216790799104,0.7612608033907702,310921.8564889183,310522.26129517425,415.50443341406174,0.4709164229588055
5_130,0.9,42,49,0.49769441370990625,-857.5701267489936,1.0033062449007972,161239.36539238726,160366.89814298693,214.6991840682008,0.4709164229588055
5_130,0.9,42,50,0.4907319670591703,-857.3859608163448,0.8641072841883437,161157.70271874662,160505.77498908233,214.6546032993243,0.4709164229588055
5_130,0.9,42,51,0.4838777988722253,-805.0273211338808,1.013029335144679,151465.3505574524,150414.8577696212,201.54363861680355,0.4709164229588055
5_130,0.9,42,52,0.47713022522583176,-804.0590899361215,0.77708635887033,151249.58242254346,150409.9735920439,201.3164331983161,0.4709164229588055
5_130,0.9,42,53,0.47048758838475946,-1018.7506890859984,1.0017338920205023,191277.6882209936,190459.833491461,254.98498179530912,0.4709164229588055
5_130,0.9,42,54,0.4639482563945182,-859.1303586309047,1.228109572464644,161530.20033413492,160583.02909943936,215.0670979910595,0.4709164229588055
5_130,0.9,42,55,0.4575106226804207,-0.8114624930796372,0.763941140663472,1539.7204044395608,714.273254978196,0.617807289936576,0.4709164229588055
5_130,0.9,42,56,0.45117310565288166,-857.0878662525291,1.0120127572135498,161086.153907387,160541.66175186617,214.59029870598943,0.4709164229588055
5_130,0.9,42,57,0.44493414831885486,-911.3648518564142,1.0370386577793613,171245.386634921,170494.37739679863,228.14911415457976,0.4709164229588055
5_130,0.9,42,58,0.438792217899313,0.03689314949310357,0.7535376051162779,1396.819081709208,522.1916534999011,0.41176004596005744,0.41176004596005744
5_130,0.9,42,59,0.43274580545267627,-2520.1895193175724,0.9959041718565217,471085.2637655193,470270.8900419007,630.099316734155,0.41176004596005744
5_130,0.9,42,60,0.4267934255040983,-1607.518490701539,1.0174888474445918,300931.27771900437,300432.7271538551,402.08182743728946,0.41176004596005744
5_130,0.9,42,61,0.42093361568051574,-1768.670573892494,0.8535753712805262,330996.50440673094,330425.6546063704,442.36634704455207,0.41176004596005744
5_130,0.9,42,62,0.4151649363513749,-804.1617050839757,0.8503288657615368,151266.15987661967,150431.30898141803,201.34005722337488,0.41176004596005744
5_130,0.9,42,63,0.40948597027494477,-1661.5153377141917,1.1097025686150475,311065.55114288314,310223.1597839692,415.566772523786,0.41176004596005744
5_130,0.9,42,64,0.4038953222501312,-0.08745669823947116,1.0211371637905982,1398.976896601721,616.3886567474801,0.44173679360748686,0.41176004596005744
5_130,0.9,42,65,0.3983916187737056,-857.3662653661864,0.9620446519215401,161161.54306766362,160476.82702117323,214.65010324630853,0.41176004596005744
5_130,0.9,42,66,0.3929735077028642,-1.1027884257791998,0.944856318251356,1652.750413184765,486.15840411726975,0.6689494873971809,0.41176004596005744
5_130,0.9,42,67,0.38763965792303584,-804.6814583410357,1.0614982769273564,151379.08616370367,150458.40545946197,201.46619077573513,0.41176004596005744
5_130,0.9,42,68,0.38238875902085495,-803.7909971447111,0.997302840100119,151198.4172742645,150377.00668122995,201.2531957147492,0.41176004596005744
5_130,0.9,42,69,0.37721952096222106,-2411.3503632608204,1.179945719853475,450730.9238549789,450300.6984195041,602.9250920056812,0.41176004596005744
5_130,0.9,42,70,0.372130673775365,-911.3021367056282,0.8328377714501143,171228.1069504757,170484.45950494174,228.128115128788,0.41176004596005744
5_130,0.9,42,71,0.3671209672388437,-911.024095195747,0.9123344384286469,171161.44718189075,170523.1296747537,228.06974522750818,0.41176004596005744
5_130,0.9,42,72,0.3621891705743874,-803.2738525317453,0.8873820772339247,151073.9466670671,150428.3115252957,201.1380536091268,0.41176004596005744
5_130,0.9,42,73,0.35733407214452373,-804.3168612503272,1.2829705463295709,151323.42855784012,150362.6415792397,201.37977364591512,0.41176004596005744
5_130,0.9,42,74,0.35255447915490423,-912.471071404567,0.8042230954963591,171496.4364365588,170453.9162595036,228.39989285114174,0.41176004596005744
5_130,0.9,42,75,0.3478492173612599,-803.5486896372448,0.8136159290044216,151139.68334155597,150393.05749225186,201.19646288550166,0.41176004596005744
5_130,0.9,42,76,0.3432171307809146,-1554.1042000436803,1.2049960225338698,291001.56517256243,290344.41794319294,388.7232690585391,0.41176004596005744
5_130,0.9,42,77,0.3386570814087846,-857.6267755115168,1.0578670933150423,161239.55628409082,160414.81591830822,214.7134843540697,0.41176004596005744
5_130,0.9,42,78,0.3341679489377949,-751.3749429122429,0.9393950694554911,141431.11683387842,140533.81805667304,188.13670715663216,0.41176004596005744
5_130,0.9,42,79,0.32974863048364406,-1.344815217996353,1.0943264040015284,1719.1074833886157,456.3640882961224,0.7296145187848025,0.41176004596005744
5_130,0.9,42,80,0.3253980403138483,-804.0535899412836,0.8767357046212743,151234.00815948576,150473.56898875296,201.31885105674948,0.41176004596005744
5_130,0.9,42,81,0.32111510958100054,-1717.829377692136,1.0007824819450861,321622.0765305224,320379.73107773147,429.6012813277959,0.41176004596005744
5_130,0.9,42,82,0.3168987860601775,-803.6983360436526,1.0116623980214396,151178.32916757272,150388.32714034218,201.23550782043696,0.41176004596005744
5_130,0.9,42,83,0.31274803389043004,-1661.6432167383098,0.9997715474953555,311085.42640321946,310259.2286720121,415.598182756006,0.41176004596005744
5_130,0.9,42,84,0.30866183332029457,-1715.4105086058892,1.1689481745993118,321098.8536308517,320334.50235780637,429.0404997705199,0.41176004596005744
5_130,0.9,42,85,0.3046391804572615,-750.8971793573652,0.9900258702010793,141337.88183185077,140478.9549441289,188.0230067441032,0.41176004596005744
5_130,0.9,42,86,0.3006790870211401,-0.20220320665309727,0.915333107370208,1456.278927896371,506.87564416573224,0.4694686588061315,0.41176004596005744
5_130,0.9,42,87,0.29678058010125963,-911.3035742479792,1.074989734367126,171225.92508587384,170511.91928946992,228.13391260961384,0.41176004596005744
5_130,0.9,42,88,0.2929427019174456,-1770.599338477037,1.0065910887950011,331464.94334958715,330245.7196361925,442.80354771449737,0.41176004596005744
5_130,0.9,42,89,0.28916450958471324,-912.3153891922534,1.1314705334834392,171433.66863287552,170559.09458097885,228.36516634568238,0.41176004596005744
5_130,0.9,42,90,0.28544507488162135,-1715.3913829855303,0.9874397426018907,321106.1814294903,320298.310514674,429.03751717495396,0.41176004596005744
5_130,0.9,42,91,0.28178348402222775,-858.5596876984274,0.9872128425306169,161429.6213526661,160472.16820682577,214.92923501984495,0.41176004596005744
5_130,0.9,42,92,0.27817883743159105,-0.13491861797105323,0.7952201137395514,1456.1496217743581,431.663706542822,0.4472010830641919,0.41176004596005744
5_130,0.9,42,93,0.27463024952476534,-858.3526975994318,0.9672518836078176,161408.84291386913,160376.1741044929,214.8792458284294,0.41176004596005744
5_130,0.9,42,94,0.27113684848922975,-750.6340007571886,1.031204764634554,141280.31647181293,140485.9395005815,187.9648287607257,0.41176004596005744
5_130,0.9,42,95,0.2676977760707032,-1661.4161498268184,1.016055548298639,311020.32358119905,310310.2468483945,415.54507555194266,0.41176004596005744
5_130,0.9,42,96,0.2643121873622896,-859.1367047815057,1.0651174219784594,161589.68296815225,160347.24254086666,215.0599535763288,0.41176004596005744
5_130,0.9,42,97,0.2609792505969018,-1662.2949729885117,0.9350091512091252,311236.4221931203,310230.21356042684,415.74763848522315,0.41176004596005744
5_130,0.9,42,98,0.25769814694291476,-858.8758999043455,1.0651702368533669,161517.59798359926,160390.52096625153,214.99726307132448,0.41176004596005744
5_130,0.9,42,99,0.25446807030299534,-803.8245908108139,0.8979510716913752,151206.12132313565,150398.04107188046,201.26744651222728,0.41176004596005744
5_130,0.9,42,100,0.2512882271160621,-1.8630168516607295,0.7617442688217164,1816.7227955300414,520.6817625559129,0.8506804033913729,0.41176004596005744
5_130,0.9,42,101,0.2481578361623234,-858.2474273985715,0.9044351299613591,161367.85852806095,160439.211198285,214.85491161154766,0.41176004596005744
5_130,0.9,42,102,0.2450761283713493,-859.5966691538217,0.7050464157841007,161638.8064517665,160551.74840767778,215.17153276464592,0.41176004596005744
5_130,0.9,42,103,0.24204234663312607,-0.8213123822925052,0.8028873264316253,1578.5644317528945,555.1614382511273,0.6116304765255073,0.41176004596005744
5_130,0.9,42,104,0.23905574561205173,-859.747997271749,1.0386443042283333,161723.64020122023,160335.2121057337,215.19657907984202,0.41176004596005744
5_130,0.9,42,105,0.23611559156382206,-1825.1482153485283,0.8348323953751073,341658.9945456634,340301.1209051411,456.4290121704654,0.41176004596005744
5_130,0.9,42,106,0.2332211621551653,-859.300312626539,1.0062328707624737,161595.8784448242,160460.49973024128,215.0997638709205,0.41176004596005744
5_130,0.9,42,107,0.23037174628638085,-804.561553435197,1.0382166570515508,151343.4528314537,150487.81364697407,201.43755978737067,0.41176004596005744
5_130,0.9,42,108,0.2275666439166364,-858.347681160695,0.9780074873455649,161390.71033180252,160432.36661443894,214.87680838541183,0.41176004596005744
5_130,0.9,42,109,0.2248051658919834,-1.5059280758289635,1.042884736955302,1729.2202765852458,561.1376944006096,0.771027257052479,0.41176004596005744
5_130,0.9,42,110,0.22208663377604637,-858.4538536572734,1.1891268321995314,161424.66837315328,160406.46456962457,214.90471817622313,0.41176004596005744
5_130,0.9,42,111,0.21941037968334542,-859.295780525093,0.8959858561323957,161601.19592210316,160443.32445525867,215.10027370270183,0.41176004596005744
5_130,0.9,42,112,0.21677574611521144,-0.6793629313638954,0.9137104055120971,1547.992172060383,551.0815334469166,0.5784407328409739,0.41176004596005744
5_130,0.9,42,113,0.21418208579825188,-0.2979974028713925,0.8685872746232123,1462.4416753219314,545.8554787054421,0.48738744595594335,0.41176004596005744
5_130,0.9,42,114,0.21162876152533033,-0.8728632307335171,1.0370519104714033,1562.9373479247006,677.8106647416823,0.6313705695881412,0.41176004596005744
5_130,0.9,42,115,0.20911514599901782,-0.9243156106123934,0.73990003436368,1596.5562296105618,567.7154250087224,0.6341503312245269,0.41176004596005744
5_130,0.9,42,116,0.20664062167747893,-859.8674968998174,0.9874165567894069,161711.29490579426,160493.12985258075,215.2301313678115,0.41176004596005744
5_130,0.9,42,117,0.20420458062275576,-858.4015651756503,0.969817151197638,161418.06415486752,160398.64878103233,214.89550796057924,0.41176004596005744
5_130,0.9,42,118,0.2018064243514096,-1663.1099936823605,1.0255109373875346,311395.81346519873,310309.3470063585,415.93770318249483,0.41176004596005744
5_130,0.9,42,119,0.1994455636874869,-1.7276957878030226,0.8120413089442954,1777.2997050164702,535.0992031839967,0.8136727564745652,0.41176004596005744
5_130,0.9,42,120,0.19712141861777083,-1.0926398067156509,0.9388905370713511,1648.3524444704735,492.25227092552103,0.6661409040598651,0.41176004596005744
5_130,0.9,42,121,0.19483341814928484,-2.2415435539903283,1.0376949982271557,1911.5312027062882,496.63712977004644,0.9428073170690107,0.41176004596005744
5_130,0.9,42,122,0.19258100016901147,-2.029365581749369,0.8448346320447904,1853.619149390076,529.5816075758852,0.8919056811516279,0.41176004596005744
5_130,0.9,42,123,0.19036361130579338,-1.274936572947199,1.032762239960797,1685.775830158777,523.6369269372749,0.7145341432367998,0.41176004596005744
5_130,0.9,42,124,0.18818070679438154,-1.1456771871460179,0.9100728706365647,1653.9249329690556,525.620333867343,0.6817907253579331,0.41176004596005744
5_130,0.9,42,125,0.1860317503415984,-859.3595675633188,0.914186036812968,161616.84382956586,160417.93375190755,215.10917522416304,0.41176004596005744
5_130,0.9,42,126,0.1839162139945818,-1.0728631146780994,1.1993847338650863,1632.5771855679136,550.5421047133251,0.6667872072409534,0.41176004596005744
5_130,0.9,42,127,0.18183357801107813,-1.1894931892620502,0.7744640656996267,1665.756058900612,507.20328713953825,0.6887506782678935,0.41176004596005744
5_130,0.9,42,128,0.17978333073175307,-0.47111741057242806,0.9786140978451549,1497.3240252076057,552.9191880916034,0.5259650669288213,0.41176004596005744
5_130,0.9,42,129,0.17776496845448742,-1.8874163230279457,0.9944898963629525,1821.9228292784592,511.1803770376717,0.853325509328415,0.41176004596005744
5_130,0.9,42,130,0.17577799531062827,-1.5403201753463105,1.0041914139971297,1748.467469376541,504.6709869376079,0.7745502819318157,0.41176004596005744
5_130,0.9,42,131,0.1738219231431649,-1.844132229516929,0.9829990052587625,1814.7819823153127,500.93149634672346,0.8428378192839941,0.41176004596005744
5_130,0.9,42,132,0.17189627138679878,-2.066275773151934,0.9252171189713267,1859.7046703210171,537.7228965046518,0.9006689432879835,0.41176004596005744
5_130,0.9,42,133,0.1700005669498786,-3.055023446077417,1.1474030724045619,2102.3807815596665,436.5852601820616,1.1248308615193543,0.41176004596005744
5_130,0.9,42,134,0.16813434409817252,-858.6680517770861,0.9629271365723229,161461.51496939445,160442.96382604184,214.95401294427154,0.41176004596005744
5_130,0.9,42,135,0.16629714434044632,-806.5509749651725,1.0826086855717478,151815.4816387471,150362.22997091312,201.89451040795979,0.41176004596005744
5_130,0.9,42,136,0.16448851631582245,-2.329810927210109,0.8321062203149981,1918.5291004453566,540.7602298451499,0.9631134460882416,0.41176004596005744
5_130,0.9,42,137,0.16270801568288995,-1.3810756316610848,0.734144456629881,1689.6464304129029,619.4170262904294,0.7467689079152712,0.41176004596005744
5_130,0.9,42,138,0.16095520501053945,-1662.3295222043455,0.8430105125631646,311233.9768479463,310273.0426567889,415.75768293203873,0.41176004596005744
5_130,0.9,42,139,0.1592296536704954,-0.04115793090880157,0.9199238011444553,1404.9931743253671,562.4301198200556,0.4321537684414861,0.41176004596005744
5_130,0.9,42,140,0.15753093773152022,-2.274316231461001,0.7279148656839716,1908.225077376128,533.6142588413069,0.9502290578652502,0.41176004596005744
5_130,0.9,42,141,0.15585863985526294,-1826.2358372219176,0.8634917616517491,341892.1133826421,340320.17666771554,456.6785426388127,0.41176004596005744
5_130,0.9,42,142,0.15421234919372853,-2.1327509127153275,0.7176681561044826,1888.8680725736456,488.57374805234684,0.9167210615121653,0.41176004596005744
5_130,0.9,42,143,0.152591661288341,-1.3533739467852488,1.0193992681297552,1698.2540083593192,564.903490278519,0.7397339628867884,0.41176004596005744
5_130,0.9,42,144,0.15099617797057668,-2.9238586620566633,1.0090236029945863,2073.6497053909707,444.16273906295874,1.0969979988474992,0.41176004596005744
5_130,0.9,42,145,0.14942550726414244,-858.6608267415182,1.0446875381759968,161471.59728205603,160401.9217121273,214.95248525680813,0.41176004596005744
5_130,0.9,42,146,0.14787926328867598,-0.6506475872600461,0.7664413112375289,1552.3547517333566,512.3708293214671,0.5716142777673925,0.41176004596005744
5_130,0.9,42,147,0.1463570661649425,-1.818956333706557,0.9371359328613215,1803.8797094099477,541.8825552459699,0.8434807500933059,0.41176004596005744
5_130,0.9,42,148,0.1448585419215072,-2.2230975157640542,0.763882476622685,1903.2227680004323,514.3845936209576,0.9393362837029183,0.41176004596005744
5_130,0.9,42,149,0.14338332240285795,-1.6688189998339968,0.9888824983613326,1793.9552671261763,447.9200186400364,0.8054464166251659,0.41176004596005744
5_130,0.9,42,150,0.1419310451789575,-1.2823044165736905,0.859948723147728,1690.1767852504113,514.8705961770654,0.716559437476756,0.41176004596005744
5_130,0.9,42,151,0.14050135345620207,-3.2565278332177714,0.7734623401610288,2127.741289392905,506.4557165035947,1.171927196399681,0.41176004596005744
5_130,0.9,42,152,0.13909389598976496,-858.4606711672502,0.9020372800849021,161400.2245278773,160509.36050566388,214.90942017276495,0.41176004596005744
5_130,0.9,42,153,0.13770832699730284,-3.1192338639295043,0.9620070917941401,2097.826138484408,518.9145621465591,1.1442917993157093,0.41176004596005744
5_130,0.9,42,154,0.13634430607400466,-968.6945322476975,0.8924703476202019,182083.24993114744,180405.4784345631,242.4057663952577,0.41176004596005744
5_130,0.9,42,155,0.13500149810896128,-1.166922021762874,0.9733520136395342,1680.9469677533464,440.01944682343213,0.6848757435359566,0.41176004596005744
5_130,0.9,42,156,0.13367957320283602,-0.9221699174402366,0.6690405946949788,1607.4035589091209,512.8142075781276,0.6293448603124401,0.41176004596005744
5_130,0.9,42,157,0.13237820658681518,-2.2576504665389487,0.8055407578020711,1924.8699663294453,447.1580034834996,0.9422042833014038,0.41176004596005744
5_130,0.9,42,158,0.13109707854281938,-2.5627559576865675,0.7778041010173404,1977.4121420300066,499.9133101900925,1.0127056560883085,0.41176004596005744
5_130,0.9,42,159,0.12983587432495577,-2.3213752715445315,0.6870014772352113,1918.0232100712549,519.6105350322994,0.9563604845527995,0.41176004596005744
5_130,0.9,42,160,0.12859428408219134,-3.0704502643026106,0.9104304551756709,2080.190943095932,537.0572376878615,1.1311780422661288,0.41176004596005744
5_130,0.9,42,161,0.1273720027822294,-2.7139142246541827,0.7214472880222673,2007.8318388705723,509.632533046508,1.0473952228302124,0.41176004596005744
5_130,0.9,42,162,0.12616873013656954,-2.454032105710662,0.6850807644056506,1948.8659082781705,507.28904393026244,0.985006835951475,0.41176004596005744
5_130,0.9,42,163,0.12498417052673307,-2.2286462088582306,0.8610867847359318,1895.6488827069936,518.8676965404393,0.9327305998336052,0.41176004596005744
5_130,0.9,42,164,0.12381803293163596,-2.486602376934474,0.8033529534480515,1954.4542630052968,515.1495346930021,0.9931672609002851,0.41176004596005744
5_130,0.9,42,165,0.12267003085609117,-0.8286468250077372,0.9541648815337055,1569.2797782273194,590.7172861302776,0.612378372918601,0.41176004596005744
5_130,0.9,42,166,0.1215398822604227,-2.0350155507056487,0.7361539414549074,1858.7679951055088,504.8671825524602,0.8900205543430789,0.41176004596005744
5_130,0.9,42,167,0.1204273094911746,-2.1634137675670453,0.7810846946975603,1876.9202410383753,540.4564298278198,0.9194867752250946,0.41176004596005744
5_130,0.9,42,168,0.11933203921289748,-968.5214030325602,0.7435342737234958,182044.85789489478,180403.23236224044,242.3649340914734,0.41176004596005744
5_130,0.9,42,169,0.11825380234099556,-859.8761855795741,0.9881995351986932,161739.9079220872,160394.04440066495,215.23091306156022,0.41176004596005744
5_130,0.9,42,170,0.11719233397561858,-2.878555538535708,0.672059906564461,2047.8245501131862,493.3686680592662,1.0844555513005936,0.41176004596005744
5_130,0.9,42,171,0.11614737333658141,-2.878555538535708,0.7769760502235681,2047.8245501131862,493.3686680592662,1.0844555513005936,0.41176004596005744
5_130,0.9,42,172,0.11511866369929591,-2.0350155507056487,0.8540683573085408,1858.7679951055088,504.8671825524602,0.8900205543430789,0.41176004596005744
5_130,0.9,42,173,0.11410595233169919,-753.1825819349232,0.7409941042387667,141849.75164482297,140418.96045388104,188.5409454837308,0.41176004596005744
5_130,0.9,42,174,0.11310899043216277,-859.6054047149458,0.8148356586002821,161679.71075676772,160386.2006691148,215.16561784540312,0.41176004596005744
5_130,0.9,42,175,0.1121275330683672,-752.8605559603003,0.719586722376312,141771.00165798826,140466.2061646905,188.47244851388461,0.41176004596005744
5_130,0.9,42,176,0.11116133911712744,-2.3838496231484094,0.5537144641765054,1938.3482982649432,495.14795969604467,0.970429072453769,0.41176004596005744
5_130,0.9,42,177,0.1102101712051541,-2.1193529252245176,0.6017301546763585,1892.0904065843363,442.17174624848934,0.9064382313061293,0.41176004596005744
5_130,0.9,42,178,0.10927379565073586,-1.7599450256221458,0.7887889012623298,1801.932657412285,485.3088807293178,0.8247957802150603,0.41176004596005744
5_130,0.9,42,179,0.10835198240632873,-2.3838496231484094,0.6704485235953958,1938.3482982649432,495.14795969604467,0.970429072453769,0.41176004596005744
5_130,0.9,42,180,0.1074445050020384,-2.3838496231484094,0.708983376882802,1938.3482982649432,495.14795969604467,0.970429072453769,0.41176004596005744
5_130,0.9,42,181,0.10655114048998136,-2.5565391846247256,0.7722673211070068,1954.7180140625012,581.4037292923947,1.0129395580609433,0.41176004596005744
5_130,0.9,42,182,0.10567166938951125,-753.1107606951784,0.5161489621311719,141826.06918997358,140480.78015530217,188.53435684046127,0.41176004596005744
5_130,0.9,42,183,0.10480587563329734,-2.7268744486400105,0.7310375136456455,2013.5536476885952,495.54003026556484,1.0492352788266692,0.41176004596005744
5_130,0.9,42,184,0.10395354651424124,-3.2778727306721533,0.7853564882653119,2139.3893933972154,479.2230621012067,1.1761015160013717,0.41176004596005744
5_130,0.9,42,185,0.10311447263321932,-1.9557597621195053,0.827958486950793,1842.728651036482,491.8475105179467,0.869406607196543,0.41176004596005744
5_130,0.9,42,186,0.10228844784763778,-2.0343944782849652,0.667252724704779,1848.059961733265,547.5448561271372,0.8913748100474318,0.41176004596005744
5_130,0.9,42,187,0.10147526922078795,-968.7332248862766,0.8851308099108856,182075.90783352507,180458.3406863394,242.4136395549025,0.41176004596005744
5_130,0.9,42,188,0.10067473697198882,-2.8867067486581823,0.8214573639036511,2048.0716025416104,498.112570847689,1.0861100204978789,0.41176004596005744
5_130,0.9,42,189,0.09988665442750533,-2.8867067486581823,0.9734240688141382,2048.0716025416104,498.112570847689,1.0861100204978789,0.41176004596005744
5_130,0.9,42,190,0.09911082797222981,-2.2345020850219255,0.7881267735141869,1900.4990123845982,505.13214641007954,0.9337636164935765,0.41176004596005744
5_130,0.9,42,191,0.09834706700211487,-2.251709172404377,0.6982893073873921,1909.03504827326,499.05933093493104,0.9409082454820465,0.41176004596005744
5_130,0.9,42,192,0.09759518387734595,-3.503504648377335,0.6939827511395631,2194.2357033700796,460.1464670709708,1.2278761620943337,0.41176004596005744
5_130,0.9,42,193,0.09685499387624241,-753.2251260690327,0.9086341795562276,141854.11344539435,140453.86798035755,188.5557815172582,0.41176004596005744
5_130,0.9,42,194,0.09612631514987509,-2.8867067486581823,0.7159190214422495,2048.0716025416104,498.112570847689,1.0861100204978789,0.41176004596005744
5_130,0.9,42,195,0.09540896867739013,-1.9557597621195053,0.7420306694637698,1842.728651036482,491.8475105179467,0.869406607196543,0.41176004596005744
5_130,0.9,42,196,0.0947027782220271,-0.663624824685157,0.9158779669035775,1544.405514667436,548.4576530012057,0.5739157299808131,0.41176004596005744
5_130,0.9,42,197,0.09400757028782174,-1.9557597621195053,0.6648628763407479,1842.728651036482,491.8475105179467,0.869406607196543,0.41176004596005744
5_130,0.9,42,198,0.09332317407698135,-1.9557597621195053,0.5743906160051728,1842.728651036482,491.8475105179467,0.869406607196543,0.41176004596005744
5_130,0.9,42,199,0.09264942144792357,-1.8241938720095403,0.66432197939373,1808.1891491161084,520.413375155949,0.8416722775261946,0.41176004596005744
5_130,0.9,42,200,0.09198614687396757,-3.373599794950894,0.534091004101888,2136.6393039252202,564.9563924526648,1.1984523296901044,0.41176004596005744
5_130,0.9,42,201,0.0913331874026676,-2.3460083201558177,0.7220260922622602,1924.8126199191438,510.5343388138658,0.9607937467056211,0.41176004596005744
5_130,0.9,42,202,0.09069038261577916,-2.8260431619094915,0.7837451266348603,2047.441360751873,452.7234696051784,1.0720941238107062,0.41176004596005744
5_130,0.9,42,203,0.09005757458984752,-2.2958358389032436,0.7538594891266862,1910.3040670612836,527.6827402593489,0.9506589597258109,0.41176004596005744
5_130,0.9,42,204,0.08943460785740934,-1.524519400868052,0.7299565737559405,1732.0017692570534,539.6776369822045,0.7676227073598701,0.41176004596005744
5_130,0.9,42,205,0.08882132936879764,-3.079181695866329,0.7556230360679657,2081.6715509166247,517.1660995298778,1.1268739953951536,0.41176004596005744
5_130,0.9,42,206,0.08821758845454078,-752.6310947544538,0.8363551924385704,141681.57247222262,140634.661175677,188.42844511718488,0.41176004596005744
5_130,0.9,42,207,0.08762323678834613,-2.001638571277593,0.6751568239108778,1848.3536903733464,500.91985537247035,0.8779620237717791,0.41176004596005744
5_130,0.9,42,208,0.08703812835065944,-1.9557597621195053,0.6701872316654447,1842.728651036482,491.8475105179467,0.869406607196543,0.41176004596005744
5_130,0.9,42,209,0.08646211939279098,-1.4084124779978509,0.7451401697160261,1716.919660486889,516.5800801391962,0.7450447861661293,0.41176004596005744
5_130,0.9,42,210,0.08589506840159955,-2.405869565196963,0.7566746556725282,1943.2984627441642,477.16668947475114,0.9703173912992408,0.41176004596005744
5_130,0.9,42,211,0.08533683606472567,-752.4078329939026,0.8070282820281346,141668.0047322991,140472.1424564623,188.36642491514232,0.41176004596005744
5_130,0.9,42,212,0.08478728523636561,-752.4304047082015,0.8556505726250176,141668.11705430475,140509.62616964238,188.37757260562182,0.41176004596005744
5_130,0.9,42,213,0.08424628090357741,-1.9557597621195053,0.8298728719926052,1842.728651036482,491.8475105179467,0.869406607196543,0.41176004596005744
5_130,0.9,42,214,0.08371369015311121,-2.228096402641687,0.6172048993781558,1912.3355755669243,446.25789731361,0.9288241006604218,0.41176004596005744
5_130,0.9,42,215,0.08318938213875532,-2.450465677506804,0.8702813497390208,1952.204902884725,490.0682188811682,0.9834330860433677,0.41176004596005744
5_130,0.9,42,216,0.08267322804918986,-2.8867067486581823,0.7774125697720635,2048.0716025416104,498.112570847689,1.0861100204978789,0.41176004596005744
5_130,0.9,42,217,0.08216510107634088,-2.644551706407926,0.6723380314349089,1994.5454300251913,507.0098022089843,1.0327212599353148,0.41176004596005744
5_130,0.9,42,218,0.08166487638422609,-2.8867067486581823,0.6170643888492665,2048.0716025416104,498.112570847689,1.0861100204978789,0.41176004596005744
5_130,0.9,42,219,0.08117243107828538,-2.8867067486581823,0.5561550402237108,2048.0716025416104,498.112570847689,1.0861100204978789,0.41176004596005744
5_130,0.9,42,220,0.08068764417518824,-2.9543436718619405,0.7011122291017103,2054.1243593702297,540.0078437038386,1.1047716322511993,0.41176004596005744
5_130,0.9,42,221,0.08021039657311081,-2.8469461520855326,0.7113319290470181,2018.2175477120222,592.7061463235187,1.0827079665928117,0.41176004596005744
5_130,0.9,42,222,0.07974057102247495,-1.3999164399128545,0.5446805101106362,1705.21871691501,551.1340421637159,0.7429695861686898,0.41176004596005744
5_130,0.9,42,223,0.0792780520971426,-2.8867067486581823,0.7515690786375979,2048.0716025416104,498.112570847689,1.0861100204978789,0.41176004596005744
5_130,0.9,42,224,0.07882272616605801,-2.251709172404377,0.7855380800814615,1909.03504827326,499.05933093493104,0.9409082454820465,0.41176004596005744
5_130,0.9,42,225,0.0783744813653311,-968.5142367081245,0.6839447506290706,182027.00428952766,180454.93557797014,242.36146751036443,0.41176004596005744
5_130,0.9,42,226,0.07793320757075473,-1.9557597621195053,0.6164441771453124,1842.728651036482,491.8475105179467,0.869406607196543,0.41176004596005744
5_130,0.9,42,227,0.07749879637074959,-2.619085102927702,0.6704957778543986,1990.5793619739375,499.64648338470363,1.0264046090652588,0.41176004596005744
5_130,0.9,42,228,0.07707114103972987,-1.5512773255281331,0.7297130145173452,1752.4469467660724,491.20855705184914,0.7747526647153666,0.41176004596005744
5_130,0.9,42,229,0.0766501365118829,-2.837699852676928,0.4020207560980064,2031.9070538451901,516.589051900434,1.0746332965025653,0.41176004596005744
5_130,0.9,42,230,0.07623567935535681,-968.688506480202,0.580216691280085,182077.23177647986,180416.377770221,242.4026766200505,0.41176004596005744
5_130,0.9,42,231,0.07582766774684957,-3.050825239611625,0.670684566752954,2084.213108200199,493.73929092316143,1.1226396432362395,0.41176004596005744
5_130,0.9,42,232,0.07542600144659303,-2.8398895641997317,0.7028914764432725,2047.3877522703458,450.1216022917383,1.0712723910499329,0.41176004596005744
5_130,0.9,42,233,0.07503058177372629,-967.9090147751363,0.744671322429787,181890.03241991068,180466.7696971241,242.22162988426027,0.41176004596005744
5_130,0.9,42,234,0.0746413115820518,-2.5958268692517574,0.9402998422339024,1998.373226719156,440.78929258014006,1.0172400506462727,0.41176004596005744
5_130,0.9,42,235,0.07425809523616868,-1.9033166320170491,0.7299353246551102,1824.6234041810053,510.8221256540495,0.8560458246709289,0.41176004596005744
5_130,0.9,42,236,0.0738808385879771,-2.8993880906595577,0.6172719862543647,2032.464950314742,563.2475094077139,1.0889470226648894,0.41176004596005744
5_130,0.9,42,237,0.0735094489535481,-2.025361643170006,0.8073412639346961,1849.8211686781265,516.5683148162334,0.8841023155544062,0.41176004596005744
5_130,0.9,42,238,0.07314383509035316,-3.050825239611625,0.7782867599993816,2084.213108200199,493.73929092316143,1.1226396432362395,0.41176004596005744
5_130,0.9,42,239,0.07278390717484776,-2.6426703925261172,0.7403987328309934,1982.2978459560745,541.3151681280237,1.0300009314648626,0.41176004596005744
5_130,0.9,42,240,0.07242957678040378,-2.3791375670259827,0.584063720696992,1929.967933478938,507.4070113777123,0.9652677250898289,0.41176004596005744
5_130,0.9,42,241,0.07208075685558483,-2.817592978061768,0.697186357794008,2018.016704068081,538.771859594906,1.0666268159440133,0.41176004596005744
5_130,0.9,42,242,0.0717373617027597,-2.1198782530729483,0.7194543119848628,1878.8701566950706,487.4742305934192,0.9059362299349037,0.41176004596005744
5_130,0.9,42,243,0.07139930695704806,-1.9684411041208794,0.910617050863495,1827.1219988096136,556.9824490779715,0.8722436093635532,0.41176004596005744
5_130,0.9,42,244,0.0710665095655941,-2.273293202959613,0.516153588462849,1914.9357289807854,493.98760769091695,0.9455899674065699,0.41176004596005744
5_130,0.9,42,245,0.07073888776716195,-2.1198782530729483,0.5679575368884726,1878.8701566950706,487.4742305934192,0.9059362299349037,0.41176004596005744
5_130,0.9,42,246,0.07041636107204882,-2.6991263810694663,0.7074954941190884,2004.9095007640974,500.4939026279326,1.0416482619340333,0.41176004596005744
5_130,0.9,42,247,0.07009885024231037,-2.199134041659092,0.7673323377894935,1894.9095007640974,500.4939026279326,0.9265501770814397,0.41176004596005744
5_130,0.9,42,248,0.0697862772722936,-2.547968114101852,0.686761884497901,1974.4898039235318,490.77467977151707,1.0069586951921297,0.41176004596005744
5_130,0.9,42,249,0.0694785653694726,-2.3965309651497835,0.749560259194379,1922.7416460380748,560.2828982560694,0.9732660746207792,0.41176004596005744
5_130,0.9,42,250,0.06917563893558212,-2.7750523837586702,0.639334983821178,2026.4738152041018,490.5293006717533,1.0612797626063342,0.41176004596005744
5_130,0.9,42,251,0.06887742354804487,-2.0182392124933033,0.6121132391575509,1851.0984986965161,521.8785700411054,0.8870014697899924,0.41176004596005744
5_130,0.9,42,252,0.06858384594168729,-2.138080673174185,0.6198943056951816,1879.1372852409909,508.7852458167325,0.9124868349602129,0.41176004596005744
5_130,0.9,42,253,0.06829483399074003,-753.2748791861319,0.6298908819538511,141862.21069563218,140476.40687537764,188.57088646319966,0.41176004596005744
5_130,0.9,42,254,0.06801031669111803,-2.657293780164329,0.6443853085380068,1980.9746555275535,565.7015710363618,1.0357924926601298,0.41176004596005744
5_130,0.9,42,255,0.06773022414297643,-2.3965309651497835,0.49270132110067993,1922.7416460380748,560.2828982560694,0.9732660746207792,0.41176004596005744
5_130,0.9,42,256,0.06745448753353762,-2.3965309651497835,0.7334260184153218,1922.7416460380748,560.2828982560694,0.9732660746207792,0.41176004596005744
5_130,0.9,42,257,0.06718303912018544,-2.547968114101852,0.7036868698733139,1974.4898039235318,490.77467977151707,1.0069586951921297,0.41176004596005744
5_130,0.9,42,258,0.0669158122138222,-2.8398895641997317,0.7141760545506436,2047.3877522703458,450.1216022917383,1.0712723910499329,0.41176004596005744
5_130,0.9,42,259,0.06665274116248465,-1.5017308029861138,0.6752465462394424,1732.5497383319075,549.9646207807375,0.7712231769370046,0.41176004596005744
5_130,0.9,42,260,0.06639376133521471,-2.0418250452587245,0.6609559759164403,1859.4870188551542,505.0371850000001,0.8908229279813478,0.41176004596005744
5_130,0.9,42,261,0.06613880910618089,-968.8943748051299,0.6399935451529798,182122.14006841183,180412.36481604847,242.44848536794916,0.41176004596005744
5_130,0.9,42,262,0.06588782183904693,-2.547968114101852,0.6508092278535135,1974.4898039235318,490.77467977151707,1.0069586951921297,0.41176004596005744
5_130,0.9,42,263,0.06564073787158327,-2.762038836473314,0.681867191297635,2024.6309313165752,479.909324985228,1.0562263757849952,0.41176004596005744
5_130,0.9,42,264,0.06539749650051803,-752.2599347638821,0.5383606963676828,141633.40530726453,140487.5960800086,188.33476940525625,0.41176004596005744
5_130,0.9,42,265,0.06515803796662348,-2.547968114101852,0.5664887256824593,1974.4898039235318,490.77467977151707,1.0069586951921297,0.41176004596005744
5_130,0.9,42,266,0.06492230344003448,-2.199134041659092,0.4917262298551239,1894.9095007640974,500.4939026279326,0.9265501770814397,0.41176004596005744
5_130,0.9,42,267,0.06469023500579518,-2.199134041659092,0.6705727455380543,1894.9095007640974,500.4939026279326,0.9265501770814397,0.41176004596005744
5_130,0.9,42,268,0.06446177564963067,-1.8610068437509923,0.4124609397542251,1829.607750202224,462.70412866110524,0.8471017109377481,0.41176004596005744
5_130,0.9,42,269,0.06423686924393959,-2.6938399570463916,0.7577021873185223,2004.3857526123404,498.71461099115413,1.0405766559282645,0.41176004596005744
5_130,0.9,42,270,0.064015460534005,-1.9662705279147596,0.6769368605144599,1842.7641787528455,496.28161159032345,0.8707485843596423,0.41176004596005744
5_130,0.9,42,271,0.0637974951244193,-2.547968114101852,0.6585490135182759,1974.4898039235318,490.77467977151707,1.0069586951921297,0.41176004596005744
5_130,0.9,42,272,0.06358291946572056,-2.199134041659092,0.732705719704056,1894.9095007640974,500.4939026279326,0.9265501770814397,0.41176004596005744
5_130,0.9,42,273,0.06337168084123639,-753.1972983848384,0.6780254586661099,141834.96342464027,140515.19796608607,188.55379126287627,0.41176004596005744
5_130,0.9,42,274,0.06316372735413278,-2.1366596900552155,0.6640760687719358,1874.5844125704093,524.9564779641872,0.9124815891804705,0.41176004596005744
5_130,0.9,42,275,0.06295900791466405,-2.547968114101852,0.5646672577861718,1974.4898039235318,490.77467977151707,1.0069586951921297,0.41176004596005744
5_130,0.9,42,276,0.06275747222762111,-2.6991263810694663,0.5496466035906414,2004.9095007640974,500.4939026279326,1.0416482619340333,0.41176004596005744
5_130,0.9,42,277,0.06255907077997513,-968.7461851102622,0.5595506379075703,182081.62964234306,180444.24818355846,242.4154796108989,0.41176004596005744
5_130,0.9,42,278,0.062363754828713217,-1.9662705279147596,0.7307709183872177,1842.7641787528455,496.28161159032345,0.8707485843596423,0.41176004596005744
5_130,0.9,42,279,0.06217147638886324,-2.199134041659092,0.5890922255213733,1894.9095007640974,500.4939026279326,0.9265501770814397,0.41176004596005744
5_130,0.9,42,280,0.06198218822170495,-1.4940840872400005,0.4502727383586597,1733.8584307326591,509.65416113680624,0.7607305456195239,0.41176004596005744
5_130,0.9,42,281,0.06179584382316449,-3.1157706432972287,0.6545759171727599,2088.3560767536997,538.0754787735526,1.1400212322528787,0.41176004596005744
5_130,0.9,42,282,0.06161239741238927,-2.6525704210215517,0.6384569235458046,1989.0124539470305,523.5847013746358,1.0318092719220546,0.41176004596005744
5_130,0.9,42,283,0.06143180392050065,-967.2819518638976,0.6626893518481204,181749.56056525727,180457.14052531833,242.07181415645059,0.41176004596005744
5_130,0.9,42,284,0.06125401897952138,-1.1600816703366634,0.554573535256852,1653.3278202568215,549.3710052620506,0.6881549413936897,0.41176004596005744
5_130,0.9,42,285,0.06107899891147547,-1.4940840872400005,0.4484490792892245,1733.8584307326591,509.65416113680624,0.7607305456195239,0.41176004596005744
5_130,0.9,42,286,0.060906700717657275,-1.8354257733831265,0.6650053998364838,1812.0415384405405,498.53774282883774,0.8392659671553054,0.41176004596005744
5_130,0.9,42,287,0.060737082068067785,-1.4940840872400005,0.51985576640303,1733.8584307326591,509.65416113680624,0.7607305456195239,0.41176004596005744
5_130,0.9,42,288,0.06057010129101494,-1.7302135253356505,0.548795579788079,1786.8575379569963,504.59164760202697,0.8146962384767698,0.41176004596005744
5_130,0.9,42,289,0.06040571736287584,-967.4624872200427,0.6959797964282417,181778.04391009724,180518.41308365256,242.11964799548687,0.41176004596005744
5_130,0.9,42,290,0.06024388989801807,-1.2577369009687756,0.6922180735367636,1669.4456268534561,564.5749686596438,0.7094937490517177,0.41176004596005744
5_130,0.9,42,291,0.06008457913887785,-1.7577292403791507,0.7511905517735333,1779.4456268534561,564.5749686596438,0.8245918339043115,0.41176004596005744
5_130,0.9,42,292,0.05992774594619241,-1.9364834670177178,0.5758428663202656,1830.7547534191094,516.4940507799948,0.8641303905639532,0.41176004596005744
5_130,0.9,42,293,0.05977335178938433,-0.875025818946959,0.4559023027070489,1601.326074436905,486.77450348923605,0.6153231214034064,0.41176004596005744
5_130,0.9,42,294,0.059621358737095426,-1.2775224661841011,0.508942648446027,1679.6116782185939,533.0020561974367,0.7108401403555491,0.41176004596005744
5_130,0.9,42,295,0.05947172944786773,-1.3339250995814755,0.6103588572404174,1692.942196901042,540.4861839717072,0.7269907987048927,0.41176004596005744
5_130,0.9,42,296,0.059324427160969605,-1.352007431334782,0.7383296807923425,1699.2834010959223,533.7859247024318,0.7316542387860765,0.41176004596005744
5_130,0.9,42,297,0.05917941568736433,-1.4940840872400005,0.5172495307025664,1733.8584307326591,509.65416113680624,0.7607305456195239,0.41176004596005744
5_130,0.9,42,298,0.05903665940081926,-1.1775023091371324,0.6357752561553923,1654.5541884052554,534.7560899761756,0.6851374820461879,0.41176004596005744
5_130,0.9,42,299,0.058896123229153184,-1.7269476009843339,0.5337882636354225,1786.0037527439113,513.8664521744155,0.8165321383413215,0.41176004596005744
5_130,0.9,42,300,0.05875777264561992,-1.2577369009687756,0.6218918438621082,1669.4456268534561,564.5749686596438,0.7094937490517177,0.41176004596005744
5_130,0.9,42,301,0.05862157366042571,-1.2577369009687756,0.5123078070161433,1669.4456268534561,564.5749686596438,0.7094937490517177,0.41176004596005744
5_130,0.9,42,302,0.058487492812378764,-1.2577369009687756,0.7002165524172498,1669.4456268534561,564.5749686596438,0.7094937490517177,0.41176004596005744
5_130,0.9,42,303,0.05835549716066848,-1.5496583510666555,0.5856243196903484,1742.3435752002702,523.9218911798648,0.773807444909521,0.41176004596005744
5_130,0.9,42,304,0.05822555427677263,-1.5992606222513461,0.5477358579912537,1750.7499408781896,551.7468748875868,0.790791346039027,0.41176004596005744
5_130,0.9,42,305,0.05809763223649032,-1.2577369009687756,0.3843666167419336,1669.4456268534561,564.5749686596438,0.7094937490517177,0.41176004596005744
5_130,0.9,42,306,0.057971699612098956,-1.2577369009687756,0.3359037678350764,1669.4456268534561,564.5749686596438,0.7094937490517177,0.41176004596005744
5_130,0.9,42,307,0.05784772546463305,-0.6551387120862566,0.5530295038764279,1534.09301089449,571.82452620353,0.5700013446882308,0.41176004596005744
5_130,0.9,42,308,0.05772567933628324,-0.450098378589615,0.3247251220680498,1490.7600471187145,567.9982427602982,0.5235341184569275,0.41176004596005744
5_130,0.9,42,309,0.05760553124291343,-1.3507575641491392,0.6407347427610561,1697.6485923645037,529.7258222347227,0.7287489148468086,0.41176004596005744
5_130,0.9,42,310,0.05748725166669427,-1.5646373385946122,0.5630167536436514,1737.7300611040223,575.8370596125443,0.7842569536962721,0.41176004596005744
5_130,0.9,42,311,0.05737081154885137,-1.2577369009687756,0.7484866049413916,1669.4456268534561,564.5749686596438,0.7094937490517177,0.41176004596005744
5_130,0.9,42,312,0.057256182282526054,-1.4509841839284987,0.6484875907157905,1713.2198005397818,563.9254847601582,0.7551055697916484,0.41176004596005744
5_130,0.9,42,313,0.057143335705747374,-1.7577292403791507,0.45027163406901155,1779.4456268534561,564.5749686596438,0.8245918339043115,0.41176004596005744
5_130,0.9,42,314,0.05703224409451321,-1608.897789486526,0.481883758359303,301284.65465530794,300243.96765691746,402.3960366573458,0.41176004596005744
5_130,0.9,42,315,0.056922880155979176,-1.441147462276282,0.5664632977688763,1700.1413845260522,589.6768974990132,0.7489987703309753,0.41176004596005744
5_130,0.9,42,316,0.05681521702175326,-1.7577292403791507,0.56384428530339,1779.4456268534561,564.5749686596438,0.8245918339043115,0.41176004596005744
5_130,0.9,42,317,0.05670922824129488,-1.7577292403791507,0.5169219298759951,1779.4456268534561,564.5749686596438,0.8245918339043115,0.41176004596005744
5_130,0.9,42,318,0.05660488777541653,-1.7577292403791507,0.5569222336789961,1779.4456268534561,564.5749686596438,0.8245918339043115,0.41176004596005744
5_130,0.9,42,319,0.056502169989886525,-1771.5832913924098,0.5535382231627988,331649.1023869057,330364.34452776815,443.03114903857863,0.41176004596005744
5_130,0.9,42,320,0.056401049649131195,-1.7577292403791507,0.6611888663047065,1779.4456268534561,564.5749686596438,0.8245918339043115,0.41176004596005744
