Config,Weight,Seed,Episode,Epsilon,Reward,Loss,Cost,Delay,ScalarQ,BestScalarQ
10_100,0.1,42,1,1.0,-0.9113548923123247,,2827.158075615636,291.9269916838252,0.7604784333677914,0.7604784333677914
10_100,0.1,42,2,0.9852258055592246,-0.5445645696174657,0.26969135989867826,2561.4282353486237,276.8456310174245,0.6917970864603105,0.6917970864603105
10_100,0.1,42,3,0.9706813761935793,-0.6213694215214368,0.2903884642433586,2740.8783145957045,279.9951823210041,0.7131038938418977,0.6917970864603105
10_100,0.1,42,4,0.9563631386463322,-1.2947373416538033,0.2519553034273029,2723.067105173535,326.81041574761406,0.8789628069419223,0.6917970864603105
10_100,0.1,42,5,0.9422675752312664,-0.2755128415682473,0.26416846138151173,2567.9765072245373,253.1689402773756,0.6077761624400139,0.6077761624400139
10_100,0.1,42,6,0.9283912229684601,-1.1375280544160178,0.25232459008147357,2090.9627669469983,321.29995392788425,0.8238120335840244,0.6077761624400139
10_100,0.1,42,7,0.9147306727335057,-0.21519812423585558,0.26066257710181906,2697.2877832638915,251.66597093991572,0.6096836968931297,0.6077761624400139
10_100,0.1,42,8,0.9012825684199611,-1.1060908290787244,0.23851215260880015,2617.151062141486,310.21793351828774,0.8138735064704803,0.6077761624400139
10_100,0.1,42,9,0.888043606114825,-1.0869755008544792,0.2528385442841957,2677.061590305528,310.47413623834774,0.8181523167720613,0.6077761624400139
10_100,0.1,42,10,0.8750105332868364,-0.2087909198290546,0.24031042713980327,2774.4730169913128,248.19361521789884,0.6016435841031178,0.6016435841031178
10_100,0.1,42,11,0.8621801479873967,-0.6141667486643508,0.19965561675653656,3144.9507660305885,273.4888447042505,0.7126138649882655,0.6016435841031178
10_100,0.1,42,12,0.8495492980639193,-1.3566742882131222,0.2268279036659333,2709.89826374307,327.14407124830717,0.8794122283969369,0.6016435841031178
10_100,0.1,42,13,0.837114880385412,-1.1753939997469196,0.22091668871560438,2980.933131645409,311.4109760627713,0.8385622861505161,0.6016435841031178
10_100,0.1,42,14,0.8248738400801048,0.32589050203169845,0.20318686491720644,2623.214123803869,217.43945622031822,0.48353177009647097,0.48353177009647097
10_100,0.1,42,15,0.8128231697849323,0.3784498840031858,0.20372418687219485,2571.088743454284,215.54002158528522,0.4738334830451576,0.4738334830451576
10_100,0.1,42,16,0.8009599089066888,-0.7454447661654479,0.2133216425148185,2697.827768449348,287.36014791750426,0.7369357170158874,0.4738334830451576
10_100,0.1,42,17,0.7892811428946735,-0.838840552146233,0.19599141288395971,2776.6460864505398,294.67546203932784,0.7674369112633315,0.4738334830451576
10_100,0.1,42,18,0.7777840025246476,-0.3083360932200198,0.20200067642291392,3213.409343247836,246.43750559752283,0.620042964363946,0.4738334830451576
10_100,0.1,42,19,0.7664656631939266,-1.1637866570654016,0.20618064112395623,2817.920458473344,313.7859649154195,0.8378695413892275,0.4738334830451576
10_100,0.1,42,20,0.7553233442274359,-0.30058675368122123,0.19128398802220964,2691.7502492804556,255.11643844692065,0.6216708142944312,0.4738334830451576
10_100,0.1,42,21,0.7443543081945577,-0.49148917327544894,0.20640376116781595,2584.9685403423864,274.6980379312829,0.6854650505616194,0.4738334830451576
10_100,0.1,42,22,0.7335558602366034,-0.723254462807156,0.19790650275264549,2819.501851582602,284.31155426681045,0.7329052740434473,0.4738334830451576
10_100,0.1,42,23,0.7229253474047432,-1.407132217109235,0.19001119809509595,2650.7636465538785,330.87572942006847,0.8893905967348512,0.4738334830451576
10_100,0.1,42,24,0.7124601580082336,0.27669134607906687,0.20567786275998667,3385.513862957501,212.54492522745176,0.5089110296140994,0.4738334830451576
10_100,0.1,42,25,0.7021577209727804,-0.6732380846989875,0.1993131295452534,2596.748918522516,284.55432779217205,0.7212567739219996,0.4738334830451576
10_100,0.1,42,26,0.6920155052088806,0.4123811691360575,0.19362991388070677,2876.0332693161927,207.80315188562116,0.46338877365005154,0.46338877365005154
10_100,0.1,42,27,0.6820310189899872,-0.5690501383152838,0.18188765869769422,2901.234859455999,271.8816015538333,0.6931938532601396,0.46338877365005154
10_100,0.1,42,28,0.6722018093403456,-0.3019250708271113,0.1836623680005644,2740.8086481981186,258.14273614356233,0.6352131857886959,0.46338877365005154
10_100,0.1,42,29,0.6625254614323491,-1.7750162536242933,0.18588108545323753,3123.00345970922,348.8754748141549,0.9800749924770024,0.46338877365005154
10_100,0.1,42,30,0.6529995979932678,-0.5773839128958864,0.1893763896790629,2709.475806875056,273.32086558232186,0.6875510731290665,0.46338877365005154
10_100,0.1,42,31,0.6436218787212026,-0.5739726400807743,0.17196818342779166,2915.4724900260453,273.8883730850253,0.7011462569232905,0.46338877365005154
10_100,0.1,42,32,0.634389999710123,-0.5806507532581655,0.1847445165657122,3054.480898095587,273.2359460657467,0.706630070931924,0.46338877365005154
10_100,0.1,42,33,0.6253016928838472,0.21050691145437778,0.17827478499610247,2476.034873598902,228.16715117451622,0.5134993460624795,0.46338877365005154
10_100,0.1,42,34,0.6163547254388225,-0.8569709053983858,0.18522804213816443,2148.0639827127925,300.0103704064373,0.7511392298460999,0.46338877365005154
10_100,0.1,42,35,0.607546899295575,-0.817029109040126,0.16695254810880492,2550.6625270698073,297.5386917192758,0.764946787749542,0.46338877365005154
10_100,0.1,42,36,0.5988760505586863,-0.13472038420005877,0.16672138979468115,2732.778590511223,246.02356636552494,0.591566759386678,0.46338877365005154
10_100,0.1,42,37,0.5903400489851716,-0.4440264622970628,0.17220791274003316,3346.787517103472,256.3629721733853,0.66291235983001,0.46338877365005154
10_100,0.1,42,38,0.581936797461124,-1.6379395540818265,0.1692354200416954,1986.1974799342368,361.02360023952605,0.9595101132956814,0.46338877365005154
10_100,0.1,42,39,0.5736642314864987,-0.2077443536616018,0.1767346463063325,2563.2076069011114,253.01736435243836,0.6069680064973185,0.46338877365005154
10_100,0.1,42,40,0.5655203186679085,-0.6405966310960095,0.16028220595918513,2540.750132264491,280.4745948061837,0.7035698370946817,0.46338877365005154
10_100,0.1,42,41,0.5575030582193081,-2.5996831445797675,0.17933914032307469,2514.6121179793445,418.0527652826398,1.192459497433653,0.46338877365005154
10_100,0.1,42,42,0.5496104804704447,0.025920902908311866,0.17237204558222613,2362.1778614812047,241.5182180138634,0.5546891548923026,0.46338877365005154
10_100,0.1,42,43,0.5418406463829504,0.07224987455046081,0.19849538746332968,2811.219452657878,231.15119887712285,0.5429651037899572,0.46338877365005154
10_100,0.1,42,44,0.5341916470739625,-1592.4207648881847,0.18130269123754045,112476.2624754618,110169.19829194971,398.54644461864956,0.46338877365005154
10_100,0.1,42,45,0.5266616033471518,-0.4548986393362402,0.18020638425183236,2523.4497775538684,272.2953440489549,0.6734453391547394,0.46338877365005154
10_100,0.1,42,46,0.519248665231044,-0.835738839568966,0.2087404317212005,3034.6715710156163,287.75822024999945,0.7572777168852485,0.46338877365005154
10_100,0.1,42,47,0.5119510115245198,-1593.9708040395892,0.20280830082614848,112372.4028387716,110274.84042536897,398.9171411697375,0.46338877365005154
10_100,0.1,42,48,0.504766849349387,-2.2969025353850703,0.18544869347345797,2523.0492478930278,395.3455376273585,1.1120000594206931,0.46338877365005154
10_100,0.1,42,49,0.49769441370990625,-1592.3266775726452,0.2127184607110828,112843.43979785903,110157.40877348825,398.5250515110434,0.46338877365005154
10_100,0.1,42,50,0.4907319670591703,-0.6572926378168077,0.20865900635929452,3172.8237272904094,275.8744170093338,0.7226824002134427,0.46338877365005154
10_100,0.1,42,51,0.4838777988722253,-1592.9402128995262,0.20049226846177515,112730.17980122453,110197.29378916715,398.66084753057584,0.46338877365005154
10_100,0.1,42,52,0.47713022522583176,-1.2314379300731093,0.22238308321115802,2339.550280869776,326.58656374433417,0.856619772228567,0.46338877365005154
10_100,0.1,42,53,0.47048758838475946,-1.8758375151500704,0.1720121601056948,2627.200409258397,365.3974124678608,1.0111095286376675,0.46338877365005154
10_100,0.1,42,54,0.4639482563945182,-1.4010425103454935,0.22625585111218163,2635.9593292220934,335.60095542593996,0.9054006375763833,0.46338877365005154
10_100,0.1,42,55,0.4575106226804207,-1.5446836201503613,0.2028002332036909,3097.6324669504934,337.2860417718313,0.9373424834591687,0.46338877365005154
10_100,0.1,42,56,0.45117310565288166,-0.46271759443217325,0.20357222114247325,2700.8795778580716,269.7697073332007,0.6744110669397116,0.46338877365005154
10_100,0.1,42,57,0.44493414831885486,-1.2001661132109733,0.21434793785138204,2195.324570281639,330.70723213501753,0.8632044154156304,0.46338877365005154
10_100,0.1,42,58,0.438792217899313,-0.5521937729768007,0.20838194890868,2433.7612001120824,280.29465398637274,0.6969180736138305,0.46338877365005154
10_100,0.1,42,59,0.43274580545267627,-1.2808845306425463,0.20030155947202263,3299.3715137720733,315.3706839626217,0.8705647390542429,0.46338877365005154
10_100,0.1,42,60,0.4267934255040983,-1592.8711397708664,0.19822103826106804,112252.84214734883,110205.28798087416,398.6625247029563,0.46338877365005154
10_100,0.1,42,61,0.42093361568051574,-0.8856976610099802,0.21120130153243105,2637.469800316197,295.50453394850206,0.7625732664013462,0.46338877365005154
10_100,0.1,42,62,0.4151649363513749,-1.5693871581701209,0.16637944251071096,2670.18628872909,348.01461270670114,0.9515683679641086,0.46338877365005154
10_100,0.1,42,63,0.40948597027494477,-0.45491537294602874,0.21949888145356528,2800.3938078981555,268.83506428598514,0.6766703017779657,0.46338877365005154
10_100,0.1,42,64,0.4038953222501312,-0.9850340410793663,0.2424262873160868,2554.9941182655366,307.4789680205433,0.8006193993807307,0.46338877365005154
10_100,0.1,42,65,0.3983916187737056,-1.0934034133582062,0.25942135315491377,2903.999534254038,307.739278470438,0.8211536005922988,0.46338877365005154
10_100,0.1,42,66,0.3929735077028642,-1.1403361366840965,0.22932046987883598,2604.984525872567,315.72936425520453,0.8328339342709242,0.46338877365005154
10_100,0.1,42,67,0.38763965792303584,-1.1067919024302395,0.202359367130679,2928.7633744918876,309.53299903248825,0.8289379855975698,0.46338877365005154
10_100,0.1,42,68,0.38238875902085495,-2.6538680661414347,0.1904763332795389,2496.1041046821624,427.09204863062365,1.223637695856038,0.46338877365005154
10_100,0.1,42,69,0.37721952096222106,-1.9950040775171276,0.21938477170509935,2726.598649634628,376.20914443609405,1.055228841557104,0.46338877365005154
10_100,0.1,42,70,0.372130673775365,-0.887926010964299,0.21088684451051648,2764.014656690156,295.3795986227245,0.7692369972465692,0.46338877365005154
10_100,0.1,42,71,0.3671209672388437,-1.6356799638457091,0.17362496751084527,2687.664985362615,350.7172963657619,0.962183227724664,0.46338877365005154
10_100,0.1,42,72,0.3621891705743874,-1.2101402712209455,0.16010042226852286,3117.2612221132986,312.19012117956254,0.8489979549181235,0.46338877365005154
10_100,0.1,42,73,0.35733407214452373,-0.49585348828319264,0.210274791696005,3148.696551355333,260.2470085807694,0.665627557884984,0.46338877365005154
10_100,0.1,42,74,0.35255447915490423,-0.892955726778887,0.17861732131791416,3123.427688337137,292.3459369520893,0.7786154551712452,0.46338877365005154
10_100,0.1,42,75,0.3478492173612599,-0.8612995164049212,0.1952384567608207,2740.6505411459884,299.8709455728015,0.7839325714089226,0.46338877365005154
10_100,0.1,42,76,0.3432171307809146,-0.30082310852902855,0.19965059081866793,2225.147451407591,264.7927367597494,0.6299464364729165,0.46338877365005154
10_100,0.1,42,77,0.3386570814087846,-1.2181221778908227,0.2162864345982983,2819.6675878368774,321.860462321786,0.8667469280890893,0.46338877365005154
10_100,0.1,42,78,0.3341679489377949,-1592.7148101166401,0.14543312441576664,113047.74027141076,110179.09776632683,398.6138328987904,0.46338877365005154
10_100,0.1,42,79,0.32974863048364406,-1.5478337066818197,0.1908592116147259,2985.171470624032,342.14892872430204,0.9483570280690563,0.46338877365005154
10_100,0.1,42,80,0.3253980403138483,0.29532102242109026,0.1803795918623799,2505.0494190427908,221.25429484700868,0.49049042371540674,0.46338877365005154
10_100,0.1,42,81,0.32111510958100054,-1.072767308700661,0.1614282245322622,2462.139360038055,311.62563946256176,0.8101826363659744,0.46338877365005154
10_100,0.1,42,82,0.3168987860601775,-0.420059918834999,0.19394363829085032,2895.130108559359,261.94726560440904,0.6574428018865719,0.46338877365005154
10_100,0.1,42,83,0.31274803389043004,-0.751305293102097,0.20891927055802,2934.700055084036,285.08937811919,0.7421492003984014,0.46338877365005154
10_100,0.1,42,84,0.30866183332029457,-1.7642484768613254,0.2159646531224003,2963.416360035189,358.04124940407644,1.003778502831715,0.46338877365005154
10_100,0.1,42,85,0.3046391804572615,-1592.605149303302,0.1900321247130356,112925.89036450796,110170.8785057599,398.57769242073056,0.46338877365005154
10_100,0.1,42,86,0.3006790870211401,-1.684467165071489,0.2554608930453888,2772.68345527799,354.00860521468945,0.9786903177413987,0.46338877365005154
10_100,0.1,42,87,0.29678058010125963,-0.5377191631760065,0.20821603387176602,2851.0983688749166,272.004157910116,0.6908141064783173,0.46338877365005154
10_100,0.1,42,88,0.2929427019174456,0.07439358702918614,0.19337459493968973,2832.365886596875,231.58345256107975,0.5456937111348114,0.46338877365005154
10_100,0.1,42,89,0.28916450958471324,-0.9377501340372967,0.18503187444985358,2893.4220909956084,299.8508340229492,0.7924432777650684,0.46338877365005154
10_100,0.1,42,90,0.28544507488162135,-0.2290199279164631,0.20660308473209063,2545.226813785485,252.37504476452042,0.6036685184426522,0.46338877365005154
10_100,0.1,42,91,0.28178348402222775,-1.5620667069255039,0.2323361711969711,2700.531563545732,346.41956340143236,0.9475880054027046,0.46338877365005154
10_100,0.1,42,92,0.27817883743159105,-1.47914173641954,0.21710787351232613,2478.611765597604,344.2612134921181,0.9274281913476422,0.46338877365005154
10_100,0.1,42,93,0.27463024952476534,-1.1879206292465039,0.19065400228058366,2970.5763388768733,316.59296690001463,0.8564501872816559,0.46338877365005154
10_100,0.1,42,94,0.27113684848922975,-0.2465756408971826,0.20738872665273284,2775.273546212386,255.71828684444412,0.6285080960384815,0.46338877365005154
10_100,0.1,42,95,0.2676977760707032,-1.8844804457646214,0.17119364736055473,2851.913783935616,366.40568394640945,1.0273271543981983,0.46338877365005154
10_100,0.1,42,96,0.2643121873622896,-0.4413139968157225,0.19156131043285557,2771.3551225374736,272.97380809894423,0.6897903373657688,0.46338877365005154
10_100,0.1,42,97,0.2609792505969018,-0.6730330365238426,0.1758047578911027,2914.0680684688273,284.0342926298639,0.7372295878022893,0.46338877365005154
10_100,0.1,42,98,0.25769814694291476,-1.5955777074971094,0.20694177351823767,2688.5532999947177,349.1592838127828,0.9566800412598917,0.46338877365005154
10_100,0.1,42,99,0.25446807030299534,-1.4746360902757774,0.19931262146564574,3434.6799358815965,326.40722497720157,0.9175026789126006,0.46338877365005154
10_100,0.1,42,100,0.2512882271160621,-1.616447986395405,0.19982874334623918,2760.2474411930516,344.14962031942065,0.9428521564390111,0.46338877365005154
10_100,0.1,42,101,0.2481578361623234,-0.768484772415832,0.16683415002411733,2872.8009119280796,289.453440687717,0.7542262880090529,0.46338877365005154
10_100,0.1,42,102,0.2450761283713493,-1593.1050129044952,0.17582932397829515,112306.41171969737,110218.47994863005,398.71255312622367,0.46338877365005154
10_100,0.1,42,103,0.24204234663312607,-0.1430415799185876,0.19833188850403133,2813.812817233104,246.2757940457626,0.5970180872873392,0.46338877365005154
10_100,0.1,42,104,0.23905574561205173,-0.3553450222664332,0.20445001119934386,2581.4530512092456,267.1438033640118,0.6583426491730019,0.46338877365005154
10_100,0.1,42,105,0.23611559156382206,-1.0030608791574596,0.19768367659616085,3183.3176695886764,301.0716629991148,0.8130803047044498,0.46338877365005154
10_100,0.1,42,106,0.2332211621551653,-1.9078343052415079,0.18284960207232476,2815.0325872068775,369.968947557274,1.03795547940728,0.46338877365005154
10_100,0.1,42,107,0.23037174628638085,-0.05110823250679197,0.21063168175885458,2976.878131745282,236.51739556332006,0.5713977374473773,0.46338877365005154
10_100,0.1,42,108,0.2275666439166364,-1593.8621453609285,0.18855681949935993,112535.2920051333,110270.28208146858,398.9100450315408,0.46338877365005154
10_100,0.1,42,109,0.2248051658919834,-0.1783512507423773,0.2476238165230445,2710.7602726313626,249.2583119096852,0.601859141356923,0.46338877365005154
10_100,0.1,42,110,0.22208663377604637,-0.8759160290992569,0.18420210998704292,2783.5620168189544,301.3619418697214,0.7916574788032857,0.46338877365005154
10_100,0.1,42,111,0.21941037968334542,-0.9692885133021223,0.228222701128924,3064.8709331760106,301.63260343645777,0.8084255249289272,0.46338877365005154
10_100,0.1,42,112,0.21677574611521144,-1.1355171296444104,0.18539449116256393,2577.4748830955705,318.2474786060369,0.8402635980954183,0.46338877365005154
10_100,0.1,42,113,0.21418208579825188,-0.9001351595901134,0.20173525222820388,2449.9061952778407,302.8955215739951,0.7783793942931327,0.46338877365005154
10_100,0.1,42,114,0.21162876152533033,-0.6315642567229157,0.1857045243463348,2816.521639565837,280.61495829447654,0.7195623928520576,0.46338877365005154
10_100,0.1,42,115,0.20911514599901782,-0.9231270106548299,0.17630751318452037,2678.1617364827507,303.5590762191461,0.7935673670493218,0.46338877365005154
10_100,0.1,42,116,0.20664062167747893,-1.6785484287583117,0.16151613874987028,3269.017459885148,345.11865802200094,0.9748876566401273,0.46338877365005154
10_100,0.1,42,117,0.20420458062275576,-0.013286269647628357,0.20690237015792476,3518.104948896671,231.949216645881,0.5855207682111079,0.46338877365005154
10_100,0.1,42,118,0.2018064243514096,0.09340202420058846,0.2059334249074969,2550.0983122806574,236.19291835960325,0.5462656278159868,0.46338877365005154
10_100,0.1,42,119,0.1994455636874869,-0.47632928502035277,0.21035451156532856,2421.3485214227785,277.14768921994227,0.6850042992770662,0.46338877365005154
10_100,0.1,42,120,0.19712141861777083,-2.133363501000088,0.1882212219164297,2804.07425904778,384.9223050639083,1.090636829295976,0.46338877365005154
10_100,0.1,42,121,0.19483341814928484,-0.46221126459847,0.20631569114737508,2613.6881761115205,269.30575499591583,0.6678592097560111,0.46338877365005154
10_100,0.1,42,122,0.19258100016901147,-1592.75313481064,0.19920893239967163,112326.72096579202,110194.06643124485,398.6266790573053,0.46338877365005154
10_100,0.1,42,123,0.19036361130579338,-0.8244271626664288,0.25686307764769356,2464.4399752594018,298.7942659918815,0.7645781193379358,0.46338877365005154
10_100,0.1,42,124,0.18818070679438154,-0.5821870266951485,0.17956488350108218,2693.6913604905762,279.57716911365867,0.7089631402901707,0.46338877365005154
10_100,0.1,42,125,0.1860317503415984,-0.671194534936791,0.1838947340983062,3128.3211895450568,277.58385901125536,0.7262751572107212,0.46338877365005154
10_100,0.1,42,126,0.1839162139945818,-1.1312787802493907,0.14324971854733254,2861.7328483917427,313.8770730203499,0.8406555591982118,0.46338877365005154
10_100,0.1,42,127,0.18183357801107813,-0.40018578975771824,0.16969956992651122,2797.156605345111,264.06698845356794,0.659493999886982,0.46338877365005154
10_100,0.1,42,128,0.17978333073175307,-1.0363634482039126,0.19497223810763026,3090.4348725880436,305.99402571454334,0.8254066962168123,0.46338877365005154
10_100,0.1,42,129,0.17776496845448742,-0.5799282866710367,0.18590781055559819,2878.5261421531336,281.5135794849946,0.7262485551842427,0.46338877365005154
10_100,0.1,42,130,0.17577799531062827,-0.9797466078173187,0.2355322867279293,2451.4007144470793,307.254276826594,0.7939988897165674,0.46338877365005154
10_100,0.1,42,131,0.1738219231431649,-0.9312363527933271,0.23292684501930533,2812.889471677893,299.314913828396,0.7860089882982318,0.46338877365005154
10_100,0.1,42,132,0.17189627138679878,-0.8339999859399356,0.12231743098888925,2864.885275641749,294.205532860097,0.7707190774040649,0.46338877365005154
10_100,0.1,42,133,0.1700005669498786,-0.4157166734175015,0.18089637111367138,2794.3465660869483,265.8109936332843,0.6655521453773524,0.46338877365005154
10_100,0.1,42,134,0.16813434409817252,-0.423217184913047,0.21260460792121288,2780.450800546887,266.76862571611565,0.6681847158086813,0.46338877365005154
10_100,0.1,42,135,0.16629714434044632,-0.7159764625585788,0.19874351967406376,3070.2023180634756,281.73426830788463,0.7378031066486357,0.46338877365005154
10_100,0.1,42,136,0.16448851631582245,-0.07093183560579408,0.14025242849522274,2546.37349581771,247.65621787024145,0.5869140278325174,0.46338877365005154
10_100,0.1,42,137,0.16270801568288995,-1592.7728878409064,0.2155373927700528,112118.40744470432,110201.22998451334,398.6405088733135,0.46338877365005154
10_100,0.1,42,138,0.16095520501053945,-0.20934874483101631,0.23465007706606772,2756.6240317421707,249.3461440734679,0.6047487246692925,0.46338877365005154
10_100,0.1,42,139,0.1592296536704954,-0.15487677692039498,0.17537207356890955,2884.5629800648267,245.3753698881609,0.5977833800442846,0.46338877365005154
10_100,0.1,42,140,0.15753093773152022,-0.5076932204719299,0.23557565756409993,2393.1656668694022,276.8637204207159,0.6824089195035968,0.46338877365005154
10_100,0.1,42,141,0.15585863985526294,-0.8651756232916621,0.1996365427334154,2929.544134019246,294.04166912540853,0.773767432296442,0.46338877365005154
10_100,0.1,42,142,0.15421234919372853,-0.4634207668791956,0.11925952374992106,2816.832127531321,269.32522388184805,0.6793408061054133,0.46338877365005154
10_100,0.1,42,143,0.152591661288341,-1.055725869086936,0.17242431228461644,2540.7934513693554,312.64412701794487,0.818231367371634,0.46338877365005154
10_100,0.1,42,144,0.15099617797057668,-1.0767361155224888,0.1940464469247259,2469.828131783924,315.5255519458511,0.8245146982112915,0.46338877365005154
10_100,0.1,42,145,0.14942550726414244,-0.9566430363353783,0.15155550117665229,2782.4208823291738,304.34025319682326,0.8022087111317966,0.46338877365005154
10_100,0.1,42,146,0.14787926328867598,-0.19148653290485113,0.19572810094897589,3121.6978486508274,248.51248348860608,0.622286468391048,0.46338877365005154
10_100,0.1,42,147,0.1463570661649425,-0.04350849129790074,0.219369443491349,2879.406979509176,240.35892284116676,0.5796140359113883,0.46338877365005154
10_100,0.1,42,148,0.1448585419215072,-0.7205677635176355,0.16691558526688724,2680.480278253871,287.3725787871676,0.7360054773429453,0.46338877365005154
10_100,0.1,42,149,0.14338332240285795,-0.45638239080770826,0.15832676737001614,2814.401708391503,268.2692498370674,0.6754405527468821,0.46338877365005154
10_100,0.1,42,150,0.1419310451789575,-1.3775395186736326,0.1651429237556504,2864.847593307396,328.60747158685945,0.8933328317163601,0.46338877365005154
10_100,0.1,42,151,0.14050135345620207,-0.7414770953021138,0.13136154590578533,2620.7912356197517,289.68197679479954,0.7408834596397142,0.46338877365005154
10_100,0.1,42,152,0.13909389598976496,-1593.259475164955,0.17308140079746637,112569.25751205662,110223.7743035584,398.7461894705594,0.46338877365005154
10_100,0.1,42,153,0.13770832699730284,-0.6629871635695785,0.16793110099594485,2968.3352897090704,276.8640744705884,0.7147220156676194,0.46338877365005154
10_100,0.1,42,154,0.13634430607400466,-1593.689549203319,0.17152098500704976,112445.62134474865,110258.22002572384,398.86201577235823,0.46338877365005154
10_100,0.1,42,155,0.13500149810896128,-0.5059514520815402,0.13866533384133634,2524.019141066668,274.1281510157602,0.6800098410423631,0.46338877365005154
10_100,0.1,42,156,0.13367957320283602,-1.0112894903951093,0.19417097954784265,2762.6254957591186,307.5415314796862,0.812506688283093,0.46338877365005154
10_100,0.1,42,157,0.13237820658681518,-1592.7251894962847,0.16330895989091712,112444.65994977602,110189.03858015075,398.61538428715807,0.46338877365005154
10_100,0.1,42,158,0.13109707854281938,-1.3657867172282407,0.22684070472421486,2749.24986149196,329.1288873654793,0.8886972287576096,0.46338877365005154
10_100,0.1,42,159,0.12983587432495577,-0.2913578719638915,0.17951030322484168,2701.652352737753,260.0163889158096,0.6396915658930707,0.46338877365005154
10_100,0.1,42,160,0.12859428408219134,-1593.0560858773408,0.17417050604194348,112532.06226951694,110212.80068748162,398.70498760320135,0.46338877365005154
10_100,0.1,42,161,0.1273720027822294,-1593.3074243705591,0.17100472376725487,112413.90453456476,110232.78280177603,398.76957027845395,0.46338877365005154
10_100,0.1,42,162,0.12616873013656954,-1592.8978397138012,0.19591047780656456,112413.23221139931,110201.09043009228,398.65657411426446,0.46338877365005154
10_100,0.1,42,163,0.12498417052673307,-1593.4530930126632,0.1444358789461009,112209.02620781482,110242.34623987912,398.7921467796393,0.46338877365005154
10_100,0.1,42,164,0.12381803293163596,-0.8591201490251443,0.1900585780076198,3014.6171700686364,292.46633631784437,0.7729318354580843,0.46338877365005154
10_100,0.1,42,165,0.12267003085609117,-1.3447814051943698,0.20998902934328284,2659.059940775488,331.2559169212451,0.8912117349149761,0.46338877365005154
10_100,0.1,42,166,0.1215398822604227,-1.5573308108546697,0.2024640550040254,2785.5884654108136,342.62026435612336,0.9388248106057753,0.46338877365005154
10_100,0.1,42,167,0.1204273094911746,-0.8065579029050431,0.18525477494332027,2823.7128280806764,291.09055902581485,0.7573036615404466,0.46338877365005154
10_100,0.1,42,168,0.11933203921289748,-0.646156529799212,0.16437774350093565,2597.442083839429,284.9292141451973,0.7226318896925602,0.46338877365005154
10_100,0.1,42,169,0.11825380234099556,-0.5811954893405095,0.24893912057493567,2617.776323396509,280.5953326201426,0.7083273438635989,0.46338877365005154
10_100,0.1,42,170,0.11719233397561858,-1593.6009929210747,0.1774633162112958,112423.5000250111,110252.6803211778,398.8410283501488,0.46338877365005154
10_100,0.1,42,171,0.11614737333658141,-1593.4192553566995,0.21777134514811775,112416.80116988537,110237.74925809637,398.78743451849556,0.46338877365005154
10_100,0.1,42,172,0.11511866369929591,-1592.7406363147716,0.15943013594552571,112454.76656798029,110191.45339667228,398.6245589787928,0.46338877365005154
10_100,0.1,42,173,0.11410595233169919,-1.151748970756203,0.1786769954873429,2602.6438941050246,319.23233847039774,0.8451877921396002,0.46338877365005154
10_100,0.1,42,174,0.11310899043216277,-1.0759594437475108,0.18490548442931817,2518.726255447986,313.5894999559377,0.8203611896082064,0.46338877365005154
10_100,0.1,42,175,0.1121275330683672,-0.4765420514976495,0.1731006406689926,2672.1832383067895,272.7441027713616,0.6834003480392475,0.46338877365005154
10_100,0.1,42,176,0.11116133911712744,-1593.4649180921274,0.2266611152161902,112197.20070631454,110243.68555311531,398.79625604650835,0.46338877365005154
10_100,0.1,42,177,0.1102101712051541,-1593.34020220002,0.23694807598360795,112451.36078647435,110231.55504417875,398.76729850205294,0.46338877365005154
10_100,0.1,42,178,0.10927379565073586,-1.0321177451504722,0.22682258606883438,2717.819620801368,307.06114534093274,0.8082773883355701,0.46338877365005154
10_100,0.1,42,179,0.10835198240632873,-1.3702278550625748,0.16025712412787718,2630.1514617538246,334.75179465614406,0.9020477729564529,0.46338877365005154
10_100,0.1,42,180,0.1074445050020384,-1593.2529107574899,0.20733780498003812,112334.70539299063,110228.12468171307,398.74851849856327,0.46338877365005154
10_100,0.1,42,181,0.10655114048998136,-1.3522097582864563,0.18549257909311784,2975.375076469277,326.2296230779445,0.8910668751360497,0.46338877365005154
10_100,0.1,42,182,0.10567166938951125,-0.47868124041004195,0.20358968687961781,2538.4633406266516,273.8974536498718,0.6799990313812317,0.46338877365005154
10_100,0.1,42,183,0.10480587563329734,-0.8909276171029192,0.21802523350208233,3048.065351269467,292.5898979561994,0.7752512848951104,0.46338877365005154
10_100,0.1,42,184,0.10395354651424124,-1593.473248955675,0.21617614582554157,112424.94359976315,110241.359660761,398.8007601909667,0.46338877365005154
10_100,0.1,42,185,0.10311447263321932,-1593.475896072558,0.19004031847724412,112434.94359976315,110241.359660761,398.8013219701875,0.46338877365005154
10_100,0.1,42,186,0.10228844784763778,-0.9669232375463558,0.2094310143442506,2754.8257548280126,304.1375240902136,0.7999359042916838,0.46338877365005154
10_100,0.1,42,187,0.10147526922078795,-1592.9573630436023,0.1757738025269521,112403.6820966751,110206.25918059882,398.67446014151994,0.46338877365005154
10_100,0.1,42,188,0.10067473697198882,-1.0163970806344227,0.21038349395178915,2825.650039663366,304.0603021701295,0.8036394299987655,0.46338877365005154
10_100,0.1,42,189,0.09988665442750533,-0.7939332116449224,0.20803476901585646,2705.2222488812286,292.30275099716636,0.7549676185955463,0.46338877365005154
10_100,0.1,42,190,0.09911082797222981,-0.33395636512575455,0.1972411314052516,2582.311890463553,264.0867306189637,0.6474948355371829,0.46338877365005154
10_100,0.1,42,191,0.09834706700211487,-1.406801966726521,0.20248274877832367,2690.744220782213,336.5310790773581,0.9117934986746372,0.46338877365005154
10_100,0.1,42,192,0.09759518387734595,-1.2419803826720102,0.2521245785555565,2584.4485628990524,326.2047194586566,0.8690166740895809,0.46338877365005154
10_100,0.1,42,193,0.09685499387624241,-0.9453702975667815,0.16535782941745344,2776.217766426107,300.176576141969,0.787019996969118,0.46338877365005154
10_100,0.1,42,194,0.09612631514987509,-0.2936518330289092,0.2323167175332111,3025.0220333504785,253.28019685471912,0.6338485726428417,0.46338877365005154
10_100,0.1,42,195,0.09540896867739013,-1592.8998364012812,0.2378932047992101,112497.39098396288,110201.84391813366,398.66398757184874,0.46338877365005154
10_100,0.1,42,196,0.0947027782220271,-1592.656793719688,0.1769982808971445,112253.82618241801,110188.76920299737,398.6037035248271,0.46338877365005154
10_100,0.1,42,197,0.09400757028782174,-1593.1940864991032,0.16724970281464108,112432.86161980753,110224.77223179652,398.74208386253804,0.46338877365005154
10_100,0.1,42,198,0.09332317407698135,-1593.1857470888813,0.1627779997515503,112420.29953516794,110221.98844891497,398.7314561528397,0.46338877365005154
10_100,0.1,42,199,0.09264942144792357,-1593.1103528229437,0.21639671866832702,112478.24753425634,110217.25814684163,398.71785174219946,0.46338877365005154
10_100,0.1,42,200,0.09198614687396757,-1593.1857470888813,0.20778683893517788,112420.29953516794,110221.98844891497,398.7314561528397,0.46338877365005154
10_100,0.1,42,201,0.0913331874026676,-1593.1179828529955,0.2332041565956792,112459.14180110488,110216.18224159937,398.71294366529685,0.46338877365005154
10_100,0.1,42,202,0.09069038261577916,-0.6588309329961475,0.1915496355657392,2427.4202383719216,286.81008915492345,0.7197842567255603,0.46338877365005154
10_100,0.1,42,203,0.09005757458984752,-1593.1400762399403,0.23339853390502122,112468.09373237299,110217.16996171119,398.716967012033,0.46338877365005154
10_100,0.1,42,204,0.08943460785740934,-0.39194308037460046,0.23998129386136133,2331.3273108437334,269.9617924229834,0.6543350208429008,0.46338877365005154
10_100,0.1,42,205,0.08882132936879764,-0.6940375844098173,0.16777112599907568,2633.4733873585838,286.6231804314093,0.73069371178677,0.46338877365005154
10_100,0.1,42,206,0.08821758845454078,-1593.0521717163867,0.16979185117346857,112471.84314986347,110214.95820647012,398.7092944775482,0.46338877365005154
10_100,0.1,42,207,0.08762323678834613,-0.626779275512682,0.21394775778096564,2858.725317651004,279.5600223683732,0.718173290406642,0.46338877365005154
10_100,0.1,42,208,0.08703812835065944,-1592.9887691454269,0.20437993471146298,112602.30962537412,110207.02751218066,398.68835712152156,0.46338877365005154
10_100,0.1,42,209,0.08646211939279098,-1592.8784987672893,0.2272994689329249,112501.90217633078,110201.2020268446,398.6619531633508,0.46338877365005154
10_100,0.1,42,210,0.08589506840159955,-1.254758123802725,0.1776073684866611,2664.3131039622926,326.0264766322342,0.8728680024791527,0.46338877365005154
10_100,0.1,42,211,0.08533683606472567,-1592.9792266385343,0.21323891391224786,112357.95871066269,110210.00296099563,398.685235131162,0.46338877365005154
10_100,0.1,42,212,0.08478728523636561,-1.0115669337093816,0.17120814100008652,2675.7324309733713,307.4118663240138,0.8071630620986741,0.46338877365005154
10_100,0.1,42,213,0.08424628090357741,-1593.3023049462954,0.1816944417108178,112432.42064120102,110231.35029330023,398.7655047081023,0.46338877365005154
10_100,0.1,42,214,0.08371369015311121,-1592.350818322687,0.20605393284958207,112273.52130555084,110167.94997702085,398.5306057794729,0.46338877365005154
10_100,0.1,42,215,0.08318938213875532,-1593.3658719069376,0.2346001642928041,112507.3028983584,110236.51252439202,398.78811073397713,0.46338877365005154
10_100,0.1,42,216,0.08267322804918986,-1592.77096455952,0.29652763468083193,112435.56263853225,110195.53931740827,398.6380432377821,0.46338877365005154
10_100,0.1,42,217,0.08216510107634088,-0.30127439675001366,0.2202532210713219,2524.021125870422,260.5307125085029,0.6315457720146762,0.46338877365005154
10_100,0.1,42,218,0.08166487638422609,-0.7751192057912782,0.23860336923809172,2760.100230116997,288.8840074097819,0.7458654158334339,0.46338877365005154
10_100,0.1,42,219,0.08117243107828538,0.14502537481994837,0.1688538390673742,2501.6416123660924,235.0473666037922,0.5394604395117961,0.46338877365005154
10_100,0.1,42,220,0.08068764417518824,-1592.665117468028,0.21608744073571554,112394.9909765071,110188.61396433228,398.6110805658082,0.46338877365005154
10_100,0.1,42,221,0.08021039657311081,-1593.0518475812648,0.22541517055802945,112440.3267561268,110213.57400641692,398.7025903668447,0.46338877365005154
10_100,0.1,42,222,0.07974057102247495,-1593.050937528338,0.1310377139244164,112335.52855775697,110213.9996190913,398.6982199964701,0.46338877365005154
10_100,0.1,42,223,0.0792780520971426,-0.11639531561250921,0.18882369761534812,2558.245586953067,250.26445722382826,0.5968773004315988,0.46338877365005154
10_100,0.1,42,224,0.07882272616605801,-1592.7840060131828,0.19158068042930113,112334.06628770156,110198.38222948044,398.6424741306683,0.46338877365005154
10_100,0.1,42,225,0.0783744813653311,-3041.5022889024044,0.19944750209617831,212386.22010400746,210197.8864479729,760.6828279698568,0.46338877365005154
10_100,0.1,42,226,0.07793320757075473,-1592.9485161792106,0.2945289888217035,112487.36353890716,110206.1659633678,398.67882894490253,0.46338877365005154
10_100,0.1,42,227,0.07749879637074959,-0.6095630741068601,0.23005561924297652,2605.5167560276946,282.82422504975926,0.7155828764188229,0.46338877365005154
10_100,0.1,42,228,0.07707114103972987,-3041.376295175021,0.2584409524593437,212433.15245199215,210188.62812899775,760.6524659016474,0.46338877365005154
10_100,0.1,42,229,0.0766501365118829,-1593.1111577394697,0.18136970567659938,112329.47374963007,110218.60940523547,398.7143101141881,0.46338877365005154
10_100,0.1,42,230,0.07623567935535681,-1.1736947996639195,0.22038566892028516,2834.3282819589517,315.2716468155672,0.844086587028867,0.46338877365005154
10_100,0.1,42,231,0.07582766774684957,-1593.1039239436504,0.20881596925582674,112466.709120481,110216.295678175,398.7137730938047,0.46338877365005154
10_100,0.1,42,232,0.07542600144659303,-0.5745766804022889,0.18260934362464934,2861.470334489346,272.45212172506575,0.692993420849823,0.46338877365005154
10_100,0.1,42,233,0.07503058177372629,-1592.9887165748578,0.2354416977174949,112562.36197578488,110208.34095266697,398.6907943285296,0.46338877365005154
10_100,0.1,42,234,0.0746413115820518,-0.43876073643714814,0.2116761125545512,2711.9234356344173,269.48652125530333,0.674022152141255,0.46338877365005154
10_100,0.1,42,235,0.07425809523616868,-0.7359647119799427,0.24318265085568544,2916.046967216448,286.5646545754437,0.7463595096633173,0.46338877365005154
10_100,0.1,42,236,0.0738808385879771,-0.22857834102636027,0.25431982332406167,2622.3992218437884,256.05165278935766,0.6211081217201265,0.46338877365005154
10_100,0.1,42,237,0.0735094489535481,-1448.215925652134,0.25930692500203295,102664.73597736332,100209.55861036769,362.49696637806846,0.46338877365005154
10_100,0.1,42,238,0.07314383509035316,-0.7460400076928917,0.2181739946932267,2875.831550657689,283.9034242652441,0.7346150968283178,0.46338877365005154
10_100,0.1,42,239,0.07278390717484776,-1448.787190152856,0.23943245699237412,102679.43888929395,100245.15776454486,362.62467536039185,0.46338877365005154
10_100,0.1,42,240,0.07242957678040378,-1448.65804878844,0.18180648111438816,102652.6864796271,100239.37299385687,362.6025543050021,0.46338877365005154
10_100,0.1,42,241,0.07208075685558483,-0.2785609019538578,0.23403017049010422,2608.8048600960647,259.2888082166045,0.6318823333805723,0.46338877365005154
10_100,0.1,42,242,0.0717373617027597,-0.01294229595779961,0.20566276081196472,2759.704410406725,238.6729648578576,0.5668802792841552,0.46338877365005154
10_100,0.1,42,243,0.07139930695704806,-0.3399709137287071,0.23554425380642136,2762.621024797203,258.9371164717786,0.6392699012593496,0.46338877365005154
10_100,0.1,42,244,0.0710665095655941,-0.36857258059730025,0.27350746147175836,2756.074266429311,261.8663115076441,0.6493423958985758,0.46338877365005154
10_100,0.1,42,245,0.07073888776716195,-1.1014755761234658,0.24226248769976994,2579.1521568062603,313.1961643915861,0.8223538590658315,0.46338877365005154
10_100,0.1,42,246,0.07041636107204882,-1448.6994729780736,0.23083353609052892,102876.45340677236,100234.69943306975,362.59846749526764,0.46338877365005154
10_100,0.1,42,247,0.07009885024231037,-0.5823153195710302,0.17643088241354227,2616.3066141183253,277.98137676917565,0.6989280806420083,0.46338877365005154
10_100,0.1,42,248,0.0697862772722936,-0.15762220594041618,0.1635180689839423,2877.246467344986,244.76722701691392,0.5952048022343548,0.46338877365005154
10_100,0.1,42,249,0.0694785653694726,-0.716125218975108,0.2609174774784551,2746.7247904559426,287.1411189685534,0.7389019840644563,0.46338877365005154
10_100,0.1,42,250,0.06917563893558212,-0.35462533312529537,0.2693714389378806,2862.0290433107875,259.3863450698415,0.6464555840305746,0.46338877365005154
10_100,0.1,42,251,0.06887742354804487,-1448.247774015526,0.34230497770207313,102623.9898613891,100212.35020040919,362.50462717021514,0.46338877365005154
10_100,0.1,42,252,0.06858384594168729,-0.3840985441924133,0.20961478469488845,2498.958107633811,266.7898289407639,0.6524466140700813,0.46338877365005154
10_100,0.1,42,253,0.06829483399074003,-0.4188678013778951,0.22525524934056285,2946.074266429311,261.8663115076441,0.6600162010937245,0.46338877365005154
10_100,0.1,42,254,0.06801031669111803,-1448.2722863483968,0.20993433905741724,102622.47255901045,100213.14790566819,362.50738512356276,0.46338877365005154
10_100,0.1,42,255,0.06773022414297643,-0.5488378239880373,0.15725782345900452,2771.0590254244808,274.0494182650394,0.6936074080449613,0.46338877365005154
10_100,0.1,42,256,0.06745448753353762,-0.4614154456181982,0.20521012806174888,2836.1245304491645,268.33520366185263,0.6768959692966574,0.46338877365005154
10_100,0.1,42,257,0.06718303912018544,-1448.5699748471955,0.1765624644231311,102683.06806707582,100232.86659583871,362.581070884626,0.46338877365005154
10_100,0.1,42,258,0.0669158122138222,-0.2857735199045151,0.12402562988002774,2817.165292790883,255.53725668837012,0.6302162570990059,0.46338877365005154
10_100,0.1,42,259,0.06665274116248465,-0.11999496744234639,0.25854158220856077,2998.7507262430895,241.58219183927125,0.5906785120903568,0.46338877365005154
10_100,0.1,42,260,0.06639376133521471,-0.26359608838830534,0.23972339579345378,2872.6042971693882,252.2180860218089,0.6215004706485249,0.46338877365005154
10_100,0.1,42,261,0.06613880910618089,-0.2025270079634598,0.2306509062963186,2894.061079807758,247.77615063813943,0.6068738598829728,0.46338877365005154
10_100,0.1,42,262,0.06588782183904693,0.07503673704733174,0.2238993933156114,2367.5464508590917,238.8152934655823,0.5453569496043009,0.46338877365005154
10_100,0.1,42,263,0.06564073787158327,-0.40228342500431374,0.2215339353318983,2754.18449519805,264.56124035485743,0.6588415355717577,0.46338877365005154
10_100,0.1,42,264,0.06539749650051803,-1448.4880326418277,0.17468087943090288,102689.26377132336,100226.53421039716,362.55884896964767,0.46338877365005154
10_100,0.1,42,265,0.06515803796662348,-0.4458377436918204,0.23498395751632967,2737.4686107375314,268.35664752507085,0.6714301152436344,0.46338877365005154
10_100,0.1,42,266,0.06492230344003448,-0.2529070890822962,0.24970837647144667,2958.240219083656,250.88150319549484,0.6215474515912534,0.46338877365005154
10_100,0.1,42,267,0.06469023500579518,0.12087909597866026,0.22510100120639304,2786.3812028074162,227.9838898695601,0.5302807754558844,0.46338877365005154
10_100,0.1,42,268,0.06446177564963067,-0.4458377436918204,0.22268837939272168,2737.4686107375314,268.35664752507085,0.6714301152436344,0.46338877365005154
10_100,0.1,42,269,0.06423686924393959,-1448.7446877431203,0.19383233459021226,102775.64134774721,100242.45388662445,362.6204426151007,0.46338877365005154
10_100,0.1,42,270,0.064015460534005,-0.4458377436918204,0.1561144646951726,2737.4686107375314,268.35664752507085,0.6714301152436344,0.46338877365005154
10_100,0.1,42,271,0.0637974951244193,-0.44094427429748995,0.2236009975795387,2783.87082234324,268.5846669338595,0.6748496050379089,0.46338877365005154
10_100,0.1,42,272,0.06358291946572056,-0.39867320672389006,0.3372429560070399,2778.9317873556406,264.22719525476015,0.6590411788038496,0.46338877365005154
10_100,0.1,42,273,0.06337168084123639,-0.3717142458795362,0.18823282857903084,2937.3027551708583,257.7348273213289,0.6447979420892647,0.46338877365005154
10_100,0.1,42,274,0.06316372735413278,-0.30018135685027875,0.2540084432913718,2849.319141599929,257.29496641445223,0.6382874471046776,0.46338877365005154
10_100,0.1,42,275,0.06295900791466405,-1.0107743456014306,0.16594571635373515,3174.643252825171,297.6006072604405,0.8002214085781798,0.46338877365005154
10_100,0.1,42,276,0.06275747222762111,-0.5972710184523988,0.19470525323375223,2548.285091846208,279.61117055158957,0.7009157066610517,0.46338877365005154
10_100,0.1,42,277,0.06255907077997513,-0.8818879066625855,0.24226314589162765,2659.419280569624,299.0077785447344,0.7762926559863257,0.46338877365005154
10_100,0.1,42,278,0.062363754828713217,-0.4458377436918204,0.20334752045445237,2737.4686107375314,268.35664752507085,0.6714301152436344,0.46338877365005154
10_100,0.1,42,279,0.06217147638886324,-1448.6205009926382,0.25245925627119814,102680.15184152046,100236.22225825339,362.59286735605167,0.46338877365005154
10_100,0.1,42,280,0.06198218822170495,-0.21976619645916368,0.27355934376154967,2696.48203962259,253.66084560399284,0.6167485920718339,0.46338877365005154
10_100,0.1,42,281,0.06179584382316449,0.19820878342140774,0.17441176573417547,2747.7605432103123,224.9361510156489,0.5172483535951975,0.46338877365005154
10_100,0.1,42,282,0.06161239741238927,-0.7071794656710807,0.20256672740505977,2968.029912148143,282.4082661531452,0.7344655457384495,0.46338877365005154
10_100,0.1,42,283,0.06143180392050065,-0.4632700326431258,0.20517762861017746,3047.043546918261,263.5596599771395,0.671723901767175,0.46338877365005154
10_100,0.1,42,284,0.06125401897952138,-1448.6554190498864,0.24871617733304166,102660.26613770502,100240.2394357996,362.6060682989351,0.46338877365005154
10_100,0.1,42,285,0.06107899891147547,-0.4458377436918204,0.2305330211565014,2737.4686107375314,268.35664752507085,0.6714301152436344,0.46338877365005154
10_100,0.1,42,286,0.060906700717657275,-0.4458377436918204,0.23496228961896826,2737.4686107375314,268.35664752507085,0.6714301152436344,0.46338877365005154
10_100,0.1,42,287,0.060737082068067785,-0.5420602089328259,0.25247273001131537,2524.6888549111054,279.38147804034554,0.6987714458396,0.46338877365005154
10_100,0.1,42,288,0.06057010129101494,-1448.9623381648498,0.22787162293133179,102640.97979795601,100260.90149893868,362.67862884690675,0.46338877365005154
10_100,0.1,42,289,0.06040571736287584,-0.3661698192198093,0.22082437068600652,2678.1370506947496,264.8701243967143,0.6556702769827745,0.46338877365005154
10_100,0.1,42,290,0.06024388989801807,-0.1631845501281019,0.2132566984805714,2647.7754137198044,249.77624770088178,0.6001668168527048,0.46338877365005154
10_100,0.1,42,291,0.06008457913887785,-0.4458377436918204,0.21472913800896026,2737.4686107375314,268.35664752507085,0.6714301152436344,0.46338877365005154
10_100,0.1,42,292,0.05992774594619241,-0.4458377436918204,0.191979627105131,2737.4686107375314,268.35664752507085,0.6714301152436344,0.46338877365005154
10_100,0.1,42,293,0.05977335178938433,-0.19857320879468476,0.20678262076405723,2988.8097952536255,248.23639590160033,0.6138370584424274,0.46338877365005154
10_100,0.1,42,294,0.059621358737095426,-0.5584895031189142,0.16681727429749382,2759.8850004418177,275.6902977169572,0.6988281200354728,0.46338877365005154
10_100,0.1,42,295,0.05947172944786773,-0.4458377436918204,0.1615916353202093,2737.4686107375314,268.35664752507085,0.6714301152436344,0.46338877365005154
10_100,0.1,42,296,0.059324427160969605,-0.3764929491706425,0.21169741807836204,2824.6335967174246,261.8663115076441,0.6531939166133399,0.46338877365005154
10_100,0.1,42,297,0.05917941568736433,-0.4645469684134877,0.23114570646637955,2728.972589874386,269.83091225665106,0.6762074214240512,0.46338877365005154
10_100,0.1,42,298,0.05903665940081926,-0.2213612942982165,0.29330584007851995,2710.8918676716603,253.05843974926734,0.6154110028952334,0.46338877365005154
10_100,0.1,42,299,0.058896123229153184,-0.44054350992544233,0.24889580290202495,2717.4686107375314,268.35664752507085,0.6703065568020399,0.46338877365005154
10_100,0.1,42,300,0.05875777264561992,-0.1754380626954419,0.16936624044825055,2707.8239130525562,251.32857743940235,0.6090730521373969,0.46338877365005154
10_100,0.1,42,301,0.05862157366042571,-0.3202529377522526,0.22165105798957896,2826.6630617176093,257.23022230636985,0.6367839137587424,0.46338877365005154
10_100,0.1,42,302,0.058487492812378764,-0.242999719379194,0.24919396844041325,2643.8608417930914,255.8291123441109,0.6215206091654778,0.46338877365005154
10_100,0.1,42,303,0.05835549716066848,0.162869639538607,0.2388351234783069,2744.090604342408,228.0150970273582,0.5280162064989646,0.46338877365005154
10_100,0.1,42,304,0.05822555427677263,-0.7553591762175403,0.1581567136560378,2791.584393831934,287.6144551127805,0.7431091746737657,0.46338877365005154
10_100,0.1,42,305,0.05809763223649032,-0.14527411203828616,0.2553278007960351,2924.3157866492734,244.21735782755775,0.5958892073302509,0.46338877365005154
10_100,0.1,42,306,0.057971699612098956,-0.1581671742026678,0.2577025034269346,2630.639632880265,250.11525893406142,0.6004124728713462,0.46338877365005154
10_100,0.1,42,307,0.05784772546463305,-0.15234797939950406,0.2438630568489962,2819.044948984344,246.92589114221968,0.5996291027419839,0.46338877365005154
10_100,0.1,42,308,0.05772567933628324,-0.15816717420266777,0.21447615972467443,2630.639632880265,250.11525893406142,0.6004124728713462,0.46338877365005154
10_100,0.1,42,309,0.05760553124291343,-0.2611672544988856,0.19087926294730256,2664.2300475672146,255.80802967402994,0.6225897656726734,0.46338877365005154
10_100,0.1,42,310,0.05748725166669427,-0.0360779080973857,0.16618785614023027,2553.0292964426194,241.00740817039588,0.5635901563450257,0.46338877365005154
10_100,0.1,42,311,0.05737081154885137,-0.556575792112233,0.23784599728180086,2421.046578221474,275.2449414280209,0.6782055364396467,0.46338877365005154
10_100,0.1,42,312,0.057256182282526054,-0.31146247527948,0.17547024951166254,2854.2300475672146,255.80802967402994,0.633263570867822,0.46338877365005154
10_100,0.1,42,313,0.057143335705747374,-0.04792947433169237,0.15869853453610527,2589.149877299482,242.71812160278978,0.5717166842672388,0.46338877365005154
10_100,0.1,42,314,0.05703224409451321,-0.2611672544988856,0.17193714446955663,2664.2300475672146,255.80802967402994,0.6225897656726734,0.46338877365005154
10_100,0.1,42,315,0.056922880155979176,-0.2611672544988856,0.21978682472370353,2664.2300475672146,255.80802967402994,0.6225897656726734,0.46338877365005154
10_100,0.1,42,316,0.05681521702175326,-0.2194060637897403,0.19003328604696476,2680.6402179681263,252.8807038856064,0.6130780394239586,0.46338877365005154
10_100,0.1,42,317,0.05670922824129488,-0.4039342106138113,0.2654244081330223,2649.030088993225,266.6328580604124,0.6603178683377685,0.46338877365005154
10_100,0.1,42,318,0.05660488777541653,-0.23069146198411328,0.22074034036905524,2782.29202405708,251.9319826537619,0.615407181180344,0.46338877365005154
10_100,0.1,42,319,0.056502169989886525,-0.33181374668489105,0.21386699772820394,2731.699656228354,260.2952458187062,0.6423734666412527,0.46338877365005154
10_100,0.1,42,320,0.056401049649131195,-0.6642817157202047,0.17096531654326674,2734.0948419781635,283.50703574660605,0.7252398095494318,0.46338877365005154
10_100,0.3,42,1,1.0,-1.4089293963118743,,2827.158075615636,291.9269916838252,0.818729901525521,0.818729901525521
10_100,0.3,42,2,0.9852258055592246,-0.9669533652311686,0.26727162785120356,2561.4282353486237,276.8456310174245,0.7321374089068597,0.7321374089068597
10_100,0.3,42,3,0.9706813761935793,-1.1340783173266475,0.2933477627568262,2740.8783145957045,279.9951823210041,0.7711118870239696,0.7321374089068597
10_100,0.3,42,4,0.9563631386463322,-1.6471369508956935,0.25426218858936106,2723.067105173535,326.81041574761406,0.8978897155794012,0.7321374089068597
10_100,0.3,42,5,0.9422675752312664,-0.762738628368017,0.2691421196354383,2567.9765072245373,253.1689402773756,0.6676052864626336,0.6676052864626336
10_100,0.3,42,6,0.9283912229684601,-1.147882542962753,0.2536670478268503,2090.9627669469983,321.29995392788425,0.776082873502926,0.6676052864626336
10_100,0.3,42,7,0.9147306727335057,-0.7919555263483277,0.26048201738430776,2697.2877832638915,251.66597093991572,0.685232121680322,0.6676052864626336
10_100,0.3,42,8,0.9012825684199611,-1.3535401100513484,0.2405444954286537,2632.7459931923972,300.738260475863,0.8103912046690143,0.6676052864626336
10_100,0.3,42,9,0.888043606114825,-1.4563489037896162,0.25840400601327584,2677.061590305528,310.47413623834774,0.8448493471595253,0.6676052864626336
10_100,0.3,42,10,0.8750105332868364,-0.8308486433301028,0.24492566896354892,2774.4730169913128,248.19361521789884,0.6886144918348567,0.6676052864626336
10_100,0.3,42,11,0.8621801479873967,-1.1526244488103219,0.20334877868634363,3157.0346658113085,253.38383765977332,0.767477207773676,0.6676052864626336
10_100,0.3,42,12,0.8495492980639193,-1.8943534652593614,0.2318326462728471,2629.7348995098296,351.93557483119406,0.9518112101376842,0.6676052864626336
10_100,0.3,42,13,0.837114880385412,-1.7053621876057579,0.23009218620053754,2905.7577489003024,316.2355933176648,0.8993640900249826,0.6676052864626336
10_100,0.3,42,14,0.8248738400801048,-0.011787585347676113,0.2139085099202731,2663.6720463042766,188.0956424561608,0.5033392040292267,0.5033392040292267
10_100,0.3,42,15,0.8128231697849323,-0.1782058964879775,0.21309914299135563,2517.0885085369346,212.53984539727307,0.5463983272688475,0.5033392040292267
10_100,0.3,42,16,0.8009599089066888,-1.2271297156439833,0.2238905201604109,2692.121784956369,290.083988527263,0.7908626153911823,0.5033392040292267
10_100,0.3,42,17,0.7892811428946735,-1.866337193108371,0.20386254062447157,2754.3549502050173,343.28355350809136,0.948829053521848,0.5033392040292267
10_100,0.3,42,18,0.7777840025246476,-1.612245675790441,0.21456298986324565,3217.765545978043,286.5994456852838,0.8697916054277968,0.5033392040292267
10_100,0.3,42,19,0.7664656631939266,-1.574560856220325,0.22675497895303337,2788.0637342898685,313.8934217778131,0.8730357851506524,0.5033392040292267
10_100,0.3,42,20,0.7553233442274359,-0.8213719441344396,0.20380541831683363,2536.8289388523194,262.80033188567046,0.6890556899963138,0.5033392040292267
10_100,0.3,42,21,0.7443543081945577,-0.9774623002374311,0.22085382344630267,2559.7639263107512,279.24356410227654,0.7385043862481689,0.5033392040292267
10_100,0.3,42,22,0.7335558602366034,-1.2340929146844608,0.20271461933925802,2789.501851582602,284.31155426681045,0.7912722962701828,0.5033392040292267
10_100,0.3,42,23,0.7229253474047432,-1.9851175765065647,0.19911455095432676,2509.064776149574,364.92178270790623,0.9674741493713964,0.5033392040292267
10_100,0.3,42,24,0.7124601580082336,-0.7237436536193027,0.21762117570959064,3282.731678424704,211.08870577480317,0.671412253731166,0.5033392040292267
10_100,0.3,42,25,0.7021577209727804,-1.076553138156194,0.2094139441940192,2569.3566962686873,284.55432779217205,0.7548434127441767,0.5033392040292267
10_100,0.3,42,26,0.6920155052088806,-0.40998540917061405,0.20329652417273106,2876.0332693161927,207.80315188562116,0.5937617369080381,0.5033392040292267
10_100,0.3,42,27,0.6820310189899872,-1.1552337039682579,0.19294673503279475,2706.3857355695604,283.20593068976274,0.7741994516330901,0.5033392040292267
10_100,0.3,42,28,0.6722018093403456,-1.0444549963144703,0.18999269389193246,2703.763283803684,274.91218876731864,0.7507658469807155,0.5033392040292267
10_100,0.3,42,29,0.6625254614323491,-2.148413426058744,0.19700424018329787,2953.8853508484626,350.89760417835475,1.0035640791254086,0.5033392040292267
10_100,0.3,42,30,0.6529995979932678,-1.1065272392164698,0.19787599097015018,2751.971474903635,272.0787432776856,0.7510357725080802,0.5033392040292267
10_100,0.3,42,31,0.6436218787212026,-1.2332946248761063,0.18154743739837215,2851.6390831662056,279.6685809407918,0.7888734231187935,0.5033392040292267
10_100,0.3,42,32,0.634389999710123,-1.7778885235529283,0.19707206010761985,3062.6176069710777,314.5409059968214,0.9211023173684185,0.5033392040292267
10_100,0.3,42,33,0.6253016928838472,-0.4927484698159284,0.19887049634923323,2344.946764569491,248.38573296086685,0.6167573971742618,0.5033392040292267
10_100,0.3,42,34,0.6163547254388225,-1.0896506501461511,0.2026229715089806,2083.988894582845,313.5589996390104,0.7534483268722021,0.5033392040292267
10_100,0.3,42,35,0.607546899295575,-1.1743831614859452,0.1811981624084808,2550.6625270698073,297.5386917192758,0.7876876318633278,0.5033392040292267
10_100,0.3,42,36,0.5988760505586863,-0.6736030192530549,0.18075803963799011,2683.210495846712,242.21764988991853,0.6566673049298138,0.5033392040292267
10_100,0.3,42,37,0.5903400489851716,-1.4006057148847209,0.18979356709349932,3301.682038223552,263.86527103963624,0.8209114520312035,0.5033392040292267
10_100,0.3,42,38,0.581936797461124,-1.397258636065458,0.19037213159025593,1906.4969191143273,360.80256251536247,0.8545019550536606,0.5033392040292267
10_100,0.3,42,39,0.5736642314864987,-0.412573547773349,0.19429263556122353,2604.921353378256,223.30173580785893,0.5910348787848291,0.5033392040292267
10_100,0.3,42,40,0.5655203186679085,-1.4893989335235427,0.17174055757871948,2411.8345612137364,328.40381694428515,0.8498536960848484,0.5033392040292267
10_100,0.3,42,41,0.5575030582193081,-1.8149205650460032,0.18777883769346673,2467.837311032175,356.3929091025045,0.9368824722638318,0.5033392040292267
10_100,0.3,42,42,0.5496104804704447,-0.2799673798740412,0.18350666169274993,2137.628111527799,245.26662461348178,0.5731705162971816,0.5033392040292267
10_100,0.3,42,43,0.5418406463829504,-0.6163481591026069,0.19969073474961105,2827.9313966811737,228.98958751254736,0.6443872728758848,0.5033392040292267
10_100,0.3,42,44,0.5341916470739625,-1294.1055826255786,0.18447184449280538,112526.96514849525,110166.97056773464,323.8987594093084,0.5033392040292267
10_100,0.3,42,45,0.5266616033471518,-0.8724434891973809,0.1884267310423197,2494.105442979397,272.42920180772796,0.7085481683366412,0.5033392040292267
10_100,0.3,42,46,0.519248665231044,-1177.6150852695118,0.22057056845493314,102821.65067737114,100244.71346251928,294.75693810059477,0.5033392040292267
10_100,0.3,42,47,0.5119510115245198,-1295.1306136521814,0.20138643623065083,112234.82030079307,110274.95448443863,324.1488725272645,0.5033392040292267
10_100,0.3,42,48,0.504766849349387,-2.3136277401830565,0.2064598665178808,2506.742525902622,396.6153442759078,1.0549425993814285,0.5033392040292267
10_100,0.3,42,49,0.49769441370990625,-1293.9319547544244,0.22493982984712552,112641.34441723205,110144.18212221914,323.8548628144802,0.5033392040292267
10_100,0.3,42,50,0.4907319670591703,-0.719413271710372,0.22491142320010046,2805.229104659848,240.2224030030524,0.6717004041746792,0.5033392040292267
10_100,0.3,42,51,0.4838777988722253,-1294.624882360144,0.2191259829390832,112683.55108305204,110198.00309864654,324.0111767671922,0.5033392040292267
10_100,0.3,42,52,0.47713022522583176,-1.1659971139232765,0.2311527769846069,2285.140842255283,312.23121879110226,0.7836683926999334,0.5033392040292267
10_100,0.3,42,53,0.47048758838475946,-1294.610028891582,0.1778092786222178,112564.49433069742,110202.25211786407,324.00289067277896,0.5033392040292267
10_100,0.3,42,54,0.4639482563945182,-1.7187896592326621,0.2792453835299819,2622.8171915071657,339.0298865684762,0.9148686269293776,0.5033392040292267
10_100,0.3,42,55,0.4575106226804207,-2.0596934226834325,0.2116717866114291,3097.6324669504934,337.2860417718313,0.990056805554308,0.5033392040292267
10_100,0.3,42,56,0.45117310565288166,-1.0515621285043335,0.22086494410738272,2678.074793373596,276.1870940622815,0.7499707186062698,0.5033392040292267
10_100,0.3,42,57,0.44493414831885486,-1.261159515410683,0.22273136445777117,2195.324570281639,330.70723213501753,0.819749902162694,0.5033392040292267
10_100,0.3,42,58,0.438792217899313,-0.8984688011091533,0.22617002356946542,2433.7612001120824,280.29465398637274,0.7201824683425564,0.5033392040292267
10_100,0.3,42,59,0.43274580545267627,-1.8987080956246534,0.2271461771941202,3095.410136350039,322.33816780617656,0.9482442733234128,0.5033392040292267
10_100,0.3,42,60,0.4267934255040983,-1294.3467379638919,0.24704045807607838,112228.49735528567,110209.52938682679,323.9664376378261,0.5033392040292267
10_100,0.3,42,61,0.42093361568051574,-1.1549801037314102,0.2175622296354422,2496.6861755659697,293.4837020994809,0.7673496879375146,0.5033392040292267
10_100,0.3,42,62,0.4151649363513749,-1.8905715143064639,0.17474014451338116,2647.0643883501516,354.19416251493453,0.9609929951267325,0.5033392040292267
10_100,0.3,42,63,0.40948597027494477,-0.907675995577096,0.22639242817930608,2672.5104198476074,266.1934979984789,0.7213290222042973,0.5033392040292267
10_100,0.3,42,64,0.4038953222501312,-0.8097235733994177,0.25003492262297694,2709.6163244443787,253.88244058891976,0.693454319923281,0.5033392040292267
10_100,0.3,42,65,0.3983916187737056,-0.14817161868712403,0.2969665425619429,2653.43216659462,201.6863199507792,0.5392890585179348,0.5033392040292267
10_100,0.3,42,66,0.3929735077028642,-0.4794907416684891,0.23525688728421681,2329.6903371599415,246.36797585742335,0.6085926154870523,0.5033392040292267
10_100,0.3,42,67,0.38763965792303584,-1.6214512891872106,0.21486074299477592,2928.7633744918876,309.53299903248825,0.8846606078445882,0.5033392040292267
10_100,0.3,42,68,0.38238875902085495,-2.5660136498830863,0.19725222832795414,2496.1041046821624,427.09204863062365,1.137636163053522,0.5033392040292267
10_100,0.3,42,69,0.37721952096222106,-2.1917745883854467,0.22718724769634324,2726.598649634628,376.20914443609405,1.0354263976791123,0.5033392040292267
10_100,0.3,42,70,0.372130673775365,-1.4296025903458776,0.2571263450250083,2653.63106279628,308.7782977350874,0.8361993655351874,0.5033392040292267
10_100,0.3,42,71,0.3671209672388437,-1.4241335095045358,0.18794165328810558,2699.6409303853807,309.63646400208285,0.8463325615253181,0.5033392040292267
10_100,0.3,42,72,0.3621891705743874,-1.6560961170227158,0.16364324685182263,3057.233112260277,302.0918714829539,0.8856840525657023,0.5033392040292267
10_100,0.3,42,73,0.35733407214452373,-0.8576968927105436,0.2095697245750318,2954.810545724613,237.64212717775038,0.6897569737603865,0.5033392040292267
10_100,0.3,42,74,0.35255447915490423,-1.1562161549039822,0.20081025393226848,2922.5424097017712,269.1164706978212,0.7715708219427788,0.5033392040292267
10_100,0.3,42,75,0.3478492173612599,-1.4050710857458404,0.19321087362787157,2658.2184890180106,313.0171296425488,0.848723249291938,0.5033392040292267
10_100,0.3,42,76,0.3432171307809146,-0.5943796814862963,0.20571070231257002,2217.6169803232547,266.6448834464973,0.6459154331920869,0.5033392040292267
10_100,0.3,42,77,0.3386570814087846,-1.5708056987548702,0.22993249394320142,2740.614019830486,320.4916630737255,0.883330329117622,0.5033392040292267
10_100,0.3,42,78,0.3341679489377949,-1.5180666175491708,0.15441763870159714,2946.1782264218496,300.90303404097295,0.8636718991425375,0.5033392040292267
10_100,0.3,42,79,0.32974863048364406,-1.2031834141558133,0.1934933504893392,3134.1074661972875,261.3893730034995,0.7858058768489766,0.5033392040292267
10_100,0.3,42,80,0.3253980403138483,-0.1437791199223955,0.18676985554900322,2293.437714989465,223.6762308110782,0.5395775305633495,0.5033392040292267
10_100,0.3,42,81,0.32111510958100054,-0.8680461592504987,0.15025850795375906,2412.2104930508945,275.1717254037872,0.7023488358499207,0.5033392040292267
10_100,0.3,42,82,0.3168987860601775,-1.2552605896292603,0.18787113971422492,2779.518189094977,286.65924374071017,0.7960978979900657,0.5033392040292267
10_100,0.3,42,83,0.31274803389043004,-1.1330644535291636,0.20627555663458877,3036.8475541760668,260.5767908058742,0.767161684477862,0.5033392040292267
10_100,0.3,42,84,0.30866183332029457,-1.1787529131804408,0.2103149750475119,2756.2567459127677,282.30870169340807,0.7801171327240146,0.5033392040292267
10_100,0.3,42,85,0.3046391804572615,-1.7784155545472236,0.1744109708782319,3087.6731223371753,310.0195926640633,0.9127911846741019,0.5033392040292267
10_100,0.3,42,86,0.3006790870211401,-1.8245598801306193,0.2614275432819645,2911.4789836952446,330.18255190248937,0.9389916017342865,0.5033392040292267
10_100,0.3,42,87,0.29678058010125963,-1.1205482622635445,0.1931240743092822,2593.363420049329,289.4291408598346,0.7724031494819701,0.5033392040292267
10_100,0.3,42,88,0.2929427019174456,-0.5765736092823134,0.1780780316448746,2894.83014674732,221.37130336366744,0.6345428195699956,0.5033392040292267
10_100,0.3,42,89,0.28916450958471324,-1.519140669452472,0.18150328640345342,2843.038941628012,306.0296397417721,0.860501251279202,0.5033392040292267
10_100,0.3,42,90,0.28544507488162135,-0.7918713361286245,0.20154099868113518,2620.460892865,256.09080920585274,0.6845505846149067,0.5033392040292267
10_100,0.3,42,91,0.28178348402222775,-1.200298133603652,0.22984642525033347,2865.464221411525,278.78837363600667,0.7887633445897242,0.5033392040292267
10_100,0.3,42,92,0.27817883743159105,-0.823826411355866,0.23595260053543904,2572.471397386055,267.0447017188602,0.706828747361111,0.5033392040292267
10_100,0.3,42,93,0.27463024952476534,-1.3584998277551947,0.18087633138273462,2727.0083496480543,302.1559650027628,0.8302077075215493,0.5033392040292267
10_100,0.3,42,94,0.27113684848922975,-0.8926430629300618,0.21449980904618968,2644.530988938553,267.16188084871953,0.7192980617698115,0.5033392040292267
10_100,0.3,42,95,0.2676977760707032,-1294.3252494023682,0.16267289131963292,112852.25325247625,110164.46679206779,323.94664055572025,0.5033392040292267
10_100,0.3,42,96,0.2643121873622896,-0.8608271310079862,0.19997359813743895,2860.3099474490405,253.94324235263267,0.7190198363650502,0.5033392040292267
10_100,0.3,42,97,0.2609792505969018,-1.0706824568307944,0.17624562889991352,3078.1231516741445,253.41268049816756,0.7542579102449947,0.5033392040292267
10_100,0.3,42,98,0.25769814694291476,-1.2315690993587267,0.19422265080891213,2546.306709723692,301.6789757663942,0.7984310860284929,0.5033392040292267
10_100,0.3,42,99,0.25446807030299534,-1.6241266882217757,0.24099539048156665,3243.269159118323,289.0216272650139,0.8808045158782878,0.5033392040292267
10_100,0.3,42,100,0.2512882271160621,-2.119746645000903,0.20321558378087587,2862.092946266664,358.42142031038,1.0089512300147945,0.5033392040292267
10_100,0.3,42,101,0.2481578361623234,-1.0878306525205999,0.18073199600615647,2979.575842688916,263.6978727446523,0.7661616258341126,0.5033392040292267
10_100,0.3,42,102,0.2450761283713493,-0.8077926763647829,0.16987139032347048,2352.7193758663884,279.4936423643151,0.7043036469466736,0.5033392040292267
10_100,0.3,42,103,0.24204234663312607,-0.7314004073029868,0.17520271673751572,2878.634762183628,234.9040249434438,0.6693283069539518,0.5033392040292267
10_100,0.3,42,104,0.23905574561205173,-0.10703387089807681,0.21085484625242884,2635.1319489237826,200.45164425842177,0.5327821273981789,0.5033392040292267
10_100,0.3,42,105,0.23611559156382206,-1.285811159829361,0.17007604691986145,2918.0557138386775,283.2992526896287,0.8101316943862447,0.5033392040292267
10_100,0.3,42,106,0.2332211621551653,-1.1018904612336258,0.19117110451723054,2705.3548379135755,281.3555960484697,0.7688962749820661,0.5033392040292267
10_100,0.3,42,107,0.23037174628638085,-0.5089557786083825,0.21916639454023726,2719.59161484259,225.65645448333777,0.6168883619015129,0.5033392040292267
10_100,0.3,42,108,0.2275666439166364,-1295.1690753105222,0.1913213422821196,112427.58024593897,110270.85414166999,324.169992254204,0.5033392040292267
10_100,0.3,42,109,0.2248051658919834,-0.9334780292974297,0.218104241999404,2615.171484217097,271.7040532891964,0.726941651846502,0.5033392040292267
10_100,0.3,42,110,0.22208663377604637,-1.3328104137269043,0.166870516643211,2746.712214030805,301.40091654881826,0.8314353540144767,0.5033392040292267
10_100,0.3,42,111,0.21941037968334542,-1.2799028010887556,0.20257775914433357,3056.857703638943,274.0820103028845,0.8079727865192752,0.5033392040292267
10_100,0.3,42,112,0.21677574611521144,-0.9243149471098638,0.18019145736109618,2554.2693503133087,274.66004736989845,0.7248720934208226,0.5033392040292267
10_100,0.3,42,113,0.21418208579825188,-0.9072037720502749,0.18617546152535178,2603.363680271129,268.11131462947264,0.7149919686535944,0.5033392040292267
10_100,0.3,42,114,0.21162876152533033,-1.1626747669518256,0.19909038004574103,2800.067632885646,278.48741468602935,0.7769075029267676,0.5033392040292267
10_100,0.3,42,115,0.20911514599901782,-1.6078985221252993,0.16347950835036468,3135.7248999055546,297.06603299332784,0.8849801083868026,0.5033392040292267
10_100,0.3,42,116,0.20664062167747893,-2.0153665917659493,0.15252396455579684,3266.953900850766,324.9457910399318,0.984383955633795,0.5033392040292267
10_100,0.3,42,117,0.20420458062275576,-1.1199196040129618,0.18312236044807695,3563.9786114841245,226.3337735700718,0.7610737238470633,0.5033392040292267
10_100,0.3,42,118,0.2018064243514096,-0.631630924160651,0.22002415256160174,3081.4105759004947,212.64532489636227,0.6417980573804891,0.5033392040292267
10_100,0.3,42,119,0.1994455636874869,-1.13474834391554,0.20334045518902952,2903.196670926111,269.94626716931384,0.7706107456525446,0.5033392040292267
10_100,0.3,42,120,0.19712141861777083,-1294.663312393769,0.1874120159913744,113221.99326149606,110168.8645195221,324.02114546440964,0.5033392040292267
10_100,0.3,42,121,0.19483341814928484,-0.7458347591623569,0.2012263027314069,2878.380166668054,233.7157995188458,0.6659914403733398,0.5033392040292267
10_100,0.3,42,122,0.19258100016901147,-0.7107448650504478,0.22191647333640444,2695.09047989158,245.36072229518655,0.6673826032089989,0.5033392040292267
10_100,0.3,42,123,0.19036361130579338,-1.1829372681209438,0.25850983818588835,2786.6243642972177,281.02379557889657,0.7816731282190471,0.5033392040292267
10_100,0.3,42,124,0.18818070679438154,-1.1994374732420205,0.19366915897568776,3118.9054066956674,257.93396346566914,0.773664846165983,0.5033392040292267
10_100,0.3,42,125,0.1860317503415984,-1.0469436194771993,0.1992886260267575,3246.4695130470363,238.51816029097606,0.7413398675732625,0.5033392040292267
10_100,0.3,42,126,0.1839162139945818,-1.3858200408881491,0.13975916242148614,2849.1575975752444,293.1160800416767,0.8257339146509417,0.5033392040292267
10_100,0.3,42,127,0.18183357801107813,-1.1117473364805228,0.15534676112881612,3110.888873236013,252.12584129108458,0.7562127082460048,0.5033392040292267
10_100,0.3,42,128,0.17978333073175307,-1.2661826395529907,0.20117979801004746,2884.1783539663084,281.69069505596633,0.7999630258556136,0.5033392040292267
10_100,0.3,42,129,0.17776496845448742,-1.1775309397879454,0.17789406392681836,3003.8009597002892,269.9208683048116,0.7874955554598069,0.5033392040292267
10_100,0.3,42,130,0.17577799531062827,-1294.656718638439,0.22677010641573378,112349.72859299653,110226.07454875491,324.03273513746524,0.5033392040292267
10_100,0.3,42,131,0.1738219231431649,-1.160212312291339,0.2096620615919266,3080.8386672319507,257.6607381915812,0.7664918892616459,0.5033392040292267
10_100,0.3,42,132,0.17189627138679878,-0.8313154335550189,0.11538773955145976,2657.7445710503703,260.32717072806986,0.7025780425379389,0.5033392040292267
10_100,0.3,42,133,0.1700005669498786,-0.9034576742355627,0.17967102919453093,2720.5787190218434,260.67876305329605,0.7141423905868627,0.5033392040292267
10_100,0.3,42,134,0.16813434409817252,-0.955692001458715,0.19147264323343452,2704.5806743403064,267.1277816527851,0.7293239327656111,0.5033392040292267
10_100,0.3,42,135,0.16629714434044632,-1.6081268796118198,0.19452932479043897,3332.0315261061924,279.9500268262204,0.8706159856372206,0.5033392040292267
10_100,0.3,42,136,0.16448851631582245,-0.8540032113073027,0.180601561656631,2684.46089629522,260.85619535771474,0.7085471897732126,0.5033392040292267
10_100,0.3,42,137,0.16270801568288995,-0.4088814423759605,0.1998680763907059,2368.066184956927,242.15143658127585,0.6033712929949225,0.5033392040292267
10_100,0.3,42,138,0.16095520501053945,-1.6118109257914102,0.2244213378568584,3078.1702398930197,296.7055682746395,0.8742809365760577,0.5033392040292267
10_100,0.3,42,139,0.1592296536704954,-0.5511502686785575,0.17067927669236416,2728.7567699515052,228.24530037314767,0.6256097116917839,0.5033392040292267
10_100,0.3,42,140,0.15753093773152022,-0.873985347656689,0.210885376046512,2521.7854785075037,268.2646944423042,0.7016684814363168,0.5033392040292267
10_100,0.3,42,141,0.15585863985526294,-1.064024598367765,0.18827481553135775,3006.319628130737,254.94759391477643,0.7464116274474191,0.5033392040292267
10_100,0.3,42,142,0.15421234919372853,-0.9240513454872102,0.13294045672216068,3036.5621849716927,241.38079088407707,0.7138990834580496,0.5033392040292267
10_100,0.3,42,143,0.152591661288341,-1.3705603152762051,0.16348661752184315,2766.75936063034,297.9733619577774,0.8253122233411958,0.5033392040292267
10_100,0.3,42,144,0.15099617797057668,-1.3969643057210535,0.18594611836471966,2597.964516078323,311.19601263518103,0.8335199808591678,0.5033392040292267
10_100,0.3,42,145,0.14942550726414244,-1.2029365964699283,0.14427554136742118,2896.4713960966455,276.6881386913391,0.7881668997002327,0.5033392040292267
10_100,0.3,42,146,0.14787926328867598,-1.1999140982701162,0.17259255772341558,3023.4284738081906,269.3268474633177,0.7891567296957341,0.5033392040292267
10_100,0.3,42,147,0.1463570661649425,-1.1939905684699383,0.23826755736505695,3001.4191354555587,268.2595431288201,0.7824886677585102,0.5033392040292267
10_100,0.3,42,148,0.1448585419215072,-1.1479375708157005,0.13979467785455843,2726.666512602694,280.46428286313903,0.7700171432866757,0.5033392040292267
10_100,0.3,42,149,0.14338332240285795,-0.7400298984217012,0.14223274285860693,2883.194986738673,235.73950641324168,0.6724129524609032,0.5033392040292267
10_100,0.3,42,150,0.1419310451789575,-1.378938868432545,0.14956688623512204,2966.1446727885427,286.052031109222,0.8258674676908868,0.5033392040292267
10_100,0.3,42,151,0.14050135345620207,-0.7082031140241039,0.12285707366082976,2847.3850725342036,236.54855569904606,0.6686205920258395,0.5033392040292267
10_100,0.3,42,152,0.13909389598976496,-1.1609747023581027,0.16059128038114695,2728.805806522526,285.32302881495275,0.7838469389927891,0.5033392040292267
10_100,0.3,42,153,0.13770832699730284,-1.407096765403025,0.19270672456981375,3236.1672795106215,268.31883835970586,0.8222160328425978,0.5033392040292267
10_100,0.3,42,154,0.13634430607400466,-1.4361699594671453,0.17457771433243235,2956.274257637428,294.36466269535424,0.8472479677222642,0.5033392040292267
10_100,0.3,42,155,0.13500149810896128,-1.047572410992943,0.1519947130041374,2754.680554478772,268.6901432394713,0.7420985806037136,0.5033392040292267
10_100,0.3,42,156,0.13367957320283602,-1.2185073305743326,0.20455477775930012,3033.710669303065,269.0897345972613,0.790232310499061,0.5033392040292267
10_100,0.3,42,157,0.13237820658681518,-0.6123479363249607,0.16690700385711418,2485.3808805305434,252.75291960478583,0.652531855876112,0.5033392040292267
10_100,0.3,42,158,0.13109707854281938,-1.5439925881410215,0.19278634719872983,3242.923603509091,280.73571569959915,0.8577763521634605,0.5033392040292267
10_100,0.3,42,159,0.12983587432495577,-0.8145109760367032,0.1683067807038212,2666.133059455856,258.44690470038717,0.6987793757108075,0.5033392040292267
10_100,0.3,42,160,0.12859428408219134,-1.0132847584759517,0.1654139952347324,3016.125005827486,252.01872381363518,0.7399448492926476,0.5033392040292267
10_100,0.3,42,161,0.1273720027822294,-1.0831504663242266,0.15207501405941629,2854.8030378798467,270.5613011976826,0.7641597611032012,0.5033392040292267
10_100,0.3,42,162,0.12616873013656954,-0.6978971868257825,0.15823150827134297,2793.364824065924,238.12256597787984,0.6638797745619235,0.5033392040292267
10_100,0.3,42,163,0.12498417052673307,-1.4876892839776859,0.1642769162179283,2506.9118707392654,328.15988941123146,0.8652012254233259,0.5033392040292267
10_100,0.3,42,164,0.12381803293163596,-1.7980825869128887,0.14673481850709374,3161.351400087136,311.0238959416287,0.9279925581501336,0.5033392040292267
10_100,0.3,42,165,0.12267003085609117,-1.4037549596459433,0.16638695881485344,3129.736252550736,276.83620596400465,0.8278903716131175,0.5033392040292267
10_100,0.3,42,166,0.1215398822604227,-1.3820744863025702,0.17935518095030392,3017.94396694538,281.0333236624548,0.8206847054917265,0.5033392040292267
10_100,0.3,42,167,0.1204273094911746,-1.231974618411766,0.15192303820346184,2920.4824142145376,275.9254014582416,0.7900991324584193,0.5033392040292267
10_100,0.3,42,168,0.11933203921289748,-0.8795231778201613,0.16687347850197803,2640.0619346864664,263.1607010828831,0.7074529389771849,0.5033392040292267
10_100,0.3,42,169,0.11825380234099556,-1.0388304662798786,0.17648623603627753,2835.380146570576,266.0377920166853,0.7483464277587808,0.5033392040292267
10_100,0.3,42,170,0.11719233397561858,-1.295042704430981,0.1677730030889351,2830.859100339275,289.7976535104818,0.8134507693478384,0.5033392040292267
10_100,0.3,42,171,0.11614737333658141,-0.9242107238083866,0.2186172073655829,2574.4497193286134,273.4183178362471,0.7248308860803018,0.5033392040292267
10_100,0.3,42,172,0.11511866369929591,-0.6500593640616535,0.14338536928050993,2835.0654879131866,232.17507833261436,0.6544203188708912,0.5033392040292267
10_100,0.3,42,173,0.11410595233169919,-1.4623894432617641,0.16437152181084058,2854.8032244251012,300.8071556917789,0.8480063351744154,0.5033392040292267
10_100,0.3,42,174,0.11310899043216277,-0.9503685380628586,0.13736650948612544,2862.9124477438063,255.29206714986262,0.7231976123711925,0.5033392040292267
10_100,0.3,42,175,0.1121275330683672,-0.8663200197924333,0.16254155354160474,2813.1003024660386,252.20002820687534,0.7062309373490407,0.5033392040292267
10_100,0.3,42,176,0.11116133911712744,-1.2420858511988675,0.16236492431537544,2677.921143575868,294.325296945707,0.8002269406551947,0.5033392040292267
10_100,0.3,42,177,0.1102101712051541,-1.3621440798553104,0.1689998620860075,2924.0016056158124,286.223939965004,0.8192414978193054,0.5033392040292267
10_100,0.3,42,178,0.10927379565073586,-1.080904491348978,0.18336599507625684,2754.636602294375,273.84893651943844,0.7563922067533284,0.5033392040292267
10_100,0.3,42,179,0.10835198240632873,-1.2757078396187158,0.13911375615029287,3027.825446556285,274.0047783609265,0.8028657710934901,0.5033392040292267
10_100,0.3,42,180,0.1074445050020384,-0.9408015184237288,0.145175287240838,2718.905118007669,265.19226976938074,0.7263725241280767,0.5033392040292267
10_100,0.3,42,181,0.10655114048998136,-1.5327725387382702,0.14781714926863682,3060.4993271604644,295.39585182298606,0.867672039113472,0.5033392040292267
10_100,0.3,42,182,0.10567166938951125,-0.9362922126650066,0.16395751928194394,2624.0908349219058,270.5725031152383,0.7253080182012167,0.5033392040292267
10_100,0.3,42,183,0.10480587563329734,-1.292381111637501,0.1409823661970689,2986.88012393853,275.8070728044358,0.8009613618254592,0.5033392040292267
10_100,0.3,42,184,0.10395354651424124,-1.2568649954222548,0.16630316877967846,3003.4041256071305,274.42747044707824,0.7999217267110416,0.5033392040292267
10_100,0.3,42,185,0.10311447263321932,-1.274389022261847,0.16210532933136013,2679.8047466108364,297.2682450849719,0.8087027334209396,0.5033392040292267
10_100,0.3,42,186,0.10228844784763778,-1.3862662778099322,0.1883014855521839,2921.2532016340324,288.89107721513693,0.8261720473079609,0.5033392040292267
10_100,0.3,42,187,0.10147526922078795,-0.7330722581914486,0.16633286262560593,2634.951870311884,252.50280892628655,0.6770462696760673,0.5033392040292267
10_100,0.3,42,188,0.10067473697198882,-1.205795347842707,0.13206859185008812,3047.7126345665697,266.7838322542685,0.7861997693616092,0.5033392040292267
10_100,0.3,42,189,0.09988665442750533,-1.2607073143296637,0.19586989682122707,3020.433217871011,272.44007269992767,0.7972823064378938,0.5033392040292267
10_100,0.3,42,190,0.09911082797222981,-0.9300782268549529,0.15755617503107647,2667.347700803738,268.23742464642476,0.7261250345692161,0.5033392040292267
10_100,0.3,42,191,0.09834706700211487,-0.7739948440541212,0.178532069323865,2843.991372424814,241.34904826233412,0.6813564033212226,0.5033392040292267
10_100,0.3,42,192,0.09759518387734595,-0.9819387760662872,0.1611276561059538,2892.7826718235024,257.7368335142331,0.7350090529909308,0.5033392040292267
10_100,0.3,42,193,0.09685499387624241,-1.3465344139370632,0.12474409457821585,3151.456443833829,269.5115678220563,0.8112458412465036,0.5033392040292267
10_100,0.3,42,194,0.09612631514987509,-1.0652540274772295,0.16359427241037633,3067.419157268701,253.11969168399656,0.7516417119975125,0.5033392040292267
10_100,0.3,42,195,0.09540896867739013,-0.9522840942325623,0.18384832110876248,2893.1770725464844,255.8581179149274,0.7298674105045275,0.5033392040292267
10_100,0.3,42,196,0.0947027782220271,-0.8485398333898808,0.13861147832427553,2742.981531754549,256.02361055177687,0.7050131634756753,0.5033392040292267
10_100,0.3,42,197,0.09400757028782174,-1.0497309424707486,0.12852768421345306,2590.5048604504727,286.80407784227344,0.7646442740792256,0.5033392040292267
10_100,0.3,42,198,0.09332317407698135,-1.0359635314571751,0.13210604574920784,2786.1381381308806,269.72501701281277,0.7502690879924989,0.5033392040292267
10_100,0.3,42,199,0.09264942144792357,-0.7786360579179742,0.17176809831562231,2737.2252516473077,252.13220116636901,0.6932554014258805,0.5033392040292267
10_100,0.3,42,200,0.09198614687396757,-0.8556179669480451,0.14571206077647522,2754.792273406683,254.24847348904072,0.7020826968652164,0.5033392040292267
10_100,0.3,42,201,0.0913331874026676,-1.1136297553603234,0.12460976190522073,2779.77458552435,276.3945406130397,0.767685643968286,0.5033392040292267
10_100,0.3,42,202,0.09069038261577916,-0.8407508805856387,0.11602230788061277,2786.0932182387814,251.04086026743232,0.6984659252746148,0.5033392040292267
10_100,0.3,42,203,0.09005757458984752,-1.0386383491500115,0.16746097673010935,2749.9176000540456,270.3285479189202,0.745837792415708,0.5033392040292267
10_100,0.3,42,204,0.08943460785740934,-0.7376828616681074,0.16008329304430147,2676.641753520933,249.1980358673075,0.6749110417573532,0.5033392040292267
10_100,0.3,42,205,0.08882132936879764,-1.25707007049409,0.14670743070084774,2922.3776160075095,278.6865839859118,0.7980729954790003,0.5033392040292267
10_100,0.3,42,206,0.08821758845454078,-0.8742747432566946,0.11623857710658674,2786.308667143343,255.63267354224004,0.7112315063269942,0.5033392040292267
10_100,0.3,42,207,0.08762323678834613,-1.6076346390080773,0.16311461957172102,2793.9862507376074,317.9286300966115,0.8852201982135578,0.5033392040292267
10_100,0.3,42,208,0.08703812835065944,-1.0563913874095305,0.14811626711632647,2861.943905635564,267.08106552429285,0.7557154459199817,0.5033392040292267
10_100,0.3,42,209,0.08646211939279098,-0.8344429182554219,0.14376404972820506,2825.665485826944,249.85180688449873,0.7018389346920606,0.5033392040292267
10_100,0.3,42,210,0.08589506840159955,-1.760585321441532,0.12464316953440005,2697.1918020085213,339.47644778132343,0.9286412021552548,0.5033392040292267
10_100,0.3,42,211,0.08533683606472567,-0.927667963407666,0.13327085835606572,2732.6412613769344,264.2210682969848,0.7259951959801216,0.5033392040292267
10_100,0.3,42,212,0.08478728523636561,-1.267693081929962,0.12891402508177108,2818.556071247633,286.4515997561165,0.8021014756106957,0.5033392040292267
10_100,0.3,42,213,0.08424628090357741,-1.1130600163428077,0.14240260546366312,2770.9006211973174,277.92876591103965,0.7704432092139071,0.5033392040292267
10_100,0.3,42,214,0.08371369015311121,-0.15302745084103803,0.1428154059005406,2476.0828057475082,212.58543211789268,0.5396138557172525,0.5033392040292267
10_100,0.3,42,215,0.08318938213875532,-1294.664541622092,0.1797327918461526,112653.64211723061,110209.21364997521,324.03721361065124,0.5033392040292267
10_100,0.3,42,216,0.08267322804918986,-0.6308562507915257,0.13753947780969566,2672.0249203516946,239.9713672186683,0.6485550883389071,0.5033392040292267
10_100,0.3,42,217,0.08216510107634088,-0.6948934404073122,0.14465979535959952,2616.494357167962,250.57048717055892,0.6685788379573059,0.5033392040292267
10_100,0.3,42,218,0.08166487638422609,-1.0464558465681129,0.12899661749322106,2901.5692514058615,261.73573185690014,0.7475755001035667,0.5033392040292267
10_100,0.3,42,219,0.08117243107828538,-0.4939118867106633,0.11014325615081262,2842.052241706538,221.5693886700011,0.62619708589678,0.5033392040292267
10_100,0.3,42,220,0.08068764417518824,-0.41444933970151643,0.1609742916513974,2699.2613116406224,221.70818667179128,0.602516763829808,0.5033392040292267
10_100,0.3,42,221,0.08021039657311081,-0.9910670713750291,0.12709509929131188,2782.024706737224,267.2789651273519,0.7427949729719624,0.5033392040292267
10_100,0.3,42,222,0.07974057102247495,-0.9272056343144793,0.11676722179565675,2676.9156965249413,267.54917188049075,0.725829613706825,0.5033392040292267
10_100,0.3,42,223,0.0792780520971426,-1294.5302443614637,0.15650540604506633,112574.20653629361,110202.2202973098,324.00443929549414,0.5033392040292267
10_100,0.3,42,224,0.07882272616605801,-0.7107700092206161,0.14728622635538993,2703.5974426150824,249.63530269280017,0.6806661619788137,0.5033392040292267
10_100,0.3,42,225,0.0783744813653311,-1294.651319393682,0.13646216756847018,112433.60130721274,110222.23812844991,324.03623532627597,0.5033392040292267
10_100,0.3,42,226,0.07793320757075473,-1.0449016156846225,0.11146830709085258,2813.8498973252144,269.15295681139617,0.7533536090493608,0.5033392040292267
10_100,0.3,42,227,0.07749879637074959,-1.027087792621406,0.15330585793650417,2735.6151214241736,272.9717358673204,0.7507546987381021,0.5033392040292267
10_100,0.3,42,228,0.07707114103972987,-1294.6337653638573,0.14797683240214668,112511.26232851321,110215.52702901623,324.03071954609254,0.5033392040292267
10_100,0.3,42,229,0.0766501365118829,-0.9135435261224004,0.11194403409903322,2673.716755994195,267.7019774415947,0.7257140866588052,0.5033392040292267
10_100,0.3,42,230,0.07623567935535681,-1.3900566396091658,0.11671361412863399,2756.8353025081874,302.92589793589167,0.8373689384570701,0.5033392040292267
10_100,0.3,42,231,0.07582766774684957,-0.934459562047916,0.15474969906896008,2711.0662748613977,267.2454225665092,0.7307430956401841,0.5033392040292267
10_100,0.3,42,232,0.07542600144659303,-1.022814815002938,0.13143765970689478,2881.70085034678,260.71543666018215,0.7413985755456063,0.5033392040292267
10_100,0.3,42,233,0.07503058177372629,-1.1064788958931786,0.14968526552881878,2716.5338349995404,282.42610018562857,0.7737479291014998,0.5033392040292267
10_100,0.3,42,234,0.0746413115820518,-0.9162189004536468,0.15680040778602874,2860.831971680492,254.6242749398648,0.7209957507544373,0.5033392040292267
10_100,0.3,42,235,0.07425809523616868,-1.1425574297768144,0.11032972960468981,3034.8640819381935,262.5359333605931,0.7722584716633178,0.5033392040292267
10_100,0.3,42,236,0.0738808385879771,-0.830951751240463,0.14768785630170772,2851.903386657435,248.49495088269532,0.7024994762716542,0.5033392040292267
10_100,0.3,42,237,0.0735094489535481,-1.0321436201000325,0.14764879885060664,2743.783901654731,273.01960316547064,0.7522641101532133,0.5033392040292267
10_100,0.3,42,238,0.07314383509035316,-1.2849087904103855,0.16481851320372068,3010.6607677983357,276.6694831042856,0.807359948185347,0.5033392040292267
10_100,0.3,42,239,0.07278390717484776,-1294.7637164409334,0.1271367498834345,112666.624651435,110214.73485863396,324.05470731536155,0.5033392040292267
10_100,0.3,42,240,0.07242957678040378,-1.1013588714658231,0.12727189389390742,2842.6060358198492,272.89296804979415,0.7685679229946609,0.5033392040292267
10_100,0.3,42,241,0.07208075685558483,-1.6181961314564213,0.1287974051080268,2796.600592604926,320.8504489773772,0.8937605713256438,0.5033392040292267
10_100,0.3,42,242,0.0717373617027597,-0.8267142384634472,0.15564669280147259,2798.5790916691944,253.07084563011534,0.706197673834976,0.5033392040292267
10_100,0.3,42,243,0.07139930695704806,-1.0272808498803288,0.19608564392398176,2782.705446155788,271.0707447938244,0.7534211448710146,0.5033392040292267
10_100,0.3,42,244,0.0710665095655941,-1294.91452566418,0.12561166292365483,112702.97227687451,110227.13545015914,324.09520962117324,0.5033392040292267
10_100,0.3,42,245,0.07073888776716195,-1294.9440620054422,0.17868302103049297,112697.9705161592,110230.21140215774,324.10289370648877,0.5033392040292267
10_100,0.3,42,246,0.07041636107204882,-1294.6819442474566,0.16580030938318863,112548.05183981977,110215.20200937358,324.0360188124469,0.5033392040292267
10_100,0.3,42,247,0.07009885024231037,-0.9692314743304002,0.14373629665890292,2733.936185904983,268.35356640781436,0.7376694070441385,0.5033392040292267
10_100,0.3,42,248,0.0697862772722936,-1.1902678174247987,0.1153296419101744,2842.542725943107,278.03062920010797,0.7827997049389502,0.5033392040292267
10_100,0.3,42,249,0.0694785653694726,-1.270049800305855,0.16584324205622797,2919.091186680833,282.7886226994752,0.8088906552046689,0.5033392040292267
10_100,0.3,42,250,0.06917563893558212,-1.078284018550462,0.16482051127190395,2849.406837661006,270.1881480163576,0.7622158764324873,0.5033392040292267
10_100,0.3,42,251,0.06887742354804487,-0.6601747623074986,0.16713054148000245,2782.985937665963,235.7222264804071,0.6554764411596252,0.5033392040292267
10_100,0.3,42,252,0.06858384594168729,-1294.3140917111161,0.13514598875621114,112544.36603972405,110185.17096860854,323.9521465874527,0.5033392040292267
10_100,0.3,42,253,0.06829483399074003,-1.2492179696247177,0.15151022306894474,3005.844915931859,273.9403479043824,0.7989826975343846,0.5033392040292267
10_100,0.3,42,254,0.06801031669111803,-1.00553071252892,0.17837841407150692,2813.487001254879,265.2937973906923,0.7425942165937685,0.5033392040292267
10_100,0.3,42,255,0.06773022414297643,-1.0869180450638467,0.12247085425059323,2785.7965876731446,274.60331859755814,0.7637349891214396,0.5033392040292267
10_100,0.3,42,256,0.06745448753353762,-1.20046371823376,0.14204957686578723,2918.6342110746955,276.5409802497957,0.7914941346866452,0.5033392040292267
10_100,0.3,42,257,0.06718303912018544,-1.1266592824649022,0.10495903206148546,2922.2193346474446,268.3783929296822,0.7694702984717035,0.5033392040292267
10_100,0.3,42,258,0.0669158122138222,-1.0002843986410168,0.1135997929064119,2931.288620873843,257.0863866472992,0.7396954586346132,0.5033392040292267
10_100,0.3,42,259,0.06665274116248465,-1.0441474202916654,0.17101526109778606,2843.9957953130684,265.8098547149092,0.7491665753526366,0.5033392040292267
10_100,0.3,42,260,0.06639376133521471,-0.9022728639093437,0.12908843159384217,2795.9526826682704,257.93757574412894,0.719246421105541,0.5033392040292267
10_100,0.3,42,261,0.06613880910618089,-0.964923088043315,0.14041934930652045,2959.9806062690063,251.23462765865816,0.7283089771390339,0.5033392040292267
10_100,0.3,42,262,0.06588782183904693,-0.7673422584468877,0.13501467506082548,2471.3586625040784,268.2532059359738,0.6931380121641695,0.5033392040292267
10_100,0.3,42,263,0.06564073787158327,-1.2320665125363193,0.13506992031894216,2966.513467572304,274.79677057611593,0.7947281665956183,0.5033392040292267
10_100,0.3,42,264,0.06539749650051803,-1.0212429678383583,0.12390357886995698,2729.50154029551,272.64414584289557,0.7488162198150674,0.5033392040292267
10_100,0.3,42,265,0.06515803796662348,-1.0732394995449677,0.13771984519008346,2766.513467572304,274.79677057611593,0.7610214133477804,0.5033392040292267
10_100,0.3,42,266,0.06492230344003448,-1.4475275904185052,0.14914605217151558,2691.4372651201475,311.60007956133325,0.8503934360661648,0.5033392040292267
10_100,0.3,42,267,0.06469023500579518,-0.7584202941053841,0.16015715008355788,2568.929414846818,260.51221835854466,0.6881226725939451,0.5033392040292267
10_100,0.3,42,268,0.06446177564963067,-1.1092602207913447,0.13567499299076777,2720.103882259253,280.48954131608446,0.7689811391139201,0.5033392040292267
10_100,0.3,42,269,0.06423686924393959,-1.2173003526309436,0.11319357671127697,2778.8926985141156,283.1236300385516,0.7861911720738198,0.5033392040292267
10_100,0.3,42,270,0.064015460534005,-1.1092602207913447,0.11959280351305139,2720.103882259253,280.48954131608446,0.7689811391139201,0.5033392040292267
10_100,0.3,42,271,0.0637974951244193,-0.8211562545096285,0.12855599841374668,2633.9869373330403,262.0518393598596,0.703355147543491,0.5033392040292267
10_100,0.3,42,272,0.06358291946572056,-1.4559280058311999,0.16437704253357396,2629.9586676856884,316.9251648575259,0.8547942392200377,0.5033392040292267
10_100,0.3,42,273,0.06337168084123639,-1294.8913453763662,0.10512575617948738,112548.56336845853,110234.95916835587,324.09087515528034,0.5033392040292267
10_100,0.3,42,274,0.06316372735413278,-1.028869389208158,0.16356053620235872,2839.201263925153,266.0352727452672,0.7489834312181234,0.5033392040292267
10_100,0.3,42,275,0.06295900791466405,-1.263648016492979,0.131283576760237,2871.013783859556,282.17181218796736,0.7990780880393287,0.5033392040292267
10_100,0.3,42,276,0.06275747222762111,-0.8200780301513653,0.11168085754465244,2546.4197419573343,262.47071767975183,0.6897583187266525,0.5033392040292267
10_100,0.3,42,277,0.06255907077997513,-1294.7603027387702,0.1522778369404482,112581.05529064908,110220.10578912335,324.055175101942,0.5033392040292267
10_100,0.3,42,278,0.062363754828713217,-0.996684148019261,0.1370076791746047,2690.083920311365,271.0439897751527,0.7377371209208992,0.5033392040292267
10_100,0.3,42,279,0.06217147638886324,-1.4662139217965637,0.11014009062436518,2667.0771683530534,312.94618458078884,0.8500195643652249,0.5033392040292267
10_100,0.3,42,280,0.06198218822170495,-1.0602149532158014,0.18980913906829502,2770.083920311365,271.0439897751527,0.7512198222200343,0.5033392040292267
10_100,0.3,42,281,0.06179584382316449,-1294.4726232501291,0.1303579057705147,112484.44533188746,110201.08611192337,323.9861673509938,0.5033392040292267
10_100,0.3,42,282,0.06161239741238927,-0.643270902908567,0.11064388735033437,2665.1650113570977,242.346710747707,0.6539838096432257,0.5033392040292267
10_100,0.3,42,283,0.06143180392050065,-0.9356750890716209,0.11806729319130489,2655.653533693707,267.7675215136466,0.7228515228506558,0.5033392040292267
10_100,0.3,42,284,0.06125401897952138,-1294.5221517777854,0.17359349930895812,112187.17850629035,110222.8390777503,323.9963706950291,0.5033392040292267
10_100,0.3,42,285,0.06107899891147547,-1.0017286670247545,0.16041212625650575,2772.9772904000674,266.43536721539425,0.7389315840056059,0.5033392040292267
10_100,0.3,42,286,0.060906700717657275,-1294.7336354123518,0.12104583660793711,112560.34108888614,110219.17662804046,324.04910827033734,0.5033392040292267
10_100,0.3,42,287,0.060737082068067785,-1.2572060591154197,0.1544727685521159,2568.8472826085563,301.9931698736632,0.8031009320282722,0.5033392040292267
10_100,0.3,42,288,0.06057010129101494,-1.6742082772962594,0.1525294841342564,2791.4708644960992,324.45831370187966,0.9028976404196359,0.5033392040292267
10_100,0.3,42,289,0.06040571736287584,-1.117036663775072,0.1786877470778086,2734.1446608392666,278.43739136449824,0.7656585831931852,0.5033392040292267
10_100,0.3,42,290,0.06024388989801807,-0.6721407064852514,0.11478007163200565,2575.8683925181917,249.80187149029564,0.6596012605373968,0.5033392040292267
10_100,0.3,42,291,0.06008457913887785,-0.9921764681491653,0.16214767063097785,2780.982805494262,265.43812476249144,0.7375162615594358,0.5033392040292267
10_100,0.3,42,292,0.05992774594619241,-0.9921764681491653,0.10062150834660628,2780.982805494262,265.43812476249144,0.7375162615594358,0.5033392040292267
10_100,0.3,42,293,0.05977335178938433,-0.9414327674676322,0.1111798976397961,2660.617367567171,268.81222288431604,0.7265841825428987,0.5033392040292267
10_100,0.3,42,294,0.059621358737095426,-0.8623201658303951,0.1267435498609119,2712.5932374165513,255.33599293833325,0.6979855193130766,0.5033392040292267
10_100,0.3,42,295,0.05947172944786773,-1.515409407722509,0.11594502349700664,2777.2605213786783,311.62422810364154,0.8649244964527718,0.5033392040292267
10_100,0.3,42,296,0.059324427160969605,-1.5062065783712693,0.1054773120956268,2928.903023044327,300.5651557202757,0.8598237891149618,0.5033392040292267
10_100,0.3,42,297,0.05917941568736433,-1.009326359444341,0.12566075791351225,2773.729812355977,267.53390335650187,0.7421037343832297,0.5033392040292267
10_100,0.3,42,298,0.05903665940081926,-0.9921764681491653,0.15761348766772082,2780.982805494262,265.43812476249144,0.7375162615594358,0.5033392040292267
10_100,0.3,42,299,0.058896123229153184,-1.2001458386878505,0.14598608730590557,2756.278859960795,285.29832901199177,0.7884086041941072,0.5033392040292267
10_100,0.3,42,300,0.05875777264561992,-1294.3329629965758,0.19952978543375005,112465.30903931656,110190.34384714054,323.9531628936661,0.5033392040292267
10_100,0.3,42,301,0.05862157366042571,-1.6254892700053014,0.15240797989285731,2798.1256652860025,319.7238443459727,0.8908944620234699,0.5033392040292267
10_100,0.3,42,302,0.058487492812378764,-0.9921764681491653,0.09021544363664877,2780.982805494262,265.43812476249144,0.7375162615594358,0.5033392040292267
10_100,0.3,42,303,0.05835549716066848,-0.8426843257378152,0.1471092423755258,2890.833675750712,247.29930789681265,0.7057460231593955,0.5033392040292267
10_100,0.3,42,304,0.05822555427677263,-1295.1632853506376,0.11556572116991996,112664.55941077136,110247.56393232362,324.14536690875497,0.5033392040292267
10_100,0.3,42,305,0.05809763223649032,-1.2443725959863143,0.1463428288875943,3065.920488945647,266.98712183421117,0.7898319601853898,0.5033392040292267
10_100,0.3,42,306,0.057971699612098956,-0.9116531892718828,0.1558394384159022,2599.33384084735,270.3259377454203,0.7204521085067819,0.5033392040292267
10_100,0.3,42,307,0.05784772546463305,-1.1047525409212493,0.16291373024265587,2811.00276744215,274.8836763034232,0.7687602797524569,0.5033392040292267
10_100,0.3,42,308,0.05772567933628324,-1.515409407722509,0.12301331522364448,2777.2605213786783,311.62422810364154,0.8649244964527718,0.5033392040292267
10_100,0.3,42,309,0.05760553124291343,-0.9921764681491653,0.12478674296362272,2780.982805494262,265.43812476249144,0.7375162615594358,0.5033392040292267
10_100,0.3,42,310,0.05748725166669427,-0.8504627062186055,0.11474026486646202,2703.3724690566164,256.3302739988258,0.6991878210767959,0.5033392040292267
10_100,0.3,42,311,0.05737081154885137,-1294.5012286436531,0.13712136364487432,112244.16623696533,110218.45393247905,323.9938186993748,0.5033392040292267
10_100,0.3,42,312,0.057256182282526054,-1.1430621304909492,0.12013525807871255,2970.982805494262,265.43812476249144,0.7695376771448819,0.5033392040292267
10_100,0.3,42,313,0.057143335705747374,-0.8063932821536479,0.13683620498516563,2729.3155943324155,253.28421082803172,0.695115919606011,0.5033392040292267
10_100,0.3,42,314,0.05703224409451321,-0.8838809000996553,0.136830211044462,2727.4859287403156,259.93417604666337,0.7132423695470583,0.5033392040292267
10_100,0.3,42,315,0.056922880155979176,-0.9921764681491653,0.15093997592576258,2780.982805494262,265.43812476249144,0.7375162615594358,0.5033392040292267
10_100,0.3,42,316,0.05681521702175326,-1.0685500974555957,0.1252937379164245,2873.4712876947406,266.8471220860426,0.7570096688860435,0.5033392040292267
10_100,0.3,42,317,0.05670922824129488,-1.1139986018256707,0.1583240658819956,2714.5313680788877,279.37219856888214,0.7649445222512895,0.5033392040292267
10_100,0.3,42,318,0.05660488777541653,-1.1111780915171534,0.12652928891087742,2971.0392668899335,262.55932019512625,0.7615666674014329,0.5033392040292267
10_100,0.3,42,319,0.056502169989886525,-0.772143929536812,0.1532332165028453,2616.01439889201,258.5364249718997,0.6905808541790748,0.5033392040292267
10_100,0.3,42,320,0.056401049649131195,-1.1698054812166434,0.13926789141906945,2885.1797155495788,274.76171921075587,0.7809235148263054,0.5033392040292267
10_100,0.5,42,1,1.0,-1.9065039003114252,,2827.158075615636,291.9269916838252,0.8769813696832509,0.8769813696832509
10_100,0.5,42,2,0.9852258055592246,-1.3893421608448724,0.28067263793913083,2561.4282353486237,276.8456310174245,0.7724777313534092,0.7724777313534092
10_100,0.5,42,3,0.9706813761935793,-1.6467872131318586,0.3106990661396125,2740.8783145957045,279.9951823210041,0.8291198802060415,0.7724777313534092
10_100,0.5,42,4,0.9563631386463322,-1.9995365601375839,0.2716832937304698,2723.067105173535,326.81041574761406,0.9168166242168801,0.7724777313534092
10_100,0.5,42,5,0.9422675752312664,-1.2499644151677862,0.28722777442051495,2567.9765072245373,253.1689402773756,0.7274344104852533,0.7274344104852533
10_100,0.5,42,6,0.9283912229684601,-1.011810503259987,0.2673244742956812,2065.2684627377957,307.9367171182791,0.6946756527880237,0.6946756527880237
10_100,0.5,42,7,0.9147306727335057,-1.3687129284608,0.2699239601820084,2697.2877832638915,251.66597093991572,0.7607805464675144,0.6946756527880237
10_100,0.5,42,8,0.9012825684199611,-1.7085894011240392,0.25233772984671055,2585.016194614437,306.4137640309636,0.8376517625354221,0.6946756527880237
10_100,0.5,42,9,0.888043606114825,-1.825722306724755,0.27391718173798657,2677.061590305528,310.47413623834774,0.8715463775469896,0.6946756527880237
10_100,0.5,42,10,0.8750105332868364,-1.4529063668311517,0.2601266629238103,2774.4730169913128,248.19361521789884,0.7755853995665958,0.6946756527880237
10_100,0.5,42,11,0.8621801479873967,-2.0180106967943146,0.2189393677278227,3135.7032947992075,261.7040288726429,0.9038034567493611,0.6946756527880237
10_100,0.5,42,12,0.8495492980639193,-2.1001973917995764,0.25095897204552775,2629.7348995098296,351.93557483119406,0.9403513792519254,0.6946756527880237
10_100,0.5,42,13,0.837114880385412,-2.1882753896415625,0.2479159243578266,2899.651445808094,318.1824417715607,0.94933291667446,0.6946756527880237
10_100,0.5,42,14,0.8248738400801048,-0.5784432526494351,0.23401754148565912,2496.0305198086858,188.50172053204784,0.5791767472282928,0.5791767472282928
10_100,0.5,42,15,0.8128231697849323,-0.7917692406812947,0.23216672217569378,2517.0885085369346,212.53984539727307,0.6326900624180759,0.5791767472282928
10_100,0.5,42,16,0.8009599089066888,-1.6716634630961655,0.2414502935086261,2692.121784956369,290.083988527263,0.8354017132598889,0.5791767472282928
10_100,0.5,42,17,0.7892811428946735,-2.1761960030920253,0.22141403870555926,2754.3549502050173,343.28355350809136,0.9582238259478315,0.5791767472282928
10_100,0.5,42,18,0.7777840025246476,-2.211080965527758,0.23452652165466897,3158.1471180356693,278.9797184635096,0.9443156126773108,0.5791767472282928
10_100,0.5,42,19,0.7664656631939266,-1.8444443018822447,0.24538052735418198,2708.169634154696,309.6635973663706,0.8786793405388262,0.5791767472282928
10_100,0.5,42,20,0.7553233442274359,-1.2566976224655202,0.22043335116954726,2467.2110881488275,273.1079451916847,0.7386120513040257,0.5791767472282928
10_100,0.5,42,21,0.7443543081945577,-1.3872925501133866,0.22993649280799086,2676.644101793705,259.17507007381363,0.7698508598060689,0.5791767472282928
10_100,0.5,42,22,0.7335558602366034,-1.7528727172113343,0.21233130564675387,2789.501851582602,284.31155426681045,0.8513246561593104,0.5791767472282928
10_100,0.5,42,23,0.7229253474047432,-1.826968372390878,0.2090529567420265,2394.0318245909784,351.86255761812583,0.874000251605878,0.5791767472282928
10_100,0.5,42,24,0.7124601580082336,-1.7709945219821512,0.2290807233207676,3303.6159572289516,208.01630442607748,0.8446603021572094,0.5791767472282928
10_100,0.5,42,25,0.7021577209727804,-1.495878188181489,0.22216144523059578,2597.7239544875183,282.9373324589091,0.7947351148109401,0.5791767472282928
10_100,0.5,42,26,0.6920155052088806,-1.1445994835648834,0.21205065033003834,2777.834173377428,213.07086293101383,0.7069822884736384,0.5791767472282928
10_100,0.5,42,27,0.6820310189899872,-1.6317528159688988,0.20637330172922028,2706.3857355695604,283.20593068976274,0.8257889365929573,0.5791767472282928
10_100,0.5,42,28,0.6722018093403456,-1.5520843231766357,0.20616503404977743,2703.763283803684,274.91218876731864,0.8086297221528003,0.5791767472282928
10_100,0.5,42,29,0.6625254614323491,-2.624799516376843,0.21166201547017005,2967.401677794982,361.5175019250582,1.0541718238161555,0.5791767472282928
10_100,0.5,42,30,0.6529995979932678,-1.6319443367148394,0.21401789097511878,2751.971474903635,272.0787432776856,0.8165603432529689,0.5791767472282928
10_100,0.5,42,31,0.6436218787212026,-1.7205477131012528,0.19863328151820644,2746.421186716567,286.3658646049146,0.8432915236799086,0.5791767472282928
10_100,0.5,42,32,0.634389999710123,-2.344076159259786,0.20904707263499206,3062.6176069710777,314.5409059968214,0.9878977444436512,0.5791767472282928
10_100,0.5,42,33,0.6253016928838472,-1.0236396825908098,0.217962396319581,2468.734129358287,244.94067553826707,0.6832653152530971,0.5791767472282928
10_100,0.5,42,34,0.6163547254388225,-1.1110225062602885,0.21997507762288912,2083.988894582845,313.5589996390104,0.7110668153762609,0.5791767472282928
10_100,0.5,42,35,0.607546899295575,-1.4582957827860497,0.1967586921788218,2555.408965176451,286.88141551481544,0.790659027281594,0.5791767472282928
10_100,0.5,42,36,0.5988760505586863,-1.1921627716198389,0.19078164898000333,2595.8517839605047,245.94743748971314,0.7209648520791189,0.5791767472282928
10_100,0.5,42,37,0.5903400489851716,-2.1292486532972603,0.2047850698957681,3194.964896022336,264.97506523216117,0.9269264656886174,0.5791767472282928
10_100,0.5,42,38,0.581936797461124,-1.147492514900585,0.20698459645498266,1909.4832883066501,355.71626062908024,0.7455263921284097,0.5791767472282928
10_100,0.5,42,39,0.5736642314864987,-1.0166257407414427,0.20859370238304392,2669.657490206853,212.91765646739574,0.6762932150721406,0.5791767472282928
10_100,0.5,42,40,0.5655203186679085,-1.3965984374715568,0.18362352164082538,2552.3608585426978,274.86533744904716,0.7660095827278626,0.5791767472282928
10_100,0.5,42,41,0.5575030582193081,-1.792597587639409,0.19695570199093249,2545.8468046937633,327.607370202997,0.868615347625803,0.5791767472282928
10_100,0.5,42,42,0.5496104804704447,-0.54091857206095,0.1931236898564012,1999.8424429625197,261.04559864515625,0.583448174483769,0.5791767472282928
10_100,0.5,42,43,0.5418406463829504,-1.5066986520736605,0.20791435594446486,2615.1363645030906,282.6779937774785,0.7991125584563106,0.5791767472282928
10_100,0.5,42,44,0.5341916470739625,-996.1480853383684,0.19148867415301812,112683.1527000109,110183.40845827885,249.33258635290713,0.5791767472282928
10_100,0.5,42,45,0.5266616033471518,-1.4244265680301746,0.19659193663927113,2543.8995546936444,279.509097439955,0.7728280872289889,0.5791767472282928
10_100,0.5,42,46,0.519248665231044,-1.9181242994956311,0.23840427056236405,2855.0130517166917,292.63230828857445,0.8862021537949867,0.5791767472282928
10_100,0.5,42,47,0.5119510115245198,-996.4397008135579,0.2098443888156194,112324.02151120435,110276.19954413496,249.4154475144118,0.5791767472282928
10_100,0.5,42,48,0.504766849349387,-1.7005644275377343,0.20866015981110547,2437.901962351484,329.0576965040479,0.8411665814099081,0.5791767472282928
10_100,0.5,42,49,0.49769441370990625,-1.337681589088068,0.21734598352760023,2422.5375976392706,296.5260600035938,0.772434383286003,0.5791767472282928
10_100,0.5,42,50,0.4907319670591703,-1.5068964758102732,0.2135133363625517,2661.1325041165114,276.31836247611136,0.7994395701680195,0.5791767472282928
10_100,0.5,42,51,0.4838777988722253,-2.0616143110132494,0.1997663087722396,2656.2190403017426,341.0369558774485,0.9262099380596727,0.5791767472282928
10_100,0.5,42,52,0.47713022522583176,-1.3274829881520664,0.20087689062726585,2278.8341202648776,313.5010254396515,0.7656820190992887,0.5791767472282928
10_100,0.5,42,53,0.47048758838475946,-1.7009459874243733,0.16891516709002036,2333.6716780708593,348.8747186705954,0.8511294372490337,0.5791767472282928
10_100,0.5,42,54,0.4639482563945182,-2.499456857166399,0.20399168200515766,2491.6987689140415,424.3015963988369,1.0448717900491755,0.5791767472282928
10_100,0.5,42,55,0.4575106226804207,-2.4239208401641417,0.18183888272700605,3078.8619597014354,320.1060662690148,1.0034802932911187,0.5791767472282928
10_100,0.5,42,56,0.45117310565288166,-1.3649155417296035,0.18974844906536617,2490.401226921001,283.9385855226909,0.7665718757753912,0.5791767472282928
10_100,0.5,42,57,0.44493414831885486,-1.3939616870346245,0.2110459622601768,2344.1103904352676,314.7595563563055,0.7865094860277204,0.5791767472282928
10_100,0.5,42,58,0.438792217899313,-1.0312425473135,0.2034910780594963,2409.8087690329753,254.84899658812236,0.6863334473511855,0.5791767472282928
10_100,0.5,42,59,0.43274580545267627,-2.4480001126436406,0.18784806028752749,3054.7148796216334,327.1535369098013,1.010652459063341,0.5791767472282928
10_100,0.5,42,60,0.4267934255040983,-0.6768689608871795,0.19718768992449015,2318.5231503134346,232.08272696629442,0.6156123451168998,0.5791767472282928
10_100,0.5,42,61,0.42093361568051574,-1.7295801278184166,0.17498450687201056,2590.4231436623,312.26441601547623,0.850755504815077,0.5791767472282928
10_100,0.5,42,62,0.4151649363513749,-1.6046308603069226,0.15475050850379463,2766.5450820921014,271.9566340602737,0.8204121273311429,0.5791767472282928
10_100,0.5,42,63,0.40948597027494477,-1.3472527992170473,0.18575383083582295,2712.142644223475,249.27823482916176,0.7602251212161832,0.5791767472282928
10_100,0.5,42,64,0.4038953222501312,-1.3867283787176934,0.20987711949902738,2641.9692962976956,264.7024672930536,0.7710559708032995,0.5791767472282928
10_100,0.5,42,65,0.3983916187737056,-0.5738218208084739,0.23323452232487316,2406.6251397456754,204.2554200593557,0.585257902754566,0.5791767472282928
10_100,0.5,42,66,0.3929735077028642,-0.7210310824754091,0.20060760974664343,2267.2453974123805,238.92031631411976,0.6147481968592785,0.5791767472282928
10_100,0.5,42,67,0.38763965792303584,-1.9527263769579024,0.19517579080701278,2820.49730787741,303.0244794968295,0.8970847743926558,0.5791767472282928
10_100,0.5,42,68,0.38238875902085495,-996.6473636313702,0.16749308273544503,112245.02273620057,110319.67533848653,249.47934482059648,0.5791767472282928
10_100,0.5,42,69,0.37721952096222106,-2.2516012070211606,0.18599238109597133,2603.2706368887575,378.2236283957769,0.9849713140763025,0.5791767472282928
10_100,0.5,42,70,0.372130673775365,-1.6895746362608308,0.21307426974197607,2616.493059361321,301.43765333508566,0.8366399960615447,0.5791767472282928
10_100,0.5,42,71,0.3671209672388437,-1.8085438453350962,0.1740612523321045,2689.6409303853807,309.63646400208285,0.8734210928689056,0.5791767472282928
10_100,0.5,42,72,0.3621891705743874,-2.2981385649532413,0.170587071293468,3135.3787223498225,295.5805368062878,0.9707918007454698,0.5791767472282928
10_100,0.5,42,73,0.35733407214452373,-1.5387558063185625,0.19615848752362414,2959.43925385466,229.7209117603271,0.7909623448530338,0.5791767472282928
10_100,0.5,42,74,0.35255447915490423,-1.715914318710876,0.18918678058570407,2745.44941808976,287.8112897440359,0.8458806775798169,0.5791767472282928
10_100,0.5,42,75,0.3478492173612599,-1.632011296551866,0.20445750217479794,2767.149476778411,277.49193588310726,0.8315424511775935,0.5791767472282928
10_100,0.5,42,76,0.3432171307809146,-0.651018230011308,0.20144224227442004,2105.728611634141,259.2516447347033,0.6096382571365266,0.5791767472282928
10_100,0.5,42,77,0.3386570814087846,-1.8850622423452013,0.22278709722630635,2854.4105555770684,292.603907927292,0.8859766827974225,0.5791767472282928
10_100,0.5,42,78,0.3341679489377949,-1.7672659294333073,0.15369510332744368,2987.2537022670203,256.02277117540683,0.8508559428977873,0.5791767472282928
10_100,0.5,42,79,0.32974863048364406,-1.5799810558395244,0.18065098654374553,3015.0668254978737,227.6818880932128,0.8025500425146597,0.5791767472282928
10_100,0.5,42,80,0.3253980403138483,-0.6224985188558139,0.1771155160592191,2174.7200694581693,246.04888826587245,0.6028742134635372,0.5791767472282928
10_100,0.5,42,81,0.32111510958100054,-1.0342236897138999,0.15537788035041383,2346.1857645137425,267.1924901257783,0.6929039910265435,0.5791767472282928
10_100,0.5,42,82,0.3168987860601775,-1.1715919236893186,0.19113431947631893,2374.818836599201,278.9214074723422,0.724171374195723,0.5791767472282928
10_100,0.5,42,83,0.31274803389043004,-1.9697194377445044,0.20158536282167988,2942.275225278586,287.1608616290016,0.8998790768853435,0.5791767472282928
10_100,0.5,42,84,0.30866183332029457,-1.7804716105612635,0.19016736709901916,2827.060625386002,281.9558632477703,0.8572099772323905,0.5791767472282928
10_100,0.5,42,85,0.3046391804572615,-2.3355184052049234,0.1787642301412798,3019.9472967339225,318.433818430317,0.9836205270421565,0.5791767472282928
10_100,0.5,42,86,0.3006790870211401,-2.153465058666959,0.23017982203782034,2959.9857977216743,308.02770586958576,0.9461726249731001,0.5791767472282928
10_100,0.5,42,87,0.29678058010125963,-1.4406076987679228,0.1812755602067353,2561.7195381626775,284.4733841040252,0.7876634132034692,0.5791767472282928
10_100,0.5,42,88,0.2929427019174456,-0.95954844115136,0.17547225873278288,2769.3852437075843,192.3593090546119,0.6635977329984627,0.5791767472282928
10_100,0.5,42,89,0.28916450958471324,-1.8551452467637124,0.15796911753825812,2830.652095893528,292.24046317074135,0.8785835144881309,0.5791767472282928
10_100,0.5,42,90,0.28544507488162135,-1.3090416490186476,0.1789775623702309,2620.460892865,256.09080920585274,0.7479623769566266,0.5791767472282928
10_100,0.5,42,91,0.28178348402222775,-1.4216959816874724,0.20618909927594836,2512.441896157928,288.08013064133263,0.7809636224614951,0.5791767472282928
10_100,0.5,42,92,0.27817883743159105,-0.878777131546415,0.20754576125517157,2450.557288439517,233.19875686070134,0.6549092346015555,0.5791767472282928
10_100,0.5,42,93,0.27463024952476534,-1.5222295026395258,0.16632417008260258,2544.4047932928556,298.7738396017359,0.811116483218989,0.5791767472282928
10_100,0.5,42,94,0.27113684848922975,-1.2164608761213553,0.19006141357691309,2574.2303146295444,257.3252764949205,0.7374210798361996,0.5791767472282928
10_100,0.5,42,95,0.2676977760707032,-1.921053754198441,0.16793970279670875,2950.30543226492,282.0054962234603,0.8919264422126139,0.5791767472282928
10_100,0.5,42,96,0.2643121873622896,-1.3739946385608048,0.16425183616744202,2739.604956392964,250.35178694929607,0.7700647602063018,0.5791767472282928
10_100,0.5,42,97,0.2609792505969018,-1.4480886331196339,0.17551510083512034,2911.644793437453,228.53299543602247,0.7751851619429121,0.5791767472282928
10_100,0.5,42,98,0.25769814694291476,-1.7156295498996101,0.1564687946975031,2538.500483460879,320.1242176015825,0.8517343105518256,0.5791767472282928
10_100,0.5,42,99,0.25446807030299534,-1.832789449331611,0.175862507748397,3091.2914586727848,247.05504531669365,0.8623219044574448,0.5791767472282928
10_100,0.5,42,100,0.2512882271160621,-1.0604658927536372,0.18966928208604344,2446.3080233679725,253.99420171631664,0.6948931132150493,0.5791767472282928
10_100,0.5,42,101,0.2481578361623234,-1.5172476825858259,0.1524098555105073,2783.43253687655,260.5363025579419,0.8025420238765597,0.5791767472282928
10_100,0.5,42,102,0.2450761283713493,-1.1989430695600078,0.16540895400039682,2547.046229402493,258.0318667019604,0.7311844853387199,0.5791767472282928
10_100,0.5,42,103,0.24204234663312607,-1.216628009396784,0.16835989475767327,2832.3146547984575,210.31078437661805,0.7168200060121996,0.5791767472282928
10_100,0.5,42,104,0.23905574561205173,-1.126348524860524,0.18368516909498775,2590.351987668606,240.16377005526692,0.7079676673456672,0.5791767472282928
10_100,0.5,42,105,0.23611559156382206,-1.9933525675557806,0.1706336074967411,3005.211947977959,280.13459349259284,0.9036445021953055,0.5791767472282928
10_100,0.5,42,106,0.2332211621551653,-1.4799536026333593,0.1568076176732804,2601.424391318665,282.7458698357354,0.7953954103153494,0.5791767472282928
10_100,0.5,42,107,0.23037174628638085,-1.0567029769887406,0.18605766123635195,2672.166999078021,217.468713285547,0.6860097435811845,0.5791767472282928
10_100,0.5,42,108,0.2275666439166364,-1.2659120183373418,0.15692308850658288,2412.570951898007,287.1206224835725,0.7510109716173025,0.5791767472282928
10_100,0.5,42,109,0.2248051658919834,-1.3350723881728253,0.18359838060427075,2816.393180602627,224.97164203252788,0.7413780704031796,0.5791767472282928
10_100,0.5,42,110,0.22208663377604637,-1.9563628316671162,0.15069813491296333,2813.979896531598,306.6151729622032,0.9023641011901723,0.5791767472282928
10_100,0.5,42,111,0.21941037968334542,-1.971508022660192,0.18824895519648344,3200.4963110653953,245.965614378125,0.8908392101272524,0.5791767472282928
10_100,0.5,42,112,0.21677574611521144,-0.9742398012161013,0.14894397587408967,2466.5475830710625,240.0141920500832,0.6728961141401891,0.5791767472282928
10_100,0.5,42,113,0.21418208579825188,-1.0453392499203549,0.15950347061062164,2305.0114853122145,273.5279851094312,0.6938835970288733,0.5791767472282928
10_100,0.5,42,114,0.21162876152533033,-1.6608320542054673,0.15500206116675125,2808.689434008354,269.0193103488923,0.826433787777141,0.5791767472282928
10_100,0.5,42,115,0.20911514599901782,-2.0215545826924286,0.17198689519652657,2973.30868798171,289.0880109771105,0.9124120389465004,0.5791767472282928
10_100,0.5,42,116,0.20664062167747893,-1.9361061657218444,0.12077671906398728,3098.502667176996,259.6669342761202,0.8893204974744171,0.5791767472282928
10_100,0.5,42,117,0.20420458062275576,-2.4123395281736926,0.1606400318691529,3417.5518228975675,268.47831132403246,0.9963856645942056,0.5791767472282928
10_100,0.5,42,118,0.2018064243514096,-0.9527178585688323,0.17395430015923713,2715.49729776934,198.10326907173993,0.6598348925476359,0.5791767472282928
10_100,0.5,42,119,0.1994455636874869,-1.5099272520998945,0.1732091003557726,2674.1551992308514,275.3600874710903,0.8012000114931721,0.5791767472282928
10_100,0.5,42,120,0.19712141861777083,-1.9590658336211777,0.16849102411499625,3027.106124781507,275.04730885121774,0.8997209206097566,0.5791767472282928
10_100,0.5,42,121,0.19483341814928484,-1.1096687669016128,0.15646848236523847,2734.9203746415633,213.4083077655773,0.6955964291546406,0.5791767472282928
10_100,0.5,42,122,0.19258100016901147,-1.0968788717850375,0.16537784468112576,2567.253761131238,240.878925666498,0.70289570862225,0.5791767472282928
10_100,0.5,42,123,0.19036361130579338,-1.2269323010661863,0.21632240722463192,2592.406171522171,254.42988260114245,0.7367932650767364,0.5791767472282928
10_100,0.5,42,124,0.18818070679438154,-1.5991730850400834,0.16661868754051,2903.212886403032,245.2874247509024,0.8059924887092382,0.5791767472282928
10_100,0.5,42,125,0.1860317503415984,-1.435042473740644,0.17914232293974802,2985.899179232906,216.84768397931074,0.7729041415786841,0.5791767472282928
10_100,0.5,42,126,0.1839162139945818,-1.976621673882242,0.12979577191203778,2954.254260403669,285.0710147714409,0.8991057181708602,0.5791767472282928
10_100,0.5,42,127,0.18183357801107813,-1.923931452860378,0.14161277064860142,3255.088095149905,230.09680435999434,0.874751344733576,0.5791767472282928
10_100,0.5,42,128,0.17978333073175307,-1.9153934662857064,0.16153330975982239,2957.6815549638586,278.58125497537617,0.8872179136909737,0.5791767472282928
10_100,0.5,42,129,0.17776496845448742,-1.4799877874511245,0.15409116127114916,3045.4551263016706,210.33868653825428,0.7767441996100338,0.5791767472282928
10_100,0.5,42,130,0.17577799531062827,-1.1477083042820828,0.1718099345636186,2415.3776603915767,271.4117823156531,0.7206939758374205,0.5791767472282928
10_100,0.5,42,131,0.1738219231431649,-2.017285021931277,0.18668115647330577,3209.971976649543,248.28394783911352,0.8980914020029658,0.5791767472282928
10_100,0.5,42,132,0.17189627138679878,-1.2848798635721055,0.1241698334888179,2816.1925379360327,223.14638112797124,0.7377074783805389,0.5791767472282928
10_100,0.5,42,133,0.1700005669498786,-1.3670152156826134,0.14504476558993398,2656.541950742452,259.6435442791022,0.7651320090488585,0.5791767472282928
10_100,0.5,42,134,0.16813434409817252,-1.8781331341054095,0.1456431132514357,3053.185989191701,258.08672991415716,0.8734625209555897,0.5791767472282928
10_100,0.5,42,135,0.16629714434044632,-2.104494965427355,0.16403837336527954,3236.744716275881,255.35687932791535,0.9196168315999289,0.5791767472282928
10_100,0.5,42,136,0.16448851631582245,-1.201448614245929,0.12469118517846782,2679.7292577213943,237.01448016720235,0.7268368455361742,0.5791767472282928
10_100,0.5,42,137,0.16270801568288995,-0.9476308991380185,0.16946959980247467,2386.9814061554616,252.1549583058249,0.674586962213742,0.5791767472282928
10_100,0.5,42,138,0.16095520501053945,-1.8252218974163008,0.17544526763268492,3032.2381653670564,254.02834187305814,0.8595424040910049,0.5791767472282928
10_100,0.5,42,139,0.1592296536704954,-0.9708802685756222,0.16030067997142322,2663.6926825444466,208.28455802752478,0.6654436768675153,0.5791767472282928
10_100,0.5,42,140,0.15753093773152022,-1.2608898017178247,0.1407150324998848,2593.6403020400544,253.06123087294958,0.7344298263868321,0.5791767472282928
10_100,0.5,42,141,0.15585863985526294,-1.7618819758148443,0.1526623000606539,3111.055151216558,233.33962921172073,0.840715165948383,0.5791767472282928
10_100,0.5,42,142,0.15421234919372853,-1.4011616524469899,0.12140785171471338,3058.024342270815,198.1466451672449,0.7561330704544048,0.5791767472282928
10_100,0.5,42,143,0.152591661288341,-1.613724711112067,0.15489305541401693,2937.6001200420033,245.03056005777347,0.8151428827397217,0.5791767472282928
10_100,0.5,42,144,0.15099617797057668,-1.4375228337258097,0.1772223388532609,2489.287194085865,293.0172396737478,0.784235770036514,0.5791767472282928
10_100,0.5,42,145,0.14942550726414244,-1.5555538024362132,0.1459116780994672,2854.491206267557,250.47907950040974,0.8025871685577712,0.5791767472282928
10_100,0.5,42,146,0.14787926328867598,-1.8777597387258749,0.15070861660402907,3033.890262487349,262.88704358477355,0.8775477435392776,0.5791767472282928
10_100,0.5,42,147,0.1463570661649425,-1.5990762487841275,0.16591268436973716,2968.393795375465,237.23551511845994,0.8083573905343602,0.5791767472282928
10_100,0.5,42,148,0.1448585419215072,-1.5302810695280382,0.1447772951641998,2794.9744931872565,254.71276942231128,0.7942527515644937,0.5791767472282928
10_100,0.5,42,149,0.14338332240285795,-1.5255571057977686,0.12293485893628753,3020.741607895923,219.59647381291808,0.7881339484441141,0.5791767472282928
10_100,0.5,42,150,0.1419310451789575,-1.3170092608853803,0.13449282820892372,2668.1575898024084,251.97862346121497,0.7532172669362968,0.5791767472282928
10_100,0.5,42,151,0.14050135345620207,-1.6905954881878835,0.11431604027062407,2837.3134250545168,269.22439301420053,0.8348800575281563,0.5791767472282928
10_100,0.5,42,152,0.13909389598976496,-1.437484315868462,0.14520153444171563,2704.4746526213175,261.98334360197555,0.7832288878249244,0.5791767472282928
10_100,0.5,42,153,0.13770832699730284,-2.0953512909016814,0.1336808747290721,3107.376902286383,276.0420427349104,0.9242378393754369,0.5791767472282928
10_100,0.5,42,154,0.13634430607400466,-1.4863014483966897,0.14509174483146828,2908.228826451907,234.44388896938318,0.7859299242037345,0.5791767472282928
10_100,0.5,42,155,0.13500149810896128,-1.3690613426308873,0.1381934071914945,2723.9659675435623,248.70550944744892,0.7624121055544917,0.5791767472282928
10_100,0.5,42,156,0.13367957320283602,-1.4140972345146843,0.14892517791469806,2818.864766410892,240.34921101119963,0.7725217278760903,0.5791767472282928
10_100,0.5,42,157,0.13237820658681518,-1.0364260939744532,0.14499593742631803,2501.601998149977,244.12209433418988,0.6908766700137599,0.5791767472282928
10_100,0.5,42,158,0.13109707854281938,-2.063951631641459,0.1478677223771161,3120.321462422357,269.40847237943365,0.9147385739110308,0.5791767472282928
10_100,0.5,42,159,0.12983587432495577,-1.1175041323559516,0.13373465871193474,2628.648834674337,233.37538418867692,0.7052830427459975,0.5791767472282928
10_100,0.5,42,160,0.12859428408219134,-1.3157464060954216,0.13592134893236388,2722.9446264155235,242.8012171464515,0.7504340207712746,0.5791767472282928
10_100,0.5,42,161,0.1273720027822294,-1.255846189360657,0.14938160059037747,2684.825953937025,245.51567134850865,0.7451018237304406,0.5791767472282928
10_100,0.5,42,162,0.12616873013656954,-0.8447840780132368,0.13964546574539974,2561.3244735211124,211.4970273126105,0.6430505816078713,0.5791767472282928
10_100,0.5,42,163,0.12498417052673307,-1.0802866994213312,0.14448532302815087,2302.716198150398,281.12601608624357,0.7082838793175372,0.5791767472282928
10_100,0.5,42,164,0.12381803293163596,-1.650248403675123,0.1294882473141959,2774.262152861424,277.3091555916806,0.8331784012850811,0.5791767472282928
10_100,0.5,42,165,0.12267003085609117,-1.8680793715763166,0.1415442788552797,3000.873561592209,264.48928969775966,0.8714463330705693,0.5791767472282928
10_100,0.5,42,166,0.1215398822604227,-1.7333930036658582,0.13979046758632765,2849.6874095896014,271.9925252617108,0.8438370121552258,0.5791767472282928
10_100,0.5,42,167,0.1204273094911746,-1.6257086429887062,0.1335139305201773,2788.9773448359706,268.6922535161472,0.8202492553192711,0.5791767472282928
10_100,0.5,42,168,0.11933203921289748,-0.8718824537871694,0.13060322852230224,2548.828434305251,215.08735560989868,0.6466498508760298,0.5791767472282928
10_100,0.5,42,169,0.11825380234099556,-1.3358354275331306,0.1413891637042238,2762.3097040789053,238.10172722056268,0.7521857133601391,0.5791767472282928
10_100,0.5,42,170,0.11719233397561858,-1.4462705951405441,0.12045040984877273,2669.3425586231247,266.5015966349697,0.782307325774813,0.5791767472282928
10_100,0.5,42,171,0.11614737333658141,-1.1623132692816027,0.16322127022643865,2622.52134837708,238.22597686645304,0.713166645658729,0.5791767472282928
10_100,0.5,42,172,0.11511866369929591,-0.897495774136976,0.13899253787679827,2609.259900449442,209.4600826391801,0.6524817523920529,0.5791767472282928
10_100,0.5,42,173,0.11410595233169919,-1.9410413851931825,0.1363040932387881,2820.9972877456576,302.00918437576735,0.8952148085027578,0.5791767472282928
10_100,0.5,42,174,0.11310899043216277,-1.1584380207831257,0.10393375549110329,2663.012420735866,232.76021759235084,0.7137173140535903,0.5791767472282928
10_100,0.5,42,175,0.1121275330683672,-1.4417819425937395,0.13957556069922106,2686.2576651701143,263.54094014811716,0.7811961516491008,0.5791767472282928
10_100,0.5,42,176,0.11116133911712744,-1.1405552736024556,0.14474200385158112,2448.2791858329597,264.9314126270106,0.7171037701155656,0.5791767472282928
10_100,0.5,42,177,0.1102101712051541,-1.2234740927748309,0.1501286870508054,2707.602194636352,232.69813592695766,0.7261191891943737,0.5791767472282928
10_100,0.5,42,178,0.10927379565073586,-1.7677619911778912,0.15152522117511752,2940.399499904983,260.0970255992229,0.8457625923665674,0.5791767472282928
10_100,0.5,42,179,0.10835198240632873,-1.4452281278396788,0.12584852855340697,2813.7466233254945,242.0772159711025,0.7745057499086376,0.5791767472282928
10_100,0.5,42,180,0.1074445050020384,-1.1924745348606456,0.1407693458465967,2640.7053493078884,240.35413431039404,0.722488347334875,0.5791767472282928
10_100,0.5,42,181,0.10655114048998136,-1.4003849197702258,0.1432575689926711,2824.540393363407,237.2818437256336,0.7680422006385271,0.5791767472282928
10_100,0.5,42,182,0.10567166938951125,-1.1206083413243673,0.13765866539108154,2520.131526948785,249.9404131207998,0.7076023850313915,0.5791767472282928
10_100,0.5,42,183,0.10480587563329734,-1.9633608482787708,0.14318358758507388,2988.2523825767917,278.0883713162096,0.8948289733084539,0.5791767472282928
10_100,0.5,42,184,0.10395354651424124,-1.236974713448933,0.1358977640980237,2699.3978136453843,236.03543654883669,0.7304229157914707,0.5791767472282928
10_100,0.5,42,185,0.10311447263321932,-0.9844199978924656,0.1267384943900541,2417.3913494391395,250.84465191169363,0.6805342369023538,0.5791767472282928
10_100,0.5,42,186,0.10228844784763778,-1.3906262325269583,0.12235297614349108,2756.565434533893,245.05261686590822,0.764335795560977,0.5791767472282928
10_100,0.5,42,187,0.10147526922078795,-1.048984314331145,0.13316845984653972,2586.102130855119,231.87131881536305,0.6903538874405951,0.5791767472282928
10_100,0.5,42,188,0.10067473697198882,-1.786060927944556,0.11737210693146241,2881.8693560413417,274.73391241701285,0.858304859025766,0.5791767472282928
10_100,0.5,42,189,0.09988665442750533,-1.2746885289168763,0.15789619831188045,2759.622030513671,231.29632369767722,0.7379552657623526,0.5791767472282928
10_100,0.5,42,190,0.09911082797222981,-0.9975551956564223,0.12323166765222504,2409.47899431793,255.43728531738776,0.6874056986810053,0.5791767472282928
10_100,0.5,42,191,0.09834706700211487,-1.3008755580115705,0.1448416282533651,2760.012004784029,233.0925616428793,0.7416215701555733,0.5791767472282928
10_100,0.5,42,192,0.09759518387734595,-1.6178640875096717,0.1468559156594221,2875.4757407699863,255.9893576322027,0.8193925120539081,0.5791767472282928
10_100,0.5,42,193,0.09685499387624241,-2.3953121059152487,0.1183877193375833,3199.8928127497393,295.66986277012654,0.9890900144908001,0.5791767472282928
10_100,0.5,42,194,0.09612631514987509,-1.6635812398756935,0.13439424676477632,3029.8971264663096,234.50215097710972,0.8202206512942647,0.5791767472282928
10_100,0.5,42,195,0.09540896867739013,-1.4334061126981685,0.17079517849793507,2817.9227272344388,240.46798428718182,0.772492304065318,0.5791767472282928
10_100,0.5,42,196,0.0947027782220271,-1.2825199530779263,0.12702725849179658,2639.447932875475,251.29342020709493,0.743796238685732,0.5791767472282928
10_100,0.5,42,197,0.09400757028782174,-1.5608545221224635,0.11283419503165822,2685.4018440996865,279.9638725948187,0.8134751190421043,0.5791767472282928
10_100,0.5,42,198,0.09332317407698135,-1.5219944680040909,0.09627200795378457,2780.6820717431924,257.0926380613877,0.7949505817029874,0.5791767472282928
10_100,0.5,42,199,0.09264942144792357,-1.271092320994701,0.13316024537987153,2726.7709459749453,236.42387021635895,0.7388808891064841,0.5791767472282928
10_100,0.5,42,200,0.09198614687396757,-1.4921638331562097,0.13531491092005793,2796.7318820008572,252.70897733565928,0.7907786372767314,0.5791767472282928
10_100,0.5,42,201,0.0913331874026676,-1.487968000060454,0.12280306027346626,2771.3923681179162,252.6715001744697,0.7835868218599353,0.5791767472282928
10_100,0.5,42,202,0.09069038261577916,-1.5343046975443753,0.11282876078393618,2786.296163055855,256.76829406109,0.7958852819452014,0.5791767472282928
10_100,0.5,42,203,0.09005757458984752,-1.5807686176907434,0.1259831394917165,2657.321276964153,282.40930856034475,0.8104298334103648,0.5791767472282928
10_100,0.5,42,204,0.08943460785740934,-1.5887154157868553,0.14275725549219848,2687.059884930711,279.2345093310247,0.8124966195144794,0.5791767472282928
10_100,0.5,42,205,0.08882132936879764,-1.2724894646220821,0.12996971710724983,2635.4668703771017,249.2013085616029,0.7385353698185242,0.5791767472282928
10_100,0.5,42,206,0.08821758845454078,-1.4049537285408522,0.110015421740662,2731.679493049374,253.91476173234312,0.7748936935404744,0.5791767472282928
10_100,0.5,42,207,0.08762323678834613,-1.685587085610159,0.1300567993675433,2780.268216100298,277.6395851093619,0.8355197317755001,0.5791767472282928
10_100,0.5,42,208,0.08703812835065944,-1.5356214010865847,0.1263620199507308,2784.8511526822463,258.83931373012405,0.7995802586965546,0.5791767472282928
10_100,0.5,42,209,0.08646211939279098,-1.3708434613558207,0.12393997434508683,2748.836949136708,244.15792574245663,0.7603933495214393,0.5791767472282928
10_100,0.5,42,210,0.08589506840159955,-1.7037047198021105,0.11257275568283102,2675.194100468989,296.7141097578201,0.8437753307996785,0.5791767472282928
10_100,0.5,42,211,0.08533683606472567,-1.1861882813310316,0.11731112441003444,2560.2873360908943,251.86560339452015,0.7226938402295278,0.5791767472282928
10_100,0.5,42,212,0.08478728523636561,-1.4061466153635371,0.10803326755612444,2662.749735986404,261.4222243654321,0.7703977094519399,0.5791767472282928
10_100,0.5,42,213,0.08424628090357741,-1.345722766484476,0.1342402179027449,2598.2629138616526,265.502355496169,0.7603631758036031,0.5791767472282928
10_100,0.5,42,214,0.08371369015311121,-0.7802138762362156,0.12763545048284813,2456.1176491572955,217.5429895689726,0.6254708017263866,0.5791767472282928
10_100,0.5,42,215,0.08318938213875532,-1.2657998129185397,0.12854865981230099,2719.746838586747,236.80781755700806,0.7376681516978334,0.5791767472282928
10_100,0.5,42,216,0.08267322804918986,-1.283829941268567,0.13337322009634478,2659.7732477410746,249.01525226681713,0.7449943651040215,0.5791767472282928
10_100,0.5,42,217,0.08216510107634088,-1.1050305818220791,0.12540349702136283,2507.5760703801025,249.34889693173065,0.7029044153522896,0.5791767472282928
10_100,0.5,42,218,0.08166487638422609,-1.4205159476608664,0.11202589494689508,2752.615300597427,248.55264167574913,0.7701567091929389,0.5791767472282928
10_100,0.5,42,219,0.08117243107828538,-1.1296431952991433,0.10604737103061398,2772.529448952432,211.83802216401824,0.7030510752150622,0.5791767472282928
10_100,0.5,42,220,0.08068764417518824,-1.378402831906329,0.12617181369197555,2761.9837217855284,243.6897341141034,0.7631590662849406,0.5791767472282928
10_100,0.5,42,221,0.08021039657311081,-1.4370715022634686,0.10396089221987848,2712.501913983118,257.547598621369,0.7767003597483513,0.5791767472282928
10_100,0.5,42,222,0.07974057102247495,-1.319263955527486,0.09324105288776832,2609.5580230373885,258.3590851911461,0.7493913302072128,0.5791767472282928
10_100,0.5,42,223,0.0792780520971426,-1.2600335297973781,0.1305772307182262,2646.378243073087,246.84822034357074,0.7369408666318287,0.5791767472282928
10_100,0.5,42,224,0.07882272616605801,-1.1876033537094404,0.1078979403796454,2719.787831586562,226.40460867224067,0.7170800758565975,0.5791767472282928
10_100,0.5,42,225,0.0783744813653311,-0.9535239462614378,0.11376116770284503,2352.7503506660296,256.620173224589,0.6738134707478436,0.5791767472282928
10_100,0.5,42,226,0.07793320757075473,-1.4370715022634686,0.09962290987136066,2712.501913983118,257.547598621369,0.7767003597483513,0.5791767472282928
10_100,0.5,42,227,0.07749879637074959,-1.3251993209062833,0.10143263674915932,2609.6218577528743,260.08320530077583,0.7528232234999641,0.5791767472282928
10_100,0.5,42,228,0.07707114103972987,-1.2760286216737458,0.13042855218838434,2406.111819517456,287.49583791541096,0.7499396396009206,0.5791767472282928
10_100,0.5,42,229,0.0766501365118829,-1.0811727877588315,0.09805317471549362,2452.5415720632736,256.1538872159113,0.7009204863169972,0.5791767472282928
10_100,0.5,42,230,0.07623567935535681,-1.6630160083985663,0.10473268710435726,2594.393048738099,306.2011175931392,0.8398645582101977,0.5791767472282928
10_100,0.5,42,231,0.07582766774684957,-1.2934044445287505,0.1220766314636899,2587.058009991342,260.6929733007873,0.7476926862237627,0.5791767472282928
10_100,0.5,42,232,0.07542600144659303,-1.6139955276936984,0.10949143391760292,2724.6631664235856,275.6228908142584,0.8159075565820992,0.5791767472282928
10_100,0.5,42,233,0.07503058177372629,-1.251045189344176,0.1346830646023343,2495.3586510686187,270.87800995994525,0.7421028724276191,0.5791767472282928
10_100,0.5,42,234,0.0746413115820518,-1.190224472475161,0.10061311302522764,2610.372960934387,243.78828569376904,0.7207683225809947,0.5791767472282928
10_100,0.5,42,235,0.07425809523616868,-1.5859588751782536,0.10983244473727014,2927.5839959225414,242.57525292489441,0.8074676575225022,0.5791767472282928
10_100,0.5,42,236,0.0738808385879771,-1.0590571789605714,0.10385556046375428,2570.028985011557,234.68745572736384,0.6914153936412417,0.5791767472282928
10_100,0.5,42,237,0.0735094489535481,-1.218655498567362,0.11406246947271825,2560.8495228063025,255.7308749016685,0.7305054497334156,0.5791767472282928
10_100,0.5,42,238,0.07314383509035316,-1.3038654148688216,0.11723447803564761,2613.500430795216,257.2986065979421,0.7483988378996895,0.5791767472282928
10_100,0.5,42,239,0.07278390717484776,-1.3577918378979112,0.12597133481705786,2582.1953875305003,271.20741842544055,0.7671466774231958,0.5791767472282928
10_100,0.5,42,240,0.07242957678040378,-1.218655498567362,0.11194110907404531,2560.8495228063025,255.7308749016685,0.7305054497334156,0.5791767472282928
10_100,0.5,42,241,0.07208075685558483,-1.4295679559129886,0.10657760380418817,2708.5585858023737,257.4503877431626,0.7754002307364889,0.5791767472282928
10_100,0.5,42,242,0.0717373617027597,-0.9896425637039035,0.14519371411667156,2516.8225786556477,235.9087524819897,0.6788885796539146,0.5791767472282928
10_100,0.5,42,243,0.07139930695704806,-1.1192844470499796,0.13413853524928654,2500.9489331422415,253.90865164569865,0.7100717777631609,0.5791767472282928
10_100,0.5,42,244,0.0710665095655941,-1.218655498567362,0.08910408419580254,2560.8495228063025,255.7308749016685,0.7305054497334156,0.5791767472282928
10_100,0.5,42,245,0.07073888776716195,-1.384239356771019,0.11973692369495914,2572.4020501022237,274.65519735851586,0.7712228428557584,0.5791767472282928
10_100,0.5,42,246,0.07041636107204882,-1.2294384661400983,0.11686643927157507,2534.6637343033667,259.38362326456576,0.7303830098084179,0.5791767472282928
10_100,0.5,42,247,0.07009885024231037,-1.2314524824419275,0.10084104892876163,2576.2236939323802,254.87106172694553,0.7331213623687236,0.5791767472282928
10_100,0.5,42,248,0.0697862772722936,-1.5298070085041553,0.10087671592363812,2743.1751212882737,263.37029435711145,0.7968457747700615,0.5791767472282928
10_100,0.5,42,249,0.0694785653694726,-1.1446162345104036,0.13984862463094255,2460.8269560237372,264.28724331428714,0.7193527765763188,0.5791767472282928
10_100,0.5,42,250,0.06917563893558212,-1.3828411809565824,0.12005019056993418,2690.7185534245773,255.17580343983994,0.765885203664054,0.5791767472282928
10_100,0.5,42,251,0.06887742354804487,-1.0294554290584226,0.12826513612181062,2497.664698766477,243.3151939432616,0.6881729648237132,0.5791767472282928
10_100,0.5,42,252,0.06858384594168729,-995.457294345472,0.11546986095791593,112192.33139165182,110176.72380733817,249.18148334327773,0.5791767472282928
10_100,0.5,42,253,0.06829483399074003,-1.473597317543323,0.11238873046878313,2751.5312407455067,256.0717338712707,0.7847409044774059,0.5791767472282928
10_100,0.5,42,254,0.06801031669111803,-1.6177526129291284,0.12525997067882746,2669.9709043453413,287.69354314192975,0.8244463949905239,0.5791767472282928
10_100,0.5,42,255,0.06773022414297643,-1.1926147089836525,0.10185114495211312,2531.7518338539317,256.8691652480159,0.7245861614283973,0.5791767472282928
10_100,0.5,42,256,0.06745448753353762,-1.4882583892924202,0.10511726218807568,2652.031084640374,274.56245599305356,0.7934061724146801,0.5791767472282928
10_100,0.5,42,257,0.06718303912018544,-1.5131204108543637,0.10535139721940237,2674.0563609016444,273.612888366894,0.797712586896075,0.5791767472282928
10_100,0.5,42,258,0.0669158122138222,-1.2412871341601477,0.08899277407456599,2677.2438670546294,239.35223329775692,0.7307677542360076,0.5791767472282928
10_100,0.5,42,259,0.06665274116248465,-1.613811505315788,0.11957649271740856,2908.512756506281,248.1696878856289,0.8131883908144615,0.5791767472282928
10_100,0.5,42,260,0.06639376133521471,-1.0695315603106703,0.11382244619835,2541.907928849057,240.2034223945867,0.6944387508835284,0.5791767472282928
10_100,0.5,42,261,0.06613880910618089,-1.3588706281771592,0.09899250486097384,2803.413694459883,232.27919402391382,0.752202089278722,0.5791767472282928
10_100,0.5,42,262,0.06588782183904693,-995.320557314018,0.1010919183741864,112194.56032458735,110161.21042028835,249.15139107675623,0.5791767472282928
10_100,0.5,42,263,0.06564073787158327,-1.4772704371724894,0.11975145970612186,2715.4674052248647,261.36054715119553,0.7850834268089398,0.5791767472282928
10_100,0.5,42,264,0.06539749650051803,-1.292377497727056,0.09061388646850102,2481.33856654971,277.8786412801074,0.7520268586142481,0.5791767472282928
10_100,0.5,42,265,0.06515803796662348,-1.218655498567362,0.10898770480706396,2560.8495228063025,255.7308749016685,0.7305054497334156,0.5791767472282928
10_100,0.5,42,266,0.06492230344003448,-1.4445457815872014,0.11442973137035176,2756.3506692229353,251.93059629456607,0.7778946871550421,0.5791767472282928
10_100,0.5,42,267,0.06469023500579518,-0.9532157799025744,0.1280213948895969,2456.6507159234393,239.80710304205857,0.6697061261278248,0.5791767472282928
10_100,0.5,42,268,0.06446177564963067,-1.218655498567362,0.11045033467010615,2560.8495228063025,255.7308749016685,0.7305054497334156,0.5791767472282928
10_100,0.5,42,269,0.06423686924393959,-1.5356795233429685,0.1101717967997086,2627.6852384011313,281.87489222752805,0.8010471702130315,0.5791767472282928
10_100,0.5,42,270,0.064015460534005,-1.218655498567362,0.10365751309017801,2560.8495228063025,255.7308749016685,0.7305054497334156,0.5791767472282928
10_100,0.5,42,271,0.0637974951244193,-1.157945220798455,0.11324867518878867,2553.578582965033,251.98314422997913,0.7210421660054745,0.5791767472282928
10_100,0.5,42,272,0.06358291946572056,-1.459441462442849,0.13022842350191993,2498.434801748379,295.2280774843334,0.7911829596833063,0.5791767472282928
10_100,0.5,42,273,0.06337168084123639,-1.5449216324989896,0.11171285270713076,2669.0532426625055,278.8787630620403,0.8067343208786601,0.5791767472282928
10_100,0.5,42,274,0.06316372735413278,-1.4729742699298747,0.1280968173806442,2761.6158598315546,254.81502819984078,0.7850851425740437,0.5791767472282928
10_100,0.5,42,275,0.06295900791466405,-1.649782252734298,0.09002452694523946,2789.361474060009,271.5186755883568,0.8259538049418162,0.5791767472282928
10_100,0.5,42,276,0.06275747222762111,-1.1162890435728938,0.09316928392843858,2473.598657352922,253.78655431305734,0.7021476022185648,0.5791767472282928
10_100,0.5,42,277,0.06255907077997513,-1.2769565056290146,0.12110835769023542,2610.7185534245773,255.17580343983994,0.7434140348321621,0.5791767472282928
10_100,0.5,42,278,0.062363754828713217,-1.3349810236442319,0.10996078099981843,2656.0314430659246,254.39043456080725,0.754586831002633,0.5791767472282928
10_100,0.5,42,279,0.06217147638886324,-1.4987393855497442,0.11192673573603691,2625.692685062503,277.9626142536688,0.7927407071932968,0.5791767472282928
10_100,0.5,42,280,0.06198218822170495,-1.431083996233851,0.11436973634193177,2689.6218577528743,260.08320530077583,0.775294392331856,0.5791767472282928
10_100,0.5,42,281,0.06179584382316449,-1.1333826136389762,0.09703225782033162,2639.654954285243,233.9809259836217,0.7095735921376828,0.5791767472282928
10_100,0.5,42,282,0.06161239741238927,-1.1883833851350354,0.09459187993194443,2729.873364452415,225.55119446159506,0.7182231356610482,0.5791767472282928
10_100,0.5,42,283,0.06143180392050065,-1.461175612847622,0.11157183630545435,2746.335647254011,256.4767671311026,0.7840835302515325,0.5791767472282928
10_100,0.5,42,284,0.06125401897952138,-0.9792089447924105,0.13937880663919447,2506.286133415151,233.62822786976162,0.6714132918091582,0.5791767472282928
10_100,0.5,42,285,0.06107899891147547,-1.5235663924924565,0.09353659750064437,2823.733644500405,251.82349755477935,0.7966097965913126,0.5791767472282928
10_100,0.5,42,286,0.060906700717657275,-1.4106534954413676,0.09687036122484852,2750.731201931795,250.32227627047445,0.7731315723285404,0.5791767472282928
10_100,0.5,42,287,0.060737082068067785,-1.6461623599318445,0.09964108596149934,2860.3478277641784,258.9335423243784,0.8209730741654453,0.5791767472282928
10_100,0.5,42,288,0.06057010129101494,-1.6569970751015068,0.09778308377384008,2801.5424900576545,271.0768377214773,0.8285004342765422,0.5791767472282928
10_100,0.5,42,289,0.06040571736287584,-1.5762016894581845,0.13341145613914349,2784.6320935724652,263.69106102031395,0.8091257636898874,0.5791767472282928
10_100,0.5,42,290,0.06024388989801807,-1.1523033327447447,0.09042066892051903,2663.5718578467013,231.03620201166947,0.7104606983210513,0.5791767472282928
10_100,0.5,42,291,0.06008457913887785,-1.5235663924924565,0.10854142882197489,2823.733644500405,251.82349755477935,0.7966097965913126,0.5791767472282928
10_100,0.5,42,292,0.05992774594619241,-1.5235663924924565,0.07787924470792693,2823.733644500405,251.82349755477935,0.7966097965913126,0.5791767472282928
10_100,0.5,42,293,0.05977335178938433,-1.5559560832692714,0.09333333144199035,2758.2427727627214,266.9706326130561,0.8082072192855163,0.5791767472282928
10_100,0.5,42,294,0.059621358737095426,-1.3450247930264878,0.09989604764581275,2666.036969279886,253.32314569887117,0.7552839205343442,0.5791767472282928
10_100,0.5,42,295,0.05947172944786773,-1.5013137424670988,0.09956101878587946,2776.151692934999,254.90999766096266,0.789356157894497,0.5791767472282928
10_100,0.5,42,296,0.059324427160969605,-1.815184267676763,0.08822354861730396,2914.9582626471265,269.8692839054443,0.8579666463397702,0.5791767472282928
10_100,0.5,42,297,0.05917941568736433,-1.4806533926210965,0.09248254470542829,2785.8347700308213,252.1183368133517,0.7865482132901392,0.5791767472282928
10_100,0.5,42,298,0.05903665940081926,-1.4742029912201695,0.12337689437862838,2793.0877631691064,250.02255821934122,0.7844356129399075,0.5791767472282928
10_100,0.5,42,299,0.058896123229153184,-1.454557003477255,0.09904116291210892,2737.719670850646,254.74707791467176,0.7782384017184646,0.5791767472282928
10_100,0.5,42,300,0.05875777264561992,-1.128461261485293,0.12153449053120399,2715.808586277496,220.54383741623073,0.7043573233633312,0.5791767472282928
10_100,0.5,42,301,0.05862157366042571,-1.6638357691250412,0.09351052298750107,2958.738981797336,247.43609140051987,0.8258438074161254,0.5791767472282928
10_100,0.5,42,302,0.058487492812378764,-1.4742029912201695,0.08859501288335683,2793.0877631691064,250.02255821934122,0.7844356129399075,0.5791767472282928
10_100,0.5,42,303,0.05835549716066848,-1.4516651024081468,0.11108295253390243,2902.938633425556,231.88374135366254,0.7793745673103284,0.5791767472282928
10_100,0.5,42,304,0.05822555427677263,-996.3008656887597,0.09307237002733985,112432.57264250571,110239.02559412761,249.37232955905304,0.5791767472282928
10_100,0.5,42,305,0.05809763223649032,-1.8548360940615907,0.09716118032405403,3123.3201581583357,245.2582450879625,0.8677605553169294,0.5791767472282928
10_100,0.5,42,306,0.057971699612098956,-1.4452481036536375,0.10175786243087823,2771.7141626486296,250.32467834458646,0.7790302243816078,0.5791767472282928
10_100,0.5,42,307,0.05784772546463305,-1.4742029912201695,0.11262999686754253,2793.0877631691064,250.02255821934122,0.7844356129399075,0.5791767472282928
10_100,0.5,42,308,0.05772567933628324,-1.5221014628405873,0.09215057414617278,2757.5460372432194,261.4003336783895,0.7969816594164405,0.5791767472282928
10_100,0.5,42,309,0.05760553124291343,-1.494990711593657,0.10782483493923412,2774.4821074773263,256.512894236768,0.7920611144618508,0.5791767472282928
10_100,0.5,42,310,0.05748725166669427,-1.3602694608925996,0.08965007434381722,2704.51274899376,249.6816645807848,0.7588808017865865,0.5791767472282928
10_100,0.5,42,311,0.05737081154885137,-0.9823865531359232,0.0986769439595417,2333.886786211136,262.83408007092464,0.6808191657565082,0.5791767472282928
10_100,0.5,42,312,0.057256182282526054,-1.749932530569618,0.10585089436810398,2965.1638254165305,256.85375320637013,0.8462965692058411,0.5791767472282928
10_100,0.5,42,313,0.057143335705747374,-1.2587699594543145,0.1063919691978367,2626.531254735478,249.7587775287424,0.7371293030503918,0.5791767472282928
10_100,0.5,42,314,0.05703224409451321,-1.3764328101435257,0.10441515355262894,2720.98523072338,251.00894552093996,0.7661359248136037,0.5791767472282928
10_100,0.5,42,315,0.056922880155979176,-1.494990711593657,0.12178918167017856,2774.4821074773263,256.512894236768,0.7920611144618508,0.5791767472282928
10_100,0.5,42,316,0.05681521702175326,-1.2750066818938575,0.0779513382122958,2639.921604640627,252.1097036982461,0.7455456265174204,0.5791767472282928
10_100,0.5,42,317,0.05670922824129488,-1.5420121665260835,0.1264806977216845,2743.493099102332,266.96796269247307,0.8040589024373817,0.5791767472282928
10_100,0.5,42,318,0.05660488777541653,-1.494990711593657,0.12136334786694383,2774.4821074773263,256.512894236768,0.7920611144618508,0.5791767472282928
10_100,0.5,42,319,0.056502169989886525,-0.9848856316562268,0.10264785714078901,2419.4572394794022,252.48999901354142,0.6843725068151556,0.5791767472282928
10_100,0.5,42,320,0.056401049649131195,-1.468328166012156,0.09859155556962576,2688.381955276688,268.3543919619721,0.791324049495047,0.5791767472282928
10_100,0.7,42,1,1.0,-2.404078404310976,,2827.158075615636,291.9269916838252,0.9352328378409807,0.9352328378409807
10_100,0.7,42,2,0.9852258055592246,-1.687018287272725,0.31395781354479935,2522.4310240723426,265.02589353657334,0.7834398865034959,0.7834398865034959
10_100,0.7,42,3,0.9706813761935793,-2.159496108937069,0.3420114532983323,2740.8783145957045,279.9951823210041,0.8871278733881134,0.7834398865034959
10_100,0.7,42,4,0.9563631386463322,-2.3519361693794743,0.30443687621923143,2723.067105173535,326.81041574761406,0.9357435328543591,0.7834398865034959
10_100,0.7,42,5,0.9422675752312664,-1.7371902019675556,0.3155523463104061,2567.9765072245373,253.1689402773756,0.7872635345078729,0.7834398865034959
10_100,0.7,42,6,0.9283912229684601,-1.0343105430080792,0.29299729321962076,2055.2684627377957,307.9367171182791,0.650711451935836,0.650711451935836
10_100,0.7,42,7,0.9147306727335057,-1.9454703305732726,0.2916742850083772,2697.2877832638915,251.66597093991572,0.8363289712547067,0.650711451935836
10_100,0.7,42,8,0.9012825684199611,-1.8342127474342036,0.2774209710201384,2438.6864097455077,321.42207147127334,0.8175103796657437,0.650711451935836
10_100,0.7,42,9,0.888043606114825,-2.1950957096598938,0.2998279651358366,2677.061590305528,310.47413623834774,0.8982434079344539,0.650711451935836
10_100,0.7,42,10,0.8750105332868364,-1.8876534376704492,0.28557063412270384,2650.4494792328733,254.6035484428526,0.8214000727043256,0.650711451935836
10_100,0.7,42,11,0.8621801479873967,-2.649678805244,0.24166260010323395,3055.7032947992075,261.7040288726429,0.9892001708414695,0.650711451935836
10_100,0.7,42,12,0.8495492980639193,-1.6483396589638333,0.2787020429868705,2241.197148726548,362.8244144382467,0.7890375620936056,0.650711451935836
10_100,0.7,42,13,0.837114880385412,-2.422880890135494,0.27142904990297506,2772.0679413734874,320.59893733695395,0.9476332095468605,0.650711451935836
10_100,0.7,42,14,0.8248738400801048,-1.2185371741520377,0.26068322527093246,2449.57962702283,197.37448856740974,0.674416711120427,0.650711451935836
10_100,0.7,42,15,0.8128231697849323,-1.2470831447202866,0.2560355984907131,2359.961232961429,237.42899412140017,0.6867622946715801,0.650711451935836
10_100,0.7,42,16,0.8009599089066888,-1.9761565589683534,0.2618992764350419,2613.417839921754,291.3800434926477,0.8505306482335968,0.650711451935836
10_100,0.7,42,17,0.7892811428946735,-2.48605481307568,0.2449452181383492,2754.3549502050173,343.28355350809136,0.967618598373815,0.650711451935836
10_100,0.7,42,18,0.7777840025246476,-2.8269201313109225,0.258165063418328,3045.592920644999,298.6036963138428,1.029063749111447,0.650711451935836
10_100,0.7,42,19,0.7664656631939266,-2.1670968977988885,0.2668070623869947,2588.482140871928,341.8980178850571,0.9007437549192526,0.650711451935836
10_100,0.7,42,20,0.7553233442274359,-1.4795413463951756,0.23703073777105793,2386.400037226113,271.5444094839398,0.7376907811542385,0.650711451935836
10_100,0.7,42,21,0.7443543081945577,-1.7894462641312314,0.23737846014724812,2563.188704695863,269.68816552654334,0.8050067708280126,0.650711451935836
10_100,0.7,42,22,0.7335558602366034,-2.0788402435039197,0.22488491281824233,2754.870679054684,258.90523637167405,0.867573946989866,0.650711451935836
10_100,0.7,42,23,0.7229253474047432,-1.5354361816320374,0.22110119641579457,2178.914352143702,361.3071456899795,0.7627425119414759,0.650711451935836
10_100,0.7,42,24,0.7124601580082336,-2.6645990893747697,0.239315251698496,3211.8420106211865,209.34670466085308,0.9883967753406954,0.650711451935836
10_100,0.7,42,25,0.7021577209727804,-1.6848070972854217,0.232713823548682,2484.837958197768,277.0660214327013,0.7829611149806961,0.650711451935836
10_100,0.7,42,26,0.6920155052088806,-1.700662743403805,0.220412828803712,2642.537355767309,224.59978877186532,0.7826420594773249,0.650711451935836
10_100,0.7,42,27,0.6820310189899872,-2.1082719279695397,0.2149698624403344,2706.3857355695604,283.20593068976274,0.8773784215528244,0.650711451935836
10_100,0.7,42,28,0.6722018093403456,-2.230162666997119,0.21674585869719243,2780.7521082733315,279.23579193672,0.9019058515644646,0.650711451935836
10_100,0.7,42,29,0.6625254614323491,-2.261545264647357,0.22081860102024295,2591.473039916103,358.2266423894075,0.921319482995006,0.650711451935836
10_100,0.7,42,30,0.6529995979932678,-1.880547561542171,0.22084931841155203,2628.8975232211187,263.5371237754422,0.8235385886872411,0.650711451935836
10_100,0.7,42,31,0.6436218787212026,-2.2890084753017614,0.20861718788570913,2773.444355305758,292.3289639539531,0.9145877332110547,0.650711451935836
10_100,0.7,42,32,0.634389999710123,-2.729785613526838,0.21824950067169882,2954.697652535873,318.1345338138414,1.0165236261589323,0.650711451935836
10_100,0.7,42,33,0.6253016928838472,-1.205679304801724,0.23171604567302723,2292.9590185401294,252.49946876526846,0.678318777249382,0.650711451935836
10_100,0.7,42,34,0.6163547254388225,-0.8181324483423245,0.22772774512488528,1932.8825039876797,309.13946692312317,0.6040126825151515,0.6040126825151515
10_100,0.7,42,35,0.607546899295575,-1.596507002710119,0.20778736267772197,2384.758299568141,298.2778176467774,0.7688063710571501,0.6040126825151515
10_100,0.7,42,36,0.5988760505586863,-2.2024058404382134,0.19549816652890478,2881.2101180637646,233.56753302330657,0.8871533582114515,0.6040126825151515
10_100,0.7,42,37,0.5903400489851716,-2.8829320625837425,0.2130673191303874,3167.572673768507,264.97506523216117,1.03707852014144,0.6040126825151515
10_100,0.7,42,38,0.581936797461124,-1.0923572351088027,0.21663378926719604,2030.9363931948565,331.6179500816321,0.669277970115862,0.6040126825151515
10_100,0.7,42,39,0.5736642314864987,-1.2534402393304105,0.2187856784662296,2339.703717663896,244.48990523001652,0.6871849849075277,0.6040126825151515
10_100,0.7,42,40,0.5655203186679085,-1.5481488447437006,0.18898144372781084,2523.830988009491,235.7995885295484,0.7492674809161949,0.6040126825151515
10_100,0.7,42,41,0.5575030582193081,-1.257745086021752,0.20172945760652022,2204.620269867247,296.38225153593237,0.6957158419350085,0.6040126825151515
10_100,0.7,42,42,0.5496104804704447,-0.7440289321643323,0.20672536705061625,2046.7100784273373,251.1562857001795,0.5798867035705536,0.5798867035705536
10_100,0.7,42,43,0.5418406463829504,-1.8591843822510354,0.20978370655163875,2586.9576212078746,276.89496049320707,0.822915975682639,0.5798867035705536
10_100,0.7,42,44,0.5341916470739625,-1.964834957513969,0.19555274549262602,2470.685442575574,344.3977573238403,0.8573906075103603,0.5798867035705536
10_100,0.7,42,45,0.5266616033471518,-1.6151670686280513,0.2041006663875342,2527.9068041096334,243.58898382085115,0.76012463428988,0.5798867035705536
10_100,0.7,42,46,0.519248665231044,-2.262123691521672,0.2205989400813407,2730.5793504441076,303.45337267511377,0.910947855947351,0.5798867035705536
10_100,0.7,42,47,0.5119510115245198,-697.6388629730078,0.19456274787268785,112331.61507871408,110270.24224538925,174.65944601298224,0.5798867035705536
10_100,0.7,42,48,0.504766849349387,-1.4451712224650715,0.20209488755089328,2343.9041892789487,278.9360994913637,0.7297613370847993,0.5798867035705536
10_100,0.7,42,49,0.49769441370990625,-1.6935415947610375,0.22838850119851792,2480.0657543795082,286.3936181656,0.7921663177711784,0.5798867035705536
10_100,0.7,42,50,0.4907319670591703,-1.920163384947362,0.20475923956032904,2674.445962627586,256.62179591373666,0.833234402680397,0.5798867035705536
10_100,0.7,42,51,0.4838777988722253,-2.191113620033269,0.20028379105003066,2490.7724766159536,380.4715115473787,0.9081479354778477,0.5798867035705536
10_100,0.7,42,52,0.47713022522583176,-1.4671532272424699,0.18060250115425974,2293.962724631356,306.38128083454853,0.7427289162012268,0.5798867035705536
10_100,0.7,42,53,0.47048758838475946,-1.6665979721389843,0.1638620163436896,2411.8851277734993,301.1491808727944,0.7828852572705103,0.5798867035705536
10_100,0.7,42,54,0.4639482563945182,-2.3429077423495093,0.19363643989592913,2529.91215295327,397.71967270155653,0.9440314810419228,0.5798867035705536
10_100,0.7,42,55,0.4575106226804207,-2.938310864195117,0.16268482686773542,3142.398903766429,288.4940428285929,1.0551212724923356,0.5798867035705536
10_100,0.7,42,56,0.45117310565288166,-1.8072071631357327,0.18097063594446788,2634.9821755135836,247.77732460236075,0.8072075849897273,0.5798867035705536
10_100,0.7,42,57,0.44493414831885486,-1.8751529045634212,0.20729330086428344,2407.899804288918,353.14313556316796,0.843090573793203,0.5798867035705536
10_100,0.7,42,58,0.438792217899313,-1.6960356105561831,0.18682052065644866,2571.827860861789,247.0199215389224,0.7814725889527321,0.5798867035705536
10_100,0.7,42,59,0.43274580545267627,-2.964848926198941,0.18538833468026777,3200.331006189376,270.1697668484457,1.0561322615197652,0.5798867035705536
10_100,0.7,42,60,0.4267934255040983,-0.9843562623244269,0.20928648886111462,2292.9684476815814,211.56722721519498,0.6296920625841037,0.5798867035705536
10_100,0.7,42,61,0.42093361568051574,-2.213026529347287,0.16379109453101315,2608.890968599683,337.0379225037018,0.9029952936754831,0.5798867035705536
10_100,0.7,42,62,0.4151649363513749,-1.9500104991282323,0.1622845429306258,2697.665627536093,253.02016923493986,0.8380864409658743,0.5798867035705536
10_100,0.7,42,63,0.40948597027494477,-1.7413227188503173,0.18339033563028193,2665.42734553328,224.32509936508012,0.7913170932989929,0.5798867035705536
10_100,0.7,42,64,0.4038953222501312,-1.3855177445919429,0.2050674926380318,2352.510978505267,266.9470850242476,0.718902113470663,0.5798867035705536
10_100,0.7,42,65,0.3983916187737056,-1.0464603440686524,0.238179686960092,2259.7481750411107,236.50735497490007,0.6462589921110692,0.5798867035705536
10_100,0.7,42,66,0.3929735077028642,-696.7766311803027,0.18948773773549993,112116.69286270469,110170.21793249233,174.4560928100607,0.5798867035705536
10_100,0.7,42,67,0.38763965792303584,-2.2938135731808407,0.20175428155177402,2772.141423445975,293.5394317012663,0.9155134832053001,0.5798867035705536
10_100,0.7,42,68,0.38238875902085495,-1.858908648513356,0.17586573962149696,2350.5326522888863,368.17451227522224,0.8383895497407265,0.5798867035705536
10_100,0.7,42,69,0.37721952096222106,-2.4957499952289046,0.19921934272023467,2698.3622398763837,367.72445094461114,0.9746372490569765,0.5798867035705536
10_100,0.7,42,70,0.372130673775365,-1.5178626069463914,0.19793573016681593,2435.2757559500496,262.19070673310483,0.7457980693190154,0.5798867035705536
10_100,0.7,42,71,0.3671209672388437,-1.7617035082862054,0.18071283752570652,2583.731469790531,255.17505595039248,0.7958425104381847,0.5798867035705536
10_100,0.7,42,72,0.3621891705743874,-2.6389472653856734,0.16411008541524247,2971.589137146738,292.1776326972294,0.9923274756870777,0.5798867035705536
10_100,0.7,42,73,0.35733407214452373,-2.705299303533184,0.20147734261851716,3096.172430840722,256.5382606629813,0.9989771735356436,0.5798867035705536
10_100,0.7,42,74,0.35255447915490423,-1.5510636043937818,0.21087781224814153,2412.113537159076,279.2047789310452,0.7569035634361078,0.5798867035705536
10_100,0.7,42,75,0.3478492173612599,-2.3483287305079745,0.18299713686011754,2887.0714409107763,266.1453791277618,0.9281631017079127,0.5798867035705536
10_100,0.7,42,76,0.3432171307809146,-0.9254494071333526,0.18118405142724098,1994.2993530311219,307.978088944464,0.6267847793557657,0.5798867035705536
10_100,0.7,42,77,0.3386570814087846,-2.3378189364732367,0.2088026774300844,2814.462987937887,291.55171273617265,0.9297946941582692,0.5798867035705536
10_100,0.7,42,78,0.3341679489377949,-2.407749797475436,0.1637346512982159,2873.791546351414,278.59892999362796,0.9377365502679598,0.5798867035705536
10_100,0.7,42,79,0.32974863048364406,-2.327796885111362,0.20042377218350804,2947.407707670413,235.34664514256878,0.9152989715275908,0.5798867035705536
10_100,0.7,42,80,0.3253980403138483,-1.354113781657164,0.18138939403546184,2259.3282007691832,299.3976216730499,0.7208119618978075,0.5798867035705536
10_100,0.7,42,81,0.32111510958100054,-696.827879744281,0.15839748520192973,112137.69799370706,110175.73802396299,174.47091124476157,0.5798867035705536
10_100,0.7,42,82,0.3168987860601775,-1.467639550012531,0.18652797368447974,2372.292742291141,277.0219383479842,0.7386508465440917,0.5798867035705536
10_100,0.7,42,83,0.31274803389043004,-2.136479295246634,0.19982547432711645,2778.292217676515,259.29556221896104,0.8772480955399302,0.5798867035705536
10_100,0.7,42,84,0.30866183332029457,-2.283203652602678,0.2065020261480503,2839.0290971389045,265.4302912357658,0.9084210929708493,0.5798867035705536
10_100,0.7,42,85,0.3046391804572615,-2.847162707114178,0.18162905109511454,3081.6993179886927,291.17712418618993,1.034439128326996,0.5798867035705536
10_100,0.7,42,86,0.3006790870211401,-2.378211080103634,0.24439719593923526,2904.6014775872604,261.1788067729484,0.9291560667292051,0.5798867035705536
10_100,0.7,42,87,0.29678058010125963,-1.853929656822751,0.18271234396327135,2635.4617200613257,257.61179532083804,0.8190802164034899,0.5798867035705536
10_100,0.7,42,88,0.2929427019174456,-2.0851513318582438,0.1635778944514384,2912.3389354772876,201.2506995643648,0.8609999208766488,0.5798867035705536
10_100,0.7,42,89,0.28916450958471324,-1.9277337113473179,0.1929184740760617,2726.3499036469943,238.5734410516363,0.8322026586060602,0.5798867035705536
10_100,0.7,42,90,0.28544507488162135,-1.7563755977378877,0.20246882431939245,2601.861950949966,248.20532449897038,0.7946917016322741,0.5798867035705536
10_100,0.7,42,91,0.28178348402222775,-1.8864678464964544,0.23816588900024085,2627.0907759012507,262.3835966112716,0.8214576209647729,0.5798867035705536
10_100,0.7,42,92,0.27817883743159105,-1.5956534556871014,0.2007709263915382,2529.098807758716,244.62820166850514,0.7618280492364606,0.5798867035705536
10_100,0.7,42,93,0.27463024952476534,-2.042805202087836,0.18623468631337228,2688.132007487536,273.08873140399214,0.85818027155093,0.5798867035705536
10_100,0.7,42,94,0.27113684848922975,-1.9409518698286712,0.18971464723536158,2664.851076040511,264.3997348722601,0.8387020034212037,0.5798867035705536
10_100,0.7,42,95,0.2676977760707032,-2.491155448038336,0.1657190593078624,2913.6324407407265,284.9901732952791,0.9609970538177758,0.5798867035705536
10_100,0.7,42,96,0.2643121873622896,-2.193835009229993,0.16879820231691176,2912.2855608193195,220.86668963316825,0.8842841269328728,0.5798867035705536
10_100,0.7,42,97,0.2609792505969018,-2.398964116337157,0.17224150990575499,3031.5119421576337,219.0537473075484,0.9290154546587149,0.5798867035705536
10_100,0.7,42,98,0.25769814694291476,-1.977333473901731,0.16187423414184884,2668.4865572242566,266.57872150098007,0.8427204314124956,0.5798867035705536
10_100,0.7,42,99,0.25446807030299534,-2.2614382525993753,0.17597831243177584,2861.8340678043287,254.69158246463311,0.9046306920209726,0.5798867035705536
10_100,0.7,42,100,0.2512882271160621,-1.488529766828619,0.17302381036909673,2446.3080233679725,253.99420171631664,0.7403984257231387,0.5798867035705536
10_100,0.7,42,101,0.2481578361623234,-1.945197485761164,0.1424095687962694,2720.68923985765,247.35097594117704,0.8404049658458854,0.5798867035705536
10_100,0.7,42,102,0.2450761283713493,-1.78819410858528,0.17392392237290558,2598.55390256289,256.324712246158,0.8030372384350313,0.5798867035705536
10_100,0.7,42,103,0.24204234663312607,-1.5203585925675234,0.16816154311794013,2526.50074054923,230.21920083422245,0.743687450339683,0.5798867035705536
10_100,0.7,42,104,0.23905574561205173,-1.8942765881979748,0.20098839473735025,2659.8905269295014,255.80079075737473,0.8265351310654777,0.5798867035705536
10_100,0.7,42,105,0.23611559156382206,-1.8687804175643048,0.1641686685718361,2658.356916703863,249.06510436225284,0.8179295699255417,0.5798867035705536
10_100,0.7,42,106,0.2332211621551653,-1.5723049244622704,0.15869740590973935,2456.625240069521,268.9468499083667,0.7622204369097734,0.5798867035705536
10_100,0.7,42,107,0.23037174628638085,-1.861334374878098,0.19463540187365447,2748.9809110364,215.03259347556204,0.8131339933199241,0.5798867035705536
10_100,0.7,42,108,0.2275666439166364,-1.324607735980921,0.19284667790404428,2444.0328148206127,220.29160658746082,0.6994626233059196,0.5798867035705536
10_100,0.7,42,109,0.2248051658919834,-1.9492138543100126,0.17315430241856747,2821.2663523049014,202.39980924517178,0.8265512657753054,0.5798867035705536
10_100,0.7,42,110,0.22208663377604637,-2.0647050671390383,0.15942989446500588,2674.768221187311,285.7358416027816,0.8679506923591851,0.5798867035705536
10_100,0.7,42,111,0.21941037968334542,-2.340503500462443,0.16135497277409847,2796.697858556726,295.31998614299937,0.927285615375351,0.5798867035705536
10_100,0.7,42,112,0.21677574611521144,-1.383382006603418,0.1543608187281523,2428.3828341209287,238.6854063491867,0.7151614856668385,0.5798867035705536
10_100,0.7,42,113,0.21418208579825188,-1.5582332989464924,0.16421312664149754,2485.1147587635096,249.7367840685102,0.7506008821791805,0.5798867035705536
10_100,0.7,42,114,0.21162876152533033,-2.1202644366262753,0.1842310236194009,2810.8155988489134,244.3516989675257,0.8722833918738515,0.5798867035705536
10_100,0.7,42,115,0.20911514599901782,-2.201469679508381,0.18787532192838358,2811.711616569202,263.12674902607733,0.8949418454515208,0.5798867035705536
10_100,0.7,42,116,0.20664062167747893,-1.9823875749272015,0.1247665519114161,2741.598099181709,245.97136406818183,0.846988202423109,0.5798867035705536
10_100,0.7,42,117,0.20420458062275576,-3.0101790586356167,0.15135374198138496,3271.637644218148,258.18320054901966,1.0699323770465166,0.5798867035705536
10_100,0.7,42,118,0.2018064243514096,-1.4902260305295505,0.179057148424868,2576.4111340911404,203.39865515484328,0.7314497643756444,0.5798867035705536
10_100,0.7,42,119,0.1994455636874869,-1.6239772759119204,0.2131545980455703,2455.192435921826,279.6518004893003,0.7743752380588992,0.5798867035705536
10_100,0.7,42,120,0.19712141861777083,-2.3989012147733755,0.17065275231795698,2823.9100960040632,297.96279748530975,0.9411265524445926,0.5798867035705536
10_100,0.7,42,121,0.19483341814928484,-1.7675174585624722,0.14958406558427173,2704.4950637625507,212.24843871823052,0.7923323616436151,0.5798867035705536
10_100,0.7,42,122,0.19258100016901147,-1.3275953996530037,0.17001631430094694,2375.7792157830663,248.95458861674297,0.7066758728902739,0.5798867035705536
10_100,0.7,42,123,0.19036361130579338,-1.7093857363882035,0.21476470073537643,2548.9396419801437,263.179690975611,0.7916708596714764,0.5798867035705536
10_100,0.7,42,124,0.18818070679438154,-2.0035008509423955,0.17289255094618722,2730.899285697995,249.89688641552075,0.8474447432051293,0.5798867035705536
10_100,0.7,42,125,0.1860317503415984,-2.2894186746594123,0.17425511791210743,2928.2402759045485,235.377332944805,0.9077979254081098,0.5798867035705536
10_100,0.7,42,126,0.1839162139945818,-2.5498724405008644,0.13603902134887202,3001.8134460433103,258.97193966912556,0.9647623159194219,0.5798867035705536
10_100,0.7,42,127,0.18183357801107813,-2.931023063053143,0.13678709449532803,3244.7216675681702,246.2560988349941,1.045177543985064,0.5798867035705536
10_100,0.7,42,128,0.17978333073175307,-2.1560363004665684,0.1695693368552535,2745.9809103717826,278.5371772493473,0.887402231959799,0.5798867035705536
10_100,0.7,42,129,0.17776496845448742,-2.666238755285252,0.1629623335532669,3193.687533900372,211.82243115767147,0.9841989495605737,0.5798867035705536
10_100,0.7,42,130,0.17577799531062827,-1.241566733913264,0.18611865337254993,2312.1984198337736,254.62642796309643,0.6884115635981961,0.5798867035705536
10_100,0.7,42,131,0.1738219231431649,-2.837988223398945,0.19937978935010825,3214.6441056195117,238.9757054797803,1.0247000528527332,0.5798867035705536
10_100,0.7,42,132,0.17189627138679878,-1.8019348154592947,0.11995733656155702,2706.4188384668964,220.19785781399054,0.802533354214474,0.5798867035705536
10_100,0.7,42,133,0.1700005669498786,-1.9081461020000905,0.16411928245075472,2712.2677980173316,240.31571234513842,0.8287348771483742,0.5798867035705536
10_100,0.7,42,134,0.16813434409817252,-2.2702330974364626,0.1647106336662548,2940.091759255457,228.17714331879452,0.9039041285049697,0.5798867035705536
10_100,0.7,42,135,0.16629714434044632,-2.627392050589342,0.1724328464756124,3125.2718277827526,229.84825609873647,0.9787107499100727,0.5798867035705536
10_100,0.7,42,136,0.16448851631582245,-2.00885975330767,0.1533245061194318,2808.8759752232886,226.7567898452983,0.8506166366286159,0.5798867035705536
10_100,0.7,42,137,0.16270801568288995,-1.14638386547366,0.2117016944940735,2336.325783317686,227.83363842959267,0.6660677945402431,0.5798867035705536
10_100,0.7,42,138,0.16095520501053945,-2.105467096319101,0.15114945149428277,2807.9044312413434,244.63936860502676,0.8714803604933617,0.5798867035705536
10_100,0.7,42,139,0.1592296536704954,-1.9399736466947455,0.14761524833126335,2821.1169264808914,205.94260893120327,0.8307016034818782,0.5798867035705536
10_100,0.7,42,140,0.15753093773152022,-1.7636786962873447,0.14908649674294217,2611.2289252474,245.2528541031579,0.7948674762696384,0.5798867035705536
10_100,0.7,42,141,0.15585863985526294,-2.79748227312483,0.15288920896156194,3252.8338703243603,217.44185561208442,1.0141342545948937,0.5798867035705536
10_100,0.7,42,142,0.15421234919372853,-2.1800072856621493,0.12827204154325686,2987.736646802989,190.84030917895265,0.8782814417951577,0.5798867035705536
10_100,0.7,42,143,0.152591661288341,-2.1244699603515347,0.15510404364964375,2872.096151012967,223.70093550639507,0.8718471104675041,0.5798867035705536
10_100,0.7,42,144,0.15099617797057668,-1.8676670340374675,0.16087594577928838,2582.419099974547,281.9701957230453,0.8271609643035727,0.5798867035705536
10_100,0.7,42,145,0.14942550726414244,-1.9568421018151834,0.14168503345478553,2786.883263894223,222.1312346590583,0.8364726133658837,0.5798867035705536
10_100,0.7,42,146,0.14787926328867598,-2.3381999521680754,0.15708038701916144,2965.657170600144,234.65816848880604,0.9216575304995613,0.5798867035705536
10_100,0.7,42,147,0.1463570661649425,-2.247406114316974,0.18625255582722053,2912.4570256526968,235.16005897208643,0.9013330970108119,0.5798867035705536
10_100,0.7,42,148,0.1448585419215072,-2.1047916727645952,0.15987668184691267,2810.873226146773,242.33275886951367,0.8699074087006393,0.5798867035705536
10_100,0.7,42,149,0.14338332240285795,-2.389687033597867,0.14974357255984527,3069.4782444156253,204.87463229632175,0.9270997304274388,0.5798867035705536
10_100,0.7,42,150,0.1419310451789575,-1.7019068733609855,0.15327163622619305,2507.119501623167,277.23981965917665,0.7919297153432433,0.5798867035705536
10_100,0.7,42,151,0.14050135345620207,-1.7744453587229305,0.11995168627706003,2653.738283461154,234.59473256657276,0.7989214795408724,0.5798867035705536
10_100,0.7,42,152,0.13909389598976496,-1.903955460038648,0.15651753152725262,2742.6830185501854,229.17813713298045,0.8274632905840875,0.5798867035705536
10_100,0.7,42,153,0.13770832699730284,-2.7453178796643836,0.13943969932812292,3106.842389344319,262.40089254818264,1.0101383110749371,0.5798867035705536
10_100,0.7,42,154,0.13634430607400466,-1.8532997245212914,0.17403301298459223,2723.7091914583325,228.02984670810022,0.8186376683930601,0.5798867035705536
10_100,0.7,42,155,0.13500149810896128,-2.0067186147630456,0.158667698082955,2743.9659675435623,248.70550944744892,0.8511677156288233,0.5798867035705536
10_100,0.7,42,156,0.13367957320283602,-1.985502131962829,0.15505739172915217,2737.3732222234694,249.12756612933723,0.8490765819417562,0.5798867035705536
10_100,0.7,42,157,0.13237820658681518,-1.3602826315241643,0.14569890698459545,2391.0373421775703,251.79193489731517,0.7160470315074147,0.5798867035705536
10_100,0.7,42,158,0.13109707854281938,-2.6656136766555667,0.16796926780222363,3058.43727142522,264.4012558728603,0.9934797927902652,0.5798867035705536
10_100,0.7,42,159,0.12983587432495577,-1.9026773194798845,0.13912913005717473,2719.0158611558795,238.70364888276583,0.8294732759239172,0.5798867035705536
10_100,0.7,42,160,0.12859428408219134,-1.916394183650764,0.1244600483683859,2736.3989634146365,236.48317745742378,0.8336710234351685,0.5798867035705536
10_100,0.7,42,161,0.1273720027822294,-1.9637689011043378,0.14292115643626238,2803.2532483644904,221.18305810200593,0.8417835339673931,0.5798867035705536
10_100,0.7,42,162,0.12616873013656954,-1.5039198429361031,0.1637130648256383,2551.005541026669,219.034437534052,0.7400355551396202,0.5798867035705536
10_100,0.7,42,163,0.12498417052673307,-1.5132931841472568,0.15548531574251195,2425.4645339776216,268.26219845565214,0.7491532161167342,0.5798867035705536
10_100,0.7,42,164,0.12381803293163596,-2.3041968848598304,0.13585541812149443,2992.3810256186916,217.8270119463179,0.9121699504856868,0.5798867035705536
10_100,0.7,42,165,0.12267003085609117,-2.370219614323898,0.15301587445326548,2895.2791409310285,268.9007706823336,0.9346643441404151,0.5798867035705536
10_100,0.7,42,166,0.1215398822604227,-2.228341590820743,0.17251185032239386,2935.310650364786,220.39232359247262,0.892775058044846,0.5798867035705536
10_100,0.7,42,167,0.1204273094911746,-2.29055740116601,0.16645371880317236,2910.1797628782865,245.72220234025397,0.9129861534883057,0.5798867035705536
10_100,0.7,42,168,0.11933203921289748,-2.0555772441073845,0.13929984935984097,2889.2248415951226,205.2445602858522,0.856655399937935,0.5798867035705536
10_100,0.7,42,169,0.11825380234099556,-2.0776798029142234,0.15057673586133155,2847.295512718269,226.10659580006268,0.8649524682110733,0.5798867035705536
10_100,0.7,42,170,0.11719233397561858,-1.9866707393665228,0.14916567771250638,2753.8054685533107,245.39370951386826,0.851102400126346,0.5798867035705536
10_100,0.7,42,171,0.11614737333658141,-2.2800453559381864,0.14456887171234148,2908.8892314024356,243.39627060141902,0.9097152850384926,0.5798867035705536
10_100,0.7,42,172,0.11511866369929591,-1.90024340479338,0.140568126719067,2807.4323288781507,204.5612821791778,0.8236790829665768,0.5798867035705536
10_100,0.7,42,173,0.11410595233169919,-2.316278563094086,0.15309939687518734,2758.3303452386212,304.52773130139815,0.9231372231911039,0.5798867035705536
10_100,0.7,42,174,0.11310899043216277,-2.0262762687894442,0.12242160853091258,2740.8408586886985,252.89800664715216,0.8549197664980603,0.5798867035705536
10_100,0.7,42,175,0.1121275330683672,-2.3276901946904642,0.13932783801115703,2971.9995752115838,229.6709615669943,0.918226494726562,0.5798867035705536
10_100,0.7,42,176,0.11116133911712744,-1.5530356888078054,0.1471375723198127,2389.207521573953,290.2786946085797,0.7610524786455077,0.5798867035705536
10_100,0.7,42,177,0.1102101712051541,-2.0066276531750713,0.1449158982351794,2710.2165913784897,260.5712953426244,0.8519933268801814,0.5798867035705536
10_100,0.7,42,178,0.10927379565073586,-2.763764519062685,0.18534989554933606,3123.192258892099,260.42288011173207,1.0142178030923445,0.5798867035705536
10_100,0.7,42,179,0.10835198240632873,-2.8289099531260624,0.1349790851308122,3152.312668854364,263.7851613353599,1.0296639018679292,0.5798867035705536
10_100,0.7,42,180,0.1074445050020384,-2.0787299449103704,0.15461405305428927,2756.410124411732,257.615873015598,0.8666474712425777,0.5798867035705536
10_100,0.7,42,181,0.10655114048998136,-1.9764668779671553,0.15700108322519835,2600.298911298574,297.23253062385953,0.8523248613499307,0.5798867035705536
10_100,0.7,42,182,0.10567166938951125,-1.9520851501414094,0.13811779333915525,2707.321490860172,251.7885707548374,0.8404203384844032,0.5798867035705536
10_100,0.7,42,183,0.10480587563329734,-3.043000888253105,0.15026091941619893,3164.1747621597265,299.976826082556,1.0773268953899495,0.5798867035705536
10_100,0.7,42,184,0.10395354651424124,-1.9919402387214051,0.14280090201470577,2718.2865051151507,254.74947395067267,0.8482500446953363,0.5798867035705536
10_100,0.7,42,185,0.10311447263321932,-1.8682870633025113,0.14291983539164016,2612.767428255453,271.8265179338006,0.8270438936977557,0.5798867035705536
10_100,0.7,42,186,0.10228844784763778,-2.703417056261342,0.13883300439951163,3043.2831508954996,280.4285784572915,1.0065621062231778,0.5798867035705536
10_100,0.7,42,187,0.10147526922078795,-1.8842275394659072,0.14774477173323977,2659.460042002421,253.96534685266073,0.8241852065447984,0.5798867035705536
10_100,0.7,42,188,0.10067473697198882,-3.0049819887686784,0.14341230226112317,3210.5773873667854,276.8483154787344,1.0680961964928688,0.5798867035705536
10_100,0.7,42,189,0.09988665442750533,-2.369817445069017,0.1631311613036845,2930.3860657253244,252.5073017031384,0.9289933722562652,0.5798867035705536
10_100,0.7,42,190,0.09911082797222981,-2.11268394779836,0.14653676845167782,2782.5360949109045,254.0449078933851,0.8726788291074321,0.5798867035705536
10_100,0.7,42,191,0.09834706700211487,-2.4425903856384434,0.17245732491762797,3008.69683979483,238.97079073269384,0.9437063876184021,0.5798867035705536
10_100,0.7,42,192,0.09759518387734595,-2.1361768766171894,0.1591582708157706,2794.491139851352,256.6327681080395,0.8804546587147368,0.5798867035705536
10_100,0.7,42,193,0.09685499387624241,-3.0006921161364275,0.13233005195800102,3244.783510765905,263.8225663743126,1.0660720799831578,0.5798867035705536
10_100,0.7,42,194,0.09612631514987509,-2.5503078236186,0.12999325401857895,3079.288140998559,233.8483345385731,0.9653802526079467,0.5798867035705536
10_100,0.7,42,195,0.09540896867739013,-2.306242363285591,0.18242813802231356,2941.277150553903,237.68352424999827,0.9156645368753439,0.5798867035705536
10_100,0.7,42,196,0.0947027782220271,-1.7476047909058998,0.1606069055410984,2610.5992497674592,246.91730999435467,0.7965973515726288,0.5798867035705536
10_100,0.7,42,197,0.09400757028782174,-1.940472707304153,0.13172585474722243,2658.468140316321,270.6952580311279,0.8436714735293349,0.5798867035705536
10_100,0.7,42,198,0.09332317407698135,-2.2239479112060647,0.11347612143904548,2854.4452216961968,253.0330106207401,0.8997545602190986,0.5798867035705536
10_100,0.7,42,199,0.09264942144792357,-2.055476154915133,0.14492890499054736,2796.4992169714387,239.83709471554891,0.8612898678996124,0.5798867035705536
10_100,0.7,42,200,0.09198614687396757,-2.053438633645018,0.14233767108658052,2758.559714328658,254.0616337788555,0.8632700979716941,0.5798867035705536
10_100,0.7,42,201,0.0913331874026676,-2.3693752588133377,0.14627242826194345,2944.8870330649506,247.0854408044865,0.928254254263774,0.5798867035705536
10_100,0.7,42,202,0.09069038261577916,-1.976538199780198,0.12169712402508073,2757.0091784745778,236.43311417707378,0.8417164180769177,0.5798867035705536
10_100,0.7,42,203,0.09005757458984752,-2.1560145775294677,0.1386015534044863,2817.5825172588497,250.54269631490374,0.8822997982285208,0.5798867035705536
10_100,0.7,42,204,0.08943460785740934,-2.1499080518523095,0.1488375665914506,2848.419526051612,238.0812450154521,0.8796212187572832,0.5798867035705536
10_100,0.7,42,205,0.08882132936879764,-2.293659109671223,0.14678165412271899,2891.201477980747,250.3993063814063,0.9110797624327908,0.5798867035705536
10_100,0.7,42,206,0.08821758845454078,-1.8829252160606884,0.12265285733968487,2680.746195329923,250.78087746435708,0.8287725128063809,0.5798867035705536
10_100,0.7,42,207,0.08762323678834613,-2.307304735659815,0.15169431674141678,2826.56744433552,277.8047444761493,0.9182223377611076,0.5798867035705536
10_100,0.7,42,208,0.08703812835065944,-2.436705224441303,0.14445381541114352,2947.822980174072,262.05132754430315,0.9471893430733628,0.5798867035705536
10_100,0.7,42,209,0.08646211939279098,-2.2755392458234036,0.12955289333391298,2900.689233099903,245.7628969354608,0.9093023938734334,0.5798867035705536
10_100,0.7,42,210,0.08589506840159955,-2.507176001200212,0.12065703731203974,2826.4783204922874,324.1381320979678,0.9732346596407122,0.5798867035705536
10_100,0.7,42,211,0.08533683606472567,-2.0951276763553133,0.1434101288589807,2800.9483449422505,247.5290619049121,0.8721780729349822,0.5798867035705536
10_100,0.7,42,212,0.08478728523636561,-2.239052350469817,0.11479770477406617,2780.5229024765686,282.26647435874725,0.905416384320751,0.5798867035705536
10_100,0.7,42,213,0.08424628090357741,-2.172251987760842,0.13636541475358702,2749.1182420556165,279.9034061636699,0.8902591507863643,0.5798867035705536
10_100,0.7,42,214,0.08371369015311121,-1.968141815843155,0.1090179960130953,2807.626269370283,218.47417189217012,0.8402848545601893,0.5798867035705536
10_100,0.7,42,215,0.08318938213875532,-2.5253073060640974,0.16690592102106297,3046.446724658731,243.4439895402534,0.9638658375050353,0.5798867035705536
10_100,0.7,42,216,0.08267322804918986,-1.9646907352784748,0.14762799594585588,2741.14289904687,240.38679628684577,0.840174332171267,0.5798867035705536
10_100,0.7,42,217,0.08216510107634088,-1.877405262540297,0.14534002210079094,2665.925140431844,250.74537000016792,0.8229020149357735,0.5798867035705536
10_100,0.7,42,218,0.08166487638422609,-2.3982149514159783,0.13391184289170024,2912.7893701458643,262.4347543083891,0.9338680735183302,0.5798867035705536
10_100,0.7,42,219,0.08117243107828538,-2.2612401510027222,0.11124753441384931,2985.731157051051,211.21745559138876,0.9017022954929382,0.5798867035705536
10_100,0.7,42,220,0.08068764417518824,-1.9452948141786293,0.16863478208317156,2730.690232480727,241.94570330279473,0.837915961286915,0.5798867035705536
10_100,0.7,42,221,0.08021039657311081,-2.3914968668892773,0.11594362784254235,2928.882880344046,258.51666117989396,0.9355417991399018,0.5798867035705536
10_100,0.7,42,222,0.07974057102247495,-2.2020629978236457,0.10665073882260237,2822.6742702346924,258.2585118477156,0.8934690461592081,0.5798867035705536
10_100,0.7,42,223,0.0792780520971426,-2.056073036990677,0.14886577410849786,2767.1079908057854,250.40374972091712,0.8622858416652516,0.5798867035705536
10_100,0.7,42,224,0.07882272616605801,-2.3811642789974137,0.1277693736057426,2995.205171564268,233.4128439636572,0.9317976132058969,0.5798867035705536
10_100,0.7,42,225,0.0783744813653311,-1.9811632201851168,0.12259830711005412,2712.8290916903775,255.59874218993446,0.8471129329184071,0.5798867035705536
10_100,0.7,42,226,0.07793320757075473,-2.3914968668892773,0.11772332509259795,2928.882880344046,258.51666117989396,0.9355417991399018,0.5798867035705536
10_100,0.7,42,227,0.07749879637074959,-2.3359127401670023,0.12264195113211589,2882.4732950309954,264.20943191986254,0.9240548583684239,0.5798867035705536
10_100,0.7,42,228,0.07707114103972987,-697.740386153157,0.13420382435468386,112567.6678394099,110201.23503302294,174.67028719762993,0.5798867035705536
10_100,0.7,42,229,0.0766501365118829,-2.1940549905248465,0.1069653380066337,2820.574929601017,258.9396734941368,0.8934527586202226,0.5798867035705536
10_100,0.7,42,230,0.07623567935535681,-2.3406744539158795,0.12316874990753521,2781.0145909406438,302.4690758816232,0.9296118702222266,0.5798867035705536
10_100,0.7,42,231,0.07582766774684957,-2.3914968668892773,0.11430227282395844,2928.882880344046,258.51666117989396,0.9355417991399018,0.5798867035705536
10_100,0.7,42,232,0.07542600144659303,-2.7451032494199303,0.14311233376891117,3093.105835852406,263.420037605879,1.005947290876461,0.5798867035705536
10_100,0.7,42,233,0.07503058177372629,-2.115028947657926,0.15343147543009011,2754.062095870967,268.9988398704729,0.8792478962551409,0.5798867035705536
10_100,0.7,42,234,0.0746413115820518,-2.511740994280346,0.12770477787022855,3052.0871193575713,238.50566644836655,0.960216817001655,0.5798867035705536
10_100,0.7,42,235,0.07425809523616868,-572.3557006029114,0.12460753167691649,93109.84262397568,90227.2203460692,143.28803169418438,0.5798867035705536
10_100,0.7,42,236,0.0738808385879771,-2.1034241728034897,0.12810071664044279,2858.839420719454,226.28948241505142,0.8697093399041691,0.5798867035705536
10_100,0.7,42,237,0.0735094489535481,-2.3914968668892773,0.15474697902549497,2928.882880344046,258.51666117989396,0.9355417991399018,0.5798867035705536
10_100,0.7,42,238,0.07314383509035316,-2.4884392774935207,0.14238629035207886,2972.9498953276716,260.3333848995945,0.9550293498429107,0.5798867035705536
10_100,0.7,42,239,0.07278390717484776,-2.0745346158661935,0.13893884886325708,2729.12187423285,265.82764769404594,0.8656726649555593,0.5798867035705536
10_100,0.7,42,240,0.07242957678040378,-2.2726826927472272,0.11873650630726469,2853.9133796550204,261.4439869683176,0.9095382556043892,0.5798867035705536
10_100,0.7,42,241,0.07208075685558483,-2.124444147288632,0.12548869450253225,2773.9133796550204,261.4439869683176,0.8780786192397404,0.5798867035705536
10_100,0.7,42,242,0.0717373617027597,-2.422868456476402,0.1403056228069212,2972.2260407830618,248.78219531927925,0.9410210601730465,0.5798867035705536
10_100,0.7,42,243,0.07139930695704806,-2.4815856117516732,0.15397421253348614,2956.3523952696555,266.78209448298827,0.9561639853555007,0.5798867035705536
10_100,0.7,42,244,0.0710665095655941,-2.719493631064966,0.12974346806075107,3084.05585359617,267.3098670698719,1.007009821352655,0.5798867035705536
10_100,0.7,42,245,0.07073888776716195,-2.6499355100691426,0.13407258408262238,2960.673158580228,298.3338672748572,0.9953488625322706,0.5798867035705536
10_100,0.7,42,246,0.07041636107204882,-1.9385065587513046,0.14028619825350758,2668.00304767458,261.3735430157815,0.8363461701573566,0.5798867035705536
10_100,0.7,42,247,0.07009885024231037,-2.58835299012935,0.13732191319632017,3023.6653874408034,263.44908547680774,0.9786746611187511,0.5798867035705536
10_100,0.7,42,248,0.0697862772722936,-2.6225840520753763,0.1427286776664645,3008.8001524448546,274.6384063460891,0.9861226863455174,0.5798867035705536
10_100,0.7,42,249,0.0694785653694726,-2.1875880791267606,0.14987904398385463,2790.4951072012564,270.0001180035518,0.8947646021992726,0.5798867035705536
10_100,0.7,42,250,0.06917563893558212,-2.794142794508982,0.14587820362903656,3145.796548744586,260.47782200090694,1.023172112213659,0.5798867035705536
10_100,0.7,42,251,0.06887742354804487,-2.248056653772593,0.14694772271928228,2912.1314405412118,231.2281669067626,0.8965336939126787,0.5798867035705536
10_100,0.7,42,252,0.06858384594168729,-2.1189747051723775,0.15751428545268883,2784.9237537078297,257.6172043372653,0.8778619080613261,0.5798867035705536
10_100,0.7,42,253,0.06829483399074003,-3.0345005401644793,0.1274573958386545,3254.05585359617,267.3098670698719,1.0738615486275334,0.5798867035705536
10_100,0.7,42,254,0.06801031669111803,-2.5558648000292923,0.14288736502406763,3085.7917287115624,231.1253117362326,0.9647026135937367,0.5798867035705536
10_100,0.7,42,255,0.06773022414297643,-2.1383095963523018,0.13258117110917814,2789.5678305717247,259.7624622488895,0.882236889597566,0.5798867035705536
10_100,0.7,42,256,0.06745448753353762,-2.719493631064966,0.13114055576791736,3084.05585359617,267.3098670698719,1.007009821352655,0.5798867035705536
10_100,0.7,42,257,0.06718303912018544,-2.559097948291587,0.12368851479610884,3027.9125186592623,254.49850713763252,0.9697109006593103,0.5798867035705536
10_100,0.7,42,258,0.0669158122138222,-2.7258025263111723,0.1320564381865584,3141.416673155993,246.79690127487513,1.0051958363729978,0.5798867035705536
10_100,0.7,42,259,0.06665274116248465,-3.016512360465696,0.14588029531653537,3268.4176515107047,257.1062046700161,1.0673865816249155,0.5798867035705536
10_100,0.7,42,260,0.06639376133521471,-3.010397244593353,0.11600649735693454,3215.852414951921,276.2344147346306,1.0694412192402463,0.5798867035705536
10_100,0.7,42,261,0.06613880910618089,-2.942884401434324,0.13898353731849275,3259.2277985244596,245.97094271030124,1.0505432282307088,0.5798867035705536
10_100,0.7,42,262,0.06588782183904693,-2.1077199043442354,0.1391279645329626,2788.441082148277,253.36323712111113,0.8741910649971477,0.5798867035705536
10_100,0.7,42,263,0.06564073787158327,-2.3406981688730495,0.14254412824186574,2862.0999180618774,272.6529246959676,0.9260745921683122,0.5798867035705536
10_100,0.7,42,264,0.06539749650051803,-2.202236291917245,0.135948064200027,2834.696292757869,254.55404966894295,0.8937954865657248,0.5798867035705536
10_100,0.7,42,265,0.06515803796662348,-2.719493631064966,0.13701664890771909,3084.05585359617,267.3098670698719,1.007009821352655,0.5798867035705536
10_100,0.7,42,266,0.06492230344003448,-2.4780254604295155,0.14422993769879494,2973.5269525595277,258.1636650072473,0.9526784929795068,0.5798867035705536
10_100,0.7,42,267,0.06469023500579518,-572.0550165918507,0.12713676495280896,92951.25087302671,90225.71047943238,143.22387237973092,0.5798867035705536
10_100,0.7,42,268,0.06446177564963067,-2.719493631064966,0.13700094371423327,3084.05585359617,267.3098670698719,1.007009821352655,0.5798867035705536
10_100,0.7,42,269,0.06423686924393959,-572.6012104292424,0.12103362232807391,93163.4143892208,90253.74392367763,143.34061044946844,0.5798867035705536
10_100,0.7,42,270,0.064015460534005,-2.719493631064966,0.11186159075255771,3084.05585359617,267.3098670698719,1.007009821352655,0.5798867035705536
10_100,0.7,42,271,0.0637974951244193,-2.5852172601404515,0.12361595816854216,2991.6881816891505,274.20922684287325,0.9788835857643835,0.5798867035705536
10_100,0.7,42,272,0.06358291946572056,-2.4324609022055466,0.15393721959488765,2802.0439030028433,315.05544485497063,0.9528350557212169,0.5798867035705536
10_100,0.7,42,273,0.06337168084123639,-2.103098807530734,0.16967891519768163,2752.215711681358,265.731252250448,0.8746396868976686,0.5798867035705536
10_100,0.7,42,274,0.06316372735413278,-2.65112252076701,0.14719228221662337,3077.2504647469345,256.26962982247153,0.991217043778166,0.5798867035705536
10_100,0.7,42,275,0.06295900791466405,-2.7950250905189518,0.11319867916473662,3126.5465093725984,264.1974100466212,1.020021257644723,0.5798867035705536
10_100,0.7,42,276,0.06275747222762111,-2.023166369628145,0.10112247906874679,2719.635888364995,259.74331279496147,0.8547137202791641,0.5798867035705536
10_100,0.7,42,277,0.06255907077997513,-2.6459042490503872,0.14821202205282394,3065.796548744586,260.47782200090694,0.9917124758490103,0.5798867035705536
10_100,0.7,42,278,0.062363754828713217,-2.6383921986033965,0.12467757833479416,3037.479004884758,265.85317621247873,0.9869630346658341,0.5798867035705536
10_100,0.7,42,279,0.06217147638886324,-2.6414075906594214,0.1389024369062598,3046.0263604465554,263.0693696956346,0.9870168826798403,0.5798867035705536
10_100,0.7,42,280,0.06198218822170495,-2.520786188147847,0.12981674530838777,2965.993877106304,271.18591409013993,0.9651875060779208,0.5798867035705536
10_100,0.7,42,281,0.06179584382316449,-571.9868852365096,0.11995973000239853,92844.0897990871,90252.35081891164,143.21338239803848,0.5798867035705536
10_100,0.7,42,282,0.06161239741238927,-2.2475860464252486,0.12833381163576765,2907.1714092845305,234.5961375655524,0.898584573544374,0.5798867035705536
10_100,0.7,42,283,0.06143180392050065,-2.4892516392326764,0.13201561669867712,2980.042618809974,260.24645943502486,0.9577152574605168,0.5798867035705536
10_100,0.7,42,284,0.06125401897952138,-1.9345644434092404,0.1642324592508624,2673.5199991515324,260.3748542763203,0.837329172790372,0.5798867035705536
10_100,0.7,42,285,0.06107899891147547,-2.4762502949986294,0.1241007394400124,2970.317910700911,260.44089562224264,0.9541220642591478,0.5798867035705536
10_100,0.7,42,286,0.060906700717657275,-2.246940056534296,0.13405766443980413,2786.1531565828072,283.07791426407937,0.9085945046430645,0.5798867035705536
10_100,0.7,42,287,0.060737082068067785,-2.222025411501825,0.1378626444984634,2813.101278883689,265.656976714562,0.8984944148135182,0.5798867035705536
10_100,0.7,42,288,0.06057010129101494,-2.562847155199425,0.14846921671277244,3011.402509635491,261.3968486712035,0.9714141364522039,0.5798867035705536
10_100,0.7,42,289,0.06040571736287584,-2.259775512156727,0.14468051650898278,2825.6184777808985,268.6397648137099,0.9069605114058151,0.5798867035705536
10_100,0.7,42,290,0.06024388989801807,-1.9639465360721378,0.11050186541492132,2752.84888684216,236.27199537240287,0.8398889816703821,0.5798867035705536
10_100,0.7,42,291,0.06008457913887785,-1.9871584449901092,0.15421818142016575,2699.5479983461796,262.3338222923309,0.8498919588998749,0.5798867035705536
10_100,0.7,42,292,0.05992774594619241,-1.9871584449901092,0.0993206790576646,2699.5479983461796,262.3338222923309,0.8498919588998749,0.5798867035705536
10_100,0.7,42,293,0.05977335178938433,-2.0517000758175987,0.12745139786243662,2713.800563123015,270.0745910754937,0.8646933006726815,0.5798867035705536
10_100,0.7,42,294,0.059621358737095426,-1.9829535585037283,0.13593513557126904,2707.374467484533,254.79427795466125,0.8440121658497083,0.5798867035705536
10_100,0.7,42,295,0.05947172944786773,-1.9850019639950909,0.11867936477060188,2682.6119281120727,267.22126173395236,0.8490385529368346,0.5798867035705536
10_100,0.7,42,296,0.059324427160969605,-2.2789374134034484,0.11017400259032992,2817.693816000576,273.9482108470571,0.9101509867174955,0.5798867035705536
10_100,0.7,42,297,0.05917941568736433,-1.987182348324792,0.12608490771758002,2693.377015119948,264.9706058423678,0.8505979347335456,0.5798867035705536
10_100,0.7,42,298,0.05903665940081926,-1.9871584449901092,0.12305101036634727,2699.5479983461796,262.3338222923309,0.8498919588998749,0.5798867035705536
10_100,0.7,42,299,0.058896123229153184,-1.8762515969640996,0.13286834142421503,2623.4981880885152,266.7174830180593,0.8251938183219439,0.5798867035705536
10_100,0.7,42,300,0.05875777264561992,-1.6584089000849904,0.16250449171756168,2584.0280163720763,238.59573952733905,0.7762617155307381,0.5798867035705536
10_100,0.7,42,301,0.05862157366042571,-2.233246610467744,0.13109708145520196,2688.4963891926145,317.90122367880593,0.9115640002692836,0.5798867035705536
10_100,0.7,42,302,0.058487492812378764,-1.9871584449901092,0.1292052360735238,2699.5479983461796,262.3338222923309,0.8498919588998749,0.5798867035705536
10_100,0.7,42,303,0.05835549716066848,-2.097380079725046,0.13558698588490706,2804.71653625401,246.7786436315202,0.8727683466045881,0.5798867035705536
10_100,0.7,42,304,0.05822555427677263,-697.8984834174003,0.13766085012365573,112529.33791525308,110244.62134711338,174.70676016503938,0.5798867035705536
10_100,0.7,42,305,0.05809763223649032,-2.4126341930996964,0.11451036671724997,2943.656082649406,258.01972311406604,0.9407608959272717,0.5798867035705536
10_100,0.7,42,306,0.057971699612098956,-1.9122881076913356,0.13918024782449914,2669.9840909420736,257.9639566195134,0.8330743745751815,0.5798867035705536
10_100,0.7,42,307,0.05784772546463305,-1.9871584449901092,0.1531212803559292,2699.5479983461796,262.3338222923309,0.8498919588998749,0.5798867035705536
10_100,0.7,42,308,0.05772567933628324,-1.9850019639950909,0.1398685271116887,2682.6119281120727,267.22126173395236,0.8490385529368346,0.5798867035705536
10_100,0.7,42,309,0.05760553124291343,-1.9871584449901092,0.12231330843680725,2699.5479983461796,262.3338222923309,0.8498919588998749,0.5798867035705536
10_100,0.7,42,310,0.05748725166669427,-1.782019602675201,0.11943995409082778,2607.057897635834,254.24222152295792,0.8039072483211479,0.5798867035705536
10_100,0.7,42,311,0.05737081154885137,-697.0588657852271,0.11753529399739651,112216.87403212352,110192.3341542108,174.52176424850458,0.5798867035705536
10_100,0.7,42,312,0.057256182282526054,-2.302165354089623,0.11990199505254533,2869.5479983461796,262.3338222923309,0.9167436861747534,0.5798867035705536
10_100,0.7,42,313,0.057143335705747374,-1.5879447241554323,0.14990668206215535,2500.5131050985333,253.82819517867827,0.7615171001197771,0.5798867035705536
10_100,0.7,42,314,0.05703224409451321,-1.8583382101393564,0.12134671470988587,2646.0511215922334,256.82987357650285,0.8223154716157581,0.5798867035705536
10_100,0.7,42,315,0.056922880155979176,-1.9871584449901092,0.13822510452434286,2699.5479983461796,262.3338222923309,0.8498919588998749,0.5798867035705536
10_100,0.7,42,316,0.05681521702175326,-2.0506552256531236,0.11336100893677736,2728.4676887775404,263.7901572296357,0.8629947254942,0.5798867035705536
10_100,0.7,42,317,0.05670922824129488,-2.232063003853962,0.15542267296185042,2858.8218953644296,255.2112349849792,0.9040635531612927,0.5798867035705536
10_100,0.7,42,318,0.05660488777541653,-2.3334196115966317,0.12583093547832627,2891.576215536405,260.44089562224264,0.9231572505515055,0.5798867035705536
10_100,0.7,42,319,0.056502169989886525,-1.636350940545321,0.124087358168991,2532.526993976191,254.40582361787085,0.7747926801912752,0.5798867035705536
10_100,0.7,42,320,0.056401049649131195,-2.2178445329147807,0.12780103373328006,2803.504307541213,271.29651545016986,0.9014206237381857,0.5798867035705536
10_100,0.9,42,1,1.0,-2.9016529083105267,,2827.158075615636,291.9269916838252,0.9934843059987106,0.9934843059987106
10_100,0.9,42,2,0.9852258055592246,-2.1234613344395115,0.3488601980787422,2522.4310240723426,265.02589353657334,0.8287604385049827,0.8287604385049827
10_100,0.9,42,3,0.9706813761935793,-2.6722050047422803,0.3790442769606259,2740.8783145957045,279.9951823210041,0.9451358665701854,0.8287604385049827
10_100,0.9,42,4,0.9563631386463322,-2.7043357786213646,0.343259935319438,2723.067105173535,326.81041574761406,0.954670441491838,0.8287604385049827
10_100,0.9,42,5,0.9422675752312664,-2.197738575825883,0.3488111717213276,2556.9626827803395,252.6620280552766,0.8413233052951321,0.8287604385049827
10_100,0.9,42,6,0.9283912229684601,-1.0700461671721175,0.32230209063530635,2055.2684627377957,307.9367171182791,0.6095561471876347,0.6095561471876347
10_100,0.9,42,7,0.9147306727335057,-2.522227732685745,0.3178730620569327,2697.2877832638915,251.66597093991572,0.911877396041899,0.6095561471876347
10_100,0.9,42,8,0.9012825684199611,-1.6886634709216257,0.30297382831082703,2293.4407048771577,329.7103481339994,0.7385992177137564,0.6095561471876347
10_100,0.9,42,9,0.888043606114825,-2.564469112595031,0.3235625572211382,2677.061590305528,310.47413623834774,0.924940438321918,0.6095561471876347
10_100,0.9,42,10,0.8750105332868364,-2.38568549388843,0.3090102992519065,2641.3000103652985,250.60636927960527,0.883150277901012,0.6095561471876347
10_100,0.9,42,11,0.8621801479873967,-3.3872315890212543,0.2653532076533841,3055.7032947992075,261.7040288726429,1.09706805376547,0.6095561471876347
10_100,0.9,42,12,0.8495492980639193,-1.603924865393708,0.3048244993076904,2241.197148726548,362.8244144382467,0.725298765465976,0.6095561471876347
10_100,0.9,42,13,0.837114880385412,-2.055371279616054,0.29299721712928595,2472.160681299263,297.9571391078368,0.8163852441464376,0.6095561471876347
10_100,0.9,42,14,0.8248738400801048,-1.8448305605500297,0.28579280403733553,2449.57962702283,197.37448856740974,0.7651351126649799,0.6095561471876347
10_100,0.9,42,15,0.8128231697849323,-1.5166511464366386,0.2837501324554762,2285.0702697699007,242.53803092987195,0.6998448045911776,0.6095561471876347
10_100,0.9,42,16,0.8009599089066888,-2.3748127650332793,0.28096533692934095,2613.417839921754,291.3800434926477,0.8852003607554894,0.6095561471876347
10_100,0.9,42,17,0.7892811428946735,-2.795913623059334,0.26553462106696185,2754.3549502050173,343.28355350809136,0.9770133707997986,0.6095561471876347
10_100,0.9,42,18,0.7777840025246476,-3.3993418507900044,0.2776261604736685,3035.592920644999,298.6036963138428,1.1015133681254066,0.6095561471876347
10_100,0.9,42,19,0.7664656631939266,-2.395770591090799,0.2907541997817106,2588.482140871928,341.8980178850571,0.8925991579292099,0.6095561471876347
10_100,0.9,42,20,0.7553233442274359,-1.6173697240983123,0.24823284110789984,2293.29779198015,289.099870058683,0.7224442458763929,0.6095561471876347
10_100,0.9,42,21,0.7443543081945577,-1.7080153165735292,0.2446515956315623,2329.3465738288437,286.09561956500505,0.7394808021703553,0.6095561471876347
10_100,0.9,42,22,0.7335558602366034,-2.831725776348078,0.23887634259898943,2819.426233766096,263.79605677457937,0.978434557640133,0.6095561471876347
10_100,0.9,42,23,0.7229253474047432,-1.3881804012812997,0.23451779483728682,2148.914352143702,361.3071456899795,0.6780395891648138,0.6095561471876347
10_100,0.9,42,24,0.7124601580082336,-3.2645916965315696,0.2500986425938674,3006.5394364800845,264.4620516317201,1.073302985737954,0.6095561471876347
10_100,0.9,42,25,0.7021577209727804,-1.8979134243059623,0.2443167338593441,2406.720338392634,291.19851469341046,0.7806219458200803,0.6095561471876347
10_100,0.9,42,26,0.6920155052088806,-1.7302764230138215,0.22850649290930797,2373.2511368517644,246.11369369039858,0.7458452129795625,0.6095561471876347
10_100,0.9,42,27,0.6820310189899872,-2.5847910399701792,0.22412840262935269,2706.3857355695604,283.20593068976274,0.9289679065126913,0.6095561471876347
10_100,0.9,42,28,0.6722018093403456,-2.5978278227224862,0.22948917880012357,2727.940182833157,256.4164861089353,0.9292566060302718,0.6095561471876347
10_100,0.9,42,29,0.6625254614323491,-2.4183989798215446,0.23028733489392045,2613.9130149019825,311.4680212002105,0.8934060386616798,0.6095561471876347
10_100,0.9,42,30,0.6529995979932678,-2.344362126452885,0.22474181606282623,2618.679591233311,263.4281577815383,0.8767910977137872,0.6095561471876347
10_100,0.9,42,31,0.6436218787212026,-1.8271754760909393,0.2187052114461785,2359.859958313946,320.2914278484312,0.7684507621296279,0.6095561471876347
10_100,0.9,42,32,0.634389999710123,-363.41342151902836,0.22384816768122512,102591.52896607679,100245.08549918002,91.0183070947088,0.6095561471876347
10_100,0.9,42,33,0.6253016928838472,-1.549914728382031,0.26302892889255014,2292.9590185401294,252.49946876526846,0.7077783324451581,0.6095561471876347
10_100,0.9,42,34,0.6163547254388225,-0.25254608689162095,0.24629987764178124,1703.6687229870781,317.3156446409107,0.43550114043752397,0.43550114043752397
10_100,0.9,42,35,0.607546899295575,-1.5696089491314744,0.22662917544205102,2270.9388333409615,289.120822533011,0.7111478250284563,0.43550114043752397
10_100,0.9,42,36,0.5988760505586863,-1.9996174714623327,0.21474261009903403,2496.0703837673977,221.08836043146815,0.798032156743372,0.43550114043752397
10_100,0.9,42,37,0.5903400489851716,-2.727183040487019,0.23078332588505202,2762.802770949313,280.04214803456364,0.9562394997154944,0.43550114043752397
10_100,0.9,42,38,0.581936797461124,-0.5692320447712929,0.2333021175771978,1838.2899403761887,321.80894681483414,0.5053452572800693,0.43550114043752397
10_100,0.9,42,39,0.5736642314864987,-1.255023543975441,0.24505622247376735,2156.2692803609284,265.91706484159346,0.6439815103694846,0.43550114043752397
10_100,0.9,42,40,0.5655203186679085,-2.050372189758272,0.20299739142740864,2505.3725797454167,241.58055753926925,0.810850756397277,0.43550114043752397
10_100,0.9,42,41,0.5575030582193081,-1.31811330648162,0.22551323405359733,2159.7566996664887,298.9486879317178,0.6588260622181406,0.43550114043752397
10_100,0.9,42,42,0.5496104804704447,-0.8721375080359867,0.2237293113006177,2003.5898506614662,248.98597908735215,0.5600814799060996,0.43550114043752397
10_100,0.9,42,43,0.5418406463829504,-1.4177232241265159,0.2313958051226832,2222.3868224216517,275.5254834251239,0.6812157877166106,0.43550114043752397
10_100,0.9,42,44,0.5341916470739625,-2.33394406907508,0.20955364532463036,2560.5323440051798,339.7211536476637,0.8776056143383671,0.43550114043752397
10_100,0.9,42,45,0.5266616033471518,-1.967958414971645,0.22016575335340471,2443.7208675116613,282.33577833348545,0.7958196070729145,0.43550114043752397
10_100,0.9,42,46,0.519248665231044,-2.1426388324068424,0.2480169698066496,2506.2749441657706,295.43222636156094,0.8326335342755368,0.43550114043752397
10_100,0.9,42,47,0.5119510115245198,-398.61823373563294,0.21002079043988764,112214.60067181625,110267.35548987819,99.85280185715166,0.43550114043752397
10_100,0.9,42,48,0.504766849349387,-398.2714281859676,0.2165041191524312,112095.57747070053,110223.06794727776,99.7750846522195,0.43550114043752397
10_100,0.9,42,49,0.49769441370990625,-1.9095377330235705,0.2388552001370024,2415.196893110583,290.0655585672466,0.7844590253304846,0.43550114043752397
10_100,0.9,42,50,0.4907319670591703,-1.7394488979070064,0.2329915438762206,2342.82632374929,290.8261920936948,0.7481696004341275,0.43550114043752397
10_100,0.9,42,51,0.4838777988722253,-2.114366786451436,0.2228412691115405,2446.932526399034,380.15342572842275,0.8361815401027024,0.43550114043752397
10_100,0.9,42,52,0.47713022522583176,-1.1927300216949441,0.21718308192448052,2133.855404055478,261.6469203413966,0.6309579466491773,0.43550114043752397
10_100,0.9,42,53,0.47048758838475946,-1.2508444678107438,0.164248379580551,2137.0531068430146,291.6493168460416,0.6444563716979407,0.43550114043752397
10_100,0.9,42,54,0.4639482563945182,-1.6048317783037063,0.19716668265752063,2245.5921907881625,348.7631688741705,0.7219523168702988,0.43550114043752397
10_100,0.9,42,55,0.4575106226804207,-2.5799231079576135,0.1795800098601049,2716.812243538597,254.8993788833318,0.9230294949381213,0.43550114043752397
10_100,0.9,42,56,0.45117310565288166,-1.2777713243948732,0.22940165041319904,2159.143600442025,276.95654576940876,0.6498066672625544,0.43550114043752397
10_100,0.9,42,57,0.44493414831885486,-1.2607210626533725,0.2234319123753771,2142.385290776689,290.5817098427917,0.6467295330626105,0.43550114043752397
10_100,0.9,42,58,0.438792217899313,-2.275378685983879,0.2430872124309127,2607.3159178603837,234.95777747458322,0.8597706621719603,0.43550114043752397
10_100,0.9,42,59,0.43274580545267627,-3.2613848654927082,0.19558991379584845,2987.1193991209366,283.20103851942196,1.0709052739822347,0.43550114043752397
10_100,0.9,42,60,0.4267934255040983,-398.2795617277209,0.21031014965320996,112136.88358170926,110165.76853314492,99.77327714521692,0.43550114043752397
10_100,0.9,42,61,0.42093361568051574,-1.9246021124460402,0.17432542194851033,2413.875459564295,295.9864222193433,0.7861357095966914,0.43550114043752397
10_100,0.9,42,62,0.4151649363513749,-1.7455256109908084,0.17210284362885253,2374.73951822327,249.12173182380272,0.7477889951552945,0.43550114043752397
10_100,0.9,42,63,0.40948597027494477,-1.3623027986595724,0.21754437331534868,2188.046785422018,289.8813965149914,0.6695387033278968,0.43550114043752397
10_100,0.9,42,64,0.4038953222501312,-0.9559449194455101,0.2534868805560076,2062.989799355029,217.10159158919186,0.5774871955623432,0.43550114043752397
10_100,0.9,42,65,0.3983916187737056,-1.4767832938815666,0.267845904598973,2284.89615538845,217.96586541314798,0.6900256103501785,0.43550114043752397
10_100,0.9,42,66,0.3929735077028642,-397.55806214226834,0.21016938272775693,111818.09846004858,110200.97480124932,99.62604149294305,0.43550114043752397
10_100,0.9,42,67,0.38763965792303584,-2.275596113363057,0.22834176184520646,2588.701163765237,259.1120537049166,0.8599246860164218,0.43550114043752397
10_100,0.9,42,68,0.38238875902085495,-1.1117397106683298,0.22894977987316006,2084.2773334236085,288.1616024092487,0.616391654273809,0.43550114043752397
10_100,0.9,42,69,0.37721952096222106,-2.071436015658138,0.21063644019223915,2473.4693897752272,306.38911905128055,0.8203861933917239,0.43550114043752397
10_100,0.9,42,70,0.372130673775365,-1.4964507219113758,0.2106121115750431,2300.1291750201603,203.06651929290882,0.691826949542113,0.43550114043752397
10_100,0.9,42,71,0.3671209672388437,-1.8839468636143595,0.19282648462438862,2416.912435795697,273.7705945179631,0.7788732127400867,0.43550114043752397
10_100,0.9,42,72,0.3621891705743874,-3.2598485235287193,0.18572882456137235,3032.8267738385935,216.35770571772724,1.0675434329134819,0.43550114043752397
10_100,0.9,42,73,0.35733407214452373,-2.6938965788675855,0.23155871719944426,2767.9479132036017,255.21977788308044,0.9490106415533931,0.43550114043752397
10_100,0.9,42,74,0.35255447915490423,-1.635336196986945,0.235376957408084,2325.8454631038217,257.98182864341464,0.7265769063895934,0.43550114043752397
10_100,0.9,42,75,0.3478492173612599,-2.4496295959875245,0.1943866541285867,2693.738618815696,213.65152997757247,0.8950283114177935,0.43550114043752397
10_100,0.9,42,76,0.3432171307809146,-0.8185000083834504,0.1938453693998096,1958.5902638614868,288.4087923445183,0.5529420017628622,0.43550114043752397
10_100,0.9,42,77,0.3386570814087846,-1.994429074874739,0.2140898204150342,2472.8191435980957,259.42759952942436,0.8014595497709658,0.43550114043752397
10_100,0.9,42,78,0.3341679489377949,-2.410890867214913,0.1575915770508666,2647.9222868271077,260.52665629567144,0.8904271790081904,0.43550114043752397
10_100,0.9,42,79,0.32974863048364406,-1.915267989119275,0.20522683795568247,2452.9896328402533,244.15420462093613,0.7853850958479173,0.43550114043752397
10_100,0.9,42,80,0.3253980403138483,-1.1874948224730892,0.2003735873901933,2111.6102871840444,299.53835561512835,0.6347166959612627,0.43550114043752397
10_100,0.9,42,81,0.32111510958100054,-398.0947103400885,0.1803716762644223,112056.07750217238,110172.28394431688,99.73500174419628,0.43550114043752397
10_100,0.9,42,82,0.3168987860601775,-1.650240543179488,0.2010523894624059,2324.7760724604614,270.20919959865864,0.7308785507132869,0.43550114043752397
10_100,0.9,42,83,0.31274803389043004,-1.63884286214908,0.19525896347512203,2340.8007559595467,230.1598061070848,0.7231201394466938,0.43550114043752397
10_100,0.9,42,84,0.30866183332029457,-2.4183019086269963,0.24553453131041705,2655.297274344921,252.8634359204927,0.8911211648024366,0.43550114043752397
10_100,0.9,42,85,0.3046391804572615,-2.9204674362562315,0.18338053461662218,2848.5121960572014,272.45660008632893,0.9965702390174378,0.43550114043752397
10_100,0.9,42,86,0.3006790870211401,-2.6648690231968972,0.24704123736733843,2743.13762160469,273.8604057193278,0.9438486577306262,0.43550114043752397
10_100,0.9,42,87,0.29678058010125963,-1.3478278480309274,0.20396979971089985,2220.859082896046,224.2262840897048,0.6601276579784278,0.43550114043752397
10_100,0.9,42,88,0.2929427019174456,-2.0635083861893446,0.18235231939655464,2544.5074909837267,199.19489606992747,0.8138516886219281,0.43550114043752397
10_100,0.9,42,89,0.28916450958471324,-1.9449860463429904,0.21198676365298702,2472.773838155107,226.8353278554256,0.7885293287685647,0.43550114043752397
10_100,0.9,42,90,0.28544507488162135,-1.5161156775201414,0.18620227839945416,2298.13098625083,217.6614064842339,0.6965965850477011,0.43550114043752397
10_100,0.9,42,91,0.28178348402222775,-1.9187600732455805,0.2560581725545029,2453.3748569638633,234.32244579995685,0.7816862554076321,0.43550114043752397
10_100,0.9,42,92,0.27817883743159105,-1.7524853340382385,0.21583270990879555,2394.764944973178,223.14900638997491,0.7476280601162862,0.43550114043752397
10_100,0.9,42,93,0.27463024952476534,-1.8646957488818576,0.19309412264068765,2431.085596253676,240.3259336889976,0.7727943001908273,0.43550114043752397
10_100,0.9,42,94,0.27113684848922975,-2.248771638442129,0.18842390523372635,2588.1523448019993,246.79275537028428,0.85476846738609,0.43550114043752397
10_100,0.9,42,95,0.2676977760707032,-3.035885883589617,0.16829084230534583,2928.7211908775485,232.7755365582688,1.0214093663352997,0.43550114043752397
10_100,0.9,42,96,0.2643121873622896,-2.485166053704414,0.17843965343960516,2693.145404332019,237.0361552702945,0.903989249023839,0.43550114043752397
10_100,0.9,42,97,0.2609792505969018,-2.5305005826722375,0.1901375253977005,2731.248286937553,208.74451616341102,0.9120499541928678,0.43550114043752397
10_100,0.9,42,98,0.25769814694291476,-2.3122519552545264,0.17028531406414504,2616.8805470439625,241.6666859116826,0.867263438364081,0.43550114043752397
10_100,0.9,42,99,0.25446807030299534,-2.2604470819680635,0.2080714561129698,2604.261220379711,228.09128451870555,0.8555069086871541,0.43550114043752397
10_100,0.9,42,100,0.2512882271160621,-2.070243295880375,0.17165494255770497,2526.996874405444,228.12148269339588,0.8164539142131839,0.43550114043752397
10_100,0.9,42,101,0.2481578361623234,-2.713096849644113,0.15304637270448784,2800.719376919927,220.19992567792343,0.9517112420480579,0.43550114043752397
10_100,0.9,42,102,0.2450761283713493,-2.0567903523243753,0.16248720556527155,2520.5010394905967,226.1070468537846,0.8123718471553529,0.43550114043752397
10_100,0.9,42,103,0.24204234663312607,-2.075996984651253,0.17287583785915991,2510.1336462624536,253.8681954677507,0.8181241545877216,0.43550114043752397
10_100,0.9,42,104,0.23905574561205173,-1.8084020463326795,0.20746985798882225,2406.87117894154,247.51549540349706,0.7633986967313551,0.43550114043752397
10_100,0.9,42,105,0.23611559156382206,-2.014890529594206,0.1636220772730757,2502.5591611592004,224.95366799837558,0.8028436447195638,0.43550114043752397
10_100,0.9,42,106,0.2332211621551653,-1.8605148315323647,0.17835481232414374,2422.1024470809407,249.90330396986886,0.7720452746496579,0.43550114043752397
10_100,0.9,42,107,0.23037174628638085,-2.2043027456803137,0.19062594561926663,2593.1109547219253,210.0953104727842,0.8427424862868782,0.43550114043752397
10_100,0.9,42,108,0.2275666439166364,-1.097490640718311,0.21259012208197645,2103.3470996614283,246.82212671518488,0.6096619375688551,0.43550114043752397
10_100,0.9,42,109,0.2248051658919834,-1.9941780297037268,0.19835888854521666,2499.4272928587056,214.91870101359578,0.7972860825175068,0.43550114043752397
10_100,0.9,42,110,0.22208663377604637,-1.5884137599254344,0.1735628561707085,2320.2563774954906,233.03395332443355,0.7138711056490242,0.43550114043752397
10_100,0.9,42,111,0.21941037968334542,-579.8527582646099,0.1746108933607467,162627.62272994887,160216.29775811025,145.12266002902294,0.43550114043752397
10_100,0.9,42,112,0.21677574611521144,-1.9189637060297007,0.15933329835623117,2459.2272959196766,240.70246524387537,0.7871718955383942,0.43550114043752397
10_100,0.9,42,113,0.21418208579825188,-1.9211648307978622,0.17049076039060285,2439.5142191117,255.68588012249123,0.7831387268469847,0.43550114043752397
10_100,0.9,42,114,0.21162876152533033,-2.1228787754047582,0.19800179661060585,2545.046349113372,240.46558959749214,0.8304683118998075,0.43550114043752397
10_100,0.9,42,115,0.20911514599901782,-2.0039765636541538,0.20891680125656692,2492.096101845217,234.76701873241143,0.801439828559226,0.43550114043752397
10_100,0.9,42,116,0.20664062167747893,-2.347319981857203,0.11792504335518184,2649.0916216422966,215.47419136985607,0.8731765489108541,0.43550114043752397
10_100,0.9,42,117,0.20420458062275576,-2.994746734200635,0.201627273209826,2891.522621158808,265.30094017484174,1.0154825543460295,0.43550114043752397
10_100,0.9,42,118,0.2018064243514096,-579.3075669633937,0.201769224429659,162418.2058249913,160187.40692266193,145.0053371121438,0.43550114043752397
10_100,0.9,42,119,0.1994455636874869,-1.6774300973691,0.24479374058158293,2344.2894808943097,257.95152550564376,0.7358902249749756,0.43550114043752397
10_100,0.9,42,120,0.19712141861777083,-2.3462808716977985,0.16821218467855545,2653.3193561622206,217.77367389681223,0.8762247467289783,0.43550114043752397
10_100,0.9,42,121,0.19483341814928484,-1.985863805442715,0.1447364384628845,2493.6624240900987,227.80824866950087,0.799475924720652,0.43550114043752397
10_100,0.9,42,122,0.19258100016901147,-1.0798516129162627,0.1822461458477011,2093.236640169389,263.353524154548,0.611096902563065,0.43550114043752397
10_100,0.9,42,123,0.19036361130579338,-1.9056573418385307,0.2485321391000932,2453.7851954085836,238.3797179465504,0.7835004992957965,0.43550114043752397
10_100,0.9,42,124,0.18818070679438154,-2.3715511296199714,0.1751955498999222,2631.0454188215604,261.1340847885561,0.8821347687519792,0.43550114043752397
10_100,0.9,42,125,0.1860317503415984,-3.0574224188467176,0.16423595892719753,2945.3843735117107,221.51945460503202,1.0253766170326917,0.43550114043752397
10_100,0.9,42,126,0.1839162139945818,-2.5754568861427547,0.14549465433430658,2720.9111923658293,252.19464106208403,0.9240307883022554,0.43550114043752397
10_100,0.9,42,127,0.18183357801107813,-3.3837654732581806,0.15774052516980483,3082.5914681019485,222.072383754974,1.0949676753408522,0.43550114043752397
10_100,0.9,42,128,0.17978333073175307,-1.7063017425370355,0.17797097740625303,2345.456207922409,270.0109397960682,0.7412559384647617,0.43550114043752397
10_100,0.9,42,129,0.17776496845448742,-2.680627903351678,0.20499988546820944,2796.489946010186,200.41296505720877,0.9417367294176732,0.43550114043752397
10_100,0.9,42,130,0.17577799531062827,-1.666763240708411,0.2397020665663244,2343.677437997269,244.89914582375832,0.7304117225980151,0.43550114043752397
10_100,0.9,42,131,0.1738219231431649,-3.239237078133265,0.18979796758167936,3030.150820543967,210.51580331444643,1.0638769352009818,0.43550114043752397
10_100,0.9,42,132,0.17189627138679878,-2.664424518784516,0.11535792767304605,2775.1968950583014,228.2063035368867,0.9419777580677573,0.43550114043752397
10_100,0.9,42,133,0.1700005669498786,-1.7797497398907742,0.15941054466142762,2434.2695892559677,180.43585529849162,0.7506862361714947,0.43550114043752397
10_100,0.9,42,134,0.16813434409817252,-2.5615812736995647,0.18682157336402389,2755.2965510659087,183.2860262663578,0.9141266204561931,0.43550114043752397
10_100,0.9,42,135,0.16629714434044632,-2.757066727919179,0.19974295043166035,2841.336405006372,178.41813410739834,0.955700681313794,0.43550114043752397
10_100,0.9,42,136,0.16448851631582245,-2.9756902905768112,0.16708315377194366,2919.8695557295555,204.19075466793265,1.005613714835345,0.43550114043752397
10_100,0.9,42,137,0.16270801568288995,-1.5166179083627636,0.22372224596203366,2301.260032319734,219.38496182134384,0.6988612036974174,0.43550114043752397
10_100,0.9,42,138,0.16095520501053945,-2.586772024907088,0.16783444798482056,2749.7570655371856,210.19400950049436,0.9219820505158162,0.43550114043752397
10_100,0.9,42,139,0.1592296536704954,-2.422194082362852,0.17413972640597858,2691.362529376949,197.63639815470728,0.8874845845267769,0.43550114043752397
10_100,0.9,42,140,0.15753093773152022,-1.8853460014098589,0.18032027182022503,2445.7742611889894,226.87682667951847,0.7748947421107064,0.43550114043752397
10_100,0.9,42,141,0.15585863985526294,-3.6034956139805345,0.1745933119114923,3176.5227809959374,214.27311506978617,1.1393707732920033,0.43550114043752397
10_100,0.9,42,142,0.15421234919372853,-3.221451333085571,0.1334072876341248,3020.263520894364,209.070402615512,1.05830549061405,0.43550114043752397
10_100,0.9,42,143,0.152591661288341,-2.3041734681243375,0.14780514481172538,2627.199000818721,223.4593073035716,0.8652699071576244,0.43550114043752397
10_100,0.9,42,144,0.15099617797057668,-2.7919820140066607,0.17108233116140176,2792.537747463645,277.60832158289537,0.9703096893158509,0.43550114043752397
10_100,0.9,42,145,0.14942550726414244,-2.6104334882110547,0.1456080954046702,2747.6854651027575,232.31525351328924,0.9296951852395768,0.43550114043752397
10_100,0.9,42,146,0.14787926328867598,-3.294336662805148,0.1760322327687161,3034.5418826599885,235.6473874490802,1.076049766766888,0.43550114043752397
10_100,0.9,42,147,0.1463570661649425,-2.5807232156273594,0.20661472532348943,2741.223452229759,224.3995042430667,0.923293158219194,0.43550114043752397
10_100,0.9,42,148,0.1448585419215072,-3.0397026428783187,0.16535678588892852,2927.0234441133516,230.09744639002912,1.019490395984315,0.43550114043752397
10_100,0.9,42,149,0.14338332240285795,-3.3388738095914094,0.15080735230427558,3055.5145319810144,227.68474730205833,1.0835001706795706,0.43550114043752397
10_100,0.9,42,150,0.1419310451789575,-2.2040237723635077,0.16321191091676615,2558.1822733810345,259.53940202534943,0.8446635354984693,0.43550114043752397
10_100,0.9,42,151,0.14050135345620207,-2.240994830765858,0.1275495381854103,2592.3485009454785,227.26425798554408,0.8491563000990568,0.43550114043752397
10_100,0.9,42,152,0.13909389598976496,-2.7493761703986292,0.15166931580963794,2817.0656206096573,218.07781497252626,0.9591355177911324,0.43550114043752397
10_100,0.9,42,153,0.13770832699730284,-3.291473890675184,0.13656945253992223,3034.5491403625692,232.63177479591224,1.0748591819595052,0.43550114043752397
10_100,0.9,42,154,0.13634430607400466,-3.187440626312559,0.1845958794185126,3002.343926087526,209.5500739315754,1.0494352814532646,0.43550114043752397
10_100,0.9,42,155,0.13500149810896128,-3.018888179093774,0.17318343663062272,2911.6983754836147,247.9681567090223,1.0188192475706463,0.43550114043752397
10_100,0.9,42,156,0.13367957320283602,-3.1822520460667665,0.165053236277316,2995.052135087171,219.61436317726034,1.0497342402879204,0.43550114043752397
10_100,0.9,42,157,0.13237820658681518,-2.8524448276149466,0.1611084781757465,2854.7216760769743,229.8615148943016,0.9828410936836234,0.43550114043752397
10_100,0.9,42,158,0.13109707854281938,-3.5996343924973235,0.18324568203408997,3172.326143485271,217.11230185490123,1.1383733333890662,0.43550114043752397
10_100,0.9,42,159,0.12983587432495577,-2.5654157964313264,0.14952562171866535,2711.622017326345,253.76759364659065,0.9199570959609784,0.43550114043752397
10_100,0.9,42,160,0.12859428408219134,-3.1712034502163733,0.14395938942340913,2988.352740068241,221.8420494152795,1.047229234182465,0.43550114043752397
10_100,0.9,42,161,0.1273720027822294,-2.8769025954145535,0.13498908620401814,2873.5209571275814,216.96540629035806,0.9872388689668584,0.43550114043752397
10_100,0.9,42,162,0.12616873013656954,-2.660515102121804,0.19671562883758137,2781.273688453489,209.65617414671374,0.9377039004055758,0.43550114043752397
10_100,0.9,42,163,0.12498417052673307,-2.14745630882243,0.15033443084863102,2546.340866940632,237.2048964315353,0.82983150977304,0.43550114043752397
10_100,0.9,42,164,0.12381803293163596,-3.4582713564894028,0.13297585867476017,3096.1107739210292,245.68876210273777,1.1111557012602127,0.43550114043752397
10_100,0.9,42,165,0.12267003085609117,-3.005325236721441,0.17303985045310113,2910.219344059833,239.91361877248397,1.01488165883071,0.43550114043752397
10_100,0.9,42,166,0.1215398822604227,-3.0409637882091314,0.18461695226662225,2953.0711099489695,194.322151829215,1.0184922624035981,0.43550114043752397
10_100,0.9,42,167,0.1204273094911746,-2.829218243152939,0.1918386883897125,2830.6864072368526,245.97119451100627,0.9770686467023206,0.43550114043752397
10_100,0.9,42,168,0.11933203921289748,-2.7252381519767703,0.184382899589636,2818.1117466225965,199.67979171726688,0.9523783858130404,0.43550114043752397
10_100,0.9,42,169,0.11825380234099556,-2.5126532829103816,0.16714546601724117,2714.3380238811133,223.23659597004038,0.9092393114035859,0.43550114043752397
10_100,0.9,42,170,0.11719233397561858,-2.4311758964906227,0.14702241990234682,2663.1572233386805,251.91786688039977,0.8947206973993789,0.43550114043752397
10_100,0.9,42,171,0.11614737333658141,-2.560437468314411,0.15863925527200617,2725.1980219533116,236.48250120094775,0.9199758339450697,0.43550114043752397
10_100,0.9,42,172,0.11511866369929591,-2.397441785778454,0.16283868866527995,2676.621153903008,205.84385807710933,0.8832816752158422,0.43550114043752397
10_100,0.9,42,173,0.11410595233169919,-2.1423755697892424,0.17358432590530481,2503.094340078669,299.1627267144292,0.8325027835562017,0.43550114043752397
10_100,0.9,42,174,0.11310899043216277,-2.3336215559786067,0.1411206644773689,2632.864586971581,228.03885926642658,0.8699480463373089,0.43550114043752397
10_100,0.9,42,175,0.1121275330683672,-2.8910223102827106,0.15237375018542001,2867.959065293576,229.66315030772986,0.9894553777704778,0.43550114043752397
10_100,0.9,42,176,0.11116133911712744,-398.63865222264906,0.186428618277853,112273.20107464543,110193.21777402924,99.8530699987192,0.43550114043752397
10_100,0.9,42,177,0.1102101712051541,-2.234455635534612,0.15661538456120078,2592.1948041605647,230.81593072215725,0.8504851376548818,0.43550114043752397
10_100,0.9,42,178,0.10927379565073586,-328.0434178999515,0.19790349833460136,92904.50969070963,90209.16001270607,82.14607245700586,0.43550114043752397
10_100,0.9,42,179,0.10835198240632873,-3.046962186279964,0.1730035781421145,2931.4636538061854,233.99385445448675,1.0232784420078864,0.43550114043752397
10_100,0.9,42,180,0.1074445050020384,-2.203537988336358,0.1736348770390673,2578.0092431172407,228.33884905394976,0.8423319163315087,0.43550114043752397
10_100,0.9,42,181,0.10655114048998136,-2.487600287325429,0.1803633018758884,2704.4869147612408,218.5921142555932,0.902419252650538,0.43550114043752397
10_100,0.9,42,182,0.10567166938951125,-2.399774784177924,0.16699866637112795,2660.731630104062,227.5712385217529,0.8838524706032554,0.43550114043752397
10_100,0.9,42,183,0.10480587563329734,-3.614064098625383,0.18018676476625317,3169.836209522404,233.86131400614616,1.1437474265877476,0.43550114043752397
10_100,0.9,42,184,0.10395354651424124,-2.2882908873135084,0.1628852324726172,2612.4753526645864,230.43160638658537,0.860586807742463,0.43550114043752397
10_100,0.9,42,185,0.10311447263321932,-399.1783690342458,0.18005604005692402,112506.22981527072,110181.86094617184,99.96639205876124,0.43550114043752397
10_100,0.9,42,186,0.10228844784763778,-2.970104169521586,0.17636033257261968,2895.937557288999,239.03182316772623,1.007311556865911,0.43550114043752397
10_100,0.9,42,187,0.10147526922078795,-1.8492292694823274,0.16761422383488286,2439.486579981165,213.3112244635309,0.7663433813066457,0.43550114043752397
10_100,0.9,42,188,0.10067473697198882,-3.287404168312049,0.18552915520065288,3012.4872748052303,260.0128853208828,1.074548244875215,0.43550114043752397
10_100,0.9,42,189,0.09988665442750533,-3.1857720481907488,0.19211409283851033,2988.34529190502,235.6656808451055,1.05269995510463,0.43550114043752397
10_100,0.9,42,190,0.09911082797222981,-2.624502690979682,0.17607679332644866,2756.466445611501,226.2651937110281,0.9317388928581406,0.43550114043752397
10_100,0.9,42,191,0.09834706700211487,-2.5763276529251025,0.18957868876492903,2749.4615603677235,207.95375758560172,0.920945449694812,0.43550114043752397
10_100,0.9,42,192,0.09759518387734595,-2.5861529528077285,0.21754812280233513,2736.8934254896894,231.08706493397193,0.9237523241160179,0.43550114043752397
10_100,0.9,42,193,0.09685499387624241,-2.923891460350861,0.15518618970062964,2876.542791750598,235.48607241064894,0.9961013366161866,0.43550114043752397
10_100,0.9,42,194,0.09612631514987509,-328.5630257024155,0.16107490216830245,93128.31861402256,90199.70163599256,82.25548479723224,0.43550114043752397
10_100,0.9,42,195,0.09540896867739013,-2.7575648788901748,0.22203785085008265,2808.059935344537,235.35103664660988,0.961422838104162,0.43550114043752397
10_100,0.9,42,196,0.0947027782220271,-2.1765778347291103,0.2036456396037991,2579.178003593715,207.92157210723073,0.8348371160249348,0.43550114043752397
10_100,0.9,42,197,0.09400757028782174,-2.7689568989625695,0.1500102370994834,2822.915288706488,219.7148083891081,0.9627414058928234,0.43550114043752397
10_100,0.9,42,198,0.09332317407698135,-2.801919022194553,0.13242671778787402,2828.225366790426,232.6013262789326,0.9705295557484384,0.43550114043752397
10_100,0.9,42,199,0.09264942144792357,-2.6532277274277507,0.1940531956624828,2767.748541752884,228.86070062918316,0.9384710177710235,0.43550114043752397
10_100,0.9,42,200,0.09198614687396757,-2.557056085471522,0.18737479126887074,2726.1450761174706,230.35519616845997,0.9180281072819664,0.43550114043752397
10_100,0.9,42,201,0.0913331874026676,-2.7661669631679566,0.16976214286339184,2817.1319438749188,223.4733894630738,0.961305826706075,0.43550114043752397
10_100,0.9,42,202,0.09069038261577916,-2.549482333216296,0.14924764230133644,2730.789323568807,216.00142983526626,0.9146918120753027,0.43550114043752397
10_100,0.9,42,203,0.09005757458984752,-2.6682304683470552,0.18184669521031097,2774.846740655131,226.07851990457004,0.9409580666372133,0.43550114043752397
10_100,0.9,42,204,0.08943460785740934,-2.539019400478951,0.1898463392734501,2727.691299387648,214.93450321831875,0.9127029187178063,0.43550114043752397
10_100,0.9,42,205,0.08882132936879764,-328.14350586575296,0.18124313406841058,92945.53697623168,90208.14006150885,82.16641198092375,0.43550114043752397
10_100,0.9,42,206,0.08821758845454078,-2.541433769225164,0.16778877657159974,2722.7906699936407,228.93802034728316,0.9157708798687285,0.43550114043752397
10_100,0.9,42,207,0.08762323678834613,-2.9314256873906874,0.18161390680528172,2872.32648064477,245.2581905651801,0.9978395553808053,0.43550114043752397
10_100,0.9,42,208,0.08703812835065944,-3.08573721603368,0.19703922879800237,2951.2394626609516,230.0751834277304,1.0317252297493456,0.43550114043752397
10_100,0.9,42,209,0.08646211939279098,-3.00529210134928,0.18109306053355917,2891.461539429853,271.0478579930405,1.017727587441882,0.43550114043752397
10_100,0.9,42,210,0.08589506840159955,-2.3152452338743053,0.19036422750050458,2596.7640393352744,278.7755487592808,0.8717884979457657,0.43550114043752397
10_100,0.9,42,211,0.08533683606472567,-2.835074367701698,0.18765880139253208,2847.5942567046086,228.33437589685607,0.9786326778395104,0.43550114043752397
10_100,0.9,42,212,0.08478728523636561,-2.8644620077737604,0.16643978855959968,2849.5434417974466,241.33135763220378,0.9847653021432403,0.43550114043752397
10_100,0.9,42,213,0.08424628090357741,-3.027133889165047,0.16687815635975983,2925.786395274173,229.76496636883968,1.0187332724910618,0.43550114043752397
10_100,0.9,42,214,0.08371369015311121,-2.941445133487471,0.12715749088096118,2897.992519864002,219.4167471763656,1.0005825121430965,0.43550114043752397
10_100,0.9,42,215,0.08318938213875532,-328.2434716126524,0.2262762864456181,93008.26096214642,90182.2566068974,82.18787484622004,0.43550114043752397
10_100,0.9,42,216,0.08267322804918986,-399.25733715322224,0.1825561199364676,112551.98785782978,110164.82003156756,99.98277877715005,0.43550114043752397
10_100,0.9,42,217,0.08216510107634088,-399.225931132236,0.1929627409079903,112535.14694578845,110171.46831628996,99.97689686897307,0.43550114043752397
10_100,0.9,42,218,0.08166487638422609,-2.9849718348457723,0.15817976852738674,2880.5285217717683,271.3759503726628,1.0123297718982562,0.43550114043752397
10_100,0.9,42,219,0.08117243107828538,-3.116105747718258,0.1373174953343374,2978.135951689184,204.90820062269756,1.0353574059605335,0.43550114043752397
10_100,0.9,42,220,0.08068764417518824,-399.65335550747164,0.2378490130109534,112702.49606972972,110184.13318207479,100.06652439135343,0.43550114043752397
10_100,0.9,42,221,0.08021039657311081,-724.8998526459471,0.1941451164256854,202779.07551208773,200168.56484372856,181.245334390258,0.43550114043752397
10_100,0.9,42,222,0.07974057102247495,-399.6666994007212,0.14158856423729546,112707.6414154845,110187.53895114949,100.07047465038009,0.43550114043752397
10_100,0.9,42,223,0.0792780520971426,-327.7052500627853,0.18611308201721483,92761.70659898384,90212.85351846527,82.07533374446754,0.43550114043752397
10_100,0.9,42,224,0.07882272616605801,-725.1217317546359,0.16021221113078493,202879.12138794345,200158.89917834778,181.29208988171592,0.43550114043752397
10_100,0.9,42,225,0.0783744813653311,-2.6039075903665174,0.15682436376058564,2743.0933286532545,237.72632532670872,0.9295163081810399,0.43550114043752397
10_100,0.9,42,226,0.07793320757075473,-724.8998526459471,0.16114914192432264,202779.07551208773,200168.56484372856,181.245334390258,0.43550114043752397
10_100,0.9,42,227,0.07749879637074959,-327.975821290468,0.25096935285576893,92856.53464105296,90243.36681097571,82.13536291502459,0.43550114043752397
10_100,0.9,42,228,0.07707114103972987,-724.4777791226983,0.18645955014534182,202606.6519380039,200161.03220125724,181.15517370175348,0.43550114043752397
10_100,0.9,42,229,0.0766501365118829,-724.6424516040266,0.17018139328675902,202670.7675613447,200168.9878560428,181.19074127263502,0.43550114043752397
10_100,0.9,42,230,0.07623567935535681,-2.9657231140418037,0.1867982989956274,2851.307972766634,302.41988179430564,1.0098499593296317,0.43550114043752397
10_100,0.9,42,231,0.07582766774684957,-724.8998526459471,0.13996772748225267,202779.07551208773,200168.56484372856,181.245334390258,0.43550114043752397
10_100,0.9,42,232,0.07542600144659303,-328.4000496241973,0.20878982808297467,93038.46574050406,90231.07299793256,82.2224788729158,0.43550114043752397
10_100,0.9,42,233,0.07503058177372629,-399.52358540078086,0.21486174884933038,112641.64090350905,110199.58511036637,100.04187527127414,0.43550114043752397
10_100,0.9,42,234,0.0746413115820518,-3.062594000385137,0.18545950944993977,2927.2558467261497,256.8286413941807,1.030194087841872,0.43550114043752397
10_100,0.9,42,235,0.07425809523616868,-328.4406789604674,0.1788512589028371,93045.9675649864,90250.0842403847,82.23380070914781,0.43550114043752397
10_100,0.9,42,236,0.0738808385879771,-327.88465630039366,0.18208083611068346,92844.81532711867,90205.05158779152,82.1142638752982,0.43550114043752397
10_100,0.9,42,237,0.0735094489535481,-399.70716650088974,0.2098780192642308,112723.48671849097,110192.22394577305,100.08034142542223,0.43550114043752397
10_100,0.9,42,238,0.07314383509035316,-328.12186682401574,0.20418992216883475,92933.95808881878,90217.09038290397,82.16410222048945,0.43550114043752397
10_100,0.9,42,239,0.07278390717484776,-724.546387617338,0.22912420048168208,202626.46445298844,200173.11314484396,181.16997527596288,0.43550114043752397
10_100,0.9,42,240,0.07242957678040378,-724.8350626969035,0.17640516164734024,202751.42505671774,200169.15222988607,181.2315869029971,0.43550114043752397
10_100,0.9,42,241,0.07208075685558483,-2.818508681419362,0.19865235004606188,2833.656374435473,238.9375178020148,0.9757847627624329,0.43550114043752397
10_100,0.9,42,242,0.0717373617027597,-724.7568404216346,0.22930003152312403,202731.09457724154,200148.4599525636,181.2131131523617,0.43550114043752397
10_100,0.9,42,243,0.07139930695704806,-724.5687816616019,0.23135272403093748,202644.05747736676,200164.9431658189,181.17563482598987,0.43550114043752397
10_100,0.9,42,244,0.0710665095655941,-724.8350626969035,0.21060303547194784,202751.42505671774,200169.15222988607,181.2315869029971,0.43550114043752397
10_100,0.9,42,245,0.07073888776716195,-724.7980823225923,0.2218914668756601,202732.85660352293,200172.52575868645,181.22353466656216,0.43550114043752397
10_100,0.9,42,246,0.07041636107204882,-399.0636061949045,0.19380336192905182,112453.17598785789,110190.02718201287,99.94280199827656,0.43550114043752397
10_100,0.9,42,247,0.07009885024231037,-327.8371596184687,0.22607581700224083,92828.37318271727,90195.81921531593,82.10229446672173,0.43550114043752397
10_100,0.9,42,248,0.0697862772722936,-327.9134896684719,0.20767828677067346,92828.72143200577,90245.18916850035,82.12202221731778,0.43550114043752397
10_100,0.9,42,249,0.0694785653694726,-399.4983748267889,0.23942086716482555,112643.43982129464,110176.50240652564,100.03364350689702,0.43550114043752397
10_100,0.9,42,250,0.06917563893558212,-724.8333495549703,0.22383566832346782,202757.06310243014,200163.56614596234,181.23222528418046,0.43550114043752397
10_100,0.9,42,251,0.06887742354804487,-2.9125333458082427,0.2758516486582222,2887.932283471884,209.66415709225993,0.9916337860025102,0.43550114043752397
10_100,0.9,42,252,0.06858384594168729,-399.43441711801495,0.2531021832765397,112617.96924483366,110176.65380631342,100.02082550827497,0.43550114043752397
10_100,0.9,42,253,0.06829483399074003,-2.8670770656916247,0.20201416475116413,2821.9417038493475,287.74439820478307,0.9891904951941348,0.43550114043752397
10_100,0.9,42,254,0.06801031669111803,-2.6001997806139316,0.2488505552873391,2743.6976952286072,233.8106443148038,0.9282711739247116,0.43550114043752397
10_100,0.9,42,255,0.06773022414297643,-399.3726207581051,0.23719617478414085,112589.78621795533,110181.21913150146,100.00838411060519,0.43550114043752397
10_100,0.9,42,256,0.06745448753353762,-399.5946035241389,0.2297533517081523,112680.13458580134,110184.77383494224,100.05547210980595,0.43550114043752397
10_100,0.9,42,257,0.06718303912018544,-2.919845212039456,0.1896250818464445,2863.771989050501,257.298221350451,0.9982825317810926,0.43550114043752397
10_100,0.9,42,258,0.0669158122138222,-2.676903465524221,0.18843577641682416,2776.0430204693253,233.7054650609573,0.9445833588885477,0.43550114043752397
10_100,0.9,42,259,0.06665274116248465,-2.669367094465799,0.2654780449806261,2744.1733454170785,278.99748186745586,0.9464067253314015,0.43550114043752397
10_100,0.9,42,260,0.06639376133521471,-2.883676685447983,0.1689232148142426,2844.9103050744684,260.4028963085683,0.9899755649683893,0.43550114043752397
10_100,0.9,42,261,0.06613880910618089,-2.924705815983285,0.26006456031600594,2884.1991269408904,227.7101030052445,0.996892920862288,0.43550114043752397
10_100,0.9,42,262,0.06588782183904693,-399.0341710614792,0.1931078768683939,112469.96038884945,110142.53238832073,99.93247914565617,0.43550114043752397
10_100,0.9,42,263,0.06564073787158327,-328.1020760631231,0.20895119067381668,92923.4814885221,90220.96642992424,82.160340244552,0.43550114043752397
10_100,0.9,42,264,0.06539749650051803,-2.72267603806056,0.22849770460116064,2800.4577467188906,224.01605212686158,0.9530902382863687,0.43550114043752397
10_100,0.9,42,265,0.06515803796662348,-2.8616168903582095,0.24118056049981917,2852.1910176056253,236.58803498036133,0.9842254513607811,0.43550114043752397
10_100,0.9,42,266,0.06492230344003448,-2.774650747789264,0.25071069532302886,2819.768344746632,230.53135283287807,0.9654339157185448,0.43550114043752397
10_100,0.9,42,267,0.06469023500579518,-2.745360628425187,0.22783808733061844,2803.2775116224516,236.58803498036133,0.9594947192108587,0.43550114043752397
10_100,0.9,42,268,0.06446177564963067,-2.8616168903582095,0.22978436262845028,2852.1910176056253,236.58803498036133,0.9842254513607811,0.43550114043752397
10_100,0.9,42,269,0.06423686924393959,-2.4931485391033803,0.21243212287764343,2692.8722070651256,240.4010241764874,0.9051836882223985,0.43550114043752397
10_100,0.9,42,270,0.064015460534005,-2.8616168903582095,0.19735572045208452,2852.1910176056253,236.58803498036133,0.9842254513607811,0.43550114043752397
10_100,0.9,42,271,0.0637974951244193,-2.6019431889921383,0.19353444719890206,2744.8483310176134,231.71070691236017,0.928021311733549,0.43550114043752397
10_100,0.9,42,272,0.06358291946572056,-327.74764473830453,0.3072754613148086,92762.91780352118,90233.9020850862,82.08428186389682,0.43550114043752397
10_100,0.9,42,273,0.06337168084123639,-2.453590050196701,0.2353916741176419,2677.5442519412973,241.30075724280957,0.8977901698918326,0.43550114043752397
10_100,0.9,42,274,0.06316372735413278,-2.791680299894344,0.2599680943823093,2831.4792144732464,219.2060947178369,0.9668698751733862,0.43550114043752397
10_100,0.9,42,275,0.06295900791466405,-3.1626700253579614,0.14918527574290183,2964.8824634443145,253.7362586175561,1.047993497015481,0.43550114043752397
10_100,0.9,42,276,0.06275747222762111,-2.1387450484200565,0.21980777790652742,2547.0022501787253,239.69071188115873,0.8311503480191,0.43550114043752397
10_100,0.9,42,277,0.06255907077997513,-2.8020756833244187,0.2450162016502199,2836.900737548406,221.74466905877344,0.9706163400785238,0.43550114043752397
10_100,0.9,42,278,0.062363754828713217,-2.463448478296643,0.20212741153541597,2671.849036080458,252.95547195071464,0.8995262054882466,0.43550114043752397
10_100,0.9,42,279,0.06217147638886324,-327.82437892454027,0.28024481143522956,92806.79607566085,90216.7473764132,82.09967310276345,0.43550114043752397
10_100,0.9,42,280,0.06198218822170495,-327.9832694054127,0.2658634875987958,92877.04497418768,90211.71884498392,82.13319961908545,0.43550114043752397
10_100,0.9,42,281,0.06179584382316449,-327.92843268782923,0.18259941970955684,92831.81362664941,90247.68049095258,82.12457225787139,0.43550114043752397
10_100,0.9,42,282,0.06161239741238927,-2.786041004758479,0.21929951455832625,2827.1112335585044,221.11450512493107,0.9654171942465627,0.43550114043752397
10_100,0.9,42,283,0.06143180392050065,-2.5148657188461083,0.22364093245367553,2719.883694627236,219.6754129276591,0.910632896577994,0.43550114043752397
10_100,0.9,42,284,0.06125401897952138,-398.7052246377719,0.32603614067626274,112319.28260046766,110162.9998132788,99.86440184708866,0.43550114043752397
10_100,0.9,42,285,0.06107899891147547,-2.811216570272109,0.22833726613376384,2834.598184299874,227.34045004003187,0.9716682284821131,0.43550114043752397
10_100,0.9,42,286,0.060906700717657275,-2.6160027057942044,0.23477829195499478,2754.8465546593943,222.46463521979211,0.929414762362637,0.43550114043752397
10_100,0.9,42,287,0.060737082068067785,-2.6015535121385227,0.24304282728389284,2736.1613639579587,241.22061871365315,0.9273953210915736,0.43550114043752397
10_100,0.9,42,288,0.06057010129101494,-2.5235229855692363,0.22363846851961008,2709.039160848557,234.79660776575105,0.9111382388998015,0.43550114043752397
10_100,0.9,42,289,0.06040571736287584,-2.1054750397483164,0.2390817056508358,2548.2424536449257,211.26101388123837,0.8205185601368792,0.43550114043752397
10_100,0.9,42,290,0.06024388989801807,-2.633266268186677,0.1761260824411594,2771.9125513540334,208.24991757920537,0.9324139862940886,0.43550114043752397
10_100,0.9,42,291,0.06008457913887785,-2.811216570272109,0.23621780570564996,2834.598184299874,227.34045004003187,0.9716682284821131,0.43550114043752397
10_100,0.9,42,292,0.05992774594619241,-2.811216570272109,0.1711363694494589,2834.598184299874,227.34045004003187,0.9716682284821131,0.43550114043752397
10_100,0.9,42,293,0.05977335178938433,-2.606919139903513,0.18788523448072425,2740.0654217095616,242.10573540518996,0.9297197450158383,0.43550114043752397
10_100,0.9,42,294,0.059621358737095426,-2.6223389722770403,0.19530857807892285,2743.8700044995994,246.77297818335862,0.933491686126203,0.43550114043752397
10_100,0.9,42,295,0.05947172944786773,-327.9832694054127,0.20739507740474422,92877.04497418768,90211.71884498392,82.13319961908545,0.43550114043752397
10_100,0.9,42,296,0.059324427160969605,-328.1340229124514,0.2347780475248972,92944.20996016757,90205.22850896648,82.16458799584512,0.43550114043752397
10_100,0.9,42,297,0.05917941568736433,-327.7339014495725,0.21484628631562447,92771.69347545621,90212.88097030105,82.08039399376176,0.43550114043752397
10_100,0.9,42,298,0.05903665940081926,-327.9832694054127,0.20912309564979775,92877.04497418768,90211.71884498392,82.13319961908545,0.43550114043752397
10_100,0.9,42,299,0.058896123229153184,-327.5267201402006,0.2964787625747188,92676.63951863257,90224.27782976502,82.03684801706814,0.43550114043752397
10_100,0.9,42,300,0.05875777264561992,-327.4454594663625,0.2663295532779534,92678.91812133873,90170.97272197869,82.01688999146575,0.43550114043752397
10_100,0.9,42,301,0.05862157366042571,-327.90982660053766,0.25658898291487553,92853.91426886627,90204.08564312871,82.11848177500954,0.43550114043752397
10_100,0.9,42,302,0.058487492812378764,-327.8333592359146,0.2349775957641655,92823.8006689834,90199.05724315801,82.10126493385378,0.43550114043752397
10_100,0.9,42,303,0.05835549716066848,-327.86296241579396,0.24373331172981896,92827.75110843198,90212.46966882062,82.10857392063181,0.43550114043752397
10_100,0.9,42,304,0.05822555427677263,-2.8117353672106957,0.21047371993015962,2811.1656980883276,264.54916635911155,0.9745562693751014,0.43550114043752397
10_100,0.9,42,305,0.05809763223649032,-328.43160097598667,0.24586828100492916,93069.38680705466,90211.13288390728,82.23021584506228,0.43550114043752397
10_100,0.9,42,306,0.057971699612098956,-2.805046971411761,0.25775239212840334,2839.84821897115,219.3381061811394,0.9711535343947318,0.43550114043752397
10_100,0.9,42,307,0.05784772546463305,-328.37885807249273,0.22664777132375963,93045.45029029176,90208.52947719207,82.21708250014117,0.43550114043752397
10_100,0.9,42,308,0.05772567933628324,-327.9832694054127,0.2985541761647475,92877.04497418768,90211.71884498392,82.13319961908545,0.43550114043752397
10_100,0.9,42,309,0.05760553124291343,-327.8333592359146,0.25286435377386673,92823.8006689834,90199.05724315801,82.10126493385378,0.43550114043752397
10_100,0.9,42,310,0.05748725166669427,-2.618624268156631,0.1701563623493953,2754.2049539538652,229.90854827256447,0.9320383347714255,0.43550114043752397
10_100,0.9,42,311,0.05737081154885137,-1.944090751441372,0.2069608807730317,2465.728120052939,245.0594150320178,0.7921841763718315,0.43550114043752397
10_100,0.9,42,312,0.057256182282526054,-328.06778657384683,0.2544688957663678,92918.83116829437,90201.98456894644,82.15047176833683,0.43550114043752397
10_100,0.9,42,313,0.057143335705747374,-327.6852521842288,0.22964448444179975,92727.72669114172,90246.58240058532,82.07151089820505,0.43550114043752397
10_100,0.9,42,314,0.05703224409451321,-327.8333592359146,0.19934842140160075,92823.8006689834,90199.05724315801,82.10126493385378,0.43550114043752397
10_100,0.9,42,315,0.056922880155979176,-327.8333592359146,0.27010423968211217,92823.8006689834,90199.05724315801,82.10126493385378,0.43550114043752397
10_100,0.9,42,316,0.05681521702175326,-327.7687738412425,0.26448689256963587,92781.6090193216,90221.35050397659,82.0887614423286,0.43550114043752397
10_100,0.9,42,317,0.05670922824129488,-328.21390876083154,0.30311820948935564,92980.92667606438,90206.01248501646,82.18346248824318,0.43550114043752397
10_100,0.9,42,318,0.05660488777541653,-328.1218668240158,0.24371289933642787,92933.95808881878,90217.09038290397,82.16410222048945,0.43550114043752397
10_100,0.9,42,319,0.056502169989886525,-2.7190675572330987,0.2437195745809097,2800.9534571550116,221.0068563235583,0.9521491570405424,0.43550114043752397
10_100,0.9,42,320,0.056401049649131195,-328.0663476130363,0.2664409106548596,92915.55813359791,90210.34112807672,82.1521263138485,0.43550114043752397
