Config,Weight,Seed,Episode,Epsilon,Reward,Loss,Cost,Delay,ScalarQ,BestScalarQ
15_130,0.1,42,1,1.0,0.3702497871916217,,3878.03460338645,227.20789448752294,0.49742216858670996,0.49742216858670996
15_130,0.1,42,2,0.9852258055592246,-1.4392164648266006,0.24986333667034294,4044.813833187806,353.73331132456633,0.9264348854374194,0.49742216858670996
15_130,0.1,42,3,0.9706813761935793,-0.3114204826420168,0.2427591856806572,3975.9917079733755,271.7282274015847,0.6500666591220426,0.49742216858670996
15_130,0.1,42,4,0.9563631386463322,0.2625933211827584,0.22577917259273259,3052.456579942611,241.5362004518125,0.5097016697043104,0.49742216858670996
15_130,0.1,42,5,0.9422675752312664,-0.26007193387647065,0.22872920384222073,4366.069928714814,263.6279647032373,0.6398295219306561,0.49742216858670996
15_130,0.1,42,6,0.9283912229684601,-0.6116252426551426,0.2259389875853504,4268.246082876869,292.27105094413736,0.7311216952791703,0.49742216858670996
15_130,0.1,42,7,0.9147306727335057,-2.149025800769676,0.22175296431705624,3997.6970040365013,412.2693763268667,1.1195718348078036,0.49742216858670996
15_130,0.1,42,8,0.9012825684199611,-0.33503944955593407,0.23498726444584606,4139.965274550346,268.71667324829724,0.6470752470043681,0.49742216858670996
15_130,0.1,42,9,0.888043606114825,-0.04440411436518554,0.22234154826110145,3827.4483117208383,255.80776865703263,0.5906010285912964,0.49742216858670996
15_130,0.1,42,10,0.8750105332868364,-0.3950690195492746,0.20197365191580274,3979.526539962001,276.32605104192197,0.6655480241180879,0.49742216858670996
15_130,0.1,42,11,0.8621801479873967,-0.4859352025244671,0.1985470962869705,3877.897325625231,282.6699769167757,0.6823299544772706,0.49742216858670996
15_130,0.1,42,12,0.8495492980639193,-0.7968293475380186,0.18460666010280888,4482.95315527529,307.26362542507997,0.7903381061152739,0.49742216858670996
15_130,0.1,42,13,0.837114880385412,-0.47890601267431776,0.19127077754462765,3997.9145889049983,287.8814755800328,0.704864964707041,0.49742216858670996
15_130,0.1,42,14,0.8248738400801048,0.08974068941752128,0.1687400309557174,3924.3215437401254,252.28790312989105,0.5830302122610043,0.49742216858670996
15_130,0.1,42,15,0.8128231697849323,0.2273776537063857,0.17319133950572332,3703.62525386448,243.412627689979,0.5439517404195574,0.49742216858670996
15_130,0.1,42,16,0.8009599089066888,-0.8312336366781348,0.16839282195249788,3967.76217281679,315.16093515627125,0.7945199476310721,0.49742216858670996
15_130,0.1,42,17,0.7892811428946735,-0.1543293837000893,0.1646962651047307,3686.375162883824,262.6197368882241,0.6072477305404069,0.49742216858670996
15_130,0.1,42,18,0.7777840025246476,0.07132342870719044,0.14777042893659814,3499.688874504949,255.2254752380086,0.5745691428232024,0.49742216858670996
15_130,0.1,42,19,0.7664656631939266,-0.03115083184691947,0.14914795926363558,4045.6656150817043,252.87580705522348,0.5902069387309606,0.49742216858670996
15_130,0.1,42,20,0.7553233442274359,-0.3897885690848687,0.1509749690155227,3626.0269445307613,283.57179665085465,0.6745086807327556,0.49742216858670996
15_130,0.1,42,21,0.7443543081945577,-0.7658133802723527,0.17189518866815895,3775.9410781399683,311.1749850292686,0.7729841142988574,0.49742216858670996
15_130,0.1,42,22,0.7335558602366034,0.22853294882024872,0.17275754788470793,3770.396934645404,240.4716109852709,0.5370167627949378,0.49742216858670996
15_130,0.1,42,23,0.7229253474047432,-1.3545780951996433,0.16503082249290574,3336.3525932606904,368.3601269371807,0.9447445237999108,0.49742216858670996
15_130,0.1,42,24,0.7124601580082336,-0.17083540580247325,0.176431140634471,3286.657041078331,275.11518400230926,0.6317242360660029,0.49742216858670996
15_130,0.1,42,25,0.7021577209727804,-0.7056575817093304,0.16107576554925618,4659.499784130078,292.4012563844228,0.748375933888871,0.49742216858670996
15_130,0.1,42,26,0.6920155052088806,-0.9454709935144863,0.1587102132280704,3747.536501361079,326.6184484779862,0.823252363763237,0.49742216858670996
15_130,0.1,42,27,0.6820310189899872,-0.6006727567997671,0.15573213415557166,4153.281828056448,293.5666544444877,0.730498958430711,0.49742216858670996
15_130,0.1,42,28,0.6722018093403456,-0.4552374428153519,0.14367276827793132,4875.012453440194,275.414324900615,0.7010055145499918,0.49742216858670996
15_130,0.1,42,29,0.6625254614323491,-0.10436923165224538,0.14417536144205242,4038.4998139430713,265.8298736556371,0.6330884617592152,0.49742216858670996
15_130,0.1,42,30,0.6529995979932678,0.021925888086195833,0.14241697764722971,4324.261186943699,245.9369440889305,0.5790492972092203,0.49742216858670996
15_130,0.1,42,31,0.6436218787212026,-1.326282795236526,0.1478260559601962,3294.021624684101,357.5105090502511,0.9067514680399007,0.49742216858670996
15_130,0.1,42,32,0.634389999710123,-1.8973584423995304,0.14437514723257375,3996.1422634041487,395.0334973368649,1.0620396105998826,0.49742216858670996
15_130,0.1,42,33,0.6253016928838472,-1.6009069867504662,0.13458290900075776,4516.774565566214,363.92481264502754,0.9807036697645396,0.49742216858670996
15_130,0.1,42,34,0.6163547254388225,-0.11011635674273945,0.1600275704947632,3931.4628588895057,263.96793180013515,0.6222790891856849,0.49742216858670996
15_130,0.1,42,35,0.607546899295575,-1.8604284466369356,0.1449489620393321,4686.669639433983,377.03069642366376,1.0317032655053877,0.49742216858670996
15_130,0.1,42,36,0.5988760505586863,-1.1430195718124738,0.15049646065090858,4103.103287615715,334.31099008929436,0.8641856621838877,0.49742216858670996
15_130,0.1,42,37,0.5903400489851716,-0.5373749707866491,0.1338785539195326,4031.3643290155333,290.8792083074279,0.7162975888505084,0.49742216858670996
15_130,0.1,42,38,0.581936797461124,-1.1493653777657153,0.13812539647546582,3706.6696822304025,339.51787114060164,0.8645028829029673,0.49742216858670996
15_130,0.1,42,39,0.5736642314864987,-0.9456015300057719,0.139451295967922,3645.9092306194507,331.7501309140823,0.8359926901937507,0.49742216858670996
15_130,0.1,42,40,0.5655203186679085,-2.7791768068157263,0.1341921467081835,4300.958258908123,457.60006841446284,1.2837442017039316,0.49742216858670996
15_130,0.1,42,41,0.5575030582193081,-0.22109126487720737,0.1533607620285528,4276.261602315932,270.1308870426788,0.6576497392962249,0.49742216858670996
15_130,0.1,42,42,0.5496104804704447,-1.4918851272083602,0.1462794492427358,3996.5061194740324,353.8618471432423,0.9247866664174746,0.49742216858670996
15_130,0.1,42,43,0.5418406463829504,-1.9172456577061716,0.15375206239167205,3935.4901825216366,395.2003151649493,1.059988337503466,0.49742216858670996
15_130,0.1,42,44,0.5341916470739625,-0.8709840897859933,0.16198886107830315,3462.240761850816,317.70142831353814,0.7812575609080368,0.49742216858670996
15_130,0.1,42,45,0.5266616033471518,-0.5319666841610884,0.14400854349924522,3858.6733811420054,293.06955506417387,0.7161762864248875,0.49742216858670996
15_130,0.1,42,46,0.519248665231044,-1.3648244376512133,0.14484660935131294,3682.3211928642436,357.2636322013087,0.9226214940281879,0.49742216858670996
15_130,0.1,42,47,0.5119510115245198,-1.3964636355740485,0.16477811637909318,3445.6981390754754,363.21087994307476,0.9322774473550506,0.49742216858670996
15_130,0.1,42,48,0.504766849349387,-1.028900763896731,0.1403818282989091,4366.628884212209,315.7412356126503,0.8136021140511058,0.49742216858670996
15_130,0.1,42,49,0.49769441370990625,-1.2038419877003208,0.13758922052857858,3957.484751495401,349.97694713617074,0.9101566507712341,0.49742216858670996
15_130,0.1,42,50,0.4907319670591703,0.5666512884663046,0.14202696370610238,4390.204159648949,203.9919286205224,0.44203717788342384,0.44203717788342384
15_130,0.1,42,51,0.4838777988722253,-3.357672625210528,0.15509690775469276,3799.6492632788413,505.7703207132014,1.422795079379555,0.44203717788342384
15_130,0.1,42,52,0.47713022522583176,-1.6615220753766868,0.1432956814105499,3995.425345758232,372.0580738155337,0.9854074419210948,0.44203717788342384
15_130,0.1,42,53,0.47048758838475946,-0.5703370013758894,0.12901015461856472,4026.4274074535247,288.21983987343935,0.7072188657285877,0.44203717788342384
15_130,0.1,42,54,0.4639482563945182,-1.4642717398183072,0.15175044344059227,4463.221325578437,364.36352471061554,0.9798640888007306,0.44203717788342384
15_130,0.1,42,55,0.4575106226804207,-2.6051250630849925,0.13065903244164084,3814.183456009236,454.7605555207898,1.253350496540479,0.44203717788342384
15_130,0.1,42,56,0.45117310565288166,-1.4949694103198767,0.13336217248792204,4241.73923222982,364.8468371992601,0.9719538910415076,0.44203717788342384
15_130,0.1,42,57,0.44493414831885486,-0.5785076487567653,0.12580560037881916,4373.902681200541,286.8749683455581,0.7176730660353452,0.44203717788342384
15_130,0.1,42,58,0.438792217899313,-0.8219560939128333,0.13281081308035855,3987.094997554869,308.27266003374586,0.7723851773243622,0.44203717788342384
15_130,0.1,42,59,0.43274580545267627,-1.028030348304608,0.13839597178935936,4114.957307743465,326.2545085963706,0.8378345101530751,0.44203717788342384
15_130,0.1,42,60,0.4267934255040983,0.5876913942149696,0.14266693420026574,4096.349711129761,209.436841097745,0.4475579206770268,0.44203717788342384
15_130,0.1,42,61,0.42093361568051574,-0.7774940719908234,0.1473098043584463,3575.3035733766355,309.26447757169535,0.7579889026130905,0.44203717788342384
15_130,0.1,42,62,0.4151649363513749,-0.2497945581186357,0.16427908641949013,3547.448001414574,267.03465603752414,0.6159947933758128,0.44203717788342384
15_130,0.1,42,63,0.40948597027494477,-0.21128453065310582,0.14447588910419082,3572.5983034546025,273.14609772385893,0.6374519018940457,0.44203717788342384
15_130,0.1,42,64,0.4038953222501312,-0.5718376208534102,0.12595860286009591,3721.582347947623,299.2400758210412,0.7308555590595064,0.44203717788342384
15_130,0.1,42,65,0.3983916187737056,-1.53542919823489,0.15419205256195864,4366.361843915453,367.2289192652985,0.9852534534048764,0.44203717788342384
15_130,0.1,42,66,0.3929735077028642,0.0017801519244698971,0.13643264042860045,4261.182170901553,250.65115786686994,0.5920549620188825,0.44203717788342384
15_130,0.1,42,67,0.38763965792303584,-0.29228195878351715,0.1253017571596248,3395.900488379885,286.85643720731366,0.6755666435420331,0.44203717788342384
15_130,0.1,42,68,0.38238875902085495,-1.0484493131347548,0.1277087416811603,4114.560011226491,329.1519652429097,0.8474777128990733,0.44203717788342384
15_130,0.1,42,69,0.37721952096222106,-0.2517927301939166,0.13965786808894146,3867.43204226287,272.06233219274804,0.6465135671638638,0.44203717788342384
15_130,0.1,42,70,0.372130673775365,-0.8285530217028828,0.12385268717660444,3773.465546542164,309.28279552840877,0.7665690246564899,0.44203717788342384
15_130,0.1,42,71,0.3671209672388437,0.08319025691485016,0.1202198569633658,3934.9315778885716,248.35896790014218,0.5703870511559028,0.44203717788342384
15_130,0.1,42,72,0.3621891705743874,-1.4692597601189874,0.14300289617644088,3683.1539299673072,365.0330878943085,0.9485610938759007,0.44203717788342384
15_130,0.1,42,73,0.35733407214452373,-1.0244802963279778,0.13441072600563858,3936.400978360711,334.2547636561083,0.8568316125435329,0.44203717788342384
15_130,0.1,42,74,0.35255447915490423,-0.5070622735373731,0.12880094513472787,3537.584158082526,293.8265259730869,0.7048963376151125,0.44203717788342384
15_130,0.1,42,75,0.3478492173612599,-0.022946508985088487,0.1284031921888787,3396.3603125297195,261.8373105219545,0.5921712426308875,0.44203717788342384
15_130,0.1,42,76,0.3432171307809146,-0.7109794133094158,0.14302402925373608,3605.680408783407,317.5069335749956,0.7867756225581232,0.44203717788342384
15_130,0.1,42,77,0.3386570814087846,-0.43659099791053435,0.13564912276646332,3805.20186478502,292.8356721511973,0.7130977494776336,0.44203717788342384
15_130,0.1,42,78,0.3341679489377949,-0.48759032885200354,0.12990236542657005,3577.907054536333,295.7318225040958,0.7129821975976163,0.44203717788342384
15_130,0.1,42,79,0.32974863048364406,-0.24716864609303574,0.13100959190158146,3940.613152698597,274.2466128997219,0.6569421615232589,0.44203717788342384
15_130,0.1,42,80,0.3253980403138483,-1.4533287440974147,0.1288571124330925,3573.720196988231,367.398741961635,0.9517437244858922,0.44203717788342384
15_130,0.1,42,81,0.32111510958100054,-0.7670025225343027,0.11551472842453635,3346.9378158872464,321.7747704928065,0.7898813998643449,0.44203717788342384
15_130,0.1,42,82,0.3168987860601775,-1.378593708486766,0.13241444538251745,3337.300523208947,366.2391475861542,0.9377138117370761,0.44203717788342384
15_130,0.1,42,83,0.31274803389043004,0.05418007643680639,0.1367849929464775,4225.922696133999,247.8618977918846,0.5812395962754138,0.44203717788342384
15_130,0.1,42,84,0.30866183332029457,-1.2630645629739992,0.12592982794623586,4190.5368376461565,351.2234433362661,0.9243315253588844,0.44203717788342384
15_130,0.1,42,85,0.3046391804572615,-1.3510649491485829,0.1328051712129502,3636.3019355045203,360.7175136484965,0.9321585449794534,0.44203717788342384
15_130,0.1,42,86,0.3006790870211401,-1.0386869866720783,0.1350075188663985,3344.771070404702,333.09121208805976,0.8275179005141734,0.44203717788342384
15_130,0.1,42,87,0.29678058010125963,-1.1806919480707099,0.14557818826491442,4007.7918657778505,335.41503523434653,0.8637691408638313,0.44203717788342384
15_130,0.1,42,88,0.2929427019174456,-0.7485673462978355,0.12174790454185454,3561.4587342312943,312.10522324965444,0.7668649134975358,0.44203717788342384
15_130,0.1,42,89,0.28916450958471324,-0.5885373307494202,0.125447179643265,3746.5588227021913,302.8996366139159,0.7441304865335089,0.44203717788342384
15_130,0.1,42,90,0.28544507488162135,-0.38872948826888737,0.12960794093453792,3931.7933909325325,287.4380271326505,0.7005439105287603,0.44203717788342384
15_130,0.1,42,91,0.28178348402222775,-0.15619669137744935,0.12305404811468068,4218.0595160075245,266.0222459323395,0.6414491728443623,0.44203717788342384
15_130,0.1,42,92,0.27817883743159105,-0.5165820675828487,0.12155289825718613,3874.9561439175154,291.97017751636474,0.7132109015110968,0.44203717788342384
15_130,0.1,42,93,0.27463024952476534,-1.0604284669821546,0.1339449989099424,3706.626908525829,338.59912289803935,0.8614378859763079,0.44203717788342384
15_130,0.1,42,94,0.27113684848922975,-1.1474402073441923,0.1130996182285913,4163.207430741831,334.69805395770686,0.8680600518360481,0.44203717788342384
15_130,0.1,42,95,0.2676977760707032,0.5232700471873968,0.12439283808906841,3924.8690440721657,220.3926701969272,0.47671325743392,0.44203717788342384
15_130,0.1,42,96,0.2643121873622896,-0.2422331267895111,0.12194680852666563,4077.105333873381,278.6401432212095,0.6774582816973778,0.44203717788342384
15_130,0.1,42,97,0.2609792505969018,-1.577280645163586,0.12656585056755723,4082.763309200007,375.39552891377537,1.0002893920601272,0.44203717788342384
15_130,0.1,42,98,0.25769814694291476,-0.6916612689455106,0.13642657728871857,4062.611956040175,306.201662797152,0.7687268556979161,0.44203717788342384
15_130,0.1,42,99,0.25446807030299534,-0.6606834119074969,0.1264249975642029,3684.969847753528,310.6090097270539,0.7671862375922588,0.44203717788342384
15_130,0.1,42,100,0.2512882271160621,-0.034165253707245824,0.11637764834524346,3812.1099089424138,259.907555437852,0.6036105441960422,0.44203717788342384
15_130,0.1,42,101,0.2481578361623234,-3.4334691624882545,0.12090556380291892,4241.277179720357,510.6136764355813,1.457928829083602,0.44203717788342384
15_130,0.1,42,102,0.2450761283713493,-0.6798972150809987,0.15374351089453164,3998.722061945012,306.08914670205763,0.7656050730010189,0.44203717788342384
15_130,0.1,42,103,0.24204234663312607,-0.3421659467889776,0.12695894502314076,3606.426508756331,282.97840200862254,0.6716876405433982,0.44203717788342384
15_130,0.1,42,104,0.23905574561205173,-0.6659078888861323,0.1219203443419838,3714.1841858040325,313.2334963039639,0.7771923568369177,0.44203717788342384
15_130,0.1,42,105,0.23611559156382206,-1.1173695424313166,0.1207578401651149,4002.5969698423332,337.5273959549439,0.870588539453983,0.44203717788342384
15_130,0.1,42,106,0.2332211621551653,-0.17029629067515184,0.12063162037397199,3979.0679859647294,269.786197421876,0.643724072668788,0.44203717788342384
15_130,0.1,42,107,0.23037174628638085,-2.985680461983777,0.12463653683141604,3918.786150788857,480.85017532149686,1.3448316539574827,0.44203717788342384
15_130,0.1,42,108,0.2275666439166364,-1.353690886162991,0.13555635104124344,3995.1715586465652,358.3289072141042,0.9396227215407478,0.44203717788342384
15_130,0.1,42,109,0.2248051658919834,-0.2703149260798626,0.12736336638795814,3909.685931358245,278.3040372645758,0.6691402699815041,0.44203717788342384
15_130,0.1,42,110,0.22208663377604637,-0.20137575007550979,0.11607380655041243,3744.6566949528765,280.94873188614616,0.6708631682881082,0.44203717788342384
15_130,0.1,42,111,0.21941037968334542,-0.07337569658526416,0.12621811939386485,3897.9591222660383,266.72888475634056,0.630043924146316,0.44203717788342384
15_130,0.1,42,112,0.21677574611521144,0.7072164254245525,0.11686860622248166,3773.623534786527,211.50886154857997,0.4405920474900157,0.4405920474900157
15_130,0.1,42,113,0.21418208579825188,0.24664840031992613,0.10572550570437246,4032.2241521487977,241.31134301364787,0.5510725153046339,0.4405920474900157
15_130,0.1,42,114,0.21162876152533033,0.14193577541442037,0.10529218209881139,4127.993730537737,245.27839545313086,0.5684160561463949,0.4405920474900157
15_130,0.1,42,115,0.20911514599901782,-0.1863950131929108,0.10581080336476778,3756.195645251729,273.05153123060427,0.6450295225289969,0.4405920474900157
15_130,0.1,42,116,0.20664062167747893,-0.27810977435123707,0.12179636216698526,3717.1269957781224,278.678944436236,0.6621120589724246,0.4405920474900157
15_130,0.1,42,117,0.20420458062275576,0.28873459785484484,0.12465382940413591,4325.34508715195,232.26604468130736,0.5335163505362888,0.4405920474900157
15_130,0.1,42,118,0.2018064243514096,-0.3207250081402873,0.12853959324446468,3989.508039740343,280.97627888171803,0.6814812520350718,0.4405920474900157
15_130,0.1,42,119,0.1994455636874869,0.6627538489684794,0.11639521121979628,3895.2335229747828,209.1817970036761,0.43806153775788015,0.43806153775788015
15_130,0.1,42,120,0.19712141861777083,-0.06382357797408594,0.13249169290175608,3959.2973055950015,266.65102347138236,0.6324212791089061,0.43806153775788015
15_130,0.1,42,121,0.19483341814928484,-0.1508750829008319,0.12160610225942779,4044.6159130076417,265.734722420037,0.6330341553405926,0.43806153775788015
15_130,0.1,42,122,0.19258100016901147,-0.40872763655108835,0.1238422917679909,4077.1249326306583,289.66843397752484,0.7142280629839259,0.43806153775788015
15_130,0.1,42,123,0.19036361130579338,-0.7174656827953929,0.10452150675860228,4216.6528793647885,312.00482386342105,0.7946971899296175,0.43806153775788015
15_130,0.1,42,124,0.18818070679438154,-0.13067004278350564,0.12912037422627914,4234.650667562215,263.78348567342846,0.6346982799266456,0.43806153775788015
15_130,0.1,42,125,0.1860317503415984,-1.0656973149880538,0.1258940113579511,3820.5025171805873,337.1174811149547,0.8613935595162442,0.43806153775788015
15_130,0.1,42,126,0.1839162139945818,0.0656891508891328,0.13614709212747622,4117.683138687076,250.3833776788252,0.5849930968931014,0.43806153775788015
15_130,0.1,42,127,0.18183357801107813,-0.605981033216085,0.10429206077910745,3866.3097417252075,307.3240540573086,0.7640298736886366,0.43806153775788015
15_130,0.1,42,128,0.17978333073175307,0.28616521874381434,0.12202712520396149,3688.1433769723362,241.02567217243285,0.5353279260832772,0.43806153775788015
15_130,0.1,42,129,0.17776496845448742,-0.6490111309711137,0.12507755635546564,3684.9875294003614,312.96823376564896,0.7750527827427784,0.43806153775788015
15_130,0.1,42,130,0.17577799531062827,0.05729251445387101,0.11666711144583113,4199.887139246155,252.22791696806354,0.5946768713865322,0.43806153775788015
15_130,0.1,42,131,0.1738219231431649,-0.19363779467207626,0.11017414715353678,3555.7926698732663,274.454052897474,0.6410902178987883,0.43806153775788015
15_130,0.1,42,132,0.17189627138679878,0.563811772354037,0.1260000045192401,4181.007212626075,216.4102339611043,0.47444705691149075,0.43806153775788015
15_130,0.1,42,133,0.1700005669498786,-0.07849460171337319,0.1290001967753379,3916.0142093572167,263.1307244442675,0.6188236504283433,0.43806153775788015
15_130,0.1,42,134,0.16813434409817252,0.13649775688655463,0.10881785029759392,3562.733202869721,251.13019947815934,0.5636255607783613,0.43806153775788015
15_130,0.1,42,135,0.16629714434044632,0.2598476987539032,0.11656629375870171,3582.65485997011,246.078117503162,0.5476380753115242,0.43806153775788015
15_130,0.1,42,136,0.16448851631582245,-0.02780772505195367,0.12628201878117987,3853.2356823222735,259.9087988662926,0.6053827004937576,0.43806153775788015
15_130,0.1,42,137,0.16270801568288995,-0.30428377740653784,0.11522418780796737,3834.10179206105,281.5258188177114,0.6766324828131729,0.43806153775788015
15_130,0.1,42,138,0.16095520501053945,0.09354960124750089,0.09899968123681892,4097.739563015983,245.4067524667321,0.567543368918894,0.43806153775788015
15_130,0.1,42,139,0.1592296536704954,-0.34016587975385604,0.09869247374251221,3416.8047112884847,289.84863259469347,0.686441469938464,0.43806153775788015
15_130,0.1,42,140,0.15753093773152022,0.6575708915911831,0.11404605204992588,3721.2500634394783,213.48769807357107,0.44493804633297346,0.43806153775788015
15_130,0.1,42,141,0.15585863985526294,0.21446596698239057,0.10797575913417658,4095.241525392829,237.21201904191275,0.5401142774851716,0.43806153775788015
15_130,0.1,42,142,0.15421234919372853,-0.2789258983516869,0.11879864954978826,4067.1833844820458,270.9801876244926,0.6514930130494602,0.43806153775788015
15_130,0.1,42,143,0.152591661288341,-0.47549053882030284,0.1230262110323911,3826.4801233584753,294.90249259726227,0.720903403935845,0.43806153775788015
15_130,0.1,42,144,0.15099617797057668,0.3298831091490931,0.11319304965840989,3930.145001711734,232.09610876893137,0.515959991943496,0.43806153775788015
15_130,0.1,42,145,0.14942550726414244,-0.1546852781426336,0.08997377403883823,3965.1631869413504,270.5541519554836,0.645686704151043,0.43806153775788015
15_130,0.1,42,146,0.14787926328867598,0.024497372504221127,0.12969359078337617,4009.7113664864096,250.9697720050849,0.582306426104714,0.43806153775788015
15_130,0.1,42,147,0.1463570661649425,0.5575927897339387,0.11212428433570688,4242.377450176345,212.07533014607426,0.46263257179728456,0.43806153775788015
15_130,0.1,42,148,0.1448585419215072,-0.06847741804368723,0.09486117190118579,3995.5001618698166,258.4245484685327,0.606550123741691,0.43806153775788015
15_130,0.1,42,149,0.14338332240285795,0.15726274847554061,0.10344575258705543,3905.3748750737695,250.24816335861146,0.5754150821118841,0.43806153775788015
15_130,0.1,42,150,0.1419310451789575,0.30122579727027765,0.10487882435780557,3959.973650225889,241.01953880051028,0.5469935506824306,0.43806153775788015
15_130,0.1,42,151,0.14050135345620207,-0.051823480112891285,0.11415563130897534,3927.6844256018526,263.0152880253923,0.6189404854128382,0.43806153775788015
15_130,0.1,42,152,0.13909389598976496,0.38317546233420097,0.10813311024176718,3881.655863474114,226.95105155129033,0.49672151903183437,0.43806153775788015
15_130,0.1,42,153,0.13770832699730284,0.20294178808812346,0.0946270191881931,3790.2339519505995,247.17250149807435,0.560210706824123,0.43806153775788015
15_130,0.1,42,154,0.13634430607400466,0.15725665015838713,0.09816605771474517,3981.573003939249,247.97176400681073,0.5711012220757878,0.43806153775788015
15_130,0.1,42,155,0.13500149810896128,0.280876530367693,0.10276490714818584,3726.3865894591722,243.54778127618195,0.5453808674080768,0.43806153775788015
15_130,0.1,42,156,0.13367957320283602,0.3448757270523367,0.09504516944301399,3861.3273374442083,237.55802658096187,0.5312118374676851,0.43806153775788015
15_130,0.1,42,157,0.13237820658681518,0.4059342215291501,0.11158723671167287,3764.6981896953434,231.85149698265667,0.5080318292330971,0.43806153775788015
15_130,0.1,42,158,0.13109707854281938,0.09363302049652494,0.11343018506249143,4062.739097808516,249.08187299366196,0.5782917448758688,0.43806153775788015
15_130,0.1,42,159,0.12983587432495577,0.4063027395777397,0.09618451882193943,3697.2978916523793,231.30862878494162,0.5033243151055651,0.43806153775788015
15_130,0.1,42,160,0.12859428408219134,0.491589129393341,0.08469834318064857,3923.9680669144805,227.85451057528485,0.5015527176516648,0.43806153775788015
15_130,0.1,42,161,0.1273720027822294,0.32895189760640536,0.08021426635732068,3727.1301289053963,236.24412261729438,0.5210620255983986,0.43806153775788015
15_130,0.1,42,162,0.12616873013656954,0.370951374390764,0.10495270850045826,3706.3003511151046,237.11261729113696,0.523062156402309,0.43806153775788015
15_130,0.1,42,163,0.12498417052673307,0.2761662943130122,0.11283684607525846,3995.2428784243234,240.14355145458617,0.5455891956525162,0.43806153775788015
15_130,0.1,42,164,0.12381803293163596,0.17284019521821925,0.09107339909676321,3689.715516005219,249.3864218849988,0.5632707204262144,0.43806153775788015
15_130,0.1,42,165,0.12267003085609117,0.16124133492439235,0.10859798352325573,3584.6248300008083,251.89615734647833,0.5671204354996712,0.43806153775788015
15_130,0.1,42,166,0.1215398822604227,0.345680966321413,0.10468943543006175,3476.0984820687636,239.00642374152181,0.5194797584196468,0.43806153775788015
15_130,0.1,42,167,0.1204273094911746,0.06132521394547008,0.09537973816492883,3904.6122843683884,258.6964821153865,0.6035494657444017,0.43806153775788015
15_130,0.1,42,168,0.11933203921289748,0.4911444051169857,0.09721034604675724,3855.222514314123,222.56562972346353,0.48096389872075357,0.43806153775788015
15_130,0.1,42,169,0.11825380234099556,0.2960187902649162,0.1031004285646109,3712.684346942019,240.75943546445464,0.535495302433771,0.43806153775788015
15_130,0.1,42,170,0.11719233397561858,0.28292649193695163,0.09476885980797503,3778.1100360702235,242.98207436266793,0.5457183770157621,0.43806153775788015
15_130,0.1,42,171,0.11614737333658141,-0.07691236632870613,0.0931540202702292,3628.508801701128,273.2128568983417,0.6400780915821765,0.43806153775788015
15_130,0.1,42,172,0.11511866369929591,0.8661309765888316,0.10128082903952981,3822.6955271444513,201.19115911622615,0.40830187123740747,0.40830187123740747
15_130,0.1,42,173,0.11410595233169919,0.34952611376652565,0.09635347212942583,3772.288130958761,238.55814749385394,0.5307184715583686,0.40830187123740747
15_130,0.1,42,174,0.11310899043216277,0.5848429105006132,0.09020295680579332,3739.287427912554,220.0490137507497,0.4675892723748467,0.40830187123740747
15_130,0.1,42,175,0.1121275330683672,0.5792330393567625,0.11120689593831819,3887.4525514571037,216.24967741739866,0.46129174016080937,0.40830187123740747
15_130,0.1,42,176,0.11116133911712744,1.0898218981084082,0.08057007623159654,3880.540456698637,183.63173034607914,0.3522445254728979,0.3522445254728979
15_130,0.1,42,177,0.1102101712051541,0.18659795564836312,0.10465393846796726,3823.394077014888,247.18138680315215,0.5616658957032938,0.3522445254728979
15_130,0.1,42,178,0.10927379565073586,-0.13160739950389944,0.08921463481107622,3862.5547260047115,270.50667288100885,0.6411172344913595,0.3522445254728979
15_130,0.1,42,179,0.10835198240632873,0.14398821757817915,0.09030377519952774,3680.501062931962,253.8339649581562,0.5777029456054552,0.3522445254728979
15_130,0.1,42,180,0.1074445050020384,0.34967016820360175,0.08953985875264554,3677.2547639152344,237.03755862480241,0.5215632271798688,0.3522445254728979
15_130,0.1,42,181,0.10655114048998136,0.21607842820826242,0.11362092233714738,3719.1985608787186,247.39873956418708,0.5579111621787036,0.3522445254728979
15_130,0.1,42,182,0.10567166938951125,0.09198628666624614,0.08826102449568415,3505.775166690459,258.486558393315,0.5857034283334385,0.3522445254728979
15_130,0.1,42,183,0.10480587563329734,0.2862176002817196,0.0899151958863081,3869.1501293957517,237.45574770522234,0.5312071383911086,0.3522445254728979
15_130,0.1,42,184,0.10395354651424124,0.43515099012241915,0.10538813694095467,3362.095437478775,231.97723521796678,0.49114302170016444,0.3522445254728979
15_130,0.1,42,185,0.10311447263321932,1.0147239159529682,0.09411943989026517,3966.6303764539043,189.50249600243433,0.375519021011758,0.3522445254728979
15_130,0.1,42,186,0.10228844784763778,0.5146813725540478,0.08486564967218942,3745.6898566885243,223.27785634346154,0.47862965686148806,0.3522445254728979
15_130,0.1,42,187,0.10147526922078795,0.5394549061261386,0.11507396014781836,4227.026664761408,216.7734027424014,0.4776362734684654,0.3522445254728979
15_130,0.1,42,188,0.10067473697198882,0.4854896232768359,0.07811689360958776,3820.99412343417,229.83460945632058,0.503727594180791,0.3522445254728979
15_130,0.1,42,189,0.09988665442750533,0.3732467429653997,0.11109033510354112,3732.4187502283576,236.35454663150114,0.5216575450278809,0.3522445254728979
15_130,0.1,42,190,0.09911082797222981,0.3350198479168623,0.09268226782498282,3912.4640932063066,237.80380225250477,0.5342296534053999,0.3522445254728979
15_130,0.1,42,191,0.09834706700211487,-0.010746267422836187,0.09114315546900786,3669.616953778258,264.3171520843955,0.612186566855709,0.3522445254728979
15_130,0.1,42,192,0.09759518387734595,0.4311137073901067,0.07140971147287,3958.5487771611965,223.8750390885157,0.4897715731524733,0.3522445254728979
15_130,0.1,42,193,0.09685499387624241,0.49100892432873694,0.07524811146669955,3659.294695126389,228.50640343997898,0.4923477689178158,0.3522445254728979
15_130,0.1,42,194,0.09612631514987509,0.6383345341442793,0.06742652293577743,4302.644231165137,207.99870104668508,0.4516317510793148,0.3522445254728979
15_130,0.1,42,195,0.09540896867739013,-0.16442682148024762,0.08667715101761418,3831.1031273315025,272.5587036750694,0.6466067053700619,0.3522445254728979
15_130,0.1,42,196,0.0947027782220271,0.3691515908911576,0.09908007095961081,3878.3015943786772,236.1394948717457,0.5272121022772106,0.3522445254728979
15_130,0.1,42,197,0.09400757028782174,0.2182694064865909,0.09269395379593827,3805.9982460957544,242.14685982100286,0.5441326483783523,0.3522445254728979
15_130,0.1,42,198,0.09332317407698135,0.35958923371316476,0.07554618173947844,3693.9049058487317,236.4747814116253,0.5204026915717088,0.3522445254728979
15_130,0.1,42,199,0.09264942144792357,0.6858169066178414,0.08962811502623559,3826.0482180676563,211.29889846733482,0.44214577334553967,0.3522445254728979
15_130,0.1,42,200,0.09198614687396757,0.3405991346155276,0.08005349686295243,3868.9897304315423,239.6602618486346,0.5385502163461181,0.3522445254728979
15_130,0.1,42,201,0.0913331874026676,0.13610735745321373,0.10084347971232899,3784.8070244765636,251.07038422954636,0.5729731606366966,0.3522445254728979
15_130,0.1,42,202,0.09069038261577916,0.20250273863126875,0.09027350496694699,3811.993334308402,247.00098831711352,0.5605743153421828,0.3522445254728979
15_130,0.1,42,203,0.09005757458984752,0.28712521971242755,0.08138081179539644,3511.3423834882515,246.16585466906457,0.544864848918047,0.3522445254728979
15_130,0.1,42,204,0.08943460785740934,0.29546567590803907,0.08325651487661692,3545.426423697773,241.59749481825068,0.5310989656383749,0.3522445254728979
15_130,0.1,42,205,0.08882132936879764,0.45146122268267047,0.08529857976751805,3757.2926738288647,231.87747593905294,0.507800078944717,0.3522445254728979
15_130,0.1,42,206,0.08821758845454078,0.3298493863495988,0.08404541012791668,3723.817573395029,238.80359382728628,0.5294530380279849,0.3522445254728979
15_130,0.1,42,207,0.08762323678834613,0.2677246301441538,0.07901805338729392,3614.4025774274387,245.9225432900432,0.5484842270793462,0.3522445254728979
15_130,0.1,42,208,0.08703812835065944,0.7435158438162685,0.0810023204429763,3726.016714378617,207.72698418635957,0.4259364236613175,0.3522445254728979
15_130,0.1,42,209,0.08646211939279098,0.2804395788873375,0.0769022362705525,3554.41845807402,245.9225432900432,0.5459054898935503,0.3522445254728979
15_130,0.1,42,210,0.08589506840159955,0.7397613596235728,0.07813923721216315,4163.540353083075,200.59271587759008,0.4209596600941068,0.3522445254728979
15_130,0.1,42,211,0.08533683606472567,0.44412803328103173,0.09097426221236984,3588.46671186061,231.6798732129144,0.4998833762951267,0.3522445254728979
15_130,0.1,42,212,0.08478728523636561,-0.1741857557227166,0.08307984279172559,3603.0593498447247,279.4206240270983,0.6596810543152946,0.3522445254728979
15_130,0.1,42,213,0.08424628090357741,0.26348540361074113,0.07272765952584967,3634.4025774274387,245.9225432900432,0.5493440337126994,0.3522445254728979
15_130,0.1,42,214,0.08371369015311121,0.17795771440985284,0.06164019284587231,3728.6654321363994,247.5210560164652,0.5587259560129214,0.3522445254728979
15_130,0.1,42,215,0.08318938213875532,0.30101793260427256,0.08440044893378858,3675.7676364538424,243.38927891347296,0.5426762860797011,0.3522445254728979
15_130,0.1,42,216,0.08267322804918986,0.5145156711915055,0.08286498995848329,3594.4158509278222,227.82490946249243,0.48728646681750826,0.3522445254728979
15_130,0.1,42,217,0.08216510107634088,0.22877455174298658,0.06564523099150779,3532.3947686511574,249.270736173031,0.556121746679638,0.3522445254728979
15_130,0.1,42,218,0.08166487638422609,0.5099696447404192,0.07544924945563045,3391.087819635387,230.6975805204874,0.4881229734302798,0.3522445254728979
15_130,0.1,42,219,0.08117243107828538,0.23468509544682362,0.08220512442619472,3743.382663349372,244.54733752641806,0.5494441107536787,0.3522445254728979
15_130,0.1,42,220,0.08068764417518824,0.3777391384684312,0.07302752550203792,3473.5387255428195,240.92004401991952,0.5257498307675076,0.3522445254728979
15_130,0.1,42,221,0.08021039657311081,-0.35647719641801895,0.08047357313576854,3597.3581475589663,290.8177709934465,0.6974346837198894,0.3522445254728979
15_130,0.1,42,222,0.07974057102247495,0.39872776278164634,0.08100259244844468,3731.963156515601,234.1936606027709,0.514433443919973,0.3522445254728979
15_130,0.1,42,223,0.0792780520971426,0.06325930593867457,0.10156054027335051,3381.721283136801,264.62930090500817,0.600850558130716,0.3522445254728979
15_130,0.1,42,224,0.07882272616605801,0.5907618757182559,0.08820974814140024,3567.5038478601264,220.20979719629366,0.4607403003012053,0.3522445254728979
15_130,0.1,42,225,0.0783744813653311,0.1635935331164326,0.06613142492314049,3689.4029401620865,253.11314493478795,0.5756823859516611,0.3522445254728979
15_130,0.1,42,226,0.07793320757075473,0.06575558728419584,0.07220318522450428,3550.8819200948906,260.1359877437295,0.5931418724097203,0.3522445254728979
15_130,0.1,42,227,0.07749879637074959,1.258262328808075,0.07560005351646364,3679.645628321206,172.08639235855549,0.3051151870287505,0.3051151870287505
15_130,0.1,42,228,0.07707114103972987,0.7939254943819545,0.06307855712928886,3762.4080221615995,202.08314162528853,0.408684011019896,0.3051151870287505
15_130,0.1,42,229,0.0766501365118829,0.2784959751619883,0.06076831046508612,4005.8128949729926,242.23781804300353,0.5530260062095029,0.3051151870287505
15_130,0.1,42,230,0.07623567935535681,0.5478909149167455,0.066767414883365,3853.509389432841,224.03603244129243,0.48579265588619824,0.3051151870287505
15_130,0.1,42,231,0.07582766774684957,0.2551315000815042,0.07096483368235526,3612.111133497647,247.34627236979355,0.5531325095950086,0.3051151870287505
15_130,0.1,42,232,0.07542600144659303,-0.030222279377885963,0.05717455153099355,3432.0159867794955,271.77944467056875,0.6268517236906254,0.3051151870287505
15_130,0.1,42,233,0.07503058177372629,0.35509353217837436,0.06527821734623541,3532.3592023527567,244.5579084378321,0.5404073861861757,0.3051151870287505
15_130,0.1,42,234,0.0746413115820518,0.16768304487755165,0.07357274962193312,3408.844162638497,258.3090841912703,0.5809446233959967,0.3051151870287505
15_130,0.1,42,235,0.07425809523616868,0.05246536606258412,0.07570843768813515,3505.7189375811063,262.2201585951057,0.5981490430997386,0.3051151870287505
15_130,0.1,42,236,0.0738808385879771,0.5922310322094416,0.07985751497909475,3595.639808334863,222.7165793388098,0.4703076265630242,0.3051151870287505
15_130,0.1,42,237,0.0735094489535481,-2025.156092272936,0.08174709130299243,153112.02842253764,150152.65923879173,506.7728884528494,0.3051151870287505
15_130,0.1,42,238,0.07314383509035316,0.22350739257321378,0.06769710526529482,2956.9816809632207,258.61490720025125,0.5625385364720812,0.3051151870287505
15_130,0.1,42,239,0.07278390717484776,0.15427858939036132,0.06280498441091233,3305.793131002409,259.6231928711162,0.5808957372677943,0.3051151870287505
15_130,0.1,42,240,0.07242957678040378,0.3197105763722162,0.05982587626891189,3431.0483527638416,243.95030103320352,0.5340262020607921,0.3051151870287505
15_130,0.1,42,241,0.07208075685558483,0.43002560672640583,0.0610421554189777,3254.408744170677,234.89562151450514,0.49624359831839854,0.3051151870287505
15_130,0.1,42,242,0.0717373617027597,0.2736105167858539,0.07271574610098445,3286.3572041015696,248.13645565034705,0.5417627554189212,0.3051151870287505
15_130,0.1,42,243,0.07139930695704806,0.38271868260871805,0.06711721408804898,3577.581413880962,234.1350464033258,0.5076010985785897,0.3051151870287505
15_130,0.1,42,244,0.0710665095655941,0.2555721675907196,0.05718183013836327,3326.993793889885,252.93919649479497,0.5595223427177047,0.3051151870287505
15_130,0.1,42,245,0.07073888776716195,0.5177093953152239,0.06675706922492143,3553.1077104386713,224.28928646699114,0.47372265117119405,0.3051151870287505
15_130,0.1,42,246,0.07041636107204882,0.37358782439385263,0.065516620011454,3576.208051170515,238.75734031213753,0.5229530439015369,0.3051151870287505
15_130,0.1,42,247,0.07009885024231037,0.0038148905593607396,0.06423568288640792,3310.0967541105756,269.9548415776096,0.615527046590929,0.3051151870287505
15_130,0.1,42,248,0.0697862772722936,0.20712633666879937,0.08229659058467256,3585.3450577002745,251.755908387802,0.5666838004481848,0.3051151870287505
15_130,0.1,42,249,0.0694785653694726,-1891.3606207964228,0.062132921043299455,142966.420497378,140249.50973209293,473.3190705837211,0.3051151870287505
15_130,0.1,42,250,0.06917563893558212,-1891.1036747544076,0.06337731752664427,143494.71510754016,140225.26518223618,473.2609494578327,0.3051151870287505
15_130,0.1,42,251,0.06887742354804487,0.3218094752970548,0.07531581003424569,3522.4606210298634,247.10747680828857,0.5484822465603517,0.3051151870287505
15_130,0.1,42,252,0.06858384594168729,-0.11796248905982681,0.060897785978420535,3409.2341489711794,276.3439443177069,0.6410906222649567,0.3051151870287505
15_130,0.1,42,253,0.06829483399074003,0.2028188834072721,0.06474616741055532,3566.617159383246,255.67965230798967,0.5789606637635666,0.3051151870287505
15_130,0.1,42,254,0.06801031669111803,0.38981491604208224,0.06741300630384997,3844.2251346697067,232.91954642564576,0.5150116556048641,0.3051151870287505
15_130,0.1,42,255,0.06773022414297643,0.11607056860676679,0.05908460495465048,3557.371868726388,259.8441105237736,0.5924477424636929,0.3051151870287505
15_130,0.1,42,256,0.06745448753353762,0.5901950397745739,0.08629211347781407,3411.4713517673304,224.79406729456164,0.4693166246717412,0.3051151870287505
15_130,0.1,42,257,0.06718303912018544,0.15661330500081055,0.05843437565293445,3436.095591475371,258.79697529036895,0.5837428275959512,0.3051151870287505
15_130,0.1,42,258,0.0669158122138222,0.0874270661526067,0.06651978950584486,3432.1909458070854,260.3967242231682,0.5889086180772329,0.3051151870287505
15_130,0.1,42,259,0.06665274116248465,-0.03130216252680751,0.060632014552242035,3216.1392698570958,275.2646330690172,0.6291909252470865,0.3051151870287505
15_130,0.1,42,260,0.06639376133521471,0.3758606478666501,0.06197118735259496,3532.8607997346394,238.2356608478796,0.5193502226487221,0.3051151870287505
15_130,0.1,42,261,0.06613880910618089,0.5381828986697831,0.0639073624578818,3794.666778524105,222.923658438478,0.47955427533255424,0.3051151870287505
15_130,0.1,42,262,0.06588782183904693,0.18423863727173756,0.06031475360318917,3152.135921597258,261.8624361451054,0.5817557252974502,0.3051151870287505
15_130,0.1,42,263,0.06564073787158327,0.26008343646981047,0.055040238467949566,3930.848712484914,242.02062605125147,0.5490791408825474,0.3051151870287505
15_130,0.1,42,264,0.06539749650051803,0.4499894222961723,0.05231000096139511,3581.8701287251815,235.0146228735538,0.5107180290413416,0.3051151870287505
15_130,0.1,42,265,0.06515803796662348,0.2648858006939854,0.05135975482393156,3512.9124875670886,244.08478170092505,0.5379939344418883,0.3051151870287505
15_130,0.1,42,266,0.06492230344003448,0.30406899086557937,0.04895267506039473,3850.3014319145827,240.3009085872515,0.5398827522836052,0.3051151870287505
15_130,0.1,42,267,0.06469023500579518,-0.005431761273613833,0.0734305618105835,3332.3450339995616,270.5908796812881,0.6186040941645573,0.3051151870287505
15_130,0.1,42,268,0.06446177564963067,0.16347431247512595,0.04477465142453514,3208.086664866961,256.69927754137353,0.5669468064966031,0.3051151870287505
15_130,0.1,42,269,0.06423686924393959,0.1668020120223755,0.05772718976176376,3621.739928350499,256.8447412419647,0.5852148816097907,0.3051151870287505
15_130,0.1,42,270,0.064015460534005,0.21025262027031894,0.05744521578380486,3509.067947131912,254.64956327650916,0.5730522295478049,0.3051151870287505
15_130,0.1,42,271,0.0637974951244193,0.2588749197033149,0.058717675547123926,3626.486775096409,249.60962113861768,0.5612966546895559,0.3051151870287505
15_130,0.1,42,272,0.06358291946572056,0.3869735679439469,0.06922648827554737,3489.741230162659,237.6884278578558,0.5156719926293979,0.3051151870287505
15_130,0.1,42,273,0.06337168084123639,0.15156962898141602,0.04927348689867872,3709.3837712415443,256.2869395355058,0.5871229773700306,0.3051151870287505
15_130,0.1,42,274,0.06316372735413278,0.1691061455099207,0.058357845927459275,3412.6855995271258,260.35736419613085,0.5879388482379044,0.3051151870287505
15_130,0.1,42,275,0.06295900791466405,0.2115079045275145,0.05021251434301809,3428.3271073640726,257.6360921411878,0.579538408483506,0.3051151870287505
15_130,0.1,42,276,0.06275747222762111,0.35662797017585224,0.05754486841326045,3434.1843018344325,240.57524507963095,0.5229083920714216,0.3051151870287505
15_130,0.1,42,277,0.06255907077997513,0.38530723171683345,0.04964939120498045,3306.578616309493,238.6904522980324,0.5111385766861762,0.3051151870287505
15_130,0.1,42,278,0.062363754828713217,0.030323417312859813,0.04310941720909143,3370.199274048835,262.1636275917157,0.5921345302871697,0.3051151870287505
15_130,0.1,42,279,0.06217147638886324,0.012613800693053956,0.05851793676409653,3398.056467828005,269.2060450874003,0.6168119344421211,0.3051151870287505
15_130,0.1,42,280,0.06198218822170495,-0.1265935390897568,0.04298979675143656,3347.2180383458212,278.9351546461855,0.6470637693878238,0.3051151870287505
15_130,0.1,42,281,0.06179584382316449,0.13857043794083063,0.04248401434449733,3273.994990684506,261.555988991664,0.585972775130177,0.3051151870287505
15_130,0.1,42,282,0.06161239741238927,0.006705973880371252,0.059869456285550224,3319.3473252423746,270.48397469493943,0.6176888911452918,0.3051151870287505
15_130,0.1,42,283,0.06143180392050065,0.13977326783088462,0.058146808805077846,3353.0660840123046,261.555988991664,0.5893720676576635,0.3051151870287505
15_130,0.1,42,284,0.06125401897952138,0.31285515748843484,0.057320030907893706,3735.8721428086374,238.87267703391802,0.5302015952432759,0.3051151870287505
15_130,0.1,42,285,0.06107899891147547,0.042662516508815085,0.03506219849099948,3253.787062977488,270.56775306089094,0.6151497554881808,0.3051151870287505
15_130,0.1,42,286,0.060906700717657275,0.03800672881920525,0.05751077749987054,3555.5631157496723,267.7455132016567,0.6187137024105833,0.3051151870287505
15_130,0.1,42,287,0.060737082068067785,0.3429283421236672,0.0543030489026645,3482.8009021951852,244.19991824548947,0.5370832990844678,0.3051151870287505
15_130,0.1,42,288,0.06057010129101494,0.3178090499679444,0.04397355877919052,3677.763796141275,236.7310285223485,0.5205631221233985,0.3051151870287505
15_130,0.1,42,289,0.06040571736287584,-0.2045669576116988,0.04874123937550285,3320.7850046529275,286.1125144954967,0.6698571240183093,0.3051151870287505
15_130,0.1,42,290,0.06024388989801807,-0.03140008378888187,0.04426511444776934,3364.0282673755196,272.87015715466055,0.6275654055626051,0.3051151870287505
15_130,0.1,42,291,0.06008457913887785,0.06253158622157207,0.04738684711669739,3191.433638365175,266.07272564688475,0.5974824880599916,0.3051151870287505
15_130,0.1,42,292,0.05992774594619241,0.4089461586596117,0.042584023125093476,3415.780663255251,236.18468634617523,0.5074788449504817,0.3051151870287505
15_130,0.1,42,293,0.05977335178938433,0.22021651758425137,0.041178718553792765,3234.746331133427,249.58132291650153,0.5443612552193218,0.3051151870287505
15_130,0.1,42,294,0.059621358737095426,-0.1309147869721266,0.0438518134180149,3033.568659405359,279.0743853014542,0.6340440813584163,0.3051151870287505
15_130,0.1,42,295,0.05947172944786773,0.5974579755356494,0.059644225677000035,3538.1551423693068,221.73115767912313,0.46455089073147227,0.3051151870287505
15_130,0.1,42,296,0.059324427160969605,-0.027495552572408988,0.04365887241879907,3233.2011787110823,271.69409302563673,0.6180200419892561,0.3051151870287505
15_130,0.1,42,297,0.05917941568736433,0.20158016187473687,0.03783633464375999,3681.573375965787,246.06626954828803,0.5518511133774696,0.3051151870287505
15_130,0.1,42,298,0.05903665940081926,0.24852542737217076,0.04724357004479499,3493.3780323812966,247.24306281723744,0.5476840277723419,0.3051151870287505
15_130,0.1,42,299,0.058896123229153184,0.14525245220710337,0.04420847287688591,3211.0266728451156,259.5573798678419,0.5766022715636088,0.3051151870287505
15_130,0.1,42,300,0.05875777264561992,-0.22277089537438882,0.05023140584444825,3051.092963354954,283.43586596817806,0.6493388776897511,0.3051151870287505
15_130,0.1,42,301,0.05862157366042571,0.1286195272101594,0.0454574556151359,3431.1518359438974,257.90623107005126,0.5805605028128448,0.3051151870287505
15_130,0.1,42,302,0.058487492812378764,0.1558260562145884,0.06196445490543067,3305.1894161280647,255.84073904177325,0.5682588705617375,0.3051151870287505
15_130,0.1,42,303,0.05835549716066848,0.21563620043203752,0.03892622924906408,3371.0277975441554,251.64676329637786,0.5571063345073752,0.3051151870287505
15_130,0.1,42,304,0.05822555427677263,-0.10031566522344776,0.03902855779828758,3538.1619523426607,272.69842814600776,0.634478916305862,0.3051151870287505
15_130,0.1,42,305,0.05809763223649032,0.09583013326580847,0.0435970932253893,3670.6267697218277,254.99753415390546,0.5811578512989325,0.3051151870287505
15_130,0.1,42,306,0.057971699612098956,0.1889001439181185,0.04131170997273548,3392.70027255867,252.34768812762994,0.5603749640204704,0.3051151870287505
15_130,0.1,42,307,0.05784772546463305,-1890.576143759583,0.03866728032766837,143303.66815895864,140188.1977297302,473.12915132451116,0.3051151870287505
15_130,0.1,42,308,0.05772567933628324,0.11969048468255611,0.040038189231859415,3277.6305160573847,258.51575685634356,0.5759927634447456,0.3051151870287505
15_130,0.1,42,309,0.05760553124291343,-0.3125413901334423,0.057057535392476974,3163.225772897174,286.527179511678,0.6644661167641298,0.3051151870287505
15_130,0.1,42,310,0.05748725166669427,0.27580918167358726,0.04173619956673237,3426.00956547316,246.33583574652366,0.5417630891969878,0.3051151870287505
15_130,0.1,42,311,0.05737081154885137,0.6182173365601087,0.05092711318138279,3677.3926129976176,214.19507986264077,0.44541105047535745,0.3051151870287505
15_130,0.1,42,312,0.057256182282526054,0.18599924771551815,0.0467045055581135,3512.933461994123,252.069271678949,0.5646155726865051,0.3051151870287505
15_130,0.1,42,313,0.057143335705747374,1.0954343359847996,0.03652405426041045,3637.4239596519506,184.64069180618304,0.34515680061918474,0.3051151870287505
15_130,0.1,42,314,0.05703224409451321,0.1931602888968461,0.04190348710963899,3384.233750842206,253.1018227203086,0.5625253123911731,0.3051151870287505
15_130,0.1,42,315,0.056922880155979176,0.3478610745104328,0.06174317373013961,3635.1761468623818,235.26670128862452,0.5138501159877764,0.3051151870287505
15_130,0.1,42,316,0.05681521702175326,0.27534013079885233,0.05041046043930278,3617.633250266478,243.24029592586504,0.5396803519156715,0.3051151870287505
15_130,0.1,42,317,0.05670922824129488,0.2580571282390737,0.048612271871017125,3384.683500326747,246.8801081335073,0.5418011025556162,0.3051151870287505
15_130,0.1,42,318,0.05660488777541653,0.7429718746692551,0.0512682146086399,3453.8454363375713,213.76669255646362,0.43437241594807086,0.3051151870287505
15_130,0.1,42,319,0.056502169989886525,0.40758512512684564,0.038006392474569564,3588.772643126461,235.79575340214166,0.5136191033336732,0.3051151870287505
15_130,0.1,42,320,0.056401049649131195,0.15914849937134828,0.03951802847027709,3374.260509455863,255.84073904177325,0.5712282597725475,0.3051151870287505
15_130,0.3,42,1,1.0,-0.6356092032932735,,3878.03460338645,227.20789448752294,0.6460014461224637,0.6460014461224637
15_130,0.3,42,2,0.9852258055592246,-2.120037571791332,0.22561888337180186,4044.813833187806,353.73331132456633,0.9956111023495424,0.6460014461224637
15_130,0.3,42,3,0.9706813761935793,-1.067983422490322,0.23015795099066338,3867.965727771536,265.2618356759537,0.7433826077593326,0.6460014461224637
15_130,0.3,42,4,0.9563631386463322,-0.2846801489626085,0.2131009771169982,2982.456579942611,241.5362004518125,0.5676533705739855,0.5676533705739855
15_130,0.3,42,5,0.9422675752312664,-1.3541332130253503,0.21645641448317834,4366.069928714814,263.6279647032373,0.8033867220597564,0.5676533705739855
15_130,0.3,42,6,0.9283912229684601,-1.5206150582520643,0.2119064606792525,4070.8652504770967,299.23738671980675,0.8576546192638708,0.5676533705739855
15_130,0.3,42,7,0.9147306727335057,-2.649662005415119,0.21527481954266123,3997.6970040365013,412.2693763268667,1.1413274671657456,0.5676533705739855
15_130,0.3,42,8,0.9012825684199611,-1.3073718223393158,0.2319919984942442,4139.965274550346,268.71667324829724,0.7874215880634614,0.5676533705739855
15_130,0.3,42,9,0.888043606114825,-0.9144567114693183,0.22279036897722249,3797.6026646462287,255.80776865703263,0.7097919556451073,0.5676533705739855
15_130,0.3,42,10,0.8750105332868364,-1.2785298042248687,0.19790217333304352,3979.526539962001,276.32605104192197,0.7864619382357043,0.5676533705739855
15_130,0.3,42,11,0.8621801479873967,-1.3897824605649611,0.19974936356762918,3903.103610016998,287.19583343944646,0.8047926236882488,0.5676533705739855
15_130,0.3,42,12,0.8495492980639193,-1.7107256469410248,0.18427208270654213,4258.207199651914,306.12738237904864,0.8996831211369656,0.5676533705739855
15_130,0.3,42,13,0.837114880385412,-1.4502623059568154,0.1996610775365507,3979.5854342674043,297.56717242350595,0.8415510465746739,0.5676533705739855
15_130,0.3,42,14,0.8248738400801048,-0.8768041986081134,0.17265069661232163,3924.3215437401254,252.28790312989105,0.7170074599084386,0.5676533705739855
15_130,0.3,42,15,0.8128231697849323,-0.6649727223872107,0.1766887107205429,3703.62525386448,243.412627689979,0.6655290780327001,0.5676533705739855
15_130,0.3,42,16,0.8009599089066888,-1.6106066926990243,0.1746691879461742,3967.76217281679,315.16093515627125,0.8856495364226193,0.5676533705739855
15_130,0.3,42,17,0.7892811428946735,-0.9843914072491959,0.17322037824475536,3726.5557722534018,263.3951660486222,0.7203042620687092,0.5676533705739855
15_130,0.3,42,18,0.7777840025246476,-1.355775195530822,0.15630603247248337,3436.540305963998,323.14170255259484,0.8378326877715944,0.5676533705739855
15_130,0.3,42,19,0.7664656631939266,-0.7162884701355583,0.16361033982286305,3800.792342397549,238.82913509516365,0.666175108986881,0.5676533705739855
15_130,0.3,42,20,0.7553233442274359,-0.9091246950106942,0.1635556424567984,3632.249914711013,266.56108499445554,0.716351259222759,0.5676533705739855
15_130,0.3,42,21,0.7443543081945577,-1.5238611464396068,0.1787335873995056,3461.904563185163,334.3835865017901,0.8702558849005,0.5676533705739855
15_130,0.3,42,22,0.7335558602366034,-0.7407343972472977,0.17978722314719556,3750.1675329521477,245.95424476028316,0.6781224882007133,0.5676533705739855
15_130,0.3,42,23,0.7229253474047432,-1.720367873831271,0.17909192816157865,3336.3525932606904,368.3601269371807,0.9421697462355956,0.5676533705739855
15_130,0.3,42,24,0.7124601580082336,-0.8090963737184323,0.1872053232051129,3324.692539403422,278.26741970470204,0.7070416147971295,0.5676533705739855
15_130,0.3,42,25,0.7021577209727804,-1.9599244386724524,0.1704918741565115,4742.4250887493845,297.87754657961136,0.9407400840270874,0.5676533705739855
15_130,0.3,42,26,0.6920155052088806,-1.462893575275344,0.17374576653422513,3938.4092158928415,301.91786951654217,0.8475225391179813,0.5676533705739855
15_130,0.3,42,27,0.6820310189899872,-1.520842021768052,0.17398479172597445,4153.281828056448,293.5666544444877,0.8535788815103891,0.5676533705739855
15_130,0.3,42,28,0.6722018093403456,-1.855757143704048,0.15204021418579095,4979.287957420323,276.3224036383774,0.9153927047294308,0.5676533705739855
15_130,0.3,42,29,0.6625254614323491,-0.5120656825282228,0.1615494953947705,3929.192187824962,217.80231005209924,0.6282091556747907,0.5676533705739855
15_130,0.3,42,30,0.6529995979932678,-0.9639924797178981,0.15695872226737043,3977.451494224558,251.96488694052894,0.7230220515534062,0.5676533705739855
15_130,0.3,42,31,0.6436218787212026,-1.174532675247216,0.16611173103492718,2963.008950722815,327.51319898627776,0.7880968440254792,0.5676533705739855
15_130,0.3,42,32,0.634389999710123,-2.1515304311013557,0.15939951615662123,4133.034375551985,358.37984093010147,1.0190381633308945,0.5676533705739855
15_130,0.3,42,33,0.6253016928838472,-2.237159163845742,0.14500992920742872,4293.3041236187855,355.7909505832064,1.0329949191665637,0.5676533705739855
15_130,0.3,42,34,0.6163547254388225,-0.8925532151659091,0.17233043925012984,3761.0013709166997,260.750999797832,0.7178900131931867,0.5676533705739855
15_130,0.3,42,35,0.607546899295575,-2.752738687631756,0.16776856684789349,4531.982098732799,383.1723585346064,1.1347816804549475,0.5676533705739855
15_130,0.3,42,36,0.5988760505586863,-1.7061778537059604,0.16930540385934814,3514.560124435649,345.1381077139002,0.9049350617170884,0.5676533705739855
15_130,0.3,42,37,0.5903400489851716,-0.8846329920437309,0.153110535186901,3687.84628307051,260.82899922834997,0.708657393310078,0.5676533705739855
15_130,0.3,42,38,0.581936797461124,-1.3804163186360683,0.15382083685443995,3889.1825374912787,293.1128051413424,0.8183408317957692,0.5676533705739855
15_130,0.3,42,39,0.5736642314864987,-1.010410470352235,0.14680161721833018,3286.318044862733,301.30866630909077,0.761841933827375,0.5676533705739855
15_130,0.3,42,40,0.5655203186679085,-1.4907851195296773,0.14998641551092756,3714.7456122365447,323.6343925624992,0.8749907243268638,0.5676533705739855
15_130,0.3,42,41,0.5575030582193081,-1.0432302973010892,0.16033927422357344,4083.2047165231124,259.674968178562,0.7566545828722808,0.5676533705739855
15_130,0.3,42,42,0.5496104804704447,-1.119617136850226,0.15407179326247714,3805.91669970112,268.63966895615806,0.7441393269475992,0.5676533705739855
15_130,0.3,42,43,0.5418406463829504,-2.412604887683545,0.15344930289987654,3512.625654911268,418.3445923844064,1.0945213073909716,0.5676533705739855
15_130,0.3,42,44,0.5341916470739625,-1.316279879419118,0.16459657146772091,3534.9607742966064,303.31710767217385,0.7991178331026427,0.5676533705739855
15_130,0.3,42,45,0.5266616033471518,-1.28854119394863,0.1540083060547676,4000.0831987576184,281.2189175273331,0.8018011104529694,0.5676533705739855
15_130,0.3,42,46,0.519248665231044,-1.7459139653841589,0.14948808801958008,3697.978657759569,343.00846321850344,0.9230682349357833,0.5676533705739855
15_130,0.3,42,47,0.5119510115245198,-2.171185248320007,0.17243175788143297,3194.234552443017,408.31348784692614,1.0274458847295744,0.5676533705739855
15_130,0.3,42,48,0.504766849349387,-1.932697591397765,0.14454291538055358,3937.4615482116596,339.2639513807448,0.9442444833195267,0.5676533705739855
15_130,0.3,42,49,0.49769441370990625,-1.32170405069098,0.14166217989261884,3589.733347822698,313.2311466124004,0.8318905425872749,0.5676533705739855
15_130,0.3,42,50,0.4907319670591703,-0.7705049997971403,0.15021973273787426,3988.977336772401,228.5728289069823,0.663849326872362,0.5676533705739855
15_130,0.3,42,51,0.4838777988722253,-2.928361922467628,0.16675997543822038,3440.1242217270787,469.04682472599734,1.2166494549758813,0.5676533705739855
15_130,0.3,42,52,0.47713022522583176,-1.5779754843319889,0.15283044806252813,3574.9934286261487,328.9382106964149,0.8707203668094929,0.5676533705739855
15_130,0.3,42,53,0.47048758838475946,-2.1253300705128844,0.13037067572592434,3722.2928672943804,371.02792467887286,0.9988628595085629,0.5676533705739855
15_130,0.3,42,54,0.4639482563945182,-1.6048179243462857,0.162781013656294,4175.2590663751935,310.8301116426505,0.9011801221122124,0.5676533705739855
15_130,0.3,42,55,0.4575106226804207,-2.024525841242384,0.13742199135240513,4038.0515631588028,348.6893670433931,0.9816592380883737,0.5676533705739855
15_130,0.3,42,56,0.45117310565288166,-1.880880352076885,0.13760728268363168,4220.357385036862,330.5269737945985,0.95807350682264,0.5676533705739855
15_130,0.3,42,57,0.44493414831885486,-1.2326408472058483,0.14046739590185978,4115.610350085918,266.3535323811301,0.7781525194937697,0.5676533705739855
15_130,0.3,42,58,0.438792217899313,-2.064780745474636,0.1367323478392643,3687.1150663188623,372.86132307991846,0.9990802291037018,0.5676533705739855
15_130,0.3,42,59,0.43274580545267627,-1.7700569393417878,0.14227741614550155,4055.50696680025,320.4193071797342,0.9106018416730538,0.5676533705739855
15_130,0.3,42,60,0.4267934255040983,-1.0363438729833137,0.14924289181289782,4130.81137587999,254.06538101393653,0.7482479340577942,0.5676533705739855
15_130,0.3,42,61,0.42093361568051574,-1.525979331122005,0.15199939656642783,3322.984364214355,338.0945666914256,0.8619623541480226,0.5676533705739855
15_130,0.3,42,62,0.4151649363513749,-1.1587903669876582,0.17263758601156046,3172.5339751821807,307.57077730963147,0.7634057114050342,0.5676533705739855
15_130,0.3,42,63,0.40948597027494477,-0.7384819798975413,0.15178701824334134,3416.5816402001838,262.1723110510629,0.677155537709428,0.5676533705739855
15_130,0.3,42,64,0.4038953222501312,-1.2462114730749685,0.13138229322234712,3508.144096016106,307.0326831539813,0.8052943212601951,0.5676533705739855
15_130,0.3,42,65,0.3983916187737056,-1.4453983832401165,0.16059646860572316,3928.9790152961164,302.6703887325508,0.8482577154681488,0.5676533705739855
15_130,0.3,42,66,0.3929735077028642,-0.9056673126433816,0.13554214813328397,3819.203123695859,253.00837881782147,0.7053185375625548,0.5676533705739855
15_130,0.3,42,67,0.38763965792303584,-0.7923652089204095,0.13389425773683314,3282.832923571186,278.867647460274,0.703199421888222,0.5676533705739855
15_130,0.3,42,68,0.38238875902085495,-1.642188147600227,0.12599137354675008,3973.1095433999203,314.3266144000106,0.8841756693786892,0.5676533705739855
15_130,0.3,42,69,0.37721952096222106,-1.2801508431348003,0.13928464121065537,3920.980057327942,289.7761860228753,0.8137894201854095,0.5676533705739855
15_130,0.3,42,70,0.372130673775365,-1.4639300694297381,0.13175909852802173,3716.0019185191827,307.98102550930525,0.834561149836067,0.5676533705739855
15_130,0.3,42,71,0.3671209672388437,-0.9810518404049794,0.12927515124746355,3797.1431098763483,263.330342279479,0.7292398831781679,0.5676533705739855
15_130,0.3,42,72,0.3621891705743874,-1.975745317943176,0.14615065411306044,3564.724157686229,371.7726394889324,0.9804722269216914,0.5676533705739855
15_130,0.3,42,73,0.35733407214452373,-1.254351566943883,0.14639844219398893,3884.259673011734,290.0203110701158,0.8096866096846886,0.5676533705739855
15_130,0.3,42,74,0.35255447915490423,-1.7470245790955592,0.13628323312299426,3530.0353360116346,345.72661265432913,0.9084569994747445,0.5676533705739855
15_130,0.3,42,75,0.3478492173612599,-0.47397570718114346,0.14243978501769486,3331.669303655732,243.5184493563887,0.61783196098332,0.5676533705739855
15_130,0.3,42,76,0.3432171307809146,-0.9881716557754598,0.15051411813281831,3639.2506385484908,281.2239021296695,0.755277101978053,0.5676533705739855
15_130,0.3,42,77,0.3386570814087846,-1.6520864198184053,0.13960965143795256,4072.164577467158,316.93579485036054,0.9037169040999005,0.5676533705739855
15_130,0.3,42,78,0.3341679489377949,-1.179061757703693,0.13153826078011369,3610.0208163658967,295.15473474130346,0.7876321060925899,0.5676533705739855
15_130,0.3,42,79,0.32974863048364406,-1.6826225059072608,0.13171563166305195,4073.0109531513717,319.4355025192986,0.9103081905793793,0.5676533705739855
15_130,0.3,42,80,0.3253980403138483,-1.847190088704451,0.13370225467051752,3650.4208786225918,356.50505848392567,0.9519334196120102,0.5676533705739855
15_130,0.3,42,81,0.32111510958100054,-1.295424553046633,0.12159329131045218,3299.8827105259857,327.0812431102522,0.8304236596291796,0.5676533705739855
15_130,0.3,42,82,0.3168987860601775,-1.6366674856110337,0.14287880867976993,3488.1128099338994,350.35417899043097,0.9150502047360918,0.5676533705739855
15_130,0.3,42,83,0.31274803389043004,-0.8929763883497768,0.14026673782092697,3813.4145007654256,259.2316620877784,0.7207099090532562,0.5676533705739855
15_130,0.3,42,84,0.30866183332029457,-1.4762127991718788,0.13171372415841823,3985.295755142256,310.7278426771244,0.8764151656049355,0.5676533705739855
15_130,0.3,42,85,0.3046391804572615,-1.5805469648775723,0.13370863310996892,3681.109514562543,330.25880077957214,0.8878307583134102,0.5676533705739855
15_130,0.3,42,86,0.3006790870211401,-1.0116701290917545,0.1441027147513137,3561.02590996585,280.97509028177876,0.7445431732985797,0.5676533705739855
15_130,0.3,42,87,0.29678058010125963,-1.7508241323506448,0.13995253000074173,3757.9019757209767,336.3181106789614,0.9134474860791142,0.5676533705739855
15_130,0.3,42,88,0.2929427019174456,-1.01138167034844,0.12057219278485767,3464.9109522288268,279.8036941163562,0.7291095201512126,0.5676533705739855
15_130,0.3,42,89,0.28916450958471324,-0.8354335609198386,0.13374170927812382,3677.4259360708993,259.27693650082796,0.7032887321103015,0.5676533705739855
15_130,0.3,42,90,0.28544507488162135,-0.7960400907141478,0.1232163296393338,3991.368749004058,242.42559255196014,0.7000801081486224,0.5676533705739855
15_130,0.3,42,91,0.28178348402222775,-0.6289513609930625,0.13070616945534172,3993.3594089973144,222.905153182494,0.6497173274277528,0.5676533705739855
15_130,0.3,42,92,0.27817883743159105,-0.8551481325453997,0.12955514188680703,3921.3704210077285,246.71831282800736,0.7021840416833585,0.5676533705739855
15_130,0.3,42,93,0.27463024952476534,-1.2024160923102358,0.13660425222239025,3968.0399677269247,279.56716744560146,0.7933852196587555,0.5676533705739855
15_130,0.3,42,94,0.27113684848922975,-1.20114618968953,0.12859441047422432,4064.3221118818574,270.4263876404852,0.782099367935203,0.5676533705739855
15_130,0.3,42,95,0.2676977760707032,-0.5081182365254503,0.1239535251025438,3553.7739386724656,240.0172769305659,0.6373979351997386,0.5676533705739855
15_130,0.3,42,96,0.2643121873622896,-0.8813477341594425,0.12403612685349495,3967.596139262976,248.0906321942747,0.711704454907382,0.5676533705739855
15_130,0.3,42,97,0.2609792505969018,-1.6397189800588094,0.1361250372683573,3932.9350409365366,325.23648309914716,0.9072853005702579,0.5676533705739855
15_130,0.3,42,98,0.25769814694291476,-1.5365894731354466,0.13352417397982083,4081.8417763111606,303.0069107662692,0.8688452315317249,0.5676533705739855
15_130,0.3,42,99,0.25446807030299534,-0.9324872064090663,0.13549605120319683,3600.784657428724,275.3651712918024,0.735123511003976,0.5676533705739855
15_130,0.3,42,100,0.2512882271160621,-0.8955149286592211,0.1254275053020877,3709.422948966991,267.2410594092267,0.7280676210536942,0.5676533705739855
15_130,0.3,42,101,0.2481578361623234,-2.6922070869099692,0.12075939935677911,4227.476453830112,407.45546008703224,1.1584791221548427,0.5676533705739855
15_130,0.3,42,102,0.2450761283713493,-1.044805675585627,0.1512337774895296,3766.593495197022,274.1599110063654,0.7533826154776033,0.5676533705739855
15_130,0.3,42,103,0.24204234663312607,-1.0474235650399912,0.12894920819218725,3586.426508756331,282.97840200862254,0.7530140109181175,0.5676533705739855
15_130,0.3,42,104,0.23905574561205173,-1.072967194798455,0.11928696727803349,3578.3830995661806,292.6538529474175,0.7770665850244001,0.5676533705739855
15_130,0.3,42,105,0.23611559156382206,-1.4293722043518464,0.11987275342344621,3908.41177951753,302.28355751969247,0.844602025446936,0.5676533705739855
15_130,0.3,42,106,0.2332211621551653,-0.65501474340287,0.12990465158295184,3875.8678211705665,233.71865202692425,0.6626053952524269,0.5676533705739855
15_130,0.3,42,107,0.23037174628638085,-3.0906673503121,0.12849573316377408,4096.302813327122,458.9383801685793,1.2750647008258882,0.5676533705739855
15_130,0.3,42,108,0.2275666439166364,-1.362440619432574,0.1325688051460532,3818.2830445834165,303.8948289030551,0.8371563087042974,0.5676533705739855
15_130,0.3,42,109,0.2248051658919834,-0.7638155827340054,0.1337339685351808,3877.5775626118225,242.23672368798321,0.6849145794441851,0.5676533705739855
15_130,0.3,42,110,0.22208663377604637,-0.9176110899480205,0.1175573494399297,3842.9644201174674,263.6236276382854,0.7359100374442701,0.5676533705739855
15_130,0.3,42,111,0.21941037968334542,-1.1235707255389444,0.12302099883700969,3693.5760942366474,288.14011607713087,0.7802183224103771,0.5676533705739855
15_130,0.3,42,112,0.21677574611521144,-0.3084853751700523,0.12557686296224746,3592.3964901169,217.24196075388642,0.5833192070403763,0.5676533705739855
15_130,0.3,42,113,0.21418208579825188,-0.6809409393312597,0.10474552614404099,3901.3001215690647,234.70803476913517,0.6684510467986269,0.5676533705739855
15_130,0.3,42,114,0.21162876152533033,-0.9758669900861617,0.10795057187317804,3899.1446780774127,259.2373162484762,0.7317812774360704,0.5676533705739855
15_130,0.3,42,115,0.20911514599901782,-1.0986604144201944,0.11660992077724391,3558.350439806286,289.37965604202975,0.765992454032399,0.5676533705739855
15_130,0.3,42,116,0.20664062167747893,-1.0990285493165304,0.12774426326573585,3715.271591194956,281.80148421464645,0.7665793595513548,0.5676533705739855
15_130,0.3,42,117,0.20420458062275576,-0.914311027966378,0.1344633718901688,3778.0444045726517,261.5838742505834,0.72224784246168,0.5676533705739855
15_130,0.3,42,118,0.2018064243514096,-1.183598104630938,0.13031468538466978,3813.8831450788407,283.5175406137717,0.7837473894055977,0.5676533705739855
15_130,0.3,42,119,0.1994455636874869,-0.4078846087035154,0.11868972588796939,3857.73825777773,210.39660327117335,0.5997895282442549,0.5676533705739855
15_130,0.3,42,120,0.19712141861777083,-0.813575038657423,0.13674564027294167,3668.817309221964,263.31300331436654,0.7126446143652104,0.5676533705739855
15_130,0.3,42,121,0.19483341814928484,-1.0783695675637317,0.12226102813261537,3987.422782931663,263.64444389025056,0.754594955993497,0.5676533705739855
15_130,0.3,42,122,0.19258100016901147,-1.1383181700861373,0.12325501914439126,3998.6321584514153,275.78703637413855,0.7875282604702523,0.5676533705739855
15_130,0.3,42,123,0.19036361130579338,-1.275968258080698,0.11291353819275042,4085.8682977222825,285.3134526480651,0.8234826628107728,0.5676533705739855
15_130,0.3,42,124,0.18818070679438154,-1.0902300139024386,0.13055891827196967,4064.338103913296,262.0804844888482,0.760459212877319,0.5676533705739855
15_130,0.3,42,125,0.1860317503415984,-0.9971507983766041,0.12637331610438293,3530.0903754643796,284.6996057421731,0.7502116312180827,0.5676533705739855
15_130,0.3,42,126,0.1839162139945818,-0.7748888627121048,0.13129480767885843,3826.8740075032333,245.03663359696932,0.6856358908917014,0.5676533705739855
15_130,0.3,42,127,0.18183357801107813,-1.0362214161013255,0.10848392923238465,3545.017043465317,291.0457948409,0.7685933882133655,0.5676533705739855
15_130,0.3,42,128,0.17978333073175307,-0.4208121729096627,0.1272233213902386,3493.214812239997,231.4744400240901,0.6074346671590396,0.5676533705739855
15_130,0.3,42,129,0.17776496845448742,-1.149307417729502,0.12634820271777164,3628.729727139933,298.1770755251057,0.797882409987931,0.5676533705739855
15_130,0.3,42,130,0.17577799531062827,-1.0331230577754005,0.11171093312719857,4199.887139246155,252.22791696806354,0.7523918755549612,0.5676533705739855
15_130,0.3,42,131,0.1738219231431649,-1.032344451654834,0.11889036681176361,3640.6464840760245,279.2133210431761,0.7502433778709734,0.5676533705739855
15_130,0.3,42,132,0.17189627138679878,-0.6620861903100327,0.11531807150996183,4256.679881211789,213.3882871603877,0.6589993253552859,0.5676533705739855
15_130,0.3,42,133,0.1700005669498786,-1.0508301973781844,0.12962685702720705,3671.920380878275,279.3922842294635,0.7547408826778794,0.5676533705739855
15_130,0.3,42,134,0.16813434409817252,-0.839930784199547,0.11652789730568427,3465.366490545687,271.50320026797414,0.7076438071609978,0.5676533705739855
15_130,0.3,42,135,0.16629714434044632,-0.3152980390273438,0.12322225777204122,3506.543366107934,223.62632480321454,0.5888022875346137,0.5676533705739855
15_130,0.3,42,136,0.16448851631582245,-1.3362406069504686,0.13121718391589007,3720.4575798718897,305.11598414728707,0.827706305583771,0.5676533705739855
15_130,0.3,42,137,0.16270801568288995,-1.0077442792975924,0.12292314612649362,3703.6597254788007,276.3477882508127,0.7509394886278169,0.5676533705739855
15_130,0.3,42,138,0.16095520501053945,-0.6199432844410374,0.10117246972027802,3846.5575907350503,229.81781528538505,0.648709752734191,0.5676533705739855
15_130,0.3,42,139,0.1592296536704954,-1.0430373753120525,0.1056781197977395,3569.7482343749484,287.92130584707206,0.7636807113493806,0.5676533705739855
15_130,0.3,42,140,0.15753093773152022,-0.37886325036264024,0.11212037741529658,3649.6132105121937,221.89334266608915,0.6027602570351045,0.5676533705739855
15_130,0.3,42,141,0.15585863985526294,-0.6309907737030618,0.1066458572808521,3800.7898854834743,233.9983014653691,0.6536476934257655,0.5676533705739855
15_130,0.3,42,142,0.15421234919372853,-1.2144931160122103,0.12620891953485514,3825.6097738348203,284.77241868645734,0.7885138772936509,0.5676533705739855
15_130,0.3,42,143,0.152591661288341,-1.5243278629960437,0.12942873327351762,3826.821293418892,319.91716764818227,0.8798058973729426,0.5676533705739855
15_130,0.3,42,144,0.15099617797057668,-0.8383805430345127,0.11714147627752788,3981.824200983114,243.4759638604749,0.7015729135364059,0.5676533705739855
15_130,0.3,42,145,0.14942550726414244,-1.3585258501651076,0.09235382123161157,4102.501015865139,288.0782216092362,0.8327972745070888,0.5676533705739855
15_130,0.3,42,146,0.14787926328867598,-0.5234012442968737,0.13074202629128961,3859.8860880400584,221.3808209012203,0.6285503110742184,0.5676533705739855
15_130,0.3,42,147,0.1463570661649425,-0.6445325926939699,0.12258681034015288,4082.1680283274404,215.55992332374547,0.6421237464640908,0.5676533705739855
15_130,0.3,42,148,0.1448585419215072,-0.6913138615742255,0.0981947107589263,3889.7345772380745,234.05766198843375,0.6652729098380008,0.5676533705739855
15_130,0.3,42,149,0.14338332240285795,-0.7528239896019546,0.10526047194646578,4007.038953436442,238.72970750531277,0.6925171085115998,0.5676533705739855
15_130,0.3,42,150,0.1419310451789575,-0.9409964192664318,0.11015160208116254,4191.781982927867,247.2456985394145,0.7384268825943857,0.5676533705739855
15_130,0.3,42,151,0.14050135345620207,-1.279552479499847,0.11609537157466239,4393.450160493929,260.3082666669469,0.7983094873963292,0.5676533705739855
15_130,0.3,42,152,0.13909389598976496,-0.5887866764680953,0.11381419335360944,3821.655863474114,226.95105155129033,0.6380641904845452,0.5676533705739855
15_130,0.3,42,153,0.13770832699730284,-0.7724051892433168,0.10287195112364231,3846.3271145797025,249.0656925021302,0.6985927503022822,0.5676533705739855
15_130,0.3,42,154,0.13634430607400466,-0.9287103236557563,0.1085533719646448,3999.908617209984,254.23723317238162,0.7318109142472724,0.5676533705739855
15_130,0.3,42,155,0.13500149810896128,-0.6882927895816371,0.11269855910091822,3807.9071242509517,241.75668861565507,0.6746843085065204,0.5676533705739855
15_130,0.3,42,156,0.13367957320283602,-0.7274356909774815,0.10600980909321822,3944.664329521741,238.07809313511544,0.682782854368302,0.5676533705739855
15_130,0.3,42,157,0.13237820658681518,-0.916287990791251,0.11337273112665786,3751.156993648327,265.59986056992295,0.729194219920035,0.5676533705739855
15_130,0.3,42,158,0.13109707854281938,-0.928464042474914,0.11286552404290912,4068.4522487630898,249.8189597719495,0.7291937883965063,0.5676533705739855
15_130,0.3,42,159,0.12983587432495577,-0.6259259391311848,0.10139973359395357,3877.618511887403,229.51753612441473,0.6519370403383518,0.5676533705739855
15_130,0.3,42,160,0.12859428408219134,-0.7907428132846879,0.09654046952004368,4001.311451091599,243.5036220530263,0.7041579255433942,0.5676533705739855
15_130,0.3,42,161,0.1273720027822294,-0.5794316343874237,0.08643090567045061,3697.1301289053963,236.24412261729438,0.6461023530413004,0.5676533705739855
15_130,0.3,42,162,0.12616873013656954,-0.6351004329072795,0.1140018914216587,3875.8010033503815,234.69151146652368,0.6651195526712643,0.5676533705739855
15_130,0.3,42,163,0.12498417052673307,-0.8485889109371031,0.11851424499930706,4145.563498659348,238.3524587940593,0.7094044926915407,0.5676533705739855
15_130,0.3,42,164,0.12381803293163596,-0.7544864642643878,0.09589394321076226,3882.686078819339,241.20405015559982,0.6828955476900286,0.5676533705739855
15_130,0.3,42,165,0.12267003085609117,-0.5980942463034465,0.10931645644623476,3552.7538577172995,247.29841569945847,0.6561474931997933,0.5676533705739855
15_130,0.3,42,166,0.1215398822604227,-0.5319753430062595,0.10880929017720402,3562.1916446978666,240.8996147455776,0.6407716135293426,0.5676533705739855
15_130,0.3,42,167,0.1204273094911746,-0.9002184973513611,0.0991623121373712,3831.8480031218833,262.210502204991,0.7308118892951052,0.5676533705739855
15_130,0.3,42,168,0.11933203921289748,-0.5784154191151987,0.09970012745488663,3911.315676943226,224.4588207275193,0.6431649658899108,0.5676533705739855
15_130,0.3,42,169,0.11825380234099556,-0.597748238250322,0.1123652406235006,3682.684346942019,240.75943546445464,0.6559481706736916,0.5676533705739855
15_130,0.3,42,170,0.11719233397561858,-0.6582314081298223,0.09876559178610887,3778.1100360702235,242.98207436266793,0.6740189631435667,0.5676533705739855
15_130,0.3,42,171,0.11614737333658141,-0.9854920200311132,0.09717429098644009,3876.221795338886,270.34703763666204,0.7576341161188894,0.5676533705739855
15_130,0.3,42,172,0.11511866369929591,-0.2725516771564396,0.11157626827614446,3878.7886897735543,203.08435012028193,0.5835426201438108,0.5676533705739855
15_130,0.3,42,173,0.11410595233169919,-0.6333295063182857,0.1055568931976339,3862.1095103700295,236.2172234632385,0.6673101543573492,0.5676533705739855
15_130,0.3,42,174,0.11310899043216277,-0.4131030268387248,0.102771585037408,3792.618767453141,218.38184863589655,0.6120979789319034,0.5676533705739855
15_130,0.3,42,175,0.1121275330683672,-0.545739267319621,0.11434848388271096,3973.5457140862068,218.14286842145444,0.634812594607683,0.5676533705739855
15_130,0.3,42,176,0.11116133911712744,-0.09908005397713769,0.09164753253218347,3961.1255496132576,181.27800357473433,0.5376144579387289,0.5376144579387289
15_130,0.3,42,177,0.1102101712051541,-0.9007922146946268,0.10276344384725895,3901.354273850328,255.4064573779399,0.7221322417078447,0.5376144579387289
15_130,0.3,42,178,0.10927379565073586,-1.025669644491424,0.09705229023015025,3872.190461988491,269.64161940982194,0.7552849324903773,0.5376144579387289
15_130,0.3,42,179,0.10835198240632873,-0.8026753702846574,0.10239291741185118,3830.821683166986,252.04287229762932,0.7043132870156088,0.5376144579387289
15_130,0.3,42,180,0.1074445050020384,-0.5206622027933714,0.09191261654082178,3769.5789921879928,229.21021662299793,0.6372061489889411,0.5376144579387289
15_130,0.3,42,181,0.10655114048998136,-0.7821644411391145,0.11994701626957992,3871.188578611664,247.1843698469406,0.6969205974642658,0.5376144579387289
15_130,0.3,42,182,0.10567166938951125,-0.8299043667346904,0.10154026985535188,3604.2985379286933,266.45719764515565,0.7124769463845273,0.5376144579387289
15_130,0.3,42,183,0.10480587563329734,-0.6862959396722992,0.10304792007540299,3915.4224241748143,233.84871701526885,0.6680440703881603,0.5376144579387289
15_130,0.3,42,184,0.10395354651424124,-0.44569304463453707,0.1162157102222132,3542.351343390827,230.15378539595395,0.6103471927825659,0.5376144579387289
15_130,0.3,42,185,0.10311447263321932,-0.15905975301758804,0.09959045498451397,3947.1005390800824,188.5939057292965,0.5547769040663628,0.5376144579387289
15_130,0.3,42,186,0.10228844784763778,-0.502181521839575,0.08576490598453808,3799.624403409105,222.7610103261184,0.6243573462718596,0.5376144579387289
15_130,0.3,42,187,0.10147526922078795,-0.7435991303975668,0.11820179427827027,4210.0677133425,223.20971650317492,0.6784561928558019,0.5376144579387289
15_130,0.3,42,188,0.10067473697198882,-0.6040839949012093,0.08941151084300064,3971.3147436691943,228.0435167957937,0.6601987765030801,0.5376144579387289
15_130,0.3,42,189,0.09988665442750533,-0.5821565527669166,0.11810184195905729,3749.17958264678,236.75433538504728,0.6541382834908744,0.5376144579387289
15_130,0.3,42,190,0.09911082797222981,-0.7062963242194825,0.10002008228911183,3963.9828597840637,236.01270959197794,0.6799185254993151,0.5376144579387289
15_130,0.3,42,191,0.09834706700211487,-0.9170874233972273,0.09729832533349739,3819.937574013282,262.5260594238686,0.730094078071529,0.5376144579387289
15_130,0.3,42,192,0.09759518387734595,-0.757032046665816,0.08589991842749216,4146.46513912843,223.93813203596306,0.672142199700642,0.5376144579387289
15_130,0.3,42,193,0.09685499387624241,-0.4188795175994629,0.08210657191530513,3620.9593629705696,229.29333542281879,0.6182540674340538,0.5376144579387289
15_130,0.3,42,194,0.09612631514987509,-0.5817593032200037,0.07373571966787593,4157.092209398818,211.43336149469764,0.6410859796511548,0.5376144579387289
15_130,0.3,42,195,0.09540896867739013,-1.0777299588203708,0.09922093919729925,3859.7138122879182,276.41234472764205,0.7712333444059474,0.5376144579387289
15_130,0.3,42,196,0.0947027782220271,-0.659114450410369,0.11021452216475823,3867.8325055348278,239.26288802935798,0.6759461339701136,0.5376144579387289
15_130,0.3,42,197,0.09400757028782174,-0.7231958832301898,0.10150189193183029,3864.815473931915,238.44386030164503,0.6734331588417355,0.5376144579387289
15_130,0.3,42,198,0.09332317407698135,-0.6963094838515984,0.08665411734998628,3875.1690295532776,238.67010270050727,0.6753551487406774,0.5376144579387289
15_130,0.3,42,199,0.09264942144792357,-0.6650745185214888,0.09630457960920477,4002.595384051099,228.05755857836235,0.6642694843312269,0.5376144579387289
15_130,0.3,42,200,0.09198614687396757,-0.825502387067812,0.09225807421704808,3995.604374722197,245.21715739162542,0.7078653403566966,0.5376144579387289
15_130,0.3,42,201,0.0913331874026676,-0.6206044370599115,0.11427040381048707,3565.00650424799,248.73887967744454,0.6614630750769437,0.5376144579387289
15_130,0.3,42,202,0.09069038261577916,-0.7015458800645915,0.09353418910911422,3767.535900930379,246.37515582442924,0.6814539913836692,0.5376144579387289
15_130,0.3,42,203,0.09005757458984752,-0.46149889331419874,0.09860872512672585,3473.5258752914115,241.45958810310145,0.6307883985422249,0.5376144579387289
15_130,0.3,42,204,0.08943460785740934,-0.5353324962679133,0.0856628570976057,3593.703078130036,238.7844192563434,0.6393506454344997,0.5376144579387289
15_130,0.3,42,205,0.08882132936879764,-0.5344853713975035,0.08898333364351131,3835.569328261128,229.0644003771456,0.6453388642168972,0.5376144579387289
15_130,0.3,42,206,0.08821758845454078,-0.5575201299313017,0.09773563903252946,3677.866770221371,239.67480192996166,0.6525142205170135,0.5376144579387289
15_130,0.3,42,207,0.08762323678834613,-0.6749550866038376,0.08657602192018185,3764.7231976624626,244.1314506295163,0.6752729596851474,0.5376144579387289
15_130,0.3,42,208,0.08703812835065944,-0.25331991285793437,0.08703383630988797,3740.4912453514007,205.52329906034208,0.5720308329153383,0.5376144579387289
15_130,0.3,42,209,0.08646211939279098,-0.5522334209746971,0.08030063380853189,3602.6951125062833,243.10946772813585,0.6517258766111956,0.5376144579387289
15_130,0.3,42,210,0.08589506840159955,-0.676621422534077,0.08755533499803204,4173.628858888652,218.3759842612703,0.6612220223001859,0.5376144579387289
15_130,0.3,42,211,0.08533683606472567,-0.45041974304709625,0.10071008244547097,3637.116045813664,229.79516160572246,0.6216391237959621,0.5376144579387289
15_130,0.3,42,212,0.08478728523636561,-0.8874408936102187,0.08720706483525115,3682.024635478165,272.17619030174836,0.7373315909239222,0.5376144579387289
15_130,0.3,42,213,0.08424628090357741,-0.6030959468044866,0.08118732735806726,3682.6792318597018,243.10946772813585,0.662041508068643,0.5376144579387289
15_130,0.3,42,214,0.08371369015311121,-0.7717828365899309,0.07032294720246099,3778.5408088306517,250.23400468876488,0.6928798971816708,0.5376144579387289
15_130,0.3,42,215,0.08318938213875532,-0.5932666252050511,0.08385562834798571,3724.044290886106,240.57620335156568,0.6608072545918611,0.5376144579387289
15_130,0.3,42,216,0.08267322804918986,-0.2750732258386094,0.08456658779076373,3467.1150795018016,225.56166855427912,0.5887358278271737,0.5376144579387289
15_130,0.3,42,217,0.08216510107634088,-0.5750181922949827,0.07486371377063697,3500.2430586568444,249.0904207558125,0.6540220694412671,0.5376144579387289
15_130,0.3,42,218,0.08166487638422609,-0.23969343017269898,0.08001812341390119,3366.369594663453,227.38847259547907,0.580479767799585,0.5376144579387289
15_130,0.3,42,219,0.08117243107828538,-0.6645907242741688,0.08801945906227955,3700.380026304332,246.6665786119383,0.6735485357693969,0.5376144579387289
15_130,0.3,42,220,0.08068764417518824,-0.5225131934138323,0.0768671647788036,3623.7538740141435,239.07621547754266,0.6439829992081589,0.5376144579387289
15_130,0.3,42,221,0.08021039657311081,-1.1189390375916304,0.09110914665298593,3659.620112935979,291.6909029513951,0.7850467252098734,0.5376144579387289
15_130,0.3,42,222,0.07974057102247495,-0.7116707374047718,0.08919088293301548,4079.6569215233094,226.50617336623554,0.6701852057187143,0.5376144579387289
15_130,0.3,42,223,0.0792780520971426,-0.6614668606611548,0.10435306944426785,3432.8406319339824,263.01152244409565,0.6814286809772545,0.5376144579387289
15_130,0.3,42,224,0.07882272616605801,-0.3408480092816963,0.0936364690392501,3618.6231966573077,218.5920187353812,0.5902026006110224,0.5376144579387289
15_130,0.3,42,225,0.0783744813653311,-0.5528898192251742,0.07584486902639703,3620.050774097446,241.5729092386569,0.6499797197635585,0.5376144579387289
15_130,0.3,42,226,0.07793320757075473,-0.8437958746523373,0.07629280168165,3722.590459350083,260.53380510701265,0.7123729002870159,0.5376144579387289
15_130,0.3,42,227,0.07749879637074959,0.10149691364655586,0.08044910114122725,3572.8220419029562,184.76094343440909,0.4965663698789593,0.4965663698789593
15_130,0.3,42,228,0.07707114103972987,-0.3369164049572707,0.07211248246008717,3867.4601071641737,204.60054496072655,0.5860132892735057,0.4965663698789593
15_130,0.3,42,229,0.0766501365118829,-0.6889424708688291,0.06679378709326193,3915.9551905252547,243.1619346826123,0.6922633954949851,0.4965663698789593
15_130,0.3,42,230,0.07623567935535681,-0.6592196488299135,0.07496399490008951,4115.0530446959665,224.965766960003,0.670755766908333,0.4965663698789593
15_130,0.3,42,231,0.07582766774684957,-0.7066062678221532,0.07750535008050091,3817.596735682135,242.96567975279035,0.6790690883230597,0.4965663698789593
15_130,0.3,42,232,0.07542600144659303,-0.8021656799437267,0.06445728865176498,3518.1091494085986,273.6726356746246,0.7200717618662735,0.4965663698789593
15_130,0.3,42,233,0.07503058177372629,-0.6826831305936453,0.07483620856612984,3778.4787229134013,246.02657766155272,0.6819613809390096,0.4965663698789593
15_130,0.3,42,234,0.0746413115820518,-0.6879374996078408,0.084369324208815,3571.814980236829,259.2064615484949,0.6894852296028149,0.4965663698789593
15_130,0.3,42,235,0.07425809523616868,-0.8169516196619406,0.07806739486537527,3579.9685985471237,269.55497010371647,0.7173720929496732,0.4965663698789593
15_130,0.3,42,236,0.0738808385879771,-0.43257270328678354,0.0891889883910431,3665.148077206718,229.27268729105924,0.6238995860781061,0.4965663698789593
15_130,0.3,42,237,0.0735094489535481,-0.7392868361520152,0.08712708459236418,3402.7792733163883,270.5972351179157,0.6972225637388585,0.4965663698789593
15_130,0.3,42,238,0.07314383509035316,-0.4360116124666381,0.07997507512100423,3228.3906823197217,256.6524173043256,0.6385704244841809,0.4965663698789593
15_130,0.3,42,239,0.07278390717484776,-0.6879374996078408,0.07023035099450534,3571.814980236829,259.2064615484949,0.6894852296028149,0.4965663698789593
15_130,0.3,42,240,0.07242957678040378,-0.682060422735086,0.06136618909090927,3795.9345261949716,244.244056168733,0.6795903193589852,0.4965663698789593
15_130,0.3,42,241,0.07208075685558483,-0.3274583608670096,0.06977052578484645,3519.6507421605406,222.67709411133094,0.5880312568834191,0.4965663698789593
15_130,0.3,42,242,0.0717373617027597,-0.4184634129393767,0.07633076234079691,3332.1789716028834,247.3820887926737,0.6279167079356989,0.4965663698789593
15_130,0.3,42,243,0.07139930695704806,-1.0284392636327175,0.07291261950462367,3931.007946430908,266.5205773590529,0.7547773372757007,0.4965663698789593
15_130,0.3,42,244,0.0710665095655941,-0.7120210413104507,0.06847976058036037,3501.2009697656545,267.88968200593536,0.7028950039173563,0.4965663698789593
15_130,0.3,42,245,0.07073888776716195,-0.4019292300191508,0.07123404750980325,3664.1091272718313,223.26757955274306,0.6081934186158988,0.4965663698789593
15_130,0.3,42,246,0.07041636107204882,-0.6582006612502933,0.07102548091534754,3817.659268070045,240.95427763156698,0.6738612764236844,0.4965663698789593
15_130,0.3,42,247,0.07009885024231037,-0.8269747719589997,0.07522412648237223,3471.8684901821866,276.2585672246746,0.7208137784598354,0.4965663698789593
15_130,0.3,42,248,0.0697862772722936,-0.648999828479937,0.07615390352615485,3694.0507092774897,246.72515888188744,0.6728841451541723,0.4965663698789593
15_130,0.3,42,249,0.0694785653694726,-0.5560793494088393,0.06924666227380857,3179.188851243359,265.6360221497979,0.6555206920530645,0.4965663698789593
15_130,0.3,42,250,0.06917563893558212,-0.8340815956570529,0.07298067067275757,3688.7355432207305,264.7685398975995,0.7189879202817846,0.4965663698789593
15_130,0.3,42,251,0.06887742354804487,-0.6523132604080127,0.08200643377425655,3715.1459377715437,248.8634289077464,0.6811496826233707,0.4965663698789593
15_130,0.3,42,252,0.06858384594168729,-1.04071683186101,0.06260581757362858,3616.368408214276,289.69403371724314,0.7742903190763636,0.4965663698789593
15_130,0.3,42,253,0.06829483399074003,-0.8011456670930224,0.06534110645882431,3555.8057138239446,273.19204196494906,0.7236872714741103,0.4965663698789593
15_130,0.3,42,254,0.06801031669111803,-1.1186457383183859,0.07121822359723187,4153.7408963793705,264.59336934372385,0.7785058790240409,0.4965663698789593
15_130,0.3,42,255,0.06773022414297643,-0.7660205546263157,0.06510201694928841,3458.470710223774,270.95748471614866,0.7053393266907669,0.4965663698789593
15_130,0.3,42,256,0.06745448753353762,-0.41114132205928644,0.08417389979841611,3601.0425409270106,231.25393714443885,0.6207695185490096,0.4965663698789593
15_130,0.3,42,257,0.06718303912018544,-0.655932824126332,0.06472886299856877,3547.1659395592424,257.3132705444391,0.6813968812452582,0.4965663698789593
15_130,0.3,42,258,0.0669158122138222,-0.6741556673500044,0.06384733026183666,3524.9527500837107,258.99160927614423,0.6828842159828002,0.4965663698789593
15_130,0.3,42,259,0.06665274116248465,-0.6535157565778068,0.06330061214773475,3199.738191499573,278.69945421292266,0.692046460511973,0.4965663698789593
15_130,0.3,42,260,0.06639376133521471,-0.6407744391013684,0.06649817866615175,3827.095609836757,237.48983854215916,0.6660944644761968,0.4965663698789593
15_130,0.3,42,261,0.06613880910618089,-0.6177365490115825,0.07122221610917784,4082.486768076428,220.57413099530885,0.6551674705862289,0.4965663698789593
15_130,0.3,42,262,0.06588782183904693,-0.5697489916231206,0.07470902000106211,3409.9559111495805,259.5129087019363,0.6694047692733015,0.4965663698789593
15_130,0.3,42,263,0.06564073787158327,-0.9600140706271589,0.05903956364026872,4126.562785782861,250.0176195320555,0.7372035176567897,0.4965663698789593
15_130,0.3,42,264,0.06539749650051803,-0.6242060705368166,0.06222571604145543,3877.5865428467864,235.8365274512033,0.6683190390017255,0.4965663698789593
15_130,0.3,42,265,0.06515803796662348,-0.671379870769973,0.06106279781909118,3695.4480495597504,243.29018132808625,0.664156933504459,0.4965663698789593
15_130,0.3,42,266,0.06492230344003448,-0.8397695723382804,0.06106911731099615,4142.075818241139,238.9561589183839,0.7105201708623479,0.4965663698789593
15_130,0.3,42,267,0.06469023500579518,-0.8297820725101246,0.07917609336766097,3625.9861762278115,268.77811745582636,0.7212925266745397,0.4965663698789593
15_130,0.3,42,268,0.06446177564963067,-0.6418205325948659,0.05576471472483879,3594.2503984824775,251.16371203448043,0.6715226545162378,0.4965663698789593
15_130,0.3,42,269,0.06423686924393959,-0.8721245891008218,0.07095275040521833,3672.516323160232,270.51542325850323,0.7317986686427268,0.4965663698789593
15_130,0.3,42,270,0.064015460534005,-0.7670491491824614,0.06394522073759636,3802.7772490846237,254.8194544355674,0.7078964753298034,0.4965663698789593
15_130,0.3,42,271,0.0637974951244193,-0.8483299043192387,0.0557985642524881,3781.1815371878715,264.7322489676434,0.7308166641139977,0.4965663698789593
15_130,0.3,42,272,0.06358291946572056,-0.862661609944154,0.062443795303357814,3628.6975894334023,271.40967545155655,0.7284662571868932,0.4965663698789593
15_130,0.3,42,273,0.06337168084123639,-0.8815392467083911,0.06249068379850767,3835.4713261739844,261.7502417664549,0.7300856663779525,0.4965663698789593
15_130,0.3,42,274,0.06316372735413278,-0.7494060809790803,0.06657943805972662,3708.6255811662522,260.0378347746627,0.7092857082789581,0.4965663698789593
15_130,0.3,42,275,0.06295900791466405,-0.6928736376642228,0.05786629712981396,3620.947709782781,259.3596870791597,0.6962192641169104,0.4965663698789593
15_130,0.3,42,276,0.06275747222762111,-0.5834986244746213,0.053480809041273315,3626.8696185761128,242.33119717908878,0.65282551081951,0.4965663698789593
15_130,0.3,42,277,0.06255907077997513,-0.6405237354182143,0.06033209257818501,3413.4486098698153,261.7855186751156,0.6757484552220749,0.4965663698789593
15_130,0.3,42,278,0.062363754828713217,-0.8033205997149749,0.053926139326284525,3660.4065243707128,259.5655402259268,0.7018421157407095,0.4965663698789593
15_130,0.3,42,279,0.06217147638886324,-0.8479897976214311,0.05790842543803778,3591.8973354779555,272.2817968353127,0.7259816374395458,0.4965663698789593
15_130,0.3,42,280,0.06198218822170495,-0.915957820225658,0.052971872744103456,3539.83864076453,280.65874958415736,0.7409903097572692,0.4965663698789593
15_130,0.3,42,281,0.06179584382316449,-0.6947320940756407,0.055236712347082155,3496.8866009877684,263.27958392963586,0.6903838782197649,0.4965663698789593
15_130,0.3,42,282,0.06161239741238927,-0.8141381413867609,0.06261976431778161,3513.1234785693528,273.52736928136585,0.7190520567142116,0.4965663698789593
15_130,0.3,42,283,0.06143180392050065,-0.7119072763790237,0.056213339851869916,3545.686686431013,263.27958392963586,0.6966776737956106,0.4965663698789593
15_130,0.3,42,284,0.06125401897952138,-0.8416704692715352,0.0589490208952071,3656.951509024431,262.6890449589658,0.7094962497965163,0.4965663698789593
15_130,0.3,42,285,0.06107899891147547,-0.7681239657830178,0.047360714025501724,3426.618251498751,273.37432067985566,0.7074985128132758,0.4965663698789593
15_130,0.3,42,286,0.060906700717657275,-0.7319650885008151,0.0621382028171303,3728.9280434431594,255.58559605179667,0.7003587934927251,0.4965663698789593
15_130,0.3,42,287,0.060737082068067785,-0.6472091725921546,0.048418179799349675,3744.5573122646642,245.9558703449473,0.6774031478488933,0.4965663698789593
15_130,0.3,42,288,0.06057010129101494,-0.720123719149079,0.05853497504423249,3833.413968168097,238.87390629061392,0.6704984511547911,0.4965663698789593
15_130,0.3,42,289,0.06040571736287584,-0.7923141810097418,0.05982592383889803,3591.465125603185,267.0578527297528,0.7123793999532901,0.4965663698789593
15_130,0.3,42,290,0.06024388989801807,-0.7465898925175832,0.05389535491788969,3468.1910106584687,269.1535163285919,0.7019149944969172,0.4965663698789593
15_130,0.3,42,291,0.06008457913887785,-0.6914022367131526,0.05608930061303038,3450.1047698857683,264.96390369488245,0.6887180805458095,0.4965663698789593
15_130,0.3,42,292,0.05992774594619241,-0.6654400658465018,0.05092804222970517,3686.7973177526915,248.3966462930353,0.6762830933847024,0.4965663698789593
15_130,0.3,42,293,0.05977335178938433,-0.6237700618020245,0.05634599115044904,3482.3937613708945,252.5101114347398,0.6605878145958053,0.4965663698789593
15_130,0.3,42,294,0.059621358737095426,-0.734105774954461,0.053302072166161764,3291.419819398301,274.890670120759,0.6939939651061366,0.4965663698789593
15_130,0.3,42,295,0.05947172944786773,-0.3841296969631486,0.06217388992780235,3711.268516745269,222.5999672499942,0.612544390052753,0.4965663698789593
15_130,0.3,42,296,0.059324427160969605,-0.810188520308968,0.051643731011480246,3479.1063892017173,274.33563825196404,0.7167608052909172,0.4965663698789593
15_130,0.3,42,297,0.05917941568736433,-0.7421439660656729,0.05293396936142582,3861.776233287124,246.145901652128,0.693013769294196,0.4965663698789593
15_130,0.3,42,298,0.05903665940081926,-0.608221758962593,0.052485207640414505,3552.474210353934,250.70926805275866,0.664956294441503,0.4965663698789593
15_130,0.3,42,299,0.058896123229153184,-0.4982297494835242,0.05559306230945342,3341.3332620408555,252.59875138408086,0.6426249587384024,0.4965663698789593
15_130,0.3,42,300,0.05875777264561992,-0.7443561590400894,0.06033548744416886,3076.4197805126946,288.762134416841,0.7022360483070309,0.4965663698789593
15_130,0.3,42,301,0.05862157366042571,-0.6711334745831099,0.053506063250328514,3427.1472134294904,265.9769561558412,0.6883842233466322,0.4965663698789593
15_130,0.3,42,302,0.058487492812378764,-0.570991336962368,0.05401908950155244,3330.5162332858054,261.1670074904361,0.6634486889414467,0.4965663698789593
15_130,0.3,42,303,0.05835549716066848,-0.5558537923802598,0.05012236206194267,3396.354614701896,256.97303174504077,0.6610643027959197,0.4965663698789593
15_130,0.3,42,304,0.05822555427677263,-0.6515165989298077,0.05457572997868861,3454.084514240618,259.8962956786907,0.676090260843563,0.4965663698789593
15_130,0.3,42,305,0.05809763223649032,-0.6306758806560159,0.050464549901986136,3584.94504818345,252.6087822833922,0.6740698248648587,0.4965663698789593
15_130,0.3,42,306,0.057971699612098956,-0.5488386939130495,0.055623854159123645,3494.4280676086114,248.49646907639365,0.6517318957004846,0.4965663698789593
15_130,0.3,42,307,0.05784772546463305,-0.12397547694285316,0.04477159268869078,3545.495347686819,204.72265922023013,0.5448058350476791,0.4965663698789593
15_130,0.3,42,308,0.05772567933628324,-0.5224775907975991,0.04913384283699009,3306.120008287117,255.9850617532751,0.6468646968446989,0.4965663698789593
15_130,0.3,42,309,0.05760553124291343,-0.8289360217334372,0.056536744244011686,3264.9535679471155,282.6759604604418,0.710769048168402,0.4965663698789593
15_130,0.3,42,310,0.05748725166669427,-0.46657415512579803,0.04143787745356344,3341.6304876546155,250.8347014479128,0.6380888379267486,0.4965663698789593
15_130,0.3,42,311,0.05737081154885137,-0.8485174698921212,0.052225040836913386,3573.4634913328896,268.9475544033102,0.7149579999516628,0.4965663698789593
15_130,0.3,42,312,0.057256182282526054,-0.7170777826247526,0.062205008687500125,3505.278150219196,262.6427534682234,0.6898147448014873,0.4965663698789593
15_130,0.3,42,313,0.057143335705747374,0.033773882847067914,0.05175687595713845,3696.2893035238753,181.68537811316634,0.5045146489463527,0.4965663698789593
15_130,0.3,42,314,0.05703224409451321,-0.41858549571696435,0.050241143665192306,3328.282672213534,246.80352590986828,0.6259138952967624,0.4965663698789593
15_130,0.3,42,315,0.056922880155979176,-1525.1025845824638,0.053661515919859425,143534.07596306482,140210.03205298746,381.6546914447612,0.4965663698789593
15_130,0.3,42,316,0.05681521702175326,-0.4735530671363597,0.05301230456740205,3594.1134973747107,234.03987190865124,0.6271002325960557,0.4965663698789593
15_130,0.3,42,317,0.05670922824129488,-0.44823387726006664,0.05715961692299991,3499.7816083080456,236.31622931411448,0.6208371017936491,0.4965663698789593
15_130,0.3,42,318,0.05660488777541653,-0.1679981663104517,0.04560818159210087,3574.4377434450653,205.9848063749294,0.5518115073895787,0.4965663698789593
15_130,0.3,42,319,0.056502169989886525,-0.3840024558258542,0.053519774085946104,3549.611382397747,229.3166014398709,0.6091125797684294,0.4965663698789593
15_130,0.3,42,320,0.056401049649131195,-0.44870055961272337,0.0505062117980925,3350.740756564096,246.64031502455947,0.6283871057151467,0.4965663698789593
15_130,0.5,42,1,1.0,-1.6414681937781697,,3878.03460338645,227.20789448752294,0.7945807236582176,0.7945807236582176
15_130,0.5,42,2,0.9852258055592246,-2.8008586787560645,0.2321530421840945,4044.813833187806,353.73331132456633,1.0647873192616657,0.7945807236582176
15_130,0.5,42,3,0.9706813761935793,-2.0157249305293536,0.24351957279247927,3870.718516871924,272.90992962622175,0.8776598651109708,0.7945807236582176
15_130,0.5,42,4,0.9563631386463322,-0.8467909119749206,0.2216591579247518,2982.456579942611,241.5362004518125,0.6286143946603968,0.6286143946603968
15_130,0.5,42,5,0.9422675752312664,-2.4481944921742302,0.22443099099128935,4366.069928714814,263.6279647032373,0.9669439221888567,0.6286143946603968
15_130,0.5,42,6,0.9283912229684601,-2.386642129881493,0.2208932503825597,4070.8652504770967,299.23738671980675,0.969446857256698,0.6286143946603968
15_130,0.5,42,7,0.9147306727335057,-2.817784295825985,0.23018416402128292,3849.7058599609745,389.47823208685713,1.0890571850676074,0.6286143946603968
15_130,0.5,42,8,0.9012825684199611,-2.2263209230760936,0.24413291769094628,4071.23522298,271.3771195782176,0.9179221111109037,0.6286143946603968
15_130,0.5,42,9,0.888043606114825,-1.55545835433134,0.24022949670927912,3543.0510578487633,257.8973733249903,0.7794201441383906,0.6286143946603968
15_130,0.5,42,10,0.8750105332868364,-2.25416868117294,0.2139599895762633,3652.3538334376476,336.00336638888876,0.9475870420881067,0.6286143946603968
15_130,0.5,42,11,0.8621801479873967,-2.0612672858100503,0.21780409620305674,3820.436580189704,282.0229768185886,0.8837313513670424,0.6286143946603968
15_130,0.5,42,12,0.8495492980639193,-2.523209342893042,0.19903435990641422,4049.809115771571,316.9837961330257,0.9977916519625767,0.6286143946603968
15_130,0.5,42,13,0.837114880385412,-2.282399883117256,0.22326110080702435,3979.5854342674043,297.56717242350595,0.9467324494117926,0.6286143946603968
15_130,0.5,42,14,0.8248738400801048,-1.7671723387881801,0.18995134850198006,3633.648816175737,281.5872060750373,0.8427738539278142,0.6286143946603968
15_130,0.5,42,15,0.8128231697849323,-1.4990516159647584,0.19074174940950586,3635.5338934178512,243.9894819491354,0.7735385450168306,0.6286143946603968
15_130,0.5,42,16,0.8009599089066888,-2.396009293073594,0.1926231009337014,3987.1298361844465,311.38766153161,0.9739531779692532,0.6286143946603968
15_130,0.5,42,17,0.7892811428946735,-1.5679968730008063,0.19403020439569044,3618.350408038562,248.20150182723148,0.7776466541476375,0.6286143946603968
15_130,0.5,42,18,0.7777840025246476,-2.144925764567528,0.17557019072889016,3393.1655476878723,361.4508190294554,0.9390092189196598,0.6286143946603968
15_130,0.5,42,19,0.7664656631939266,-1.6559505827340972,0.18683230174021243,3753.98324843695,246.59370751909816,0.8038231157689943,0.6286143946603968
15_130,0.5,42,20,0.7553233442274359,-1.593663476844883,0.18436265378600356,3533.4068839902784,266.56108499445554,0.7933945016898531,0.6286143946603968
15_130,0.5,42,21,0.7443543081945577,-1.9610332434445596,0.19423774692609488,3308.1233892862815,347.52875226927165,0.8949420715449006,0.6286143946603968
15_130,0.5,42,22,0.7335558602366034,-1.5377849770231746,0.19231610816177838,3278.2716379476183,294.4817456178016,0.7902688938284432,0.6286143946603968
15_130,0.5,42,23,0.7229253474047432,-1241.9557329516854,0.2026033788068833,153194.2663128455,150258.59573567825,310.7864887934769,0.6286143946603968
15_130,0.5,42,24,0.7124601580082336,-1.4534184224103184,0.2456835369498854,3229.52849798626,292.69083975167456,0.7764742637222377,0.6286143946603968
15_130,0.5,42,25,0.7021577209727804,-3.1006387948935026,0.1977877537507255,4650.653473713519,310.2201240258135,1.114416108979786,0.6286143946603968
15_130,0.5,42,26,0.6920155052088806,-2.242871453025791,0.21161128611505448,3989.6456216299966,287.38454752133276,0.9300341025726871,0.6286143946603968
15_130,0.5,42,27,0.6820310189899872,-2.378510352324948,0.19964237708027693,4038.3283152470194,302.52018926367833,0.9685335709872198,0.6286143946603968
15_130,0.5,42,28,0.6722018093403456,-2.92286339697207,0.1712895089436811,4978.500706613666,244.4751929322601,1.0631111483883167,0.6286143946603968
15_130,0.5,42,29,0.6625254614323491,-1.6527584692900468,0.19140807486771147,3703.246232867435,255.44932617553079,0.8093199592028535,0.6286143946603968
15_130,0.5,42,30,0.6529995979932678,-1.935158706772876,0.18445286415098977,3977.451494224558,251.96488694052894,0.861806770710313,0.6286143946603968
15_130,0.5,42,31,0.6436218787212026,-1.0511053617655182,0.2158382374863682,2901.7338078849943,276.99461677922227,0.6769408703559094,0.6286143946603968
15_130,0.5,42,32,0.634389999710123,-2.864474057747363,0.19488539669710128,4020.650445898788,368.02379712490034,1.0860629588812851,0.6286143946603968
15_130,0.5,42,33,0.6253016928838472,-1242.4541479547922,0.17687582822288375,154024.89142268297,150198.04791835087,310.8528831425442,0.6286143946603968
15_130,0.5,42,34,0.6163547254388225,-1.7549276596299048,0.21797203878180255,3761.0013709166997,260.750999797832,0.8315545644801258,0.6286143946603968
15_130,0.5,42,35,0.607546899295575,-3.477028731395544,0.20874097195445682,4471.152634595168,381.76838512385956,1.2083576101993132,0.6286143946603968
15_130,0.5,42,36,0.5988760505586863,-2.332703385574815,0.20904986452899468,3422.0818119796645,377.99001960259574,0.9758596070774644,0.6286143946603968
15_130,0.5,42,37,0.5903400489851716,-1.808296996843105,0.18582433738087087,3626.625233048966,282.56907670312444,0.8430827962193232,0.6286143946603968
15_130,0.5,42,38,0.581936797461124,-2.2609381960993082,0.19081044607113937,3773.034084090893,317.53765811644007,0.9393242926145706,0.6286143946603968
15_130,0.5,42,39,0.5736642314864987,-1.6978161450887912,0.18321163938693202,3393.232918051791,300.0188262125999,0.825236087554249,0.6286143946603968
15_130,0.5,42,40,0.5655203186679085,-2.0156158123620536,0.17745556781726488,3375.338857939856,348.79477870669865,0.91173514967171,0.6286143946603968
15_130,0.5,42,41,0.5575030582193081,-2.128077669211489,0.19937308970551904,3989.6198264827826,282.62448972262564,0.9212117249951799,0.6286143946603968
15_130,0.5,42,42,0.5496104804704447,-1.9573665609751787,0.17759144518707204,3748.236524023905,276.7034585932901,0.8583587342608887,0.6286143946603968
15_130,0.5,42,43,0.5418406463829504,-2.388409111345952,0.18745217155778263,3505.516938185348,377.8449146882908,0.9935253547595648,0.6286143946603968
15_130,0.5,42,44,0.5341916470739625,-1.9191031601644433,0.1881965496231465,3534.9607742966064,303.31710767217385,0.8618099780752988,0.6286143946603968
15_130,0.5,42,45,0.5266616033471518,-2.168643373279361,0.18192619040119126,3990.0831987576184,281.2189175273331,0.9187078518668488,0.6286143946603968
15_130,0.5,42,46,0.519248665231044,-2.3136481854312367,0.17962028616792128,3705.21381423215,341.32666613497156,0.9688094822552451,0.6286143946603968
15_130,0.5,42,47,0.5119510115245198,-2.389815711374748,0.21915833610318478,3219.4075550749712,409.6269769521528,0.9908940987838579,0.6286143946603968
15_130,0.5,42,48,0.504766849349387,-2.163623056480959,0.1715702601230637,3783.059700035304,299.22037304010945,0.9075510632655388,0.6286143946603968
15_130,0.5,42,49,0.49769441370990625,-2.277258381089338,0.16490442803764407,3707.3650525106905,340.3334014289185,0.9674321166398558,0.6286143946603968
15_130,0.5,42,50,0.4907319670591703,-1.8857663164963703,0.18448983173256567,4240.767177567494,206.39810034236973,0.8340056816881951,0.6286143946603968
15_130,0.5,42,51,0.4838777988722253,-3.463275627164573,0.18994487436121588,3715.3034001405854,494.00674855301895,1.2537804452526817,0.6286143946603968
15_130,0.5,42,52,0.47713022522583176,-1.779477563259373,0.1807187397873412,3485.867303775742,295.5724168408829,0.8369121258575782,0.6286143946603968
15_130,0.5,42,53,0.47048758838475946,-2.511418048872455,0.14937852361267684,3646.094061346052,369.1760509198563,1.0076857087993103,0.6286143946603968
15_130,0.5,42,54,0.4639482563945182,-2.213449178528443,0.20489939399763266,4198.097118056502,266.79391947406253,0.9367020382218543,0.6286143946603968
15_130,0.5,42,55,0.4575106226804207,-2.307426661721484,0.15828044779910994,3881.7513378963927,314.686522387308,0.9574122209859265,0.6286143946603968
15_130,0.5,42,56,0.45117310565288166,-2.5237670329923754,0.14944144766181677,4125.618308122539,314.7793247098079,1.0100037240600597,0.6286143946603968
15_130,0.5,42,57,0.44493414831885486,-2.072360090323238,0.15924151112355137,3968.6616312756746,268.72294508321556,0.8909575439483308,0.6286143946603968
15_130,0.5,42,58,0.438792217899313,-1.9631959519564988,0.15501103923915352,3627.6562019723615,301.9361837846784,0.8791771931173298,0.6286143946603968
15_130,0.5,42,59,0.43274580545267627,-2.483057295598555,0.18815851946737425,3977.228743930075,318.5014733761237,0.9850015033868181,0.6286143946603968
15_130,0.5,42,60,0.4267934255040983,-1.9144347903279955,0.18825897368343403,4035.8929095461644,245.06551584007875,0.861589466812768,0.6286143946603968
15_130,0.5,42,61,0.42093361568051574,-1.4033477170001487,0.1687160385016698,3202.1739094577274,284.0983109766715,0.7546788095919175,0.6286143946603968
15_130,0.5,42,62,0.4151649363513749,-1.4564748712485205,0.20238112341565545,2912.150931134176,329.0890507456359,0.7756721366155489,0.6286143946603968
15_130,0.5,42,63,0.40948597027494477,-1.3903298434958469,0.16341787200629762,3366.7342082286073,263.60418612466464,0.7520910078825087,0.6286143946603968
15_130,0.5,42,64,0.4038953222501312,-1.575932019997249,0.14732075450837642,3465.1112102629704,278.2525332001209,0.8003697571360644,0.6286143946603968
15_130,0.5,42,65,0.3983916187737056,-2.0081542824373373,0.18331086597184598,3675.484087262475,306.5029993840544,0.8979167757375395,0.6286143946603968
15_130,0.5,42,66,0.3929735077028642,-1.632884831006948,0.16873572365482337,3600.4688156264556,258.3343808887122,0.7925716351021643,0.6286143946603968
15_130,0.5,42,67,0.38763965792303584,-1.3544540359942534,0.1514515620943846,3313.634612516141,267.55780268649414,0.7480002611353155,0.6286143946603968
15_130,0.5,42,68,0.38238875902085495,-2.1788498548979414,0.14947874624002117,3823.1504089322284,304.38792424093646,0.9257402415022631,0.6286143946603968
15_130,0.5,42,69,0.37721952096222106,-2.0401122134037,0.14491242275176186,3927.6925707288474,272.5452453478665,0.8892310448039165,0.6286143946603968
15_130,0.5,42,70,0.372130673775365,-2.0493090245758565,0.1565821928690317,3628.273026227367,308.5488024363513,0.8915580253747333,0.6286143946603968
15_130,0.5,42,71,0.3671209672388437,-1.8231802146077434,0.14241628895903732,3811.5171993462072,259.58216374100846,0.8402480451049272,0.6286143946603968
15_130,0.5,42,72,0.3621891705743874,-1.8701249570341676,0.1798716652395788,3531.3272411152147,307.3605473932713,0.8685184187457213,0.6286143946603968
15_130,0.5,42,73,0.35733407214452373,-1.7892581611328482,0.164150398771278,3908.2777856563725,247.3474222894948,0.8383850531037248,0.6286143946603968
15_130,0.5,42,74,0.35255447915490423,-1.6887467226190431,0.16136389403466245,3428.9291402690806,283.1070286729687,0.8015841165521966,0.6286143946603968
15_130,0.5,42,75,0.3478492173612599,-1.2081449588378164,0.15186980828684638,3149.4624985159685,264.2298186377519,0.7065469234701378,0.6286143946603968
15_130,0.5,42,76,0.3432171307809146,-1.863986939845124,0.16912562373701945,3749.2506385484908,281.2239021296695,0.8669497264142725,0.6286143946603968
15_130,0.5,42,77,0.3386570814087846,-1.9433782646637374,0.15038297830820443,3971.733920012315,258.8770744650091,0.8733808909522591,0.6286143946603968
15_130,0.5,42,78,0.3341679489377949,-1.7004864732388962,0.15500340356870093,3445.102570302918,297.4122499297616,0.8315575157456214,0.6286143946603968
15_130,0.5,42,79,0.32974863048364406,-1.9089385472940008,0.144763890406786,3871.4995912930385,267.60963922297714,0.8680102778491412,0.6286143946603968
15_130,0.5,42,80,0.3253980403138483,-1.4936520622042415,0.14975972453388853,3078.8802518892444,320.63688214590815,0.795855323243368,0.6286143946603968
15_130,0.5,42,81,0.32111510958100054,-1.6780221327838147,0.13642568909421957,3380.0388992521803,299.1852195083311,0.820855960546381,0.6286143946603968
15_130,0.5,42,82,0.3168987860601775,-1.998056912098526,0.15239767008553998,3324.8221410543697,355.30274224952944,0.9129308946912982,0.6286143946603968
15_130,0.5,42,83,0.31274803389043004,-1.5663968354526607,0.14603748453458062,3594.2862032321214,260.71177983522523,0.7956462174101737,0.6286143946603968
15_130,0.5,42,84,0.30866183332029457,-2.230421600454298,0.14377819433094718,3935.7901458817814,307.72485341012464,0.9561331778913522,0.6286143946603968
15_130,0.5,42,85,0.3046391804572615,-2.104230633882675,0.1482253131304059,3626.857532230603,326.1321711722139,0.923822615735626,0.6286143946603968
15_130,0.5,42,86,0.3006790870211401,-1.6112895247177776,0.17427612992193395,3502.3904223115824,272.7448470045933,0.7981813555384187,0.6286143946603968
15_130,0.5,42,87,0.29678058010125963,-2.361884097305479,0.15591362443574203,3757.9019757209767,336.3181106789614,0.9708577764631219,0.6286143946603968
15_130,0.5,42,88,0.2929427019174456,-1.7213098052345752,0.14267764126684787,3475.9349247505797,287.09295926293834,0.8190710410522335,0.6286143946603968
15_130,0.5,42,89,0.28916450958471324,-1.625402480914839,0.14275673081149878,3673.7422422763916,255.67470815813618,0.8033954920235815,0.6286143946603968
15_130,0.5,42,90,0.28544507488162135,-1.6000132843505215,0.13238332502524305,3729.067606158396,245.48716009559726,0.7964178510021602,0.6286143946603968
15_130,0.5,42,91,0.28178348402222775,-1.476270225955,0.14627885077067576,3770.612695342518,222.7852377331633,0.7632983257195192,0.6286143946603968
15_130,0.5,42,92,0.27817883743159105,-1.7866956832229357,0.14451840259677518,3815.3277643107667,254.23983383656102,0.8311717840535972,0.6286143946603968
15_130,0.5,42,93,0.27463024952476534,-2.064322067818921,0.15116234784132185,3818.374192270343,293.1423511807575,0.903883935758149,0.6286143946603968
15_130,0.5,42,94,0.27113684848922975,-2.1859221608096036,0.15146371793238358,3966.24868907912,286.2570260001725,0.9229164376382983,0.6286143946603968
15_130,0.5,42,95,0.2676977760707032,-1.3483372443108994,0.13577410833050288,3462.694216633641,248.54461344979595,0.7448236273170411,0.6286143946603968
15_130,0.5,42,96,0.2643121873622896,-1.6260039014099217,0.13995989568852493,3630.0081008799098,255.65268147395517,0.7939539668054718,0.6286143946603968
15_130,0.5,42,97,0.2609792505969018,-2.379374477148801,0.15634941421768142,3946.8626321492193,320.8304239464948,0.9827880637316446,0.6286143946603968
15_130,0.5,42,98,0.25769814694291476,-2.432620035143083,0.15434618011708193,4053.1237671258027,310.4701379802992,0.9864391968199587,0.6286143946603968
15_130,0.5,42,99,0.25446807030299534,-1.4303061683378817,0.14846364168060383,3268.959553303085,284.25021451538515,0.7693158583237867,0.6286143946603968
15_130,0.5,42,100,0.2512882271160621,-1.852223508818657,0.1359813964489828,3749.997348591212,275.9456942945323,0.857333654982442,0.6286143946603968
15_130,0.5,42,101,0.2481578361623234,-2.972177539293856,0.12584909439115483,3847.604138826024,414.18761038776637,1.1343734446525238,0.6286143946603968
15_130,0.5,42,102,0.2450761283713493,-1.9786840380550597,0.16614705320859835,3911.2115743745844,272.37433832979355,0.8853718642146196,0.6286143946603968
15_130,0.5,42,103,0.24204234663312607,-1.8840972058268013,0.1434424265008911,3706.426508756331,282.97840200862254,0.8609943869267858,0.6286143946603968
15_130,0.5,42,104,0.23905574561205173,-1.8558699686142515,0.1339479371678176,3582.076149272836,300.7976925097299,0.8672709109569816,0.6286143946603968
15_130,0.5,42,105,0.23611559156382206,-2.1263446153138332,0.13754974032377154,3842.8072204761224,299.0127010603056,0.9200092307515352,0.6286143946603968
15_130,0.5,42,106,0.2332211621551653,-1.5322507807901724,0.1549813208746552,3823.0407876709537,221.20203833764052,0.7716353447701927,0.6286143946603968
15_130,0.5,42,107,0.23037174628638085,-3.512267489120547,0.14507752288369502,3898.786150788857,480.85017532149686,1.2688510603143248,0.6286143946603968
15_130,0.5,42,108,0.2275666439166364,-2.1953264343685617,0.14528344352591777,3821.0522330184376,310.59869023633075,0.9367931470536789,0.6286143946603968
15_130,0.5,42,109,0.2248051658919834,-1.8084457376142247,0.14759579547981364,3854.193071746541,251.76422639502715,0.834940494232616,0.6286143946603968
15_130,0.5,42,110,0.22208663377604637,-2.041239286340866,0.13357417222009532,4073.419571643728,259.98963687807264,0.8972991378245327,0.6286143946603968
15_130,0.5,42,111,0.21941037968334542,-1.947853263698084,0.13531386076476581,3731.335499943481,292.4121410071533,0.8838222902834953,0.6286143946603968
15_130,0.5,42,112,0.21677574611521144,-1.2215224754850915,0.1367812857488124,3620.537877132788,213.01502445944928,0.7129425846832387,0.6286143946603968
15_130,0.5,42,113,0.21418208579825188,-1.732927232509623,0.11728042463658477,3943.4463446210407,234.85099673951672,0.822798047443645,0.6286143946603968
15_130,0.5,42,114,0.21162876152533033,-1.8983098027730163,0.11810294842887308,3899.1446780774127,259.2373162484762,0.8584449720607754,0.6286143946603968
15_130,0.5,42,115,0.20911514599901782,-1.7880362312456777,0.14595527314592366,3568.350439806286,289.37965604202975,0.8431714509738125,0.6286143946603968
15_130,0.5,42,116,0.20664062167747893,-1.807950736461998,0.14417179088747167,3690.5261221494566,277.29163515847483,0.847043239671055,0.6286143946603968
15_130,0.5,42,117,0.20420458062275576,-1.7768576270758776,0.1623415430709441,4059.879715465844,221.3723394794178,0.8228597059142685,0.6286143946603968
15_130,0.5,42,118,0.2018064243514096,-1.992227209366694,0.1465262931700114,3813.8831450788407,283.5175406137717,0.8850909903758615,0.6286143946603968
15_130,0.5,42,119,0.1994455636874869,-1.4676929504499387,0.13421403576870314,3857.73825777773,210.39660327117335,0.7590792205184675,0.6286143946603968
15_130,0.5,42,120,0.19712141861777083,-1.8775294123824462,0.15313520651661788,3852.2066146704615,268.31443339826563,0.8651686778819363,0.6286143946603968
15_130,0.5,42,121,0.19483341814928484,-2.0339182070608337,0.13504871400567933,4018.391616748852,256.6443255034586,0.8792744235600801,0.6286143946603968
15_130,0.5,42,122,0.19258100016901147,-2.0746549288079494,0.1433255190659504,3998.6321584514153,275.78703637413855,0.9104842450225001,0.6286143946603968
15_130,0.5,42,123,0.19036361130579338,-2.2261228266401862,0.12837052009674318,4085.8682977222825,285.3134526480651,0.9468811340104739,0.6286143946603968
15_130,0.5,42,124,0.18818070679438154,-1.9160658660520626,0.1439017644312464,4031.034628009998,244.54935801049348,0.8595891160856652,0.6286143946603968
15_130,0.5,42,125,0.1860317503415984,-1.5389358508676794,0.14142816495470326,3484.9328211790107,276.11312719831557,0.8006677234006805,0.6286143946603968
15_130,0.5,42,126,0.1839162139945818,-1.868189161921716,0.14197403911309342,4014.9324444327417,242.12018813983232,0.8516284870616255,0.6286143946603968
15_130,0.5,42,127,0.18183357801107813,-1.9734773588615298,0.11984895806091515,3747.5225300202464,296.85653869974607,0.8955338696299123,0.6286143946603968
15_130,0.5,42,128,0.17978333073175307,-1.6144576135467004,0.1434619329522027,3731.337187305311,246.5434764096146,0.7988622666345383,0.6286143946603968
15_130,0.5,42,129,0.17776496845448742,-1.9284823581473194,0.15551087231010116,3736.2295726984307,295.03457998650435,0.8897317006479409,0.6286143946603968
15_130,0.5,42,130,0.17577799531062827,-2.125173559491211,0.12300620288824632,4088.680981868429,264.2326233347721,0.9084386890181019,0.6286143946603968
15_130,0.5,42,131,0.1738219231431649,-2.0265038718078543,0.13632190280710008,3963.9191419627778,272.7027412291206,0.8973097286357242,0.6286143946603968
15_130,0.5,42,132,0.17189627138679878,-1.7134182689795,0.12908894187148612,4077.7390999535187,213.3882871603877,0.8119101228004305,0.6286143946603968
15_130,0.5,42,133,0.1700005669498786,-1.7423332241882692,0.1490718192469279,3630.6721094382647,274.6913231493007,0.8293610838248451,0.6286143946603968
15_130,0.5,42,134,0.16813434409817252,-1.6331863309736767,0.1295019020289551,3555.366490545687,271.50320026797414,0.8072688049656414,0.6286143946603968
15_130,0.5,42,135,0.16629714434044632,-1.1901541449912754,0.1350518996273595,3506.543366107934,223.62632480321454,0.7080940918033743,0.6286143946603968
15_130,0.5,42,136,0.16448851631582245,-1.948272696856678,0.1539812622143019,3767.593784785174,288.0764486833451,0.8835852682312635,0.6286143946603968
15_130,0.5,42,137,0.16270801568288995,-1.799891147086883,0.13960958119832872,3703.6597254788007,276.3477882508127,0.8481180859170199,0.6286143946603968
15_130,0.5,42,138,0.16095520501053945,-1.7709103774176636,0.11722232006865492,4034.961636619406,226.90136982824805,0.8277446883715098,0.6286143946603968
15_130,0.5,42,139,0.1592296536704954,-1.6849963959348164,0.13004296825305695,3595.2894234866494,279.95748508755776,0.8315097827443878,0.6286143946603968
15_130,0.5,42,140,0.15753093773152022,-1.2253106000776492,0.1305385188227181,3529.6277048190555,226.23239214192927,0.7178832055749679,0.6286143946603968
15_130,0.5,42,141,0.15585863985526294,-1.6175573438725335,0.1332303298399479,3851.71059024022,230.60933847483824,0.7952226693014667,0.6286143946603968
15_130,0.5,42,142,0.15421234919372853,-1.8840059124076345,0.13714340956421023,3904.0259873715063,252.1766137945085,0.8464160080164385,0.6286143946603968
15_130,0.5,42,143,0.152591661288341,-1.9935608755269603,0.1634198559040359,3618.0264657153793,315.8651897477699,0.9029073128988341,0.6286143946603968
15_130,0.5,42,144,0.15099617797057668,-1.8318139099896125,0.13415049388005393,4067.28419425242,231.84123984709876,0.843842366386292,0.6286143946603968
15_130,0.5,42,145,0.14942550726414244,-2.3400397398198267,0.10607719250156532,4051.971967189303,303.109010939064,0.9725569435019652,0.6286143946603968
15_130,0.5,42,146,0.14787926328867598,-1.5399850330568619,0.14655434175562307,3665.2321385817436,246.9088232025436,0.7853295915975488,0.6286143946603968
15_130,0.5,42,147,0.1463570661649425,-1.6485048929080273,0.14396591900169237,3961.0737684986225,216.1654095897646,0.7919766505774342,0.6286143946603968
15_130,0.5,42,148,0.1448585419215072,-1.6148935047677775,0.11631938278082028,3762.8542526632755,242.88595994575465,0.7988622650808332,0.6286143946603968
15_130,0.5,42,149,0.14338332240285795,-1.6562837246030964,0.12344304632241085,3995.8383624353787,222.16514316728197,0.810562384142227,0.6286143946603968
15_130,0.5,42,150,0.1419310451789575,-1.8306193593211837,0.13365712904099386,3966.2890103072173,247.8993986288171,0.8518770620525181,0.6286143946603968
15_130,0.5,42,151,0.14050135345620207,-1.9311488108556905,0.13505160203699637,4150.911595632888,232.6643147776694,0.8633427582694781,0.6286143946603968
15_130,0.5,42,152,0.13909389598976496,-1.6639845795265753,0.13230409369858712,3957.0056436500054,221.57158297359445,0.8011158030013019,0.6286143946603968
15_130,0.5,42,153,0.13770832699730284,-1.4935464041941464,0.11642932343754665,3575.644035001744,257.14007656320763,0.7850233531852887,0.6286143946603968
15_130,0.5,42,154,0.13634430607400466,-1.7632464368164595,0.13143372187401162,4077.2103664200554,222.60907835566118,0.8288757117682174,0.6286143946603968
15_130,0.5,42,155,0.13500149810896128,-1.577563148392246,0.1372628131143014,3750.2853304013447,242.41038870505767,0.7952796759869504,0.6286143946603968
15_130,0.5,42,156,0.13367957320283602,-1.6834005585819365,0.12376021361622923,3886.399990285314,238.08924783769785,0.8165339003292448,0.6286143946603968
15_130,0.5,42,157,0.13237820658681518,-1.6041698356346306,0.13506363827169904,3649.0468810292336,257.87008111413974,0.8021535700197687,0.6286143946603968
15_130,0.5,42,158,0.13109707854281938,-1.8405659272510189,0.12636228805774963,3962.739750233418,246.5944446478954,0.8486970373683103,0.6286143946603968
15_130,0.5,42,159,0.12983587432495577,-1.5925885991151794,0.12090211536160148,3830.5589952347905,229.66391092358487,0.7889249275565726,0.6286143946603968
15_130,0.5,42,160,0.12859428408219134,-1.7865778460696409,0.1139114749270925,3955.094718374104,244.4089161260931,0.8430055726285213,0.6286143946603968
15_130,0.5,42,161,0.1273720027822294,-1.4929455358502588,0.10316876724550784,3603.1095696020043,248.2490091160756,0.7744586061847869,0.6286143946603968
15_130,0.5,42,162,0.12616873013656954,-1.5318747264185975,0.14133618700774653,3738.6385291213546,237.71997356978753,0.7840883397243075,0.6286143946603968
15_130,0.5,42,163,0.12498417052673307,-1.9130188266342854,0.14544637090754445,4098.3687619101465,238.3636134966417,0.8626051340089986,0.6286143946603968
15_130,0.5,42,164,0.12381803293163596,-1.465262608177392,0.1063439894823651,3658.065622210622,236.4842474510362,0.7644801819588779,0.6286143946603968
15_130,0.5,42,165,0.12267003085609117,-1.1970387050934272,0.12715543037524282,3586.830066575401,212.19287518889706,0.7041742061878867,0.6286143946603968
15_130,0.5,42,166,0.1215398822604227,-1.301144455573519,0.13236974512805624,3470.7911058159993,243.4202450469054,0.7370724386797045,0.6286143946603968
15_130,0.5,42,167,0.1204273094911746,-1.7661815356315367,0.11595553719194956,3765.611915320573,265.7090343386972,0.8417291445916448,0.6286143946603968
15_130,0.5,42,168,0.11933203921289748,-1.4143154927406183,0.10923071854392524,3732.823329028696,221.67294884292454,0.7531151979714793,0.6286143946603968
15_130,0.5,42,169,0.11825380234099556,-1.321756377243847,0.13526293084898514,3510.7443910496822,241.74568405125322,0.7425587524306199,0.6286143946603968
15_130,0.5,42,170,0.11719233397561858,-1.5467768290057013,0.11530472795560773,3723.229700616136,242.42968374928014,0.7894997628069809,0.6286143946603968
15_130,0.5,42,171,0.11614737333658141,-1.5953712359207457,0.11405612448324096,3560.6847879172888,273.55501750629577,0.8122124670998445,0.6286143946603968
15_130,0.5,42,172,0.11511866369929591,-1.519066213490984,0.13171492171661833,3674.778563049691,249.49651550536507,0.7921746730308656,0.6286143946603968
15_130,0.5,42,173,0.11410595233169919,-1.4160593723348873,0.11921797527524071,3639.4328204350727,237.8300699636172,0.7629678345367132,0.6286143946603968
15_130,0.5,42,174,0.11310899043216277,-1.3520650082402512,0.12102833971431474,3680.954556181833,222.7845029768649,0.7440247990686097,0.6286143946603968
15_130,0.5,42,175,0.1121275330683672,-1.3751087291579196,0.13356220575508113,3744.317105243267,214.10254959388,0.7415635070758047,0.6286143946603968
15_130,0.5,42,176,0.11116133911712744,-1.223558761845824,0.11504414725789093,3864.739476098814,182.55225021791807,0.7090093485811141,0.6286143946603968
15_130,0.5,42,177,0.1102101712051541,-1.846047149013227,0.12168230653348962,3741.7226526333307,278.866344121243,0.8609647787062982,0.6286143946603968
15_130,0.5,42,178,0.10927379565073586,-1.708166582142908,0.11032660061640547,3689.4353048622042,267.0788345759416,0.8278920728861543,0.6286143946603968
15_130,0.5,42,179,0.10835198240632873,-1.5585679996626944,0.12814280856183657,3675.7903275291287,250.83575762423683,0.7948727691464428,0.6286143946603968
15_130,0.5,42,180,0.1074445050020384,-1.3942484157611186,0.1193265956704404,3691.6174231538607,227.20485495085657,0.7545044116325873,0.6286143946603968
15_130,0.5,42,181,0.10655114048998136,-1.5295919448032944,0.15292154317264642,3687.59039427341,245.3201216430492,0.7871928579956954,0.6286143946603968
15_130,0.5,42,182,0.10567166938951125,-1.442820390492055,0.12098635390243431,3470.0433549309373,262.1792237930267,0.7716580890760052,0.6286143946603968
15_130,0.5,42,183,0.10480587563329734,-1.491534215369341,0.1176668959582803,3732.7258990541036,232.4352984201492,0.7730288529876344,0.6286143946603968
15_130,0.5,42,184,0.10395354651424124,-1.4424713369903808,0.13815677424553693,3566.735885466509,244.37709765612283,0.7594682615980225,0.6286143946603968
15_130,0.5,42,185,0.10311447263321932,-1.2629080130365713,0.11592181649074698,3867.230851149611,188.5939057292965,0.7207355502676898,0.6286143946603968
15_130,0.5,42,186,0.10228844784763778,-1.395957337146657,0.1021527919985618,3690.730820076539,222.86518085506364,0.746275659072989,0.6286143946603968
15_130,0.5,42,187,0.10147526922078795,-1.6697393430146645,0.13805769135783635,4018.4688333235827,217.34512045895204,0.8064989383177686,0.6286143946603968
15_130,0.5,42,188,0.10067473697198882,-1.4972913867791884,0.11761387814716966,3785.2969970342474,228.95267789834529,0.7778784022503527,0.6286143946603968
15_130,0.5,42,189,0.09988665442750533,-1.2634187672567503,0.13615693529918327,3414.83608992783,245.6524790879778,0.7291794781389739,0.6286143946603968
15_130,0.5,42,190,0.09911082797222981,-1.4724396291666086,0.12431799775237756,3687.0776144266806,236.42677663722588,0.7706099072916521,0.6286143946603968
15_130,0.5,42,191,0.09834706700211487,-1.6160221257216136,0.11318331186453608,3642.098557860733,262.9755523799186,0.8101166425415145,0.6286143946603968
15_130,0.5,42,192,0.09759518387734595,-1.666687863379177,0.09930475652880101,3980.4032271051688,218.6063204865469,0.8006527350755634,0.6286143946603968
15_130,0.5,42,193,0.09685499387624241,-1.1189589267020295,0.09367519243011903,3457.7853069630296,225.16878918452073,0.7004705009062766,0.6286143946603968
15_130,0.5,42,194,0.09612631514987509,-1.5690745929562055,0.08143867248417272,3975.393852550905,210.41137859331718,0.7843968533672565,0.6286143946603968
15_130,0.5,42,195,0.09540896867739013,-1.8400010199823225,0.1177878676096651,3759.7138122879182,276.41234472764205,0.8602865797819054,0.6286143946603968
15_130,0.5,42,196,0.0947027782220271,-1.2275784592222942,0.13020913126590578,3616.1615352795648,220.4601011123324,0.7257920507030095,0.6286143946603968
15_130,0.5,42,197,0.09400757028782174,-1.508191548296371,0.1183164134141055,3685.849986327302,238.66991038310942,0.7745008785270842,0.6286143946603968
15_130,0.5,42,198,0.09332317407698135,-1.4328693547042657,0.10976950771842657,3592.0103172058593,242.68826365801547,0.761772894231622,0.6286143946603968
15_130,0.5,42,199,0.09264942144792357,-1.5351778545589334,0.11613922139441994,3809.49289796342,227.21383092802296,0.7798585662038359,0.6286143946603968
15_130,0.5,42,200,0.09198614687396757,-1.4738539884724142,0.11406943420507966,3602.948276528387,248.30497538692669,0.7745275996822061,0.6286143946603968
15_130,0.5,42,201,0.0913331874026676,-1.254467520533015,0.13352302571320349,3386.0410166433767,248.96492975890894,0.7291254271418007,0.6286143946603968
15_130,0.5,42,202,0.09069038261577916,-1.3927349985016786,0.10705056945195626,3371.6298190339003,271.17398834896665,0.7671645188561889,0.6286143946603968
15_130,0.5,42,203,0.09005757458984752,-1.2773546852613304,0.11469455385157251,3322.8594056850534,265.2891244940723,0.7457809790076403,0.6286143946603968
15_130,0.5,42,204,0.08943460785740934,-1.1534752081946489,0.10168382803868203,3364.2675411385903,239.19541768110477,0.7063495712794314,0.6286143946603968
15_130,0.5,42,205,0.08882132936879764,-1.270760473768335,0.11323120560837259,3243.8205363384855,273.53223758055503,0.7440597765617418,0.6286143946603968
15_130,0.5,42,206,0.08821758845454078,-1.2856969718053044,0.11566065372067733,3257.2318342697195,274.17182456257524,0.7481272344043175,0.6286143946603968
15_130,0.5,42,207,0.08762323678834613,-1.4123023647941038,0.10447966671135335,3372.9653740560125,273.2401118020894,0.7712785826515174,0.6286143946603968
15_130,0.5,42,208,0.08703812835065944,-1.0714077415360435,0.10173491051120259,3428.7145998336086,217.25044605451936,0.6795549268370022,0.6286143946603968
15_130,0.5,42,209,0.08646211939279098,-1.2902273456459514,0.10462694359607354,3270.806976830304,272.218128900709,0.747426494531146,0.6286143946603968
15_130,0.5,42,210,0.08589506840159955,-1.5101679349134476,0.1006330679938304,3925.415486719062,205.76194056954296,0.7650419837283619,0.6286143946603968
15_130,0.5,42,211,0.08533683606472567,-1.0918046726984385,0.11759179399495467,3388.4844452217867,226.83162538583804,0.688654159627601,0.6286143946603968
15_130,0.5,42,212,0.08478728523636561,-1.2056615950621485,0.10762799264501983,3146.7215959459136,279.6039941287581,0.7344346295347679,0.6286143946603968
15_130,0.5,42,213,0.08424628090357741,-1.290325734542466,0.09473319121218973,3270.9214082532517,272.218128900709,0.7474510917552746,0.6286143946603968
15_130,0.5,42,214,0.08371369015311121,-1.0658126441100897,0.08107577124318777,3365.1012231527307,225.58715299498311,0.6813228191471805,0.6286143946603968
15_130,0.5,42,215,0.08318938213875532,-1.379126993696231,0.10234444538670676,3389.9174779324558,268.08947198018296,0.7653821757744851,0.6286143946603968
15_130,0.5,42,216,0.08267322804918986,-1.1932838729949142,0.10013106345534473,3167.7112425517407,272.4474338683985,0.7256906263683867,0.6286143946603968
15_130,0.5,42,217,0.08216510107634088,-1.261307280942775,0.0919474652445504,3187.5810347245365,277.9730318469213,0.7401964783553519,0.6286143946603968
15_130,0.5,42,218,0.08166487638422609,-1.0031739635750128,0.09954788258667761,3126.9767244313475,253.8248475533441,0.6824409267911891,0.6286143946603968
15_130,0.5,42,219,0.08117243107828538,-1.2926930290582286,0.10054575246254899,3395.3980003014267,253.65325546759925,0.7398206931619931,0.6286143946603968
15_130,0.5,42,220,0.08068764417518824,-1.2788964397939133,0.08632688725038701,3326.3205457705494,263.33747490998655,0.7429100073843757,0.6286143946603968
15_130,0.5,42,221,0.08021039657311081,-1.8267416158743335,0.1051228497802031,3399.443098842846,322.7752991277534,0.8687217287549082,0.6286143946603968
15_130,0.5,42,222,0.07974057102247495,-1.4689241843348055,0.105313691539128,3769.982736032778,222.27175526522421,0.7622118153144706,0.6286143946603968
15_130,0.5,42,223,0.0792780520971426,-1.2187478990358702,0.1315023287364836,3144.702729077413,278.7643956959112,0.7324455217675145,0.6286143946603968
15_130,0.5,42,224,0.07882272616605801,-1.1654406093495195,0.11594644046234778,3460.4866316682605,227.87929082566563,0.7060716907989183,0.6286143946603968
15_130,0.5,42,225,0.0783744813653311,-1241.109091670502,0.08819315046462896,153181.1975369411,150146.91454897955,310.5768177894204,0.6286143946603968
15_130,0.5,42,226,0.07793320757075473,-1.3225619240358142,0.0915972596094602,3387.3164423216353,256.2576649713992,0.7429075750260475,0.6286143946603968
15_130,0.5,42,227,0.07749879637074959,-0.88205253118168,0.10264251739785996,3451.569880868846,193.6643198592324,0.640780226812514,0.6286143946603968
15_130,0.5,42,228,0.07707114103972987,-1.134525159545352,0.08792141927564903,3664.026811776425,193.52783529570192,0.6861953924504406,0.6286143946603968
15_130,0.5,42,229,0.0766501365118829,-1.1297265525661961,0.08565220254896608,3706.41956054807,193.9096337064686,0.6960149714748823,0.6286143946603968
15_130,0.5,42,230,0.07623567935535681,-1.28934878537373,0.10285452446754743,3803.0663966298366,197.01440267413207,0.7225401877964239,0.6286143946603968
15_130,0.5,42,231,0.07582766774684957,-1.052018746838044,0.09538991886818998,3520.62317116311,204.34254421611172,0.6754021226069469,0.6286143946603968
15_130,0.5,42,232,0.07542600144659303,-1.3082468083060608,0.07927629539250039,3310.9207659584818,268.3246674389846,0.7488373431021562,0.6286143946603968
15_130,0.5,42,233,0.07503058177372629,-1.127906079856859,0.08686691110230052,3627.717898063861,200.79681611015624,0.6918547250924199,0.6286143946603968
15_130,0.5,42,234,0.0746413115820518,-0.9317466673780962,0.09521211713847409,3358.0459294120983,211.79017266117964,0.6542507694086266,0.6286143946603968
15_130,0.5,42,235,0.07425809523616868,-1.4456331464270122,0.09047388267737728,3291.636898795038,288.796507734753,0.7826112780597445,0.6286143946603968
15_130,0.5,42,236,0.0738808385879771,-1.535417404534233,0.10601286707798338,3857.1834635979885,223.6463138575203,0.7835017870309942,0.6286143946603968
15_130,0.5,42,237,0.0735094489535481,-1.3484425962664943,0.10622320028446192,3345.1234236694418,268.3618242719939,0.7562580849640594,0.6286143946603968
15_130,0.5,42,238,0.07314383509035316,-0.9520385623123641,0.0980757154024293,3026.39501867487,262.7795374671488,0.6774070764755269,0.6286143946603968
15_130,0.5,42,239,0.07278390717484776,-0.9317466673780962,0.08499223088389396,3358.0459294120983,211.79017266117964,0.6542507694086266,0.6286143946603968
15_130,0.5,42,240,0.07242957678040378,-1.4132594660702622,0.06935559766747075,3473.4963454888807,258.7899701608238,0.7661225588252578,0.6286143946603968
15_130,0.5,42,241,0.07208075685558483,-1.1340634967281802,0.07968236024618844,3358.103428959474,235.31117122573366,0.6978299767461476,0.6286143946603968
15_130,0.5,42,242,0.0717373617027597,-1.1528960438602243,0.09546727219571223,3151.876242060729,268.653929534842,0.7152603357513808,0.6286143946603968
15_130,0.5,42,243,0.07139930695704806,-1.5378783955388189,0.09310918649236054,3739.8289899445085,234.39262420839336,0.7781811373462432,0.6286143946603968
15_130,0.5,42,244,0.0710665095655941,-1.3668240187000325,0.08072911404472488,3243.8732683954267,287.4066874395476,0.7697701072391107,0.6286143946603968
15_130,0.5,42,245,0.07073888776716195,-1.333580202706151,0.0945249539167748,3564.6866265953227,232.50300344586987,0.7370339395654266,0.6286143946603968
15_130,0.5,42,246,0.07041636107204882,-1.5138381325686834,0.07998801976982169,3654.3569171812724,244.98673764483672,0.779431755364393,0.6286143946603968
15_130,0.5,42,247,0.07009885024231037,-1.5208661812218622,0.09272289782432734,3281.3518659080364,297.51874649319063,0.7965562888952091,0.6286143946603968
15_130,0.5,42,248,0.0697862772722936,-1.4175117104638848,0.089906838657993,3446.9386890437127,261.90945904630433,0.7661920301800738,0.6286143946603968
15_130,0.5,42,249,0.0694785653694726,-1.0173445959397414,0.08159132593311023,3056.856888912902,264.459659824295,0.6870669182157045,0.6286143946603968
15_130,0.5,42,250,0.06917563893558212,-1.2852619707242066,0.10094082180044066,3411.732625016596,248.6297435199477,0.73402703114259,0.6286143946603968
15_130,0.5,42,251,0.06887742354804487,-1.4414519796023648,0.09932273066616344,3474.102252435868,264.79855765410497,0.777382225669822,0.6286143946603968
15_130,0.5,42,252,0.06858384594168729,-1.581974093132139,0.07509803528435867,3441.405330649851,288.5387707223408,0.8143268566163681,0.6286143946603968
15_130,0.5,42,253,0.06829483399074003,-1.4742074807810455,0.07603031705228096,3451.8754808250433,275.0175136438217,0.7915326394260306,0.6286143946603968
15_130,0.5,42,254,0.06801031669111803,-1.583760614858925,0.08160528280095324,3698.968864153308,248.71179809847644,0.7959209229455004,0.6286143946603968
15_130,0.5,42,255,0.06773022414297643,-1.4990765931823269,0.08250835772856406,3357.0840448501804,286.2252252920679,0.7919165841930176,0.6286143946603968
15_130,0.5,42,256,0.06745448753353762,-1.0363226585696623,0.09853234248564233,3254.8999995929535,238.68465080146038,0.6818947672065181,0.6286143946603968
15_130,0.5,42,257,0.06718303912018544,-1.292966406279648,0.07958201142387054,3233.2603377890764,275.3646353696661,0.7451839092622197,0.6286143946603968
15_130,0.5,42,258,0.0669158122138222,-1.3460910004593698,0.085439042965213,3280.172026580344,275.07206577929185,0.7547257415678339,0.6286143946603968
15_130,0.5,42,259,0.06665274116248465,-1241.128945444156,0.08149086956541907,153034.7188345412,150169.2577027819,310.5867171302698,0.6286143946603968
15_130,0.5,42,260,0.06639376133521471,-1.3711966579227346,0.08237760138565783,3556.1083327028,238.79019325127157,0.7468354892670084,0.6286143946603968
15_130,0.5,42,261,0.06613880910618089,-1.5419478998206482,0.08991363355444736,3784.050483884276,230.19072639510114,0.7799036416218287,0.6286143946603968
15_130,0.5,42,262,0.06588782183904693,-1.4689061616962158,0.09808905531185362,3470.2415211356797,267.04174681852004,0.7807073096548232,0.6286143946603968
15_130,0.5,42,263,0.06564073787158327,-1.9339138230819701,0.07296819031059121,4347.479377835085,208.5314350708366,0.8608951224371592,0.6286143946603968
15_130,0.5,42,264,0.06539749650051803,-1.3750910757655208,0.07277400598549183,3637.7096750977803,229.14124579978096,0.7465035381721494,0.6286143946603968
15_130,0.5,42,265,0.06515803796662348,-1.530217379103714,0.07975144675650711,3805.088942435024,222.30141599534144,0.7698128917844754,0.6286143946603968
15_130,0.5,42,266,0.06492230344003448,-1.7345124905699767,0.07461217263143381,4165.946467687415,204.1694328785243,0.8137947893091608,0.6286143946603968
15_130,0.5,42,267,0.06469023500579518,-1.0947962234782227,0.09890379628533504,3486.587677384037,212.29064358322267,0.68280803022853,0.6286143946603968
15_130,0.5,42,268,0.06446177564963067,-0.990431940959277,0.06704523484009073,3403.465761490383,207.51155532896186,0.6560887544705885,0.6286143946603968
15_130,0.5,42,269,0.06423686924393959,-1.2700420720452374,0.08815610691074531,3530.510763843495,230.3273683767256,0.7256579539087452,0.6286143946603968
15_130,0.5,42,270,0.064015460534005,-1.1631146825545924,0.09039308564680558,3540.0505578980424,215.01316975707758,0.6993427732027506,0.6286143946603968
15_130,0.5,42,271,0.0637974951244193,-1.1742712926913572,0.06696884941843585,3614.6147507876817,208.2708174904466,0.7028819257369419,0.6286143946603968
15_130,0.5,42,272,0.06358291946572056,-1.0329206258964578,0.07648046314711894,3369.9364610176976,219.38682983166908,0.6708775923715503,0.6286143946603968
15_130,0.5,42,273,0.06337168084123639,-1.2877210841966498,0.0756341672519231,3719.485712939488,206.40416292029525,0.7219665958354872,0.6286143946603968
15_130,0.5,42,274,0.06316372735413278,-1.0344936183932112,0.0867296122945392,3492.6141211442978,206.742251180032,0.6738263960512942,0.6286143946603968
15_130,0.5,42,275,0.06295900791466405,-1.0288560491494947,0.07327609009090082,3526.6446432087478,202.27209317163374,0.6728614481848095,0.6286143946603968
15_130,0.5,42,276,0.06275747222762111,-1.0696466135152822,0.06703397025903837,3607.8000870962774,193.50069243102251,0.6740590892762565,0.6286143946603968
15_130,0.5,42,277,0.06255907077997513,-1.0929604774165762,0.07314993082987081,3415.5848515379375,221.96806368087147,0.6854708885849132,0.6286143946603968
15_130,0.5,42,278,0.062363754828713217,-1.177560266564163,0.0766390079360241,3551.532665154087,211.23636946659985,0.6948152803162544,0.6286143946603968
15_130,0.5,42,279,0.06217147638886324,-1.0686369104639728,0.07187986221407185,3406.996939831305,220.53652485670452,0.6809733301800958,0.6286143946603968
15_130,0.5,42,280,0.06198218822170495,-1.3438564041255392,0.06374364094664962,3696.5506760606686,218.80190243450582,0.7400004258177095,0.6286143946603968
15_130,0.5,42,281,0.06179584382316449,-1.228456599231187,0.07402561096835916,3611.1841691788536,213.46290923239454,0.7117615857052326,0.6286143946603968
15_130,0.5,42,282,0.06161239741238927,-1.2083358217494422,0.07679048173070457,3442.1101946694635,234.3271558872629,0.7140647246681298,0.6286143946603968
15_130,0.5,42,283,0.06143180392050065,-0.9827070020478184,0.0687362015774843,3446.781329331414,205.04141739071844,0.6608241864093904,0.6286143946603968
15_130,0.5,42,284,0.06125401897952138,-1.5318157074420005,0.07218428766916238,3742.142409866203,234.3210337888056,0.7785458072023804,0.6286143946603968
15_130,0.5,42,285,0.06107899891147547,-1.6384583178470926,0.06176814792647052,3432.29317129853,293.3853895600227,0.8213453486925424,0.6286143946603968
15_130,0.5,42,286,0.060906700717657275,-1.6196128882302745,0.08354630323409913,3605.2929322510713,270.630433515119,0.8163839912883378,0.6286143946603968
15_130,0.5,42,287,0.060737082068067785,-1.0859901365343776,0.05824630862846057,3561.2738148443746,203.1304660290984,0.6818949700310303,0.6286143946603968
15_130,0.5,42,288,0.06057010129101494,-1.5529000696451685,0.0802284772865538,4032.471565328403,198.49555336753718,0.7745946755309502,0.6286143946603968
15_130,0.5,42,289,0.06040571736287584,-1.1961932670053657,0.07867226150364427,3392.773448194683,240.93318720645388,0.7156957526487773,0.6286143946603968
15_130,0.5,42,290,0.06024388989801807,-1.2737939029696332,0.06568714835509436,3531.259798377199,230.6568507656626,0.7264292449731775,0.6286143946603968
15_130,0.5,42,291,0.06008457913887785,-1.1016390185825369,0.07989462308113117,3499.132746655022,212.76893140371595,0.6863905238764034,0.6286143946603968
15_130,0.5,42,292,0.05992774594619241,-1.4646819874758712,0.0658561086341317,3735.137192883451,228.17243739357195,0.765651266099737,0.6286143946603968
15_130,0.5,42,293,0.05977335178938433,-1.3230019831683355,0.07301469101827761,3618.437656587043,224.5871838532504,0.7339257094672975,0.6286143946603968
15_130,0.5,42,294,0.059621358737095426,-1.0507260144158703,0.06949897235019739,3517.9058096073113,203.1786923959803,0.6726622728347368,0.6286143946603968
15_130,0.5,42,295,0.05947172944786773,-1.1983826180952035,0.07874359024820458,3758.2796203362122,191.31378154094702,0.7023542015323478,0.6286143946603968
15_130,0.5,42,296,0.059324427160969605,-1.0960099171631885,0.06213342174498066,3501.12005256643,211.12791490446773,0.6837781203164381,0.6286143946603968
15_130,0.5,42,297,0.05917941568736433,-1.4671210368088934,0.06508797644741166,3798.4328905125703,219.17206669903894,0.7625858147577789,0.6286143946603968
15_130,0.5,42,298,0.05903665940081926,-1.1748761930621687,0.06218086434093794,3685.085062664628,194.81024897298153,0.6930972533937473,0.6286143946603968
15_130,0.5,42,299,0.058896123229153184,-0.9739790536146131,0.07485270967738146,3429.9989798007196,204.1013408405025,0.6554755326344225,0.6286143946603968
15_130,0.5,42,300,0.05875777264561992,-1.1791776499473565,0.07493465371881647,3511.2279027054046,220.28031710759265,0.7029033868458134,0.6286143946603968
15_130,0.5,42,301,0.05862157366042571,-1.2137789784390798,0.06322587138770565,3571.551986880567,218.24065642722277,0.7120921805072058,0.6286143946603968
15_130,0.5,42,302,0.058487492812378764,-1.051307263966008,0.06916181662423965,3439.2028248722904,213.50028545612102,0.6748631407778267,0.6286143946603968
15_130,0.5,42,303,0.05835549716066848,-1.1189456568616243,0.058828698899726646,3581.6684543623824,202.91722224692953,0.6858838501128419,0.6286143946603968
15_130,0.5,42,304,0.05822555427677263,-1.1714688765195225,0.06605286892270602,3550.0721795696927,211.2989271149683,0.6946172191298806,0.6286143946603968
15_130,0.5,42,305,0.05809763223649032,-1.3131144640672197,0.058915139280932206,3744.42309328005,206.3976917259745,0.7273149408031296,0.6286143946603968
15_130,0.5,42,306,0.057971699612098956,-1.104631439504516,0.06343604433561674,3526.6508040846,208.86501106587798,0.6850745265427957,0.6286143946603968
15_130,0.5,42,307,0.05784772546463305,-0.9576237029619707,0.0529677568857098,3492.5815492945776,194.721199425023,0.6515533616379285,0.6286143946603968
15_130,0.5,42,308,0.05772567933628324,-1.182546170199209,0.05876911283551143,3649.5822233857434,205.50971378319673,0.7052839784472381,0.6286143946603968
15_130,0.5,42,309,0.05760553124291343,-1.2511350546439173,0.07409883408438801,3487.6930352934796,231.5435240760343,0.7187068405840562,0.6286143946603968
15_130,0.5,42,310,0.05748725166669427,-1.0752509382126212,0.050194988153158454,3484.377339668599,211.5645192312338,0.6809879482283689,0.6286143946603968
15_130,0.5,42,311,0.05737081154885137,-1.2185475542038808,0.06847500703478175,3667.865845539194,205.00775819732084,0.708284324448406,0.6286143946603968
15_130,0.5,42,312,0.057256182282526054,-1.1522285173799756,0.0787669591072241,3489.663851860548,221.01081845814997,0.6996212319090964,0.6286143946603968
15_130,0.5,42,313,0.057143335705747374,-1.1565642525558593,0.061147626855017616,3388.992361051203,238.2069775637017,0.7098333708312725,0.6286143946603968
15_130,0.5,42,314,0.05703224409451321,-1.2103015575208043,0.06326783783769188,3645.923936967498,209.12553873944094,0.7111950474998592,0.6286143946603968
15_130,0.5,42,315,0.056922880155979176,-1.500891949624093,0.06181185771629991,3712.3439889696156,232.15061580934605,0.7681204233034591,0.6286143946603968
15_130,0.5,42,316,0.05681521702175326,-1.1328424569824522,0.062241406574198146,3565.2862451003475,205.65924265683154,0.6874413834763823,0.6286143946603968
15_130,0.5,42,317,0.05670922824129488,-1.3909520652808998,0.062340122682098056,3290.7962314169936,278.6493411578891,0.7636354522176608,0.6286143946603968
15_130,0.5,42,318,0.05660488777541653,-0.9445731428375915,0.051681745748013,3309.4692492758777,216.95411183340084,0.6533740549401671,0.6286143946603968
15_130,0.5,42,319,0.056502169989886525,-1.1958134553884328,0.06979142071665635,3339.494506607074,247.0198873790404,0.7155174664112107,0.6286143946603968
15_130,0.5,42,320,0.056401049649131195,-1.1902111183118647,0.06587143503662118,3116.8904093912656,277.49548967777343,0.7241168821420687,0.6286143946603968
15_130,0.7,42,1,1.0,-2.647327184263065,,3878.03460338645,227.20789448752294,0.9431600011939714,0.9431600011939714
15_130,0.7,42,2,0.9852258055592246,-3.4816797857207957,0.2626608654656783,4044.813833187806,353.73331132456633,1.1339635361737888,0.9431600011939714
15_130,0.7,42,3,0.9706813761935793,-3.0047572236782383,0.2765671184196152,3953.5472073364076,276.1503549682181,1.020276485406739,0.9431600011939714
15_130,0.7,42,4,0.9563631386463322,-1.4089016749872323,0.24828033646084396,2982.456579942611,241.5362004518125,0.689575418746808,0.689575418746808
15_130,0.7,42,5,0.9422675752312664,-3.5422557713231106,0.24854121764561207,4366.069928714814,263.6279647032373,1.130501122317957,0.689575418746808
15_130,0.7,42,6,0.9283912229684601,-2.8884121371566094,0.2468181677471927,3840.4619727044205,299.5716887367673,1.0122748291609471,0.689575418746808
15_130,0.7,42,7,0.9147306727335057,-3.224793064574647,0.25560227869635566,3778.4005858295773,390.601696815441,1.0947649328103284,0.689575418746808
15_130,0.7,42,8,0.9012825684199611,-3.2015442592924486,0.2754040188065346,4039.0820036346663,289.6383475208314,1.0610065776436248,0.689575418746808
15_130,0.7,42,9,0.888043606114825,-2.3093044209809888,0.2807174510088633,3543.0510578487633,257.8973733249903,0.8764594385785804,0.689575418746808
15_130,0.7,42,10,0.8750105332868364,-2.4695960673253716,0.24645696029787434,3399.1543529434284,339.64158621069413,0.9240028629851891,0.689575418746808
15_130,0.7,42,11,0.8621801479873967,-2.6865261087009467,0.24834528163227726,3695.1307176265764,286.8445532205522,0.9543956297393391,0.689575418746808
15_130,0.7,42,12,0.8495492980639193,-3.1462527335315427,0.2258520870984152,3646.6889317318237,412.021604644111,1.0789336962033984,0.689575418746808
15_130,0.7,42,13,0.837114880385412,-3.1252075249560605,0.2562132128328341,4001.4430536169007,291.3493872285973,1.0515813684185022,0.689575418746808
15_130,0.7,42,14,0.8248738400801048,-2.4483804761616277,0.216095719595055,3517.3178152664345,305.16842105708565,0.9212502472455351,0.689575418746808
15_130,0.7,42,15,0.8128231697849323,-2.330537704349122,0.21367890213141025,3571.1773688815074,258.28092061480226,0.8853498107026652,0.689575418746808
15_130,0.7,42,16,0.8009599089066888,-3.2608473724718734,0.22103379917772623,4015.350788279191,317.0979356838018,1.084382355938481,0.689575418746808
15_130,0.7,42,17,0.7892811428946735,-2.2350001957713848,0.22509213198020123,3503.3422037399796,252.97431521694833,0.8590385104813076,0.689575418746808
15_130,0.7,42,18,0.7777840025246476,-1.8933519717377,0.21052723541299445,3166.690765916427,296.02288567257517,0.8055713262677583,0.689575418746808
15_130,0.7,42,19,0.7664656631939266,-2.5459653475451436,0.20882960611084192,3746.1517272944893,248.04638627255636,0.9266310804760295,0.689575418746808
15_130,0.7,42,20,0.7553233442274359,-1.9331165838225606,0.2128311438654128,3170.7348263644303,297.33665661723745,0.8082483767248708,0.689575418746808
15_130,0.7,42,21,0.7443543081945577,-2.351055460218343,0.21557859927805723,3308.1233892862815,347.52875226927165,0.9053741214648421,0.689575418746808
15_130,0.7,42,22,0.7335558602366034,-2.004599569615515,0.2087565699511205,3165.3919148749083,316.9550676353436,0.8284434821474684,0.689575418746808
15_130,0.7,42,23,0.7229253474047432,-2.515180675174059,0.23142767578213314,3400.9670282559023,362.0288646889575,0.949428502126848,0.689575418746808
15_130,0.7,42,24,0.7124601580082336,-1.9812254404878518,0.22347505952567406,3229.52849798626,292.69083975167456,0.8207781549937577,0.689575418746808
15_130,0.7,42,25,0.7021577209727804,-3.946400836935605,0.2076160569993854,4440.008809513679,329.64113869508634,1.2261155938492858,0.689575418746808
15_130,0.7,42,26,0.6920155052088806,-3.2291806372882,0.2191589804924152,4082.953298328287,284.9377978008583,1.0689849029117935,0.689575418746808
15_130,0.7,42,27,0.6820310189899872,-3.3713271248504917,0.21132620272119362,3947.925943817646,364.9525581093792,1.1172753709562127,0.689575418746808
15_130,0.7,42,28,0.6722018093403456,-3.9568048095555093,0.18434386585602047,4722.097988140021,239.27507778603962,1.2105768434145183,0.689575418746808
15_130,0.7,42,29,0.6625254614323491,-2.503473989245996,0.2031950013093674,3703.246232867435,255.44932617553079,0.9219467024397041,0.689575418746808
15_130,0.7,42,30,0.6529995979932678,-3.085149911226269,0.2036235802927808,4097.690070123502,252.07517652510077,1.0368977342168235,0.689575418746808
15_130,0.7,42,31,0.6436218787212026,-1.3383093389227056,0.21503779728727326,2830.623769765389,271.97243267726714,0.6777093860127277,0.6777093860127277
15_130,0.7,42,32,0.634389999710123,-3.213892825273117,0.2028601860631705,3982.0910519702143,311.8038854408143,1.068489872984946,0.6777093860127277
15_130,0.7,42,33,0.6253016928838472,-850.6678781994624,0.17755261009123777,154003.5575267299,150211.15791516096,212.80574390883996,0.6777093860127277
15_130,0.7,42,34,0.6163547254388225,-2.595819410923269,0.22016005028890867,3613.641264396809,309.91761190845716,0.9555151091410736,0.6777093860127277
15_130,0.7,42,35,0.607546899295575,-3.6346736862912135,0.23988959920122988,4163.112679160436,346.7527313341314,1.1618056010599829,0.6777093860127277
15_130,0.7,42,36,0.5988760505586863,-2.738107410192657,0.22298907051379083,3535.3993207839617,357.6680365283406,0.9850371089584206,0.6777093860127277
15_130,0.7,42,37,0.5903400489851716,-2.5940052633916157,0.20085056891593805,3637.3178657595245,292.7009966250338,0.9435064440530321,0.6777093860127277
15_130,0.7,42,38,0.581936797461124,-2.97582693678808,0.2021538388774574,3919.6332642240513,281.9450056490409,1.016510580350866,0.6777093860127277
15_130,0.7,42,39,0.5736642314864987,-1.5647350228243075,0.18314875987732895,2944.2514523219925,293.4322026671009,0.7357529864753076,0.6777093860127277
15_130,0.7,42,40,0.5655203186679085,-2.465532598642345,0.19639395715293878,3354.966213809357,360.3160836443344,0.9336818676093042,0.6777093860127277
15_130,0.7,42,41,0.5575030582193081,-2.8180090749158584,0.20076230764067912,3885.8436689862383,268.0105508369929,0.9908561148828108,0.6777093860127277
15_130,0.7,42,42,0.5496104804704447,-2.7230726500215665,0.1967061281673508,3740.721849809375,280.4779675994929,0.9610399573771864,0.6777093860127277
15_130,0.7,42,43,0.5418406463829504,-2.6790072299386547,0.19103630440299973,3460.694675432758,374.9889098152697,0.9818056536385098,0.6777093860127277
15_130,0.7,42,44,0.5341916470739625,-2.664183049701378,0.2046287650847937,3670.1601682805385,296.6044037683102,0.9577278137073958,0.6777093860127277
15_130,0.7,42,45,0.5266616033471518,-3.2028875061602133,0.19421173052083215,4096.480962357327,283.3129907206327,1.0712500816682584,0.6777093860127277
15_130,0.7,42,46,0.519248665231044,-2.4835576939673905,0.18835023710865043,3611.219504096705,279.90152485812723,0.9214278850303091,0.6777093860127277
15_130,0.7,42,47,0.5119510115245198,-2.4369450283404737,0.2247225040840478,3120.039274316248,426.1958425649234,0.9362003596492209,0.6777093860127277
15_130,0.7,42,48,0.504766849349387,-2.3858592917826256,0.18242838359098687,3663.6027692242856,232.89598518664755,0.8849520024328358,0.6777093860127277
15_130,0.7,42,49,0.49769441370990625,-2.6375427843653734,0.1751683855639673,3510.739129804544,352.12537177242945,0.9714562089118561,0.6777093860127277
15_130,0.7,42,50,0.4907319670591703,-2.7220905528301214,0.19026480731508116,3984.0035006091357,210.0020936515585,0.9559277664126584,0.6777093860127277
15_130,0.7,42,51,0.4838777988722253,-3.4930993266250505,0.1992806863416309,3657.9545664303246,494.37882855986203,1.1738517547331857,0.6777093860127277
15_130,0.7,42,52,0.47713022522583176,-2.828952382903647,0.19569857113438585,3776.604702945847,295.88754906587235,0.9889637367515527,0.6777093860127277
15_130,0.7,42,53,0.47048758838475946,-2.470851094321729,0.1584578839454191,3560.761745518144,283.97259074888814,0.9107679017855603,0.6777093860127277
15_130,0.7,42,54,0.4639482563945182,-3.4544936546895846,0.21789391102960545,4372.83477807031,248.28801303887718,1.1154887982877808,0.6777093860127277
15_130,0.7,42,55,0.4575106226804207,-2.575181445539468,0.16808488536482813,3581.5824345566134,307.5431379831057,0.9432286947182003,0.6777093860127277
15_130,0.7,42,56,0.45117310565288166,-3.6421641602368853,0.15994590853690713,4243.960817389618,332.8442670912592,1.1706782195464007,0.6777093860127277
15_130,0.7,42,57,0.44493414831885486,-2.849180981477699,0.17841447652448694,3860.9872123621567,267.956341646029,0.9833157581899375,0.6777093860127277
15_130,0.7,42,58,0.438792217899313,-2.67069483040997,0.16462067292396323,3680.045437845987,293.753239748525,0.9575339640127488,0.6777093860127277
15_130,0.7,42,59,0.43274580545267627,-3.2957697879446317,0.18279816577376293,4017.4391075501085,321.63351277590334,1.0900514213451322,0.6777093860127277
15_130,0.7,42,60,0.4267934255040983,-3.472485837985247,0.18745824589420174,4372.5699046668215,254.79735040011943,1.1226432543681066,0.6777093860127277
15_130,0.7,42,61,0.42093361568051574,-1.7839296468948358,0.18815119011232687,3121.393582779499,284.0983109766715,0.7786875399288371,0.6777093860127277
15_130,0.7,42,62,0.4151649363513749,-1.8935133127138153,0.21881590289788835,3072.817572581779,319.422490873895,0.8033270461271717,0.6777093860127277
15_130,0.7,42,63,0.40948597027494477,-1.9081800439133505,0.1783241431206022,3296.2367240818744,252.01724807725034,0.7956501391834658,0.6777093860127277
15_130,0.7,42,64,0.4038953222501312,-2.5316299852306408,0.1626790724813119,3542.012638188028,312.99338699355513,0.9373780091281729,0.6777093860127277
15_130,0.7,42,65,0.3983916187737056,-2.63539441677164,0.20812730860375445,3560.4443985510766,335.9841278815246,0.968475527269833,0.6777093860127277
15_130,0.7,42,66,0.3929735077028642,-2.8162969469693175,0.15007451567380956,3964.186284183403,232.17638655743008,0.9746075700756627,0.6777093860127277
15_130,0.7,42,67,0.38763965792303584,-2.2794926895644747,0.16347131797308637,3448.2696678341836,286.3029271423812,0.8795052236731699,0.6777093860127277
15_130,0.7,42,68,0.38238875902085495,-2.43535839467718,0.16502373775216322,3595.727004221244,276.9236872697027,0.9134562653359617,0.6777093860127277
15_130,0.7,42,69,0.37721952096222106,-3.0091658071091896,0.1610755164413618,4017.070956414358,258.0826426878908,1.0193132466490922,0.6777093860127277
15_130,0.7,42,70,0.372130673775365,-2.952327791412045,0.18676160660419086,3797.480844264328,311.88101205475766,1.0130204093914728,0.6777093860127277
15_130,0.7,42,71,0.3671209672388437,-2.612980250923213,0.15818724900808576,3799.8943185211297,242.47919814152874,0.9366168576025982,0.6777093860127277
15_130,0.7,42,72,0.3621891705743874,-2.5745363018309284,0.17612933117318777,3649.1867157132383,280.02252652357333,0.9329879216115783,0.6777093860127277
15_130,0.7,42,73,0.35733407214452373,-2.8646416693689174,0.1870211707525371,3956.670436068472,252.38323076683352,0.994802725034537,0.6777093860127277
15_130,0.7,42,74,0.35255447915490423,-1.9501581314527696,0.1728383855297472,3297.6009022756953,254.46231491891092,0.7987779944016539,0.6777093860127277
15_130,0.7,42,75,0.3478492173612599,-1.9029447055919468,0.1732449734697053,3198.66326341375,283.4057378410429,0.8011707917826021,0.6777093860127277
15_130,0.7,42,76,0.3432171307809146,-2.620191439620706,0.18162708426241814,3701.0250811040755,285.6600085186312,0.9548529881103046,0.6777093860127277
15_130,0.7,42,77,0.3386570814087846,-2.906501103110115,0.16546519852758662,3955.1423154592567,264.8043238014924,1.0081470706493236,0.6777093860127277
15_130,0.7,42,78,0.3341679489377949,-2.4019338319894548,0.15739937964808684,3528.1048869732867,288.8956624990186,0.9064116631255688,0.6777093860127277
15_130,0.7,42,79,0.32974863048364406,-2.9981427491962878,0.1669546348361447,4003.8634034018482,263.59761144946515,1.0214677385811233,0.6777093860127277
15_130,0.7,42,80,0.3253980403138483,-1.9058995145162037,0.16399170188856585,3135.5376229468015,307.3999513540487,0.8088402632444355,0.6777093860127277
15_130,0.7,42,81,0.32111510958100054,-2.0875038987787415,0.14307154750809412,3290.7330097691392,296.37073622889477,0.8432862311049417,0.6777093860127277
15_130,0.7,42,82,0.3168987860601775,-2.8201626521771104,0.17498336100008183,3555.9860031006933,372.9826214228429,1.008252201505816,0.6777093860127277
15_130,0.7,42,83,0.31274803389043004,-2.6235890811846385,0.1587704463983795,3764.395640035092,262.3570745451586,0.9480254754243647,0.6777093860127277
15_130,0.7,42,84,0.30866183332029457,-3.045264608289547,0.1641952750000801,3915.398221606066,311.5410036783928,1.0481276905339252,0.6777093860127277
15_130,0.7,42,85,0.3046391804572615,-2.5963885806127256,0.1685653965068711,3594.509010508845,312.79565952343205,0.9529561195121556,0.6777093860127277
15_130,0.7,42,86,0.3006790870211401,-2.2295656191676088,0.17998471199693808,3447.0874707899266,271.0278330163608,0.8621734560739533,0.6777093860127277
15_130,0.7,42,87,0.29678058010125963,-3.118799267543912,0.17232458928722558,3894.1514948696686,327.39653952590584,1.0593549450911062,0.6777093860127277
15_130,0.7,42,88,0.2929427019174456,-2.3459803132727135,0.15452282846437473,3482.960223559483,285.5499395002004,0.8891078988309988,0.6777093860127277
15_130,0.7,42,89,0.28916450958471324,-2.545917525293912,0.15875787184518725,3728.251810273643,253.7500792779151,0.9275832274773241,0.6777093860127277
15_130,0.7,42,90,0.28544507488162135,-2.970632049787248,0.15070269456979624,3993.40400838939,260.7961244487602,1.0152067303955299,0.6777093860127277
15_130,0.7,42,91,0.28178348402222775,-3.0434227385367407,0.17408141439624822,4128.66944089141,231.2914131147412,1.0231223513008518,0.6777093860127277
15_130,0.7,42,92,0.27817883743159105,-2.898586363177627,0.16060226400505387,4031.704751507476,231.02396098169103,0.9936453087431246,0.6777093860127277
15_130,0.7,42,93,0.27463024952476534,-3.3192301841393586,0.16265424363940065,4149.292666450793,284.22949764426096,1.0881613921886857,0.6777093860127277
15_130,0.7,42,94,0.27113684848922975,-3.4247351633434127,0.16716569457557237,4246.897773628729,275.75621502067054,1.1081171241691865,0.6777093860127277
15_130,0.7,42,95,0.2676977760707032,-2.7256537546507404,0.14570376816250324,3846.9917604507414,253.80783682929052,0.9633801053293518,0.6777093860127277
15_130,0.7,42,96,0.2643121873622896,-2.9402411489562827,0.15273838861183583,3986.9874642002765,247.25972658253966,0.9982320821108654,0.6777093860127277
15_130,0.7,42,97,0.2609792505969018,-3.0487409421598155,0.1807173565285924,3985.4260977908857,279.7633971386394,1.0338852355399537,0.6777093860127277
15_130,0.7,42,98,0.25769814694291476,-3.229208211608942,0.1765752334820738,4037.9595232221513,300.67012597708873,1.0729289759791585,0.6777093860127277
15_130,0.7,42,99,0.25446807030299534,-2.1135551736526232,0.1661401841844575,3361.654027988494,272.0585905602213,0.8376093062336686,0.6777093860127277
15_130,0.7,42,100,0.2512882271160621,-2.6464422044317266,0.15564340810671995,3842.9370201941642,235.55737677168182,0.9418772177745982,0.6777093860127277
15_130,0.7,42,101,0.2481578361623234,-3.143447769803263,0.1395173274104326,3695.2536062575696,397.48465786035126,1.077392711681585,0.6777093860127277
15_130,0.7,42,102,0.2450761283713493,-3.0141106586898427,0.1866867438153245,3998.132037512223,263.5422963812548,1.0196815108263069,0.6777093860127277
15_130,0.7,42,103,0.24204234663312607,-2.6277974049685517,0.1613362234196853,3692.251300063747,280.1280636496955,0.9460647358575225,0.6777093860127277
15_130,0.7,42,104,0.23905574561205173,-2.4645705028390386,0.15846285401283094,3699.786098064628,240.04075274240378,0.9037810872482211,0.6777093860127277
15_130,0.7,42,105,0.23611559156382206,-3.010987838949321,0.14643138794948005,3922.989136312538,294.3446191378976,1.0313008058911763,0.6777093860127277
15_130,0.7,42,106,0.2332211621551653,-2.614622993267199,0.1638454710281964,3860.8099551733667,224.01909701718446,0.9344326713937228,0.6777093860127277
15_130,0.7,42,107,0.23037174628638085,-3.0691307477324243,0.1700369291473489,3883.781104779364,320.18523909561634,1.0482198664202855,0.6777093860127277
15_130,0.7,42,108,0.2275666439166364,-3.119146634983765,0.1666075387671839,4014.5686060372323,282.20045005648694,1.0453635818228642,0.6777093860127277
15_130,0.7,42,109,0.2248051658919834,-2.7179431016487507,0.16349565350725473,3878.7821648543763,235.75446188342787,0.9528832113096236,0.6777093860127277
15_130,0.7,42,110,0.22208663377604637,-2.4102662704164173,0.14949232730097847,3720.657365250885,229.42146302409296,0.898260157347694,0.6777093860127277
15_130,0.7,42,111,0.21941037968334542,-2.5389081458288243,0.14720678802831352,3697.216065660865,258.0681102053874,0.9230424210725907,0.6777093860127277
15_130,0.7,42,112,0.21677574611521144,-2.3741355406479903,0.15927787852791653,3712.0258297829846,218.3914280432576,0.8834043979825104,0.6777093860127277
15_130,0.7,42,113,0.21418208579825188,-2.4741856065644066,0.1406844069574077,3823.141599079313,203.34838340072463,0.9001246067693067,0.6777093860127277
15_130,0.7,42,114,0.21162876152533033,-2.9527896417608783,0.1298186604937084,4003.2188493077415,249.96030458554165,1.0061179232607322,0.6777093860127277
15_130,0.7,42,115,0.20911514599901782,-2.4479026843735543,0.1512489876355332,3632.108975017476,264.2529318524885,0.9103231069908244,0.6777093860127277
15_130,0.7,42,116,0.20664062167747893,-2.101391545545893,0.15938112948088326,3479.372997979197,235.26377554254668,0.832142758181345,0.6777093860127277
15_130,0.7,42,117,0.20420458062275576,-3.080401945131145,0.17688589132035124,4198.479825829863,214.97789017055217,1.0260004862827863,0.6777093860127277
15_130,0.7,42,118,0.2018064243514096,-2.980927245097616,0.16038560691384085,4067.7160723364655,236.7972882943611,1.0108984779410706,0.6777093860127277
15_130,0.7,42,119,0.1994455636874869,-2.7065068947512954,0.16546756814357172,4044.9967051201716,185.94202729105515,0.9475433903544904,0.6777093860127277
15_130,0.7,42,120,0.19712141861777083,-2.6236860937370423,0.17364557711538273,3863.7791447502605,228.36856370029565,0.940159984972722,0.6777093860127277
15_130,0.7,42,121,0.19483341814928484,-3.0695743532266206,0.15677742435511827,4121.86217221459,237.447481658956,1.02791538317845,0.6777093860127277
15_130,0.7,42,122,0.19258100016901147,-2.7476085346715013,0.1730617855684588,3951.6521187684248,228.25631635438077,0.9664790567447984,0.6777093860127277
15_130,0.7,42,123,0.19036361130579338,-2.829638429069319,0.14638130718124256,3797.6582425127654,301.0948129107942,1.0010865303442527,0.6777093860127277
15_130,0.7,42,124,0.18818070679438154,-2.7716792556982677,0.1654578658151661,3889.072275870956,245.79672437875024,0.9671403267450797,0.6777093860127277
15_130,0.7,42,125,0.1860317503415984,-2.092659197264374,0.16609656999578024,3430.1127780031006,256.67094936876674,0.8411096711109654,0.6777093860127277
15_130,0.7,42,126,0.1839162139945818,-3.252379269204182,0.16396440207938343,4248.144258078605,238.63120597372603,1.067233278839507,0.6777093860127277
15_130,0.7,42,127,0.18183357801107813,-2.63619572564743,0.13756726007888073,3738.0503040345907,268.7021561761142,0.9471489314118574,0.6777093860127277
15_130,0.7,42,128,0.17978333073175307,-2.251262049051351,0.17007819154638174,3668.0438196473674,208.02687928901958,0.8586501276474531,0.6777093860127277
15_130,0.7,42,129,0.17776496845448742,-2.588365801311792,0.1706670588609739,3757.992107198622,258.04671342001404,0.9413081169946147,0.6777093860127277
15_130,0.7,42,130,0.17577799531062827,-3.203123208189929,0.14143065706247127,4239.557685733322,228.8262973226474,1.0537525969192771,0.6777093860127277
15_130,0.7,42,131,0.1738219231431649,-2.3415023791404086,0.1621255191040936,3615.1552882210444,244.92492830379854,0.8837409794004867,0.6777093860127277
15_130,0.7,42,132,0.17189627138679878,-2.6869839482095377,0.15370909898524338,3980.0270195240596,202.04181986462206,0.9458844485908459,0.6777093860127277
15_130,0.7,42,133,0.1700005669498786,-2.4389961826828372,0.1661910039914513,3649.6548009420367,251.11664439361437,0.9010041738758374,0.6777093860127277
15_130,0.7,42,134,0.16813434409817252,-2.000091429081581,0.15147986038149525,3480.9691374280055,212.66808175339477,0.8075113188088567,0.6777093860127277
15_130,0.7,42,135,0.16629714434044632,-2.1718949838396973,0.1564170135689726,3563.9302022386523,224.26226877098853,0.8453622074983858,0.6777093860127277
15_130,0.7,42,136,0.16448851631582245,-2.486463115161937,0.18241000191621298,3735.0939460370514,234.44505822837098,0.9081875736622791,0.6777093860127277
15_130,0.7,42,137,0.16270801568288995,-2.572567112846197,0.16222832005782173,3813.471187997499,232.1551794415941,0.9292289576987287,0.6777093860127277
15_130,0.7,42,138,0.16095520501053945,-3.1811497574602523,0.13543669611949294,4278.059161655496,217.10672233817917,1.0523143624419862,0.6777093860127277
15_130,0.7,42,139,0.1592296536704954,-2.100829982501301,0.15231820959720432,3342.091401667368,286.282970390559,0.8475305725484021,0.6777093860127277
15_130,0.7,42,140,0.15753093773152022,-2.093344969111046,0.14255230113961126,3537.5388363041557,215.71818128079877,0.827924703816223,0.6777093860127277
15_130,0.7,42,141,0.15585863985526294,-2.255028838548175,0.1478240514535937,3650.1699680242473,215.51718231430775,0.8615956711755053,0.6777093860127277
15_130,0.7,42,142,0.15421234919372853,-2.8668003017760526,0.16156962804546043,3960.0866256325544,246.15042123573744,0.9889039215978592,0.6777093860127277
15_130,0.7,42,143,0.152591661288341,-2.2910433732814646,0.18858273299458952,3505.9116080156127,271.4887366192295,0.8803877663972892,0.6777093860127277
15_130,0.7,42,144,0.15099617797057668,-2.6226362486411245,0.15818188360834629,3904.552670739485,212.12780479093968,0.934380857032076,0.6777093860127277
15_130,0.7,42,145,0.14942550726414244,-1.8077978049067245,0.13046281700519838,3318.452057044865,226.95989602079717,0.7744879127651426,0.6777093860127277
15_130,0.7,42,146,0.14787926328867598,-2.1454730949803555,0.17274236084338676,3437.5048549774274,263.43977628865264,0.8508567352835504,0.6777093860127277
15_130,0.7,42,147,0.1463570661649425,-2.8971906733859165,0.16878600335917404,4142.421754542369,194.09682866396196,0.9859245914234022,0.6777093860127277
15_130,0.7,42,148,0.1448585419215072,-2.5212155273855417,0.12793008413225862,3767.4726128344746,233.55513527341625,0.9169423433848469,0.6777093860127277
15_130,0.7,42,149,0.14338332240285795,-1.7689523408759784,0.14619857335675454,3152.9709776015056,278.19230464405524,0.7816265467574561,0.6777093860127277
15_130,0.7,42,150,0.1419310451789575,-2.159660474475981,0.1529025525733047,3498.6378180577776,250.34757891987618,0.8547035801574567,0.6777093860127277
15_130,0.7,42,151,0.14050135345620207,-1.9965159746632224,0.15518650859454539,3427.440190370173,230.63244123500763,0.8113674552042671,0.6777093860127277
15_130,0.7,42,152,0.13909389598976496,-2.392016316752074,0.14513603782950005,3786.9858383321543,200.2979632102154,0.8858540791880185,0.6777093860127277
15_130,0.7,42,153,0.13770832699730284,-2.12698079849672,0.13712485792804954,3573.8418476991023,212.6838569312725,0.8354772509062313,0.6777093860127277
15_130,0.7,42,154,0.13634430607400466,-2.3492296139103166,0.14350094845877373,3656.4513715872317,237.15603137024272,0.8875343265545022,0.6777093860127277
15_130,0.7,42,155,0.13500149810896128,-2.3604395570327843,0.1505029510510936,3750.9053179745024,211.0075011815968,0.8868983507966576,0.6777093860127277
15_130,0.7,42,156,0.13367957320283602,-2.4021718168400796,0.1468495287086366,3793.802764756617,208.01460305069835,0.8964814157484814,0.6777093860127277
15_130,0.7,42,157,0.13237820658681518,-2.0297017758798113,0.15936177926495335,3515.9006775145735,209.21033288862054,0.814180572175081,0.6777093860127277
15_130,0.7,42,158,0.13109707854281938,-2.5999403765605624,0.14965717752044977,3921.583785256587,201.0159510021791,0.9271568890119355,0.6777093860127277
15_130,0.7,42,159,0.12983587432495577,-2.120384860997437,0.13575635501821,3568.057044550514,214.6318687260078,0.8359013434544874,0.6777093860127277
15_130,0.7,42,160,0.12859428408219134,-2.4720000565886417,0.13931243424346543,3852.9168356192295,205.03120264671148,0.9109551423522886,0.6777093860127277
15_130,0.7,42,161,0.1273720027822294,-1.9037160952795888,0.12341872914210904,3435.4251011614288,208.70459622100523,0.7894008186916921,0.6777093860127277
15_130,0.7,42,162,0.12616873013656954,-792.9032464950114,0.13831055379295767,143194.76603270273,140201.74669686618,198.42905008529132,0.6777093860127277
15_130,0.7,42,163,0.12498417052673307,-2.7747267842983137,0.15801371283385637,4011.982573332504,215.3208814558937,0.9702586191515016,0.6777093860127277
15_130,0.7,42,164,0.12381803293163596,-1.7942822890165795,0.12788001566541107,3315.2226033666557,222.47876948797378,0.7685359568695295,0.6777093860127277
15_130,0.7,42,165,0.12267003085609117,-2.098473944155207,0.15504459150764116,3585.166406061214,204.80938876264523,0.8301338706541864,0.6777093860127277
15_130,0.7,42,166,0.1215398822604227,-793.2830584068095,0.13145112019369967,143474.4868760541,140194.43662326847,198.50510306324082,0.6777093860127277
15_130,0.7,42,167,0.1204273094911746,-2.2168797053219222,0.14000021685848904,3672.6359971028387,201.03208875308198,0.852258387868942,0.6777093860127277
15_130,0.7,42,168,0.11933203921289748,-2.216526257233355,0.12630457584150273,3584.4181103659685,228.21452207836668,0.8559200258468003,0.6777093860127277
15_130,0.7,42,169,0.11825380234099556,-793.0641992137165,0.1704579147046271,143376.1561553364,140177.58876020063,198.4567882649676,0.6777093860127277
15_130,0.7,42,170,0.11719233397561858,-2.6241704425370354,0.1434992402532122,3875.957546688207,227.52972135879028,0.9428926106342589,0.6777093860127277
15_130,0.7,42,171,0.11614737333658141,-2.1961293081889672,0.14779009684152952,3609.1139367929354,216.48915538340296,0.8503207885857033,0.6777093860127277
15_130,0.7,42,172,0.11511866369929591,-1.8162739651403546,0.15468393298231428,3416.821606690857,200.36124845863995,0.7745300297466271,0.6777093860127277
15_130,0.7,42,173,0.11410595233169919,-2.405244009512601,0.1462034122531916,3635.6591750661773,253.59743018119147,0.8995494639166117,0.6777093860127277
15_130,0.7,42,174,0.11310899043216277,-792.8956222511373,0.15138863585529092,143265.40718012812,140176.91424146076,198.42271069098945,0.6777093860127277
15_130,0.7,42,175,0.1121275330683672,-1.8806981048044227,0.1798997938256625,3368.836847888099,224.67678758406362,0.7871129877395672,0.6777093860127277
15_130,0.7,42,176,0.11116133911712744,-2.149551823664198,0.15450943299447675,3599.1957757067994,211.74147634976325,0.8420597507878442,0.6777093860127277
15_130,0.7,42,177,0.1102101712051541,-2.4376384657260686,0.15131137053609287,3670.959802964713,250.156138959993,0.9063480779699786,0.6777093860127277
15_130,0.7,42,178,0.10927379565073586,-2.3187859637835615,0.14272175955330763,3470.048304510876,289.94500275028366,0.8901067473561468,0.6777093860127277
15_130,0.7,42,179,0.10835198240632873,-1.8977475498958156,0.15587521128853904,3396.7829628851377,220.31495800519914,0.7906753490124154,0.6777093860127277
15_130,0.7,42,180,0.1074445050020384,-1.9713867650168333,0.12124226693989272,3481.3086260727346,208.70767490336164,0.8032120758695929,0.6777093860127277
15_130,0.7,42,181,0.10655114048998136,-2.122630396501723,0.17561578632337063,3400.578196318723,270.68478107013937,0.8477960606638923,0.6777093860127277
15_130,0.7,42,182,0.10567166938951125,-1.6718427934716797,0.1500835126222983,3249.478465689207,218.11268114995332,0.7438991599063814,0.6777093860127277
15_130,0.7,42,183,0.10480587563329734,-2.135913155183114,0.14477617431576453,3610.886473211331,202.2523814023168,0.8350321349496247,0.6777093860127277
15_130,0.7,42,184,0.10395354651424124,-1.8662388481977115,0.1822683890096712,3427.8171174464946,202.75404505114668,0.7804981735878894,0.6777093860127277
15_130,0.7,42,185,0.10311447263321932,-1.9156569672118922,0.1420955034117473,3517.091484209875,187.32747799944306,0.7902193700081013,0.6777093860127277
15_130,0.7,42,186,0.10228844784763778,-2.196855650828702,0.12924946910335494,3602.68606461577,217.97317979831817,0.8500357075789703,0.6777093860127277
15_130,0.7,42,187,0.10147526922078795,-2.4818485442310845,0.17271569486830987,3874.7677578484513,195.78103386194252,0.9072505975962327,0.6777093860127277
15_130,0.7,42,188,0.10067473697198882,-2.3009574256556906,0.13199238274465128,3620.1751258776844,238.57027700304022,0.8781893564139227,0.6777093860127277
15_130,0.7,42,189,0.09988665442750533,-2.3801752127305447,0.1642606384453883,3594.676314373007,263.95023638967837,0.8987220083108413,0.6777093860127277
15_130,0.7,42,190,0.09911082797222981,-2.6446045285412065,0.1601698215588258,3874.0379507975504,233.09608556100554,0.9485011321353016,0.6777093860127277
15_130,0.7,42,191,0.09834706700211487,-2.288399748109396,0.13577750240340175,3634.868840567079,227.37259483267943,0.8701666036940156,0.6777093860127277
15_130,0.7,42,192,0.09759518387734595,-2.682917562499829,0.11626421718305195,3946.9392695527604,212.38109766702703,0.9474178521634188,0.6777093860127277
15_130,0.7,42,193,0.09685499387624241,-2.0895753600632037,0.11781594492401716,3582.3701112219314,203.36063660112958,0.8276823015542625,0.6777093860127277
15_130,0.7,42,194,0.09612631514987509,-2.9190330971863117,0.10346187758399975,4131.407053573926,207.57166434279296,0.9975851973735009,0.6777093860127277
15_130,0.7,42,195,0.09540896867739013,-2.96737300670193,0.14765637758049804,4077.3383818182397,232.60201200987964,1.009131713213944,0.6777093860127277
15_130,0.7,42,196,0.0947027782220271,-2.0908679161633006,0.15861291333266786,3648.6173594307443,184.04830412598767,0.8261554405792867,0.6777093860127277
15_130,0.7,42,197,0.09400757028782174,-2.4562885870126565,0.15902249589876882,3807.7256183894333,209.0847913283499,0.9018606082916256,0.6777093860127277
15_130,0.7,42,198,0.09332317407698135,-2.6896730437761374,0.15703247108082782,3969.9920129930542,208.82365275677324,0.9504015942773676,0.6777093860127277
15_130,0.7,42,199,0.09264942144792357,-3.0078759696477735,0.1426660277750989,4164.468995770099,214.70068341478955,1.0154574539504049,0.6777093860127277
15_130,0.7,42,200,0.09198614687396757,-2.6176694456921905,0.14273972885719952,3921.3496116830406,208.50179203203834,0.9354058229615092,0.6777093860127277
15_130,0.7,42,201,0.0913331874026676,-2.702380725906054,0.1604353644457611,3956.052716303995,216.36116895919434,0.9545836430149751,0.6777093860127277
15_130,0.7,42,202,0.09069038261577916,-2.5755715582716507,0.12542902792275396,3888.401978911172,209.4830614908268,0.9265813511063742,0.6777093860127277
15_130,0.7,42,203,0.09005757458984752,-2.1492543415845446,0.13915734275680097,3617.014798954333,205.67400100846078,0.8406789700115208,0.6777093860127277
15_130,0.7,42,204,0.08943460785740934,-2.3883885641354548,0.12372766517898555,3798.0193924279642,198.598384968399,0.8872856025723252,0.6777093860127277
15_130,0.7,42,205,0.08882132936879764,-2.499696831993322,0.12724745756044373,3850.58317740461,206.9746016624199,0.912412669536792,0.6777093860127277
15_130,0.7,42,206,0.08821758845454078,-2.3474640774617197,0.15088000232701096,3723.546507056468,213.3373486211772,0.8812544809038915,0.6777093860127277
15_130,0.7,42,207,0.08762323678834613,-2.2315118558833587,0.11480027250150286,3641.9950793829926,217.43452494358246,0.8612664255093012,0.6777093860127277
15_130,0.7,42,208,0.08703812835065944,-2.5332045085324952,0.12879238628824893,3819.958544932573,223.5245885281846,0.9215895886715854,0.6777093860127277
15_130,0.7,42,209,0.08646211939279098,-2.436404395007861,0.12059332798382442,3804.64889832987,206.9746016624199,0.8985895602904268,0.6777093860127277
15_130,0.7,42,210,0.08589506840159955,-3.0845413391533687,0.12159411512659703,4206.35842076361,218.18472712547538,1.0319353347883422,0.6777093860127277
15_130,0.7,42,211,0.08533683606472567,-2.5496243219523156,0.14785612369993142,3875.7373892254086,206.6256187336559,0.9195945420265403,0.6777093860127277
15_130,0.7,42,212,0.08478728523636561,-2.263040928149838,0.11709322805056079,3645.9897344911406,219.8668993587938,0.865171770498998,0.6777093860127277
15_130,0.7,42,213,0.08424628090357741,-2.4363852790084786,0.12602833819751103,3804.633017683289,206.9746016624199,0.8985847812905812,0.6777093860127277
15_130,0.7,42,214,0.08371369015311121,-2.523302583363521,0.09939065256583998,3846.85234561135,210.7755267905737,0.9155141073793418,0.6777093860127277
15_130,0.7,42,215,0.08318938213875532,-2.4688569761910886,0.12111079891961428,3827.629376342207,205.96187101009082,0.9043796286631567,0.6777093860127277
15_130,0.7,42,216,0.08267322804918986,-2.0909655409688965,0.12510213194881964,3583.9569696758253,203.693571827866,0.8285298467806856,0.6777093860127277
15_130,0.7,42,217,0.08216510107634088,-2.198478585223852,0.11986587809626642,3619.531843849012,216.8060975436011,0.8538081078444246,0.6777093860127277
15_130,0.7,42,218,0.08166487638422609,-2.2152074573612333,0.11863274217364611,3672.990825613019,204.02408288620867,0.8556903258787698,0.6777093860127277
15_130,0.7,42,219,0.08117243107828538,-2.18162764076825,0.13002302570502197,3605.850511704686,220.22933244697617,0.853495371730524,0.6777093860127277
15_130,0.7,42,220,0.08068764417518824,-2.1924416719686644,0.10545894335239106,3661.51677646809,201.13079867242695,0.8490219564537046,0.6777093860127277
15_130,0.7,42,221,0.08021039657311081,-2.629759016225001,0.14133116401849252,3798.425437942196,251.82522445461106,0.946561548928045,0.6777093860127277
15_130,0.7,42,222,0.07974057102247495,-2.90944672506688,0.140260460496659,4121.522204123869,207.33736964984797,0.9943501428051815,0.6777093860127277
15_130,0.7,42,223,0.0792780520971426,-1.9929037426844505,0.14815999599748533,3519.760300638102,204.8363868504282,0.8104810638762409,0.6777093860127277
15_130,0.7,42,224,0.07882272616605801,-2.1815653354507787,0.151998896379664,3706.9415485932514,185.40807377200542,0.8452182569396177,0.6777093860127277
15_130,0.7,42,225,0.0783744813653311,-1.8429891182641995,0.1129436777335631,3308.549669218829,243.48592787613853,0.7898742026429729,0.6777093860127277
15_130,0.7,42,226,0.07793320757075473,-2.3172971283599724,0.12453127805235219,3707.031054551968,214.14725499450776,0.8771845385002495,0.6777093860127277
15_130,0.7,42,227,0.07749879637074959,-1.8760387713382718,0.14676466569948057,3541.0926948826877,173.4955319437898,0.7820699492448243,0.6777093860127277
15_130,0.7,42,228,0.07707114103972987,-2.2932062337180934,0.11857747238044936,3762.3124469384315,190.05005045388597,0.8670400199679849,0.6777093860127277
15_130,0.7,42,229,0.0766501365118829,-2.2227017065421633,0.10249749355866089,3719.528187176874,194.87352071636684,0.8595254266355408,0.6777093860127277
15_130,0.7,42,230,0.07623567935535681,-2.434205210492588,0.13302457160690923,3889.037831767537,180.50970067019315,0.894573097494942,0.6777093860127277
15_130,0.7,42,231,0.07582766774684957,-2.1195934105089504,0.11947074438403578,3661.6878956463806,187.06087511973624,0.8334368141656991,0.6777093860127277
15_130,0.7,42,232,0.07542600144659303,-1.6987658328337438,0.08654289192926455,3166.7541666938296,258.6369380434216,0.7640414582084359,0.6777093860127277
15_130,0.7,42,233,0.07503058177372629,-2.196251469023169,0.1129816234320964,3715.2117402130666,185.39256601942122,0.8476897903327153,0.6777093860127277
15_130,0.7,42,234,0.0746413115820518,-1.9216431224975197,0.1318226524565539,3511.362062404397,192.01009916174257,0.7936992421628414,0.6777093860127277
15_130,0.7,42,235,0.07425809523616868,-1.9840815182063043,0.10967230889490068,3506.300114048562,206.91648007250467,0.8087421744233709,0.6777093860127277
15_130,0.7,42,236,0.0738808385879771,-2.691832006193949,0.1521448738118047,4028.2716221435103,195.96242663743405,0.9536464630869488,0.6777093860127277
15_130,0.7,42,237,0.0735094489535481,-1.9519097246139112,0.13329692997533205,3466.000887517448,217.67010101983163,0.8085658926919393,0.6777093860127277
15_130,0.7,42,238,0.07314383509035316,-1.4526551965076093,0.135851527256087,3181.2965821683256,196.6264491635972,0.6995022606653638,0.6777093860127277
15_130,0.7,42,239,0.07278390717484776,-1.8687028956544172,0.11810233151571038,3446.068951397378,202.91011180555995,0.7861641854520658,0.6777093860127277
15_130,0.7,42,240,0.07242957678040378,-2.030913388305614,0.08883018118871057,3565.0944112493044,197.6284089784714,0.8161129624610188,0.6777093860127277
15_130,0.7,42,241,0.07208075685558483,-2.2026659948336738,0.10855913909887695,3537.2610081678877,244.7389826493324,0.8600934217853414,0.6777093860127277
15_130,0.7,42,242,0.0717373617027597,-1.8751657885895525,0.11339307601229189,3325.576240675493,242.5997943120506,0.794013242019183,0.6777093860127277
15_130,0.7,42,243,0.07139930695704806,-2.0199477662473453,0.11079533232001035,3464.841468271617,228.1950100922525,0.8199138646387594,0.6777093860127277
15_130,0.7,42,244,0.0710665095655941,-1.8775607405305796,0.1196764816147506,3307.661034097317,250.79402028122823,0.7977286466711064,0.6777093860127277
15_130,0.7,42,245,0.07073888776716195,-2.366583203972473,0.1038690239452,3703.0592605885086,226.06052557839655,0.8892291343264516,0.6777093860127277
15_130,0.7,42,246,0.07041636107204882,-2.4517768523899806,0.09686695147690434,3738.987209863829,233.51678693326159,0.9083275464308285,0.6777093860127277
15_130,0.7,42,247,0.07009885024231037,-2.1981197250727074,0.11642936830771224,3455.677487156416,270.6456928636075,0.864333777422023,0.6777093860127277
15_130,0.7,42,248,0.0697862772722936,-2.2322500662567433,0.1178771722085825,3553.585568342789,246.2191334333745,0.8666509781026474,0.6777093860127277
15_130,0.7,42,249,0.0694785653694726,-1.9194724074950453,0.11133777168192714,3373.894859407056,236.88845104482755,0.8022065634122229,0.6777093860127277
15_130,0.7,42,250,0.06917563893558212,-2.2435771575983843,0.11612504739861036,3576.296952647956,241.752182129542,0.8685212124765191,0.6777093860127277
15_130,0.7,42,251,0.06887742354804487,-2.3266419906522913,0.11605164272315469,3642.996682986812,240.92320889360394,0.8876720361246113,0.6777093860127277
15_130,0.7,42,252,0.06858384594168729,-2.3852170779056614,0.10752514168734648,3636.5952645838365,254.20309424827985,0.9005042694764153,0.6777093860127277
15_130,0.7,42,253,0.06829483399074003,-2.2161949425374137,0.10355262897876841,3468.438044649074,276.2814910616044,0.874437197172815,0.6777093860127277
15_130,0.7,42,254,0.06801031669111803,-2.274183788775444,0.10133046898250282,3590.3964306775715,245.50455547729584,0.8769344087323225,0.6777093860127277
15_130,0.7,42,255,0.06773022414297643,-2.014778339685792,0.10488470839823384,3305.5119006795594,281.2084557751875,0.8308830464599096,0.6777093860127277
15_130,0.7,42,256,0.06745448753353762,-1.8338545222252394,0.13649900780819202,3363.890024570804,219.3929201354406,0.7797520920947714,0.6777093860127277
15_130,0.7,42,257,0.06718303912018544,-1.8064559488355796,0.11121377974260145,3258.541251422158,248.84365296266353,0.7807793718242795,0.6777093860127277
15_130,0.7,42,258,0.0669158122138222,-1.9251945663679964,0.10351444322325928,3250.3214880338783,274.50128196127145,0.806820436463794,0.6777093860127277
15_130,0.7,42,259,0.06665274116248465,-848.6253676076941,0.1069392508612384,152794.993888238,150163.90224450585,212.389530363462,0.6777093860127277
15_130,0.7,42,260,0.06639376133521471,-1.8846485676519773,0.11187292183523145,3336.5849030269897,237.61292463441637,0.7917839367847892,0.6777093860127277
15_130,0.7,42,261,0.06613880910618089,-2.219126111781841,0.1261891968002458,3628.260454711767,218.69271760871067,0.8585315279454602,0.6777093860127277
15_130,0.7,42,262,0.06588782183904693,-848.8557657712445,0.1349561288933931,153028.26383170777,150137.53892760375,212.43042990434958,0.6777093860127277
15_130,0.7,42,263,0.06564073787158327,-2.886638293740292,0.10330178313100216,4022.764203823872,240.16126808932947,1.001109573435073,0.6777093860127277
15_130,0.7,42,264,0.06539749650051803,-1.818248745365758,0.09648045437115502,3252.569120854403,252.81942589609758,0.783400647879901,0.6777093860127277
15_130,0.7,42,265,0.06515803796662348,-1.9436124047437566,0.10586863627189796,3373.1361820342127,237.05039480631135,0.8021582293910674,0.6777093860127277
15_130,0.7,42,266,0.06492230344003448,-2.420926971411436,0.0978565116771187,3727.698280046932,232.8881834633879,0.904231742852859,0.6777093860127277
15_130,0.7,42,267,0.06469023500579518,-2.050588577826683,0.1195976348439698,3348.9694610723227,273.3366905852588,0.8352125290720552,0.6777093860127277
15_130,0.7,42,268,0.06446177564963067,-1.7992637272680643,0.10520734077737996,3230.920844155667,252.9259732757947,0.7770043933554776,0.6777093860127277
15_130,0.7,42,269,0.06423686924393959,-2.1792295550811196,0.1139336386310042,3430.308825960247,277.84082370391417,0.8646958503087414,0.6777093860127277
15_130,0.7,42,270,0.064015460534005,-2.0735175022745556,0.11859027627161264,3388.7179491120664,266.267556049779,0.8393178371071004,0.6777093860127277
15_130,0.7,42,271,0.0637974951244193,-2.1057948832378277,0.09150681527947584,3496.622603638633,235.89675257596824,0.8380371823479185,0.6777093860127277
15_130,0.7,42,272,0.06358291946572056,-2.0646238424315806,0.11323851583820217,3385.3594230334147,262.88183673251336,0.8345444221463567,0.6777093860127277
15_130,0.7,42,273,0.06337168084123639,-2.446459352251436,0.0957166455719418,3672.6430065959416,253.5592233224565,0.9106366329346538,0.6777093860127277
15_130,0.7,42,274,0.06316372735413278,-2.0331852353880917,0.11310279300411331,3356.393854194627,268.99183383097136,0.8326181037188177,0.6777093860127277
15_130,0.7,42,275,0.06295900791466405,-2.0771166818574853,0.1026753284044682,3451.1318553691176,244.91287547019317,0.8343676320028328,0.6777093860127277
15_130,0.7,42,276,0.06275747222762111,-2.2510484012746383,0.09634093822706599,3623.407562437262,226.50250794197532,0.8657505618571211,0.6777093860127277
15_130,0.7,42,277,0.06255907077997513,-2.147976347904417,0.09881252271262368,3455.468065947585,257.83408377089455,0.8500325485145658,0.6777093860127277
15_130,0.7,42,278,0.062363754828713217,-2.2610197563193504,0.09601729219547901,3576.2742250756955,240.48858091274099,0.8671100672849658,0.6777093860127277
15_130,0.7,42,279,0.06217147638886324,-2.1618812003517394,0.09950129286926065,3451.245488625409,264.5798521296437,0.8562587616263964,0.6777093860127277
15_130,0.7,42,280,0.06198218822170495,-2.3763136916443255,0.08315994773883754,3643.5279655602617,250.70256019709535,0.8987002177828762,0.6777093860127277
15_130,0.7,42,281,0.06179584382316449,-2.1732531825474286,0.10032681872876471,3521.567411189586,244.85689845360523,0.8555017571753187,0.6777093860127277
15_130,0.7,42,282,0.06161239741238927,-1.7338424645863224,0.10361998877760469,3126.5540952704264,273.9382290932527,0.7689490776850422,0.6777093860127277
15_130,0.7,42,283,0.06143180392050065,-1.9323095778976942,0.10433390383709402,3328.4735132097658,254.09995908936835,0.8076658560128851,0.6777093860127277
15_130,0.7,42,284,0.06125401897952138,-2.411619412553901,0.09108965562305754,3623.7984735337345,259.9678564019922,0.9030599813436035,0.6777093860127277
15_130,0.7,42,285,0.06107899891147547,-1.943806932532154,0.07461234251581672,3209.4052888237384,292.93177487597796,0.8149901946715,0.6777093860127277
15_130,0.7,42,286,0.060906700717657275,-2.081265383508497,0.1244398270020097,3442.952237425386,249.50069900741607,0.8370048074155858,0.6777093860127277
15_130,0.7,42,287,0.060737082068067785,-1.9015914040724673,0.07652854986257229,3356.769171943336,236.33365115163966,0.7964363125565783,0.6777093860127277
15_130,0.7,42,288,0.06057010129101494,-2.526755009152355,0.10374086203173624,3784.046174473959,232.3980011858653,0.9206438804932169,0.6777093860127277
15_130,0.7,42,289,0.06040571736287584,-792.9411381337466,0.10284404373298604,143035.75569860285,140261.6055526762,198.4477229949751,0.6777093860127277
15_130,0.7,42,290,0.06024388989801807,-1.819085961558311,0.10059659327924228,3223.2429346818685,260.94871472353384,0.7836099519280393,0.6777093860127277
15_130,0.7,42,291,0.06008457913887785,-1.6963977152948109,0.09093807417775798,3193.460092682314,241.95433498371213,0.7535378903621642,0.6777093860127277
15_130,0.7,42,292,0.05992774594619241,-1.8608991863172266,0.09810023844632537,3255.2868558627906,256.8188391879007,0.7886632581177682,0.6777093860127277
15_130,0.7,42,293,0.05977335178938433,-1.8603368158736497,0.10177425965480312,3298.4973510674517,242.66728262622215,0.7859393321735406,0.6777093860127277
15_130,0.7,42,294,0.059621358737095426,-1.681962876038599,0.08670927658925605,3212.2331556346035,232.36409597597643,0.7485291805481112,0.6777093860127277
15_130,0.7,42,295,0.05947172944786773,-1.7747778362919089,0.12106694143058337,3368.3642940456884,200.49795503660084,0.7600995872781054,0.6777093860127277
15_130,0.7,42,296,0.059324427160969605,-1.7765861680296013,0.0864109654973922,3199.4082217617583,259.891093180281,0.7752619266227849,0.6777093860127277
15_130,0.7,42,297,0.05917941568736433,-2.2537941610469105,0.08296501458995857,3569.7581187101805,245.1208648114701,0.8702972582104456,0.6777093860127277
15_130,0.7,42,298,0.05903665940081926,-1.676757844637644,0.1062262215020868,3229.155431373747,228.60441138648935,0.7494433073132571,0.6777093860127277
15_130,0.7,42,299,0.058896123229153184,-1.6550171653987498,0.10938430650724593,3175.6392547376236,239.630794508912,0.745592752888149,0.6777093860127277
15_130,0.7,42,300,0.05875777264561992,-1.9856686218150656,0.11330194588684715,3373.28120917665,247.965629044775,0.814332540069151,0.6777093860127277
15_130,0.7,42,301,0.05862157366042571,-1.8519217548014004,0.09173797583456703,3321.978076408138,236.4707389835673,0.7861189002388116,0.6777093860127277
15_130,0.7,42,302,0.058487492812378764,-1.6964104277130603,0.08644482010712357,3168.3025149182804,251.85870353019413,0.7569744018000599,0.6777093860127277
15_130,0.7,42,303,0.05835549716066848,-1.6811921245758485,0.0861240823430426,3217.1006625961068,234.02200631893632,0.7518364926824237,0.6777093860127277
15_130,0.7,42,304,0.05822555427677263,-1.7078869588001204,0.10025494556608297,3193.1845118659976,246.82838078337775,0.7588717397000301,0.6777093860127277
15_130,0.7,42,305,0.05809763223649032,-2.1629630793599395,0.08088441420237244,3511.8575330500357,243.08682353181428,0.8506125647117797,0.6777093860127277
15_130,0.7,42,306,0.057971699612098956,-1.8683889695300406,0.08338535167143611,3294.4246283470434,249.22103351664765,0.7919972423825101,0.6777093860127277
15_130,0.7,42,307,0.05784772546463305,-1.8578649344241682,0.07169989430420737,3393.7717545276837,214.1382615220076,0.7829046951445036,0.6777093860127277
15_130,0.7,42,308,0.05772567933628324,-2.1583130030660564,0.09393404049720312,3484.6222792464937,253.16474288019796,0.8536167123049756,0.6777093860127277
15_130,0.7,42,309,0.05760553124291343,-1.966289402053798,0.11704508286214715,3296.2304357349713,267.4740520071389,0.8128261966672956,0.6777093860127277
15_130,0.7,42,310,0.05748725166669427,-2.0467740579997598,0.07490723321863756,3515.7957509026596,214.38389299907757,0.8198986427050681,0.6777093860127277
15_130,0.7,42,311,0.05737081154885137,-2.264575133391334,0.10761080931632774,3671.3680186226566,211.51970455811238,0.8635322448862951,0.6777093860127277
15_130,0.7,42,312,0.057256182282526054,-1.7737325049500885,0.11143421066611243,3216.5154869749827,252.02817671360106,0.7716715877759837,0.6777093860127277
15_130,0.7,42,313,0.057143335705747374,-1.6740977273190556,0.09898395044999418,3335.886280766476,189.35289301024036,0.7379398164451485,0.6777093860127277
15_130,0.7,42,314,0.05703224409451321,-2.0277515565262596,0.0879311314762809,3448.4869851085914,235.85901934168493,0.8235096840033598,0.6777093860127277
15_130,0.7,42,315,0.056922880155979176,-2.2184567782979943,0.09087214341485034,3508.2671493599028,253.81299667711966,0.8614526561129601,0.6777093860127277
15_130,0.7,42,316,0.05681521702175326,-2.181962336011184,0.09374223450174893,3522.430161970236,243.11816829256733,0.8538290455412576,0.6777093860127277
15_130,0.7,42,317,0.05670922824129488,-1.8779712098341865,0.09177486616030821,3208.371575761746,280.2914475151532,0.8006312639970081,0.6777093860127277
15_130,0.7,42,318,0.05660488777541653,-1.8595124957227154,0.07408244390674194,3291.0592755205266,248.08015872433532,0.7897165854691404,0.6777093860127277
15_130,0.7,42,319,0.056502169989886525,-1.7936605268436647,0.10679037260771222,3260.7538963960747,244.35215522294618,0.7764535932493777,0.6777093860127277
15_130,0.7,42,320,0.056401049649131195,-1.7084671456822962,0.09992320682976219,3185.622774689776,249.22103351664765,0.7592552479590355,0.6777093860127277
15_130,0.9,42,1,1.0,-3.6531861747479613,,3878.03460338645,227.20789448752294,1.0917392787297253,1.0917392787297253
15_130,0.9,42,2,0.9852258055592246,-4.162500892685529,0.3079798233733758,4044.813833187806,353.73331132456633,1.203139753085912,1.0917392787297253
15_130,0.9,42,3,0.9706813761935793,-3.7147728505535973,0.3223637329983652,3870.718516871924,272.90992962622175,1.105838939134126,1.0917392787297253
15_130,0.9,42,4,0.9563631386463322,-1.7858991320166009,0.27970204059378756,2885.313242138737,241.5362004518125,0.7129504240297911,0.7129504240297911
15_130,0.9,42,5,0.9422675752312664,-4.637581058655174,0.27573738741242243,4364.957870220291,268.0719354559756,1.2952743244928535,0.7129504240297911
15_130,0.9,42,6,0.9283912229684601,-3.6718075629218916,0.28049793707781234,3840.4619727044205,299.5716887367673,1.1040091556877378,0.7129504240297911
15_130,0.9,42,7,0.9147306727335057,-3.640244760976098,0.2934057802427033,3737.97013653228,402.49950808481856,1.1024834124662468,0.7129504240297911
15_130,0.9,42,8,0.9012825684199611,-3.869119503111119,0.3212453034754171,3939.0820036346663,289.6383475208314,1.1384867133846173,0.7129504240297911
15_130,0.9,42,9,0.888043606114825,-3.0078389761036672,0.324637211062955,3513.772398141035,258.43837854419394,0.9623708551370279,0.7129504240297911
15_130,0.9,42,10,0.8750105332868364,-2.8695359536945286,0.27982603603047207,3374.8138654641307,344.853689483012,0.9406186038082475,0.7129504240297911
15_130,0.9,42,11,0.8621801479873967,-3.4005698505707023,0.2820183769031971,3695.1307176265764,286.8445532205522,1.0430638301640431,0.7129504240297911
15_130,0.9,42,12,0.8495492980639193,-3.476944633722524,0.25566433365772656,3646.6889317318237,412.021604644111,1.0706929960374685,0.7129504240297911
15_130,0.9,42,13,0.837114880385412,-3.9806228271389315,0.29395474399656935,4001.4430536169007,291.3493872285973,1.1632488691778953,0.7129504240297911
15_130,0.9,42,14,0.8248738400801048,-3.1101613945982667,0.2427528519391169,3537.3178152664345,305.16842105708565,0.9887920580512761,0.7129504240297911
15_130,0.9,42,15,0.8128231697849323,-3.1158058338169585,0.23907086157666327,3571.1773688815074,258.28092061480226,0.9845232533260344,0.7129504240297911
15_130,0.9,42,16,0.8009599089066888,-3.437147796184463,0.2500990158894221,3706.6992515062148,305.0612433453405,1.0542882310973978,0.7129504240297911
15_130,0.9,42,17,0.7892811428946735,-2.8447233304141633,0.2510993442788015,3433.8040476677006,253.4361591446692,0.9295769864496946,0.7129504240297911
15_130,0.9,42,18,0.7777840025246476,-2.3863702371706514,0.23800794646503157,3166.690765916427,296.02288567257517,0.8420036704037739,0.7129504240297911
15_130,0.9,42,19,0.7664656631939266,-3.284061743497998,0.23181427381633196,3671.998273717561,244.09958059792652,1.0182786837377473,0.7129504240297911
15_130,0.9,42,20,0.7553233442274359,-2.1618453074283948,0.23902100318539776,3018.466878748222,331.9174000004189,0.7979510704468422,0.7129504240297911
15_130,0.9,42,21,0.7443543081945577,-2.6185973813272723,0.24067319220273933,3238.286276573893,355.494217342566,0.8917360974685702,0.7129504240297911
15_130,0.9,42,22,0.7335558602366034,-2.167490629265582,0.22715656933719705,3006.4293955517833,350.1511004683493,0.8000482983420365,0.7129504240297911
15_130,0.9,42,23,0.7229253474047432,-2.7856697444824956,0.25577837321463787,3325.82531438858,360.4437845194062,0.9274396583428461,0.7129504240297911
15_130,0.9,42,24,0.7124601580082336,-2.750222935105847,0.2413860929241428,3366.326652709641,280.1888693163992,0.9133796654003933,0.7129504240297911
15_130,0.9,42,25,0.7021577209727804,-5.075912356884588,0.23155725770804544,4553.285850214669,320.1949860031103,1.387449884092942,0.7129504240297911
15_130,0.9,42,26,0.6920155052088806,-3.6697914002385583,0.24801356240003722,3835.8516660092714,288.71474357491763,1.098203405615195,0.7129504240297911
15_130,0.9,42,27,0.6820310189899872,-3.8632851642115593,0.23087552740697273,3877.59294354242,371.94356737328883,1.1451858209674197,0.7129504240297911
15_130,0.9,42,28,0.6722018093403456,-4.661497805571829,0.20373051694303423,4413.339629649534,221.97261545146884,1.2969163317348376,0.7129504240297911
15_130,0.9,42,29,0.6625254614323491,-3.0828467195549694,0.22814519780714956,3536.8285082965053,290.010078913453,0.9829873209143832,0.7129504240297911
15_130,0.9,42,30,0.6529995979932678,-4.038809606065342,0.22985160429304688,4053.6756883959097,264.21342969221655,1.1734058203197542,0.7129504240297911
15_130,0.9,42,31,0.6436218787212026,-1.8259379059466738,0.24047788200988632,2851.680456666212,308.8727705567909,0.7248823397345316,0.7129504240297911
15_130,0.9,42,32,0.634389999710123,-3.278808702079104,0.22469724823584336,3557.625497729286,394.0167501667087,1.029563286630887,0.7129504240297911
15_130,0.9,42,33,0.6253016928838472,-458.67900150627304,0.1987240148710853,153930.21265343516,150225.46860888362,114.7158307184486,0.7129504240297911
15_130,0.9,42,34,0.6163547254388225,-2.887074987283589,0.24406892218719722,3446.151315068292,270.23574204059355,0.9405777211798716,0.7129504240297911
15_130,0.9,42,35,0.607546899295575,-3.98316194617942,0.2679773000821689,3950.7565765538648,355.68166041279216,1.1674695463739149,0.7129504240297911
15_130,0.9,42,36,0.5988760505586863,-3.4412120735656915,0.2463177437761275,3680.8857109836517,337.40066190773126,1.0562807961692005,0.7129504240297911
15_130,0.9,42,37,0.5903400489851716,-3.2789873503211577,0.22238324848952395,3637.9141505738503,286.5662666164504,1.0208229059563578,0.7129504240297911
15_130,0.9,42,38,0.581936797461124,-3.270555190004047,0.22212266051273896,3615.465893533999,307.5839885952411,1.0199234128856272,0.7129504240297911
15_130,0.9,42,39,0.5736642314864987,-1.8714749393332717,0.19565340581887486,2884.9385605059856,306.5552684079496,0.7368918117563948,0.7129504240297911
15_130,0.9,42,40,0.5655203186679085,-2.514934539872124,0.21891499006534026,3221.8225047733945,302.3170703564633,0.8656665409509369,0.7129504240297911
15_130,0.9,42,41,0.5575030582193081,-3.2143837285703016,0.22045516570167534,3641.697734417406,240.56929286471515,1.0052472141938575,0.7129504240297911
15_130,0.9,42,42,0.5496104804704447,-3.3486514365748468,0.21856026624997232,3644.9565298989382,320.59445089852886,1.03615345743431,0.7129504240297911
15_130,0.9,42,43,0.5418406463829504,-2.7959407977471455,0.20808576209267451,3317.506327587517,377.67202688104913,0.930603148154735,0.7129504240297911
15_130,0.9,42,44,0.5341916470739625,-3.1619321814093295,0.2297340275185276,3577.0747416935224,279.5908060738024,0.9946992846685715,0.7129504240297911
15_130,0.9,42,45,0.5266616033471518,-3.64288519282909,0.21703942485444883,3839.266225377929,278.058292957395,1.095576853762828,0.7129504240297911
15_130,0.9,42,46,0.519248665231044,-3.5077983562838355,0.20576000051716617,3760.6804227049925,281.0944776757138,1.0662957429171127,0.7129504240297911
15_130,0.9,42,47,0.5119510115245198,-2.4111416487993735,0.2467435338482538,3062.825872245079,449.23209138860517,0.8585734463878775,0.7129504240297911
15_130,0.9,42,48,0.504766849349387,-2.932064476296044,0.1943203395714995,3446.396558676936,290.4073073985385,0.9481451789030707,0.7129504240297911
15_130,0.9,42,49,0.49769441370990625,-3.0152218451485115,0.19321120632794136,3487.829979615143,307.01588359072525,0.9703289655606322,0.7129504240297911
15_130,0.9,42,50,0.4907319670591703,-3.4758122099806386,0.21272606153023788,3786.0422445239137,227.95074104135028,1.0564214285635356,0.7129504240297911
15_130,0.9,42,51,0.4838777988722253,-3.6028085213439662,0.2161958465087198,3657.9545664303246,494.37882855986203,1.1055611046949658,0.7129504240297911
15_130,0.9,42,52,0.47713022522583176,-3.5381060271868683,0.2197262659109177,3772.6146175190015,281.8039961496984,1.0711760794462897,0.7129504240297911
15_130,0.9,42,53,0.47048758838475946,-2.3425490495032393,0.17878800156776406,3104.9005781012443,338.65400746054866,0.8338889717775192,0.7129504240297911
15_130,0.9,42,54,0.4639482563945182,-4.614217165376676,0.23777796723155836,4373.605677629629,239.98948719133335,1.2882171118569896,0.7129504240297911
15_130,0.9,42,55,0.4575106226804207,-3.02861265298984,0.19010146265529076,3452.2476675190255,354.09184053351163,0.9740010264953233,0.7129504240297911
15_130,0.9,42,56,0.45117310565288166,-4.203396736530574,0.17500097039085347,4135.464738368129,274.53418867825565,1.208874397807857,0.7129504240297911
15_130,0.9,42,57,0.44493414831885486,-3.343577937039313,0.2001935405170759,3666.7596986493227,287.51384794747275,1.0323346551999992,0.7129504240297911
15_130,0.9,42,58,0.438792217899313,-2.9869244675095796,0.1924221170700988,3473.6677448534388,297.1228594795629,0.9611845356808137,0.7129504240297911
15_130,0.9,42,59,0.43274580545267627,-3.762744544898382,0.19933884839961363,3868.011973005277,317.2182647409618,1.1212057943442535,0.7129504240297911
15_130,0.9,42,60,0.4267934255040983,-4.303738230891863,0.207108596252816,4178.87441564869,287.47485727969746,1.230464044902453,0.7129504240297911
15_130,0.9,42,61,0.42093361568051574,-2.2374754016249883,0.20752891357338513,3103.902527178079,271.58684841402356,0.8086577392951358,0.7129504240297911
15_130,0.9,42,62,0.4151649363513749,-2.169145662591095,0.24397037039177824,3026.5191394118287,327.28730506767863,0.799351372912731,0.7129504240297911
15_130,0.9,42,63,0.40948597027494477,-2.738315158272466,0.19594364726434874,3379.8161484599327,250.67051446247328,0.9076638323031592,0.7129504240297911
15_130,0.9,42,64,0.4038953222501312,-3.283565561475883,0.17405215554580075,3631.9883079408646,298.6240812207471,1.0229969459245263,0.7129504240297911
15_130,0.9,42,65,0.3983916187737056,-3.365997169826148,0.2336819305370227,3656.04313750703,333.38864016374436,1.0451826257898704,0.7129504240297911
15_130,0.9,42,66,0.3929735077028642,-3.7227712242296835,0.15912519723919213,3907.52361052562,235.92862304530422,1.1063795581941729,0.7129504240297911
15_130,0.9,42,67,0.38763965792303584,-2.9017419338672177,0.1798017106683773,3460.3141949237624,257.6839556346518,0.9414077056890267,0.7129504240297911
15_130,0.9,42,68,0.38238875902085495,-3.196256239688643,0.18282852886907663,3604.047516963466,276.0839436408139,1.003836282144383,0.7129504240297911
15_130,0.9,42,69,0.37721952096222106,-3.5449001691271738,0.1802336969226517,3799.371603932891,253.91976750690245,1.071198973905725,0.7129504240297911
15_130,0.9,42,70,0.372130673775365,-3.4728751191564005,0.2147074145352395,3756.731405408894,257.5014232105101,1.0560277541480745,0.7129504240297911
15_130,0.9,42,71,0.3671209672388437,-3.408191017168947,0.17416421432801021,3737.460529696993,242.83482913031216,1.043138352582835,0.7129504240297911
15_130,0.9,42,72,0.3621891705743874,-2.911905024159293,0.1963031728646694,3479.8108942435206,241.54463531189194,0.9429724098859771,0.7129504240297911
15_130,0.9,42,73,0.35733407214452373,-3.36810915471761,0.2104478042034223,3722.7777805879014,242.82274495207434,1.0374529297050434,0.7129504240297911
15_130,0.9,42,74,0.35255447915490423,-2.6867452762077475,0.19414163402944823,3370.914882308199,220.78616453794274,0.8931491395647573,0.7129504240297911
15_130,0.9,42,75,0.3478492173612599,-2.302063131507549,0.1938053737316701,3092.127690664406,332.65531788990063,0.8267247572358615,0.7129504240297911
15_130,0.9,42,76,0.3432171307809146,-2.9611430092636692,0.2035577962142119,3496.09140183597,262.1377487542273,0.9569002822304471,0.7129504240297911
15_130,0.9,42,77,0.3386570814087846,-3.6820063872334163,0.18275988638173757,3901.037213079362,218.36304818157328,1.0973627079194652,0.7129504240297911
15_130,0.9,42,78,0.3341679489377949,-2.5341788201492172,0.17548922764811997,3261.8063301881207,269.12637279336957,0.8688412862338855,0.7129504240297911
15_130,0.9,42,79,0.32974863048364406,-3.976180331530461,0.18462462224284976,4032.7953068360835,249.37066147373628,1.1598284162159485,0.7129504240297911
15_130,0.9,42,80,0.3253980403138483,-2.110137464557297,0.1880389991206085,3058.6741857801458,238.26750919356525,0.7788151353700934,0.7129504240297911
15_130,0.9,42,81,0.32111510958100054,-2.3694709367095403,0.15596615116515766,3218.434483595665,206.6150023907817,0.8289027769124279,0.7129504240297911
15_130,0.9,42,82,0.3168987860601775,-3.0828884840553243,0.19768292901034,3508.837706122237,322.58837405194294,0.9842259671676772,0.7129504240297911
15_130,0.9,42,83,0.31274803389043004,-3.2473342626038786,0.17774868849718872,3634.0016630026785,267.2218652105562,1.0121429673603712,0.7129504240297911
15_130,0.9,42,84,0.30866183332029457,-3.7580087300410145,0.1856150326461331,3868.888590414639,320.71236832722536,1.122839361997433,0.7129504240297911
15_130,0.9,42,85,0.3046391804572615,-3.5523835909365893,0.18663773010343584,3771.780692572029,303.5220463707138,1.0788988891871387,0.7129504240297911
15_130,0.9,42,86,0.3006790870211401,-2.350505866278654,0.19881409061588382,3169.271883761449,259.0760415315185,0.8293153554585525,0.7129504240297911
15_130,0.9,42,87,0.29678058010125963,-3.427918521591776,0.19057838333488653,3696.286912674369,311.14872368039033,1.0525146731329866,0.7129504240297911
15_130,0.9,42,88,0.2929427019174456,-2.760832887520123,0.17194894956715906,3368.7117168927657,278.3713110910619,0.9136291620509708,0.7129504240297911
15_130,0.9,42,89,0.28916450958471324,-3.5562701326780184,0.16979933876626555,3827.607091555343,226.23771299119662,1.0718688152207867,0.7129504240297911
15_130,0.9,42,90,0.28544507488162135,-3.697600053796368,0.1682242996173763,3881.553694679369,254.31857524739786,1.103144030543109,0.7129504240297911
15_130,0.9,42,91,0.28178348402222775,-3.6685095396943064,0.20247905234999114,3889.94219260509,225.71089412032674,1.0957919148381066,0.7129504240297911
15_130,0.9,42,92,0.27817883743159105,-3.0987535150149705,0.18487224040860492,3587.2801720909233,222.70666643514565,0.9775751308904947,0.7129504240297911
15_130,0.9,42,93,0.27463024952476534,-3.2637648880287333,0.18952036063192162,3669.791369184588,230.36650260832937,1.0123373758533372,0.7129504240297911
15_130,0.9,42,94,0.27113684848922975,-4.038451103028439,0.19534164620666994,4070.6182162208215,236.83387824508443,1.1698183313126653,0.7129504240297911
15_130,0.9,42,95,0.2676977760707032,-2.3768001936272363,0.1596265343984846,3189.4660052011855,254.46846446285986,0.8354218432786038,0.7129504240297911
15_130,0.9,42,96,0.2643121873622896,-3.169875995376172,0.1716679384240915,3601.583098180356,249.53252710103183,0.9930467766218207,0.7129504240297911
15_130,0.9,42,97,0.2609792505969018,-2.857127244867667,0.20886342206063985,3396.9350028114036,315.4657721035482,0.938290785575891,0.7129504240297911
15_130,0.9,42,98,0.25769814694291476,-3.855377009916019,0.19965923044577166,3966.923375360719,243.71913442977888,1.1322480986328507,0.7129504240297911
15_130,0.9,42,99,0.25446807030299534,-2.372275188454898,0.18847239799219567,3161.2688044425845,279.6341067848297,0.8338346090795363,0.7129504240297911
15_130,0.9,42,100,0.2512882271160621,-3.000063343369888,0.18073229005764177,3536.6689863184856,225.37196015372507,0.958980365757002,0.7129504240297911
15_130,0.9,42,101,0.2481578361623234,-3.1050054105475136,0.1537444272450801,3517.787018810113,327.27071160017795,0.9894231475086732,0.7129504240297911
15_130,0.9,42,102,0.2450761283713493,-3.653723495997941,0.21097567193210306,3866.716134726711,241.10965817750176,1.092509933828545,0.7129504240297911
15_130,0.9,42,103,0.24204234663312607,-3.5134973667339464,0.1777572399140072,3793.9919464792292,243.17514543050328,1.065137162196307,0.7129504240297911
15_130,0.9,42,104,0.23905574561205173,-3.252971766721811,0.1783500511479056,3641.3726182809596,267.97106940220567,1.01527242885994,0.7129504240297911
15_130,0.9,42,105,0.23611559156382206,-3.4462683067286375,0.1649664902828198,3754.475818291376,247.9406152092393,1.0516132305283132,0.7129504240297911
15_130,0.9,42,106,0.2332211621551653,-3.7154040120032508,0.1802238538544923,3932.746852688582,196.4948486210281,1.1015304901802998,0.7129504240297911
15_130,0.9,42,107,0.23037174628638085,-3.4978983183315853,0.19179255413065902,3754.074296548467,287.77669257125103,1.0662151778734945,0.7129504240297911
15_130,0.9,42,108,0.2275666439166364,-3.6219233504971147,0.18417455783358377,3821.975141968608,283.32129907646004,1.0908363931798342,0.7129504240297911
15_130,0.9,42,109,0.2248051658919834,-3.063694673732771,0.18327171929420388,3558.380287798972,239.41748665383858,0.9725839248434491,0.7129504240297911
15_130,0.9,42,110,0.22208663377604637,-2.763069106460092,0.16527084924272786,3423.6597963166387,217.08016927738265,0.9121839432816896,0.7129504240297911
15_130,0.9,42,111,0.21941037968334542,-2.7009773379773154,0.1654839678488831,3362.169566256661,250.78261392396783,0.9008776678276621,0.7129504240297911
15_130,0.9,42,112,0.21677574611521144,-2.3763912666824094,0.1779478953718948,3214.7379127562085,221.63387829200735,0.8330362782090638,0.7129504240297911
15_130,0.9,42,113,0.21418208579825188,-2.829373117611558,0.15921558368099778,3461.9609838787,212.21990271018225,0.9252026811122912,0.7129504240297911
15_130,0.9,42,114,0.21162876152533033,-3.424939662840565,0.1363108662622776,3751.7457131658884,230.69956376731133,1.0441699584451838,0.7129504240297911
15_130,0.9,42,115,0.20911514599901782,-2.9375695639391175,0.17206137896838108,3489.3453326200042,244.62646767696495,0.9478030747454631,0.7129504240297911
15_130,0.9,42,116,0.20664062167747893,-2.387565819931409,0.17677171418506926,3197.569817174663,254.42104174301053,0.8385397455811427,0.7129504240297911
15_130,0.9,42,117,0.20420458062275576,-3.8888279243616988,0.2046882129649605,4011.327454691087,219.80552658949122,1.1405698016032453,0.7129504240297911
15_130,0.9,42,118,0.2018064243514096,-3.4021853531598243,0.1781688870872283,3733.240103082083,244.61455231249406,1.0421647143583321,0.7129504240297911
15_130,0.9,42,119,0.1994455636874869,-4.454078841276187,0.19158029591566697,4315.013102867845,206.77331969161946,1.253241932541269,0.7129504240297911
15_130,0.9,42,120,0.19712141861777083,-3.543173240054566,0.19261099079714092,3804.075298025161,254.24523495475714,1.0731394638597953,0.7129504240297911
15_130,0.9,42,121,0.19483341814928484,-3.331887309513565,0.1713125516195491,3712.122852378563,224.65815323345328,1.0266013145578785,0.7129504240297911
15_130,0.9,42,122,0.19258100016901147,-3.102539057433157,0.19427459204257003,3578.5715777147248,242.83010919680308,0.9816604053839302,0.7129504240297911
15_130,0.9,42,123,0.19036361130579338,-3.5429583906658886,0.15979810210873538,3764.1824518702133,305.2276676106982,1.0765908797177541,0.7129504240297911
15_130,0.9,42,124,0.18818070679438154,-3.279896726914208,0.18831245698160884,3668.770274285868,245.4077813205088,1.017514352668723,0.7129504240297911
15_130,0.9,42,125,0.1860317503415984,-426.7326650589617,0.18489747605986367,143040.68071206418,140261.4386398398,106.81134788867205,0.7129504240297911
15_130,0.9,42,126,0.1839162139945818,-3.887469387406921,0.18767762663772972,3994.5000986275777,241.00786853732777,1.141913500697884,0.7129504240297911
15_130,0.9,42,127,0.18183357801107813,-2.6988963479542525,0.1535919249040159,3357.0148481929054,260.3754352339388,0.9024369075013836,0.7129504240297911
15_130,0.9,42,128,0.17978333073175307,-2.6520363426998186,0.18761230069363613,3368.578265980965,207.2230947025364,0.8872206241364929,0.7129504240297911
15_130,0.9,42,129,0.17776496845448742,-2.538948946782522,0.1882525009624896,3271.732837170815,262.03671640867265,0.8700556127640064,0.7129504240297911
15_130,0.9,42,130,0.17577799531062827,-3.6098614157018223,0.156591701239543,3843.7822189640788,240.17237149679215,1.0832892855493872,0.7129504240297911
15_130,0.9,42,131,0.1738219231431649,-2.5014835671485423,0.18595611878054588,3246.0863479490185,266.69779662221924,0.861859353325597,0.7129504240297911
15_130,0.9,42,132,0.17189627138679878,-3.6724934459996272,0.16812551649283788,3901.3236030390885,211.42375104405667,1.094902848679394,0.7129504240297911
15_130,0.9,42,133,0.1700005669498786,-3.0701263428060317,0.19430015586220023,3546.7570530776443,254.5248983575109,0.9736832951032173,0.7129504240297911
15_130,0.9,42,134,0.16813434409817252,-2.6894440937924293,0.16662518090464948,3371.43422115539,230.97312279283946,0.8971238439609277,0.7129504240297911
15_130,0.9,42,135,0.16629714434044632,-3.239189967585939,0.18303788273281768,3673.9598037093065,213.20753336275973,1.0075936457426387,0.7129504240297911
15_130,0.9,42,136,0.16448851631582245,-3.094923952606667,0.20261411815488745,3546.0797416303,284.5193459730111,0.9845326975533761,0.7129504240297911
15_130,0.9,42,137,0.16270801568288995,-3.7173472184397944,0.1815780145725079,3870.429532672578,283.54221463418924,1.1096658644390083,0.7129504240297911
15_130,0.9,42,138,0.16095520501053945,-4.400308941328591,0.1518054201003902,4258.588578061304,245.17773327039825,1.245637491742404,0.7129504240297911
15_130,0.9,42,139,0.1592296536704954,-2.8126296932347303,0.18298577296982055,3393.120219990674,293.19646137872223,0.9285651156163748,0.7129504240297911
15_130,0.9,42,140,0.15753093773152022,-2.515406695707228,0.1565775338766938,3292.627249726204,213.01866099618962,0.8599811611062941,0.7129504240297911
15_130,0.9,42,141,0.15585863985526294,-3.3755244739654837,0.1598368759496429,3739.421083933396,213.58313153985694,1.033060605670858,0.7129504240297911
15_130,0.9,42,142,0.15421234919372853,-3.974696826616621,0.1777772094146047,4037.489207202472,242.52568743606219,1.1591088220387706,0.7129504240297911
15_130,0.9,42,143,0.152591661288341,-3.0938601734867737,0.2150466326306861,3525.344583469851,309.4368037409957,0.9857406843973343,0.7129504240297911
15_130,0.9,42,144,0.15099617797057668,-3.565499214225918,0.19558579637939139,3836.9980390479536,222.85383576365095,1.074248735180411,0.7129504240297911
15_130,0.9,42,145,0.14942550726414244,-2.2362833489768046,0.1487129604663772,3117.0564061352893,258.27831572162427,0.8088169910903549,0.7129504240297911
15_130,0.9,42,146,0.14787926328867598,-3.0377193852792326,0.19889441713849246,3539.7941995213832,246.52578600785588,0.968026000165962,0.7129504240297911
15_130,0.9,42,147,0.1463570661649425,-4.130240537756986,0.20211071991597496,4141.624950556788,213.53700448605682,1.1886614164905287,0.7129504240297911
15_130,0.9,42,148,0.1448585419215072,-3.921718400173578,0.15015008969858884,4013.338337958601,233.82785832279674,1.146542420556215,0.7129504240297911
15_130,0.9,42,149,0.14338332240285795,-2.3763934555394077,0.16466556412710573,3177.267484656652,278.47284967873463,0.8395945177310057,0.7129504240297911
15_130,0.9,42,150,0.1419310451789575,-3.5110044373357985,0.1770414472482707,3785.4548189385782,253.91852784094309,1.0658139298467701,0.7129504240297911
15_130,0.9,42,151,0.14050135345620207,-2.8149373044607175,0.17146627755984617,3435.1897270927852,234.36215586827402,0.9230471466279998,0.7129504240297911
15_130,0.9,42,152,0.13909389598976496,-4.260298579882365,0.16159942023819504,4215.0016745039875,205.48998161967012,1.214070798816745,0.7129504240297911
15_130,0.9,42,153,0.13770832699730284,-3.5337361791986446,0.1578809057542811,3820.930195290972,223.9083042422982,1.0684225063381227,0.7129504240297911
15_130,0.9,42,154,0.13634430607400466,-3.92375114400249,0.17036865710220678,4041.9420072226167,205.31450344962846,1.1470467603595969,0.7129504240297911
15_130,0.9,42,155,0.13500149810896128,-3.908728570802219,0.17949656827279972,4024.419699646866,217.40197315573872,1.1447449632133753,0.7129504240297911
15_130,0.9,42,156,0.13367957320283602,-3.8491813670069863,0.16964581703244275,4000.0198819429215,213.61229995404082,1.1339004699568749,0.7129504240297911
15_130,0.9,42,157,0.13237820658681518,-3.3913274750341698,0.19412663603272026,3758.0475773282164,209.17266659063725,1.0386335781602518,0.7129504240297911
15_130,0.9,42,158,0.13109707854281938,-4.37053122605835,0.17175519680873005,4263.699131464188,208.41385213812973,1.2339956270274082,0.7129504240297911
15_130,0.9,42,159,0.12983587432495577,-3.9102074748035904,0.15906912985759078,4024.4064684572477,215.5944473781216,1.1440702447692737,0.7129504240297911
15_130,0.9,42,160,0.12859428408219134,-3.752978191886269,0.1606422040517622,3950.259148190231,208.4353481958983,1.11272959070661,0.7129504240297911
15_130,0.9,42,161,0.1273720027822294,-3.537928316040092,0.14390354747385323,3831.322824808322,208.46529685239528,1.0667226773006213,0.7129504240297911
15_130,0.9,42,162,0.12616873013656954,-3.0832693968608567,0.16987891835078991,3600.8182229773975,200.75230212636492,0.9746801697280347,0.7129504240297911
15_130,0.9,42,163,0.12498417052673307,-4.029353550665561,0.18701391409827467,4101.029050650189,197.25593602266505,1.1669230030510056,0.7129504240297911
15_130,0.9,42,164,0.12381803293163596,-3.360307033209162,0.15070489832130585,3725.9360560298533,224.84548567014886,1.032015219840752,0.7129504240297911
15_130,0.9,42,165,0.12267003085609117,-3.163476946264758,0.19235655494969203,3640.414002097654,200.36738523916813,0.9898576981046511,0.7129504240297911
15_130,0.9,42,166,0.1215398822604227,-3.639931758974074,0.1492279197420399,3887.858994975759,203.2873817982934,1.0866790935896724,0.7129504240297911
15_130,0.9,42,167,0.1204273094911746,-3.3125139642982973,0.15623846856584336,3701.509214379373,221.9736547365816,1.021500285946369,0.7129504240297911
15_130,0.9,42,168,0.11933203921289748,-3.351302967695931,0.13390655099176307,3724.348289281544,222.2027680483086,1.0304218957701365,0.7129504240297911
15_130,0.9,42,169,0.11825380234099556,-3.1901197467701086,0.18678241781581006,3668.9902986487136,184.02292964643792,0.9948594238720143,0.7129504240297911
15_130,0.9,42,170,0.11719233397561858,-3.9185888114266643,0.17362236985779353,4011.177239477584,237.9425025789056,1.1472305361899995,0.7129504240297911
15_130,0.9,42,171,0.11614737333658141,-3.3538234899338217,0.17226474953229773,3703.319215494483,249.24159733404764,1.0323020263296094,0.7129504240297911
15_130,0.9,42,172,0.11511866369929591,-3.4529574726229573,0.18734358542910598,3800.592220748565,193.91708905380665,1.0494432143095855,0.7129504240297911
15_130,0.9,42,173,0.11410595233169919,-3.5415008428125603,0.1679091939918245,3834.152229416541,203.57203311846396,1.0660046978826274,0.7129504240297911
15_130,0.9,42,174,0.11310899043216277,-3.4919862636353045,0.17876930594413654,3819.465952439209,190.59474597894027,1.0555149419772023,0.7129504240297911
15_130,0.9,42,175,0.1121275330683672,-3.6973356713782586,0.20362428956803277,3905.6266786901983,218.61042236929532,1.0992300716907186,0.7129504240297911
15_130,0.9,42,176,0.11116133911712744,-3.6678001069283517,0.1635248495413207,3899.3030621313205,209.18202165114823,1.0932906250226861,0.7129504240297911
15_130,0.9,42,177,0.1102101712051541,-3.7667245195429953,0.17013013942348063,3928.399759587754,243.67721864883993,1.1173272837319026,0.7129504240297911
15_130,0.9,42,178,0.10927379565073586,-3.4281235486404746,0.15598884027055432,3753.4381633533453,239.04844850651386,1.0479176392968708,0.7129504240297911
15_130,0.9,42,179,0.10835198240632873,-3.4289875969559356,0.19232400156829377,3767.3661195627715,217.9115988653619,1.045476386418471,0.7129504240297911
15_130,0.9,42,180,0.1074445050020384,-3.493112996538609,0.14200340483075735,3817.0945744340456,198.88002100846504,1.0576667106731137,0.7129504240297911
15_130,0.9,42,181,0.10655114048998136,-3.5317718848840443,0.19848368361773341,3829.0529006959855,206.8106057256212,1.0652314327594727,0.7129504240297911
15_130,0.9,42,182,0.10567166938951125,-3.2477670542239183,0.1713510650325011,3674.162241084567,217.86380890934936,1.0093968917611078,0.7129504240297911
15_130,0.9,42,183,0.10480587563329734,-3.7139888929680547,0.17543258679251095,3928.072786607396,200.81961613448001,1.1013241463189367,0.7129504240297911
15_130,0.9,42,184,0.10395354651424124,-3.24772700520888,0.19513900503255008,3679.5259164523172,206.8809125981816,1.0074035461740147,0.7129504240297911
15_130,0.9,42,185,0.10311447263321932,-3.519177614333874,0.17400180110386038,3825.2851767539664,201.36166395595666,1.0617550873441524,0.7129504240297911
15_130,0.9,42,186,0.10228844784763778,-3.47434605333137,0.1451365318110832,3780.2098633467263,228.63805189738474,1.0544194193157486,0.7129504240297911
15_130,0.9,42,187,0.10147526922078795,-4.2894171824902525,0.19404448610000102,4232.768343077068,204.40428663847348,1.2205427571610246,0.7129504240297911
15_130,0.9,42,188,0.10067473697198882,-3.6401404964027364,0.15971322942100255,3890.996183380414,199.34182382275253,1.086431277946838,0.7129504240297911
15_130,0.9,42,189,0.09988665442750533,-3.2604856021060913,0.19153969522447117,3634.0926441785723,278.9056723139946,1.0165064432615656,0.7129504240297911
15_130,0.9,42,190,0.09911082797222981,-3.700749391512751,0.18195136835456138,3898.465726793553,234.02752198675233,1.1021706812115213,0.7129504240297911
15_130,0.9,42,191,0.09834706700211487,-3.4045260625195874,0.1658233651363901,3757.66095344868,211.79042270411452,1.0394537378521191,0.7129504240297911
15_130,0.9,42,192,0.09759518387734595,-3.9905067010921886,0.14784229551326936,4070.662415718177,201.7074638329839,1.1568228291192009,0.7129504240297911
15_130,0.9,42,193,0.09685499387624241,-3.361904761788601,0.1261587627022308,3733.883582466597,215.50847348736625,1.0316313186522785,0.7129504240297911
15_130,0.9,42,194,0.09612631514987509,-4.215301069441664,0.11948015963681187,4169.941970893306,232.3669794203268,1.2065932160783648,0.7129504240297911
15_130,0.9,42,195,0.09540896867739013,-4.154615015838717,0.17104703218384673,4136.574147877572,231.91834316286844,1.1935165744724996,0.7129504240297911
15_130,0.9,42,196,0.0947027782220271,-3.7564741708607214,0.1965012318343165,3965.6496142350893,182.42289121021685,1.1090480298946674,0.7129504240297911
15_130,0.9,42,197,0.09400757028782174,-3.833983939369922,0.17150313015425311,3994.107772925506,200.23887852016094,1.126658805355301,0.7129504240297911
15_130,0.9,42,198,0.09332317407698135,-3.4517672698284523,0.1789569690196134,3773.6140080497134,227.27351303801822,1.0513619029271986,0.7129504240297911
15_130,0.9,42,199,0.09264942144792357,-4.213995052527853,0.16782384690067173,4187.948679914616,212.48490240453546,1.206194916978117,0.7129504240297911
15_130,0.9,42,200,0.09198614687396757,-4.062625039734556,0.17040242219326698,4106.197406522783,211.73300565949216,1.174285747113126,0.7129504240297911
15_130,0.9,42,201,0.0913331874026676,-3.5442956928590155,0.1852637112198498,3802.743762719626,252.02937939021504,1.071803410394241,0.7129504240297911
15_130,0.9,42,202,0.09069038261577916,-3.3714213228509986,0.1553413469633399,3716.1720714134804,246.5687845081026,1.0362848178922368,0.7129504240297911
15_130,0.9,42,203,0.09005757458984752,-3.111133254193236,0.17431670127399282,3582.280524978676,245.2856674309679,0.9840051084201037,0.7129504240297911
15_130,0.9,42,204,0.08943460785740934,-3.3431051386031383,0.14296279106380017,3717.3264486533953,223.55441194074297,1.0282057718302717,0.7129504240297911
15_130,0.9,42,205,0.08882132936879764,-3.3082866696854594,0.14382480747324192,3726.189036262726,186.21160548920238,1.017801154600852,0.7129504240297911
15_130,0.9,42,206,0.08821758845454078,-2.9068791924484154,0.18274545957423363,3504.5921635919194,196.61381340141565,0.9359159519582576,0.7129504240297911
15_130,0.9,42,207,0.08762323678834613,-3.0157926790038436,0.14333472111107773,3560.1973573429254,209.69877705059778,0.962277656930448,0.7129504240297911
15_130,0.9,42,208,0.08703812835065944,-3.438862098559994,0.16943898766326718,3787.4015719772733,197.71092973409446,1.0457450118194855,0.7129504240297911
15_130,0.9,42,209,0.08646211939279098,-2.961085303473082,0.139549466532067,3541.721948664215,189.37631825281028,0.9476008130477577,0.7129504240297911
15_130,0.9,42,210,0.08589506840159955,-3.9000858600836965,0.14528730016937114,4017.065250782522,211.43275788424822,1.1396881316875909,0.7129504240297911
15_130,0.9,42,211,0.08533683606472567,-3.5724142915414583,0.15725080655740944,3861.706400251004,189.62675474223514,1.0714997267315185,0.7129504240297911
15_130,0.9,42,212,0.08478728523636561,-2.8995553711955844,0.14743378293607354,3495.069038879049,208.206965610693,0.9365260222860755,0.7129504240297911
15_130,0.9,42,213,0.08424628090357741,-3.4371532634770814,0.13655960392553243,3790.602028708884,189.97573767099914,1.0441178030487575,0.7129504240297911
15_130,0.9,42,214,0.08371369015311121,-3.669352803848696,0.13323615871828498,3897.1896344514576,210.15770460357408,1.092834354808328,0.7129504240297911
15_130,0.9,42,215,0.08318938213875532,-2.75867829928306,0.14940907727643768,3430.2914449423847,201.05122856704114,0.9088118825130725,0.7129504240297911
15_130,0.9,42,216,0.08267322804918986,-3.0399835274532894,0.1589827200200084,3588.8077398674127,186.15443705254862,0.9646253690428095,0.7129504240297911
15_130,0.9,42,217,0.08216510107634088,-3.1177914645925884,0.13551903255113074,3610.6460685892307,210.09586529978506,0.981944019994301,0.7129504240297911
15_130,0.9,42,218,0.08166487638422609,-3.186928914401319,0.14334506800923372,3648.5803528587826,208.40538907059863,0.9959950491131504,0.7129504240297911
15_130,0.9,42,219,0.08117243107828538,-3.014937529024105,0.14513333157145794,3558.5308229614416,206.09330269676445,0.9602972027688469,0.7129504240297911
15_130,0.9,42,220,0.08068764417518824,-3.0734683015751214,0.13372625787165304,3582.721386068057,215.21932888797446,0.9730375882142931,0.7129504240297911
15_130,0.9,42,221,0.08021039657311081,-3.4634449990787424,0.1570232127471625,3756.8084709994664,256.45119672606177,1.0556685147269504,0.7129504240297911
15_130,0.9,42,222,0.07974057102247495,-3.9708878183548793,0.16816326808674256,4065.1250745963616,203.42901155744943,1.1553181084348736,0.7129504240297911
15_130,0.9,42,223,0.0792780520971426,-3.016841866981375,0.1763247602923356,3560.587780887569,202.59065809441347,0.9597955094803865,0.7129504240297911
15_130,0.9,42,224,0.07882272616605801,-3.819231088533185,0.1812772227833054,4008.642782843607,167.0383002605961,1.1199834131589372,0.7129504240297911
15_130,0.9,42,225,0.0783744813653311,-3.199547003746696,0.1395226308673161,3625.3250916908128,247.4527083478764,1.001462391962315,0.7129504240297911
15_130,0.9,42,226,0.07793320757075473,-3.4483343976066436,0.13675511642874139,3787.3111406919847,205.0722214985043,1.0484370182050797,0.7129504240297911
15_130,0.9,42,227,0.07749879637074959,-3.6101061934775016,0.14595849208523712,3897.099395778616,171.14358518640591,1.0783466338394607,0.7129504240297911
15_130,0.9,42,228,0.07707114103972987,-3.7459155068999053,0.14503018909017623,3940.5528452358267,208.25790985121753,1.1089083639044635,0.7129504240297911
15_130,0.9,42,229,0.0766501365118829,-3.4380040114687986,0.12372761395711454,3791.6031114939183,197.65791552681245,1.0473510028671997,0.7129504240297911
15_130,0.9,42,230,0.07623567935535681,-3.849473884927252,0.16452741056748427,4006.3547696994683,192.2623114259542,1.1284424028557447,0.7129504240297911
15_130,0.9,42,231,0.07582766774684957,-3.342294229997159,0.14186708135226034,3736.7293662599695,192.93413683405416,1.0243697113454435,0.7129504240297911
15_130,0.9,42,232,0.07542600144659303,-2.805264054186668,0.11844720579058722,3405.391458282994,269.43931769004365,0.9245121673928208,0.7129504240297911
15_130,0.9,42,233,0.07503058177372629,-3.3771304425019,0.13840003271765955,3751.65816339117,202.03486070649174,1.0335172260100904,0.7129504240297911
15_130,0.9,42,234,0.0746413115820518,-3.1594058752497016,0.15925693444291494,3637.179820879198,202.63832532465588,0.9894476226585793,0.7129504240297911
15_130,0.9,42,235,0.07425809523616868,-3.281567944415702,0.13155928373721423,3698.910162987512,207.76907818444832,1.0152325843945238,0.7129504240297911
15_130,0.9,42,236,0.0738808385879771,-3.8459240864066677,0.17564523132865967,3973.2171511913266,240.19351845835868,1.1333771754478208,0.7129504240297911
15_130,0.9,42,237,0.0735094489535481,-3.205137066354083,0.16056707714895305,3650.434634012743,222.62570603335328,1.0019804204346745,0.7129504240297911
15_130,0.9,42,238,0.07314383509035316,-457.0642986248419,0.16616228322598323,153144.29041360389,150146.66444391623,114.38255414338997,0.7129504240297911
15_130,0.9,42,239,0.07278390717484776,-2.7764408611362534,0.14607257486453476,3390.4146168750613,269.3194712838452,0.9186730357968838,0.7129504240297911
15_130,0.9,42,240,0.07242957678040378,-3.3013635739758653,0.11187363841330164,3664.1924754728025,274.0916433874956,1.0263690986221714,0.7129504240297911
15_130,0.9,42,241,0.07208075685558483,-3.034897854363793,0.12992130345182248,3535.501278243061,255.52858113920195,0.9697001046165893,0.7129504240297911
15_130,0.9,42,242,0.0717373617027597,-2.917603329463978,0.15415871074556983,3467.5253952311523,265.63000139709044,0.9471414306565927,0.7129504240297911
15_130,0.9,42,243,0.07139930695704806,-3.0854407616030066,0.14778637560006105,3567.3718049815616,249.51232209960688,0.9798024980930593,0.7129504240297911
15_130,0.9,42,244,0.0710665095655941,-2.997769145556844,0.14166401286622604,3492.3062159926567,290.89379263640217,0.9660884402353649,0.7129504240297911
15_130,0.9,42,245,0.07073888776716195,-3.4435949324913833,0.13794210640521318,3760.6042553005723,245.6248102530999,1.0531265109006236,0.7129504240297911
15_130,0.9,42,246,0.07041636107204882,-3.520538465470568,0.129261389470898,3782.865039161869,264.22260003528794,1.0686290608120863,0.7129504240297911
15_130,0.9,42,247,0.07009885024231037,-3.3834295786621347,0.1561886855355047,3676.970498629391,322.08434541234107,1.049092010050149,0.7129504240297911
15_130,0.9,42,248,0.0697862772722936,-3.5410607597107653,0.17018632636276687,3782.6701484546857,286.8284587394417,1.0769280104405117,0.7129504240297911
15_130,0.9,42,249,0.0694785653694726,-2.9965719264499904,0.14239504777478187,3514.6511844078746,260.0893401869517,0.9633224687919848,0.7129504240297911
15_130,0.9,42,250,0.06917563893558212,-3.4918887652556263,0.14974620875324915,3782.1770280699925,252.3046080517142,1.0639478323395475,0.7129504240297911
15_130,0.9,42,251,0.06887742354804487,-3.35690407071547,0.156417504919603,3685.010017219279,285.98577239753797,1.0388298638327136,0.7129504240297911
15_130,0.9,42,252,0.06858384594168729,-3.6873115150553204,0.13342191747810597,3846.0133325225347,302.71147949017023,1.1073201864561377,0.7129504240297911
15_130,0.9,42,253,0.06829483399074003,-3.3713836761597014,0.13760049178706565,3699.0149359111247,278.67987149511777,1.0415420728860791,0.7129504240297911
15_130,0.9,42,254,0.06801031669111803,-3.6103197859173393,0.134959141856245,3841.7121059027195,255.7959590834014,1.0882761003254886,0.7129504240297911
15_130,0.9,42,255,0.06773022414297643,-3.204236693233457,0.13868946379863642,3592.5731010970735,308.63522959275184,1.0114553271545181,0.7129504240297911
15_130,0.9,42,256,0.06745448753353762,-3.056718534992495,0.16048247096122925,3557.4579604545897,239.72897170323876,0.9723424542609441,0.7129504240297911
15_130,0.9,42,257,0.06718303912018544,-3.197569126651846,0.14154330478830907,3612.0631516622616,271.071421677614,1.005080743201423,0.7129504240297911
15_130,0.9,42,258,0.0669158122138222,-3.2787067679065824,0.13265106327485018,3625.7952096003773,305.14731019848904,1.0230172902672439,0.7129504240297911
15_130,0.9,42,259,0.06665274116248465,-456.99182166950396,0.14449587538843234,153089.48655465018,150174.18244068357,114.37154387891445,0.7129504240297911
15_130,0.9,42,260,0.06639376133521471,-3.4829221695255153,0.1483913682573663,3767.853342758983,259.40945383242126,1.0610378073386437,0.7129504240297911
15_130,0.9,42,261,0.06613880910618089,-3.7629624723377724,0.14545478353159716,3926.9962905629136,244.32423618383328,1.1170239514177764,0.7129504240297911
15_130,0.9,42,262,0.06588782183904693,-457.69686000823185,0.1714530118960896,153466.46931973295,150164.48546807226,114.51381115590412,0.7129504240297911
15_130,0.9,42,263,0.06564073787158327,-4.382926906046957,0.13716575527807442,4251.4706422884465,248.14238322839606,1.2439817265117392,0.7129504240297911
15_130,0.9,42,264,0.06539749650051803,-3.1222507057607727,0.12413844798311187,3565.624978189194,271.0895901235409,0.9871199413974582,0.7129504240297911
15_130,0.9,42,265,0.06515803796662348,-3.561963869913461,0.1316275065832295,3809.411462745773,263.61737345465644,1.0786760102134079,0.7129504240297911
15_130,0.9,42,266,0.06492230344003448,-4.0476966967597825,0.12417480902726864,4072.7491711455086,246.69061375284906,1.174294259660031,0.7129504240297911
15_130,0.9,42,267,0.06469023500579518,-3.5918528850275724,0.15311613171273614,3803.7106223546775,292.2109592868556,1.0870627939064657,0.7129504240297911
15_130,0.9,42,268,0.06446177564963067,-3.2334826230663354,0.11465457077537766,3627.1417542093013,275.5607385057959,1.0125779207238488,0.7129504240297911
15_130,0.9,42,269,0.06423686924393959,-3.539797077412005,0.1525805511392225,3767.673195610603,309.85727332439114,1.0796565343102662,0.7129504240297911
15_130,0.9,42,270,0.064015460534005,-3.3347389724833496,0.1573897468244062,3680.879802023878,276.56529566182303,1.0337420080781023,0.7129504240297911
15_130,0.9,42,271,0.0637974951244193,-3.486257306531467,0.12231483209202455,3776.466777796281,250.95434969770452,1.0612382582567983,0.7129504240297911
15_130,0.9,42,272,0.06358291946572056,-3.4249351601474576,0.12648683765461485,3712.5656394975176,300.9663450540102,1.0550410549941294,0.7129504240297911
15_130,0.9,42,273,0.06337168084123639,-3.7015803719909224,0.13516290598633526,3865.161821798742,284.55352137612766,1.1080023579549956,0.7129504240297911
15_130,0.9,42,274,0.06316372735413278,-3.3380060667504687,0.1477607992488409,3670.1128546907953,290.96031722061974,1.034908781644882,0.7129504240297911
15_130,0.9,42,275,0.06295900791466405,-3.331547852775943,0.1387396006555977,3675.1498981164345,281.7010068766907,1.033427561484584,0.7129504240297911
15_130,0.9,42,276,0.06275747222762111,-3.5347931883418493,0.12064439972773644,3801.0930412480407,249.26024021706644,1.0701388953760607,0.7129504240297911
15_130,0.9,42,277,0.06255907077997513,-3.0679664563962366,0.1261731272782299,3525.939670610877,291.56113790608214,0.979348879056324,0.7129504240297911
15_130,0.9,42,278,0.062363754828713217,-3.07134137257494,0.11993260008923166,3547.0355983194972,264.861815992584,0.9776203858787776,0.7129504240297911
15_130,0.9,42,279,0.06217147638886324,-3.2584409592647035,0.12631811497442805,3619.323061624938,302.99958182893295,1.0197175047734408,0.7129504240297911
15_130,0.9,42,280,0.06198218822170495,-3.5374259297476827,0.1097635567051752,3777.8934073962973,286.33514994262885,1.0748970807275189,0.7129504240297911
15_130,0.9,42,281,0.06179584382316449,-3.388794436670053,0.12692800580758543,3706.047822367569,278.07525516788917,1.0440392074581115,0.7129504240297911
15_130,0.9,42,282,0.06161239741238927,-3.018713957175323,0.14799974672347924,3494.4914993115967,298.05209947552055,0.9695857542510956,0.7129504240297911
15_130,0.9,42,283,0.06143180392050065,-3.3216906758884823,0.13909163285235485,3667.6893308993276,282.57101776083215,1.030863267262719,0.7129504240297911
15_130,0.9,42,284,0.06125401897952138,-3.529959649500352,0.11624884599730205,3813.491253654958,225.61074925457018,1.0661749551101307,0.7129504240297911
15_130,0.9,42,285,0.06107899891147547,-457.39539732553794,0.1110326984754265,153284.4509603164,150190.09582536743,114.45287326300841,0.7129504240297911
15_130,0.9,42,286,0.060906700717657275,-3.579705551894045,0.1574757028868184,3787.0611618946523,305.4725132353844,1.0855336529307762,0.7129504240297911
15_130,0.9,42,287,0.060737082068067785,-3.500155244755379,0.10856615703727197,3762.3313607342243,277.8414053645878,1.065729409479443,0.7129504240297911
15_130,0.9,42,288,0.06057010129101494,-4.1315554041111024,0.15635270697110756,4103.267584503546,270.2190049191966,1.1948183382072628,0.7129504240297911
15_130,0.9,42,289,0.06040571736287584,-3.424247169951528,0.15087771870381503,3693.8223266794066,325.29716090813366,1.0568023907784803,0.7129504240297911
15_130,0.9,42,290,0.06024388989801807,-3.2624660684263533,0.1335872315505042,3628.7127370619605,297.6186312192106,1.0213571153971865,0.7129504240297911
15_130,0.9,42,291,0.06008457913887785,-3.319645997132646,0.13554681021506376,3644.4996836936875,313.9594689646656,1.0335187642404264,0.7129504240297911
15_130,0.9,42,292,0.05992774594619241,-2.8613305838319025,0.13372961004034342,3457.027307781091,235.70936984688345,0.931995466470796,0.7129504240297911
15_130,0.9,42,293,0.05977335178938433,-2.8941018583177263,0.14189922927322637,3464.8292245422167,244.24773922357005,0.9381771739811409,0.7129504240297911
15_130,0.9,42,294,0.059621358737095426,-3.494301477989749,0.11188695436296205,3743.272746645977,304.3692299569299,1.0681826344547023,0.7129504240297911
15_130,0.9,42,295,0.05947172944786773,-2.986754068555424,0.17313062416861033,3479.127636872925,301.49851776477925,0.9649180043183432,0.7129504240297911
15_130,0.9,42,296,0.059324427160969605,-3.262628487517038,0.12125764761893829,3622.9908008365883,298.19487679579044,1.0193566945288322,0.7129504240297911
15_130,0.9,42,297,0.05917941568736433,-3.993107004416543,0.11925436958758612,4005.5097030770594,301.6629920597191,1.168642990420375,0.7129504240297911
15_130,0.9,42,298,0.05903665940081926,-3.307870014757881,0.12322804688882942,3658.0234914604243,286.05272757201465,1.0284132301851967,0.7129504240297911
15_130,0.9,42,299,0.058896123229153184,-3.2434846399497843,0.16196750936204704,3605.150995087459,314.27668422102914,1.0184117582780443,0.7129504240297911
15_130,0.9,42,300,0.05875777264561992,-3.439801932809633,0.15539396228757746,3699.51321078384,323.9810741440307,1.0585167225186476,0.7129504240297911
15_130,0.9,42,301,0.05862157366042571,-3.0603629741702525,0.12472616212674496,3516.3970354750572,305.5296166293487,0.9808313418331613,0.7129504240297911
15_130,0.9,42,302,0.058487492812378764,-3.053150586393672,0.10609080396734402,3503.692409019495,314.5613762051845,0.9792615782223495,0.7129504240297911
15_130,0.9,42,303,0.05835549716066848,-3.4406531928881727,0.13646929904722274,3732.5668925695995,278.7162306046379,1.0545372298459748,0.7129504240297911
15_130,0.9,42,304,0.05822555427677263,-3.271862720372917,0.13534754408252106,3618.2295106837682,316.22418264298665,1.024193457871007,0.7129504240297911
15_130,0.9,42,305,0.05809763223649032,-3.5040293360230326,0.1357328259048769,3745.615630165722,306.6575094934943,1.0699368211852454,0.7129504240297911
15_130,0.9,42,306,0.057971699612098956,-3.241938971251506,0.13202320958906982,3593.7600945036615,326.69495686904907,1.018604828282962,0.7129504240297911
15_130,0.9,42,307,0.05784772546463305,-3.1998632188593463,0.10996212877315663,3632.9517396779333,238.7061416902778,1.0011730696721015,0.7129504240297911
15_130,0.9,42,308,0.05772567933628324,-3.206714640301017,0.12161048522599642,3594.7150151252536,302.6115670089284,1.0100525916991858,0.7129504240297911
15_130,0.9,42,309,0.05760553124291343,-3.0158519512332296,0.15302544370066729,3452.0957594874203,357.6697457322978,0.9752676886630082,0.7129504240297911
15_130,0.9,42,310,0.05748725166669427,-3.168575770670244,0.11002927625621299,3566.1848945731035,311.7402710486596,1.0023956520692705,0.7129504240297911
15_130,0.9,42,311,0.05737081154885137,-3.784161797925102,0.13327409122009207,3894.6885650887684,303.41633750781614,1.1264143811052072,0.7129504240297911
15_130,0.9,42,312,0.057256182282526054,-2.941860477700354,0.1602782424853347,3452.7652267271924,303.6697619899112,0.9555223843823535,0.7129504240297911
15_130,0.9,42,313,0.057143335705747374,-3.1693370314173093,0.13629369241895556,3590.869903586937,275.44365528428574,0.9985004971705665,0.7129504240297911
15_130,0.9,42,314,0.05703224409451321,-3.3040307816448165,0.13791213494506832,3671.7477010302537,266.7293860358624,1.026564960368469,0.7129504240297911
15_130,0.9,42,315,0.056922880155979176,-3.287136267123868,0.12245412510038158,3674.727763606085,248.2564263049482,1.0208746650715654,0.7129504240297911
15_130,0.9,42,316,0.05681521702175326,-3.3353349826894076,0.12759905605347438,3668.3674068686223,290.3058857089939,1.0339910106296168,0.7129504240297911
15_130,0.9,42,317,0.05670922824129488,-3.029482942488779,0.13906679526725582,3498.856313144466,302.0205357281141,0.9727446672461263,0.7129504240297911
15_130,0.9,42,318,0.05660488777541653,-2.808084227583726,0.11466826817870547,3382.875406280426,304.2921116769287,0.9287116551865299,0.7129504240297911
15_130,0.9,42,319,0.056502169989886525,-3.1289271410351347,0.15297579800193867,3542.0359113557633,313.2347210479992,0.9936057168827153,0.7129504240297911
15_130,0.9,42,320,0.056401049649131195,-2.7037205656406087,0.135883384871825,3329.8087665110224,298.9146700535418,0.906187406367417,0.7129504240297911
