Config,Weight,Seed,Episode,Epsilon,Reward,Loss,Cost,Delay,ScalarQ,BestScalarQ
20_130,0.1,42,1,1.0,0.44379627084539836,0.28907778174466636,5708.642861595955,185.64201172396952,0.4847256076133257,0.4847256076133257
20_130,0.1,42,2,0.9852258055592246,-0.11101627097897948,0.2707300950781499,5912.21492411219,226.57433808666084,0.6276930287837059,0.4847256076133257
20_130,0.1,42,3,0.9706813761935793,-0.15400288462469758,0.24944570487500628,4875.195357628589,241.27260669327407,0.6328903315457848,0.4847256076133257
20_130,0.1,42,4,0.9563631386463322,-0.36827578372166614,0.22893048351564166,5383.9996104006905,252.7556993019913,0.6917721926836633,0.4847256076133257
20_130,0.1,42,5,0.9422675752312664,-0.4160214122776194,0.22685311016527318,4892.563225195298,268.8772659329332,0.7243228855369374,0.4847256076133257
20_130,0.1,42,6,0.9283912229684601,0.4983000011487245,0.21356718052902926,5126.054010308994,195.6244029376924,0.4933139607517799,0.4847256076133257
20_130,0.1,42,7,0.9147306727335057,0.63482720190116,0.196800226887478,5503.822706666458,187.1385270096617,0.48113021251172294,0.48113021251172294
20_130,0.1,42,8,0.9012825684199611,1.0400657174507886,0.18005015652345624,5290.442734695782,159.23619263322692,0.38057253167626387,0.38057253167626387
20_130,0.1,42,9,0.888043606114825,0.682530139635444,0.17633278054245838,5443.786042770324,178.27666115490513,0.44951421833789224,0.38057253167626387
20_130,0.1,42,10,0.8750105332868364,-0.501245631511435,0.17164638133473745,5092.57712043468,262.26905284653793,0.710921148137599,0.38057253167626387
20_130,0.1,42,11,0.8621801479873967,-0.15583949818925963,0.1672143273894826,5717.804001621826,235.69742815916604,0.6495916927291331,0.38057253167626387
20_130,0.1,42,12,0.8495492980639193,0.6080540661509252,0.1614292205976495,4422.615274169464,199.1863226121196,0.4757812886570739,0.38057253167626387
20_130,0.1,42,13,0.837114880385412,0.10716911545255087,0.15482053108414337,5652.0683574965415,219.74503178981564,0.5944388899680311,0.38057253167626387
20_130,0.1,42,14,0.8248738400801048,-0.016522959595935027,0.14735416932269252,5712.8575333267845,225.78855186029887,0.6168248957431396,0.38057253167626387
20_130,0.1,42,15,0.8128231697849323,0.42358162649766584,0.14338914692711358,4731.744214574994,208.28480670402783,0.5185279699989601,0.38057253167626387
20_130,0.1,42,16,0.8009599089066888,-0.0684823089353288,0.139588691241964,5695.652559384414,223.21878638503125,0.6076653824286373,0.38057253167626387
20_130,0.1,42,17,0.7892811428946735,0.23099114379734823,0.12957269467211394,5663.552598062112,206.02345753855383,0.5498262400246889,0.38057253167626387
20_130,0.1,42,18,0.7777840025246476,-0.3859509284647598,0.13116190008801792,5207.222973542575,257.5512378722359,0.7001831866616445,0.38057253167626387
20_130,0.1,42,19,0.7664656631939266,-0.2723759261403742,0.13327339199983376,5102.12875490527,253.65016551773869,0.6829959295870416,0.38057253167626387
20_130,0.1,42,20,0.7553233442274359,-0.6465098314046813,0.12548223356944904,5833.168906640793,261.0300710776486,0.7376313539550664,0.38057253167626387
20_130,0.1,42,21,0.7443543081945577,-0.4714832052176625,0.15752160978059798,5430.202151332713,269.981045352072,0.7502961259797403,0.38057253167626387
20_130,0.1,42,22,0.7335558602366034,0.4093803688118326,0.1468761111814676,4900.127069733742,199.8038271592289,0.49765750519963925,0.38057253167626387
20_130,0.1,42,23,0.7229253474047432,0.12675258278622464,0.14432417965792269,4528.438062323835,228.65444645267996,0.5770138023553919,0.38057253167626387
20_130,0.1,42,24,0.7124601580082336,0.4123565182957344,0.1452129581802763,5239.628107108376,205.98073369204005,0.5320660652312612,0.38057253167626387
20_130,0.1,42,25,0.7021577209727804,0.40045595129201184,0.13194439703220878,5962.993252749041,192.4042598571216,0.5175184797094645,0.38057253167626387
20_130,0.1,42,26,0.6920155052088806,0.28556349820739174,0.13063633325548304,5134.197412531619,201.4392603255812,0.5127604241494508,0.38057253167626387
20_130,0.1,42,27,0.6820310189899872,-0.6036079502743739,0.13364887782485382,6239.578481701956,253.06281759918758,0.7283422473088532,0.38057253167626387
20_130,0.1,42,28,0.6722018093403456,0.0592425097066428,0.12419359256643717,4814.884551128712,237.8929041978027,0.619277684261651,0.38057253167626387
20_130,0.1,42,29,0.6625254614323491,0.4365265680674954,0.12021152656803853,4724.660144069218,203.8105072419964,0.5035306956454638,0.38057253167626387
20_130,0.1,42,30,0.6529995979932678,-0.027257324346684597,0.11706948868911474,4728.710034907292,237.3098191085228,0.6137799155022555,0.38057253167626387
20_130,0.1,42,31,0.6436218787212026,0.2222184356009995,0.11658373733222678,4980.865810932607,212.33261848580386,0.5421837027880618,0.38057253167626387
20_130,0.1,42,32,0.634389999710123,-0.26436484875147676,0.11256011597021358,5525.078103295237,242.92002163185472,0.6653152381618952,0.38057253167626387
20_130,0.1,42,33,0.6253016928838472,0.03577540086709874,0.10957506728554671,5137.394347398371,238.4580025770302,0.6345392666663422,0.38057253167626387
20_130,0.1,42,34,0.6163547254388225,0.1054932859947062,0.10505773288281199,5851.57732915326,209.24379247838667,0.5682234317480767,0.38057253167626387
20_130,0.1,42,35,0.607546899295575,-0.6579769455982865,0.10361211470290854,5053.917314358141,294.44943604090304,0.8150611195164548,0.38057253167626387
20_130,0.1,42,36,0.5988760505586863,0.4439092340169158,0.10479035065052104,4951.769283833134,205.04099333533026,0.5170136005866801,0.38057253167626387
20_130,0.1,42,37,0.5903400489851716,0.044430257864596034,0.10326677727280727,6116.451687059125,211.3155574616464,0.586040487481903,0.38057253167626387
20_130,0.1,42,38,0.581936797461124,0.7905338233000625,0.09508543753007856,5224.260601068507,175.64273557702643,0.4317347259931662,0.38057253167626387
20_130,0.1,42,39,0.5736642314864987,-0.5847470773441911,0.10001779566747362,5650.54567382267,261.6275660300199,0.7320043018035802,0.38057253167626387
20_130,0.1,42,40,0.5655203186679085,-0.43515131990521705,0.09825895557800773,5538.649151548494,263.3566073093969,0.7330352325737068,0.38057253167626387
20_130,0.1,42,41,0.5575030582193081,0.3209589134672889,0.1181326377205204,5029.67801101992,204.07471466780686,0.5170765053994115,0.38057253167626387
20_130,0.1,42,42,0.5496104804704447,-0.6197982571319103,0.12009436916401497,5513.050546323003,269.8979224969865,0.7534664473998607,0.38057253167626387
20_130,0.1,42,43,0.5418406463829504,0.00257491388261355,0.11627736664038162,4910.529685045765,233.3840943961042,0.608436791009866,0.38057253167626387
20_130,0.1,42,44,0.5341916470739625,0.2179974156257004,0.11637602595315413,5284.338656384906,210.5528616327457,0.5489486980416268,0.38057253167626387
20_130,0.1,42,45,0.5266616033471518,0.38195772730929595,0.11110596887974233,5156.5512404747515,205.26383375825546,0.5262573214194293,0.38057253167626387
20_130,0.1,42,46,0.519248665231044,-0.15642706149982588,0.10558457056266861,5539.056290848088,246.1396864208661,0.676476245894437,0.38057253167626387
20_130,0.1,42,47,0.5119510115245198,0.8719152515424704,0.11081159028846063,4844.90220650075,165.9263865701664,0.3840387195819148,0.38057253167626387
20_130,0.1,42,48,0.504766849349387,-1.1385358100427192,0.1012875701302415,5250.441157755799,317.53435029627286,0.8990878486145759,0.38057253167626387
20_130,0.1,42,49,0.49769441370990625,0.31786272652146763,0.10161002337428868,5118.606439626494,209.66165335734095,0.5391317209670357,0.38057253167626387
20_130,0.1,42,50,0.4907319670591703,-0.28617578545149985,0.10196120535882854,5252.332280516648,251.34660701074733,0.6816692710381996,0.38057253167626387
20_130,0.1,42,51,0.4838777988722253,-0.2617461540685163,0.10144923073783432,4763.787835050609,251.57627324318847,0.6621183566989473,0.38057253167626387
20_130,0.1,42,52,0.47713022522583176,-0.7736717482785761,0.09635902385525859,5054.746362418824,295.9163615036427,0.8199159890176959,0.38057253167626387
20_130,0.1,42,53,0.47048758838475946,0.5630885251509783,0.09636335619939687,5279.227722779197,184.85659928753418,0.46429669988108657,0.38057253167626387
20_130,0.1,42,54,0.4639482563945182,-0.7707058442251882,0.09438543425981652,5409.376918777475,280.7426841520776,0.7847939935238295,0.38057253167626387
20_130,0.1,42,55,0.4575106226804207,0.2576833943345134,0.09411039104431504,4887.972488892059,220.44181115865538,0.5649700605072807,0.38057253167626387
20_130,0.1,42,56,0.45117310565288166,-0.5358387715145341,0.10094178104557014,5205.367388836727,273.6583346595697,0.7530350175539582,0.38057253167626387
20_130,0.1,42,57,0.44493414831885486,-0.3511194798689724,0.09042254989532854,4685.199055701225,268.2081030537296,0.7135051946425678,0.38057253167626387
20_130,0.1,42,58,0.438792217899313,0.36176730877610075,0.09156483391841057,5363.581316268012,210.4517745315572,0.5519101208579229,0.38057253167626387
20_130,0.1,42,59,0.43274580545267627,0.508291428554976,0.09090181079176282,5563.769308390276,189.05022537630438,0.48990376623787935,0.38057253167626387
20_130,0.1,42,60,0.4267934255040983,0.6877989544498935,0.08679569780622647,4766.236743362832,190.76484265703112,0.46238987177713703,0.38057253167626387
20_130,0.1,42,61,0.42093361568051574,0.7985294089757013,0.10898101127881055,5043.05194692225,173.27232845139682,0.41641375165217853,0.38057253167626387
20_130,0.1,42,62,0.4151649363513749,0.3860974879104876,0.1030999038698442,5040.889404955908,203.5275461657577,0.5157444591912093,0.38057253167626387
20_130,0.1,42,63,0.40948597027494477,-0.022807153750192044,0.09772555162560004,5571.209526376405,237.79695423816628,0.650397892333652,0.38057253167626387
20_130,0.1,42,64,0.4038953222501312,0.14695203350277697,0.10112572950413438,4555.140416921635,235.6272319969773,0.6010366669489811,0.38057253167626387
20_130,0.1,42,65,0.3983916187737056,0.07210468440177503,0.09681055140169412,5162.956590761582,224.75690146401652,0.590579023704751,0.38057253167626387
20_130,0.1,42,66,0.3929735077028642,0.7013268003806872,0.09311959762485882,4618.94204155279,188.91598534422693,0.45019232587885416,0.38057253167626387
20_130,0.1,42,67,0.38763965792303584,0.47558145939125934,0.09336168614523474,4614.501048813135,209.05736048302174,0.5161935961911462,0.38057253167626387
20_130,0.1,42,68,0.38238875902085495,0.37888931182163066,0.09411785496487121,5293.432496558836,203.8526946087087,0.5273094902264105,0.38057253167626387
20_130,0.1,42,69,0.37721952096222106,-0.7712786550641992,0.0909535967495115,4775.274286404932,297.2909275160708,0.8128170663634524,0.38057253167626387
20_130,0.1,42,70,0.372130673775365,0.6775450070190265,0.09164498501123361,5740.550185308627,171.7194670566537,0.4403014105829057,0.38057253167626387
20_130,0.1,42,71,0.3671209672388437,-0.17212544674711427,0.08629003685450642,5046.696784579543,249.65308981372922,0.6675573357127526,0.38057253167626387
20_130,0.1,42,72,0.3621891705743874,-0.07578405572106861,0.08977224774240192,5469.03719685436,235.17291176840942,0.6375284814627347,0.38057253167626387
20_130,0.1,42,73,0.35733407214452373,0.7479550479895013,0.08531693294787634,5297.622973832396,181.9693474762016,0.45557357566496237,0.38057253167626387
20_130,0.1,42,74,0.35255447915490423,0.0044503058159826026,0.08436033176058158,5035.896828744946,230.81727338262382,0.605212748221329,0.38057253167626387
20_130,0.1,42,75,0.3478492173612599,0.7991292366209715,0.0853164068112646,4894.78845097284,181.25805544386765,0.4364930155200818,0.38057253167626387
20_130,0.1,42,76,0.3432171307809146,0.08389657348818547,0.0870383204165584,4944.875548439051,235.38403131127626,0.6164362462383433,0.38057253167626387
20_130,0.1,42,77,0.3386570814087846,-0.22558691062925923,0.08287913117488545,4950.898972214443,245.52160666833248,0.6499993250599122,0.38057253167626387
20_130,0.1,42,78,0.3341679489377949,0.4664643012536674,0.0748743023858213,4882.716099757964,202.3375737558352,0.5052598987125572,0.38057253167626387
20_130,0.1,42,79,0.32974863048364406,0.35600734805195333,0.08071625943916635,4392.497716444872,219.54319455580946,0.5414234876623363,0.38057253167626387
20_130,0.1,42,80,0.3253980403138483,-0.13649069211316522,0.08673091690543142,5519.458960927376,236.0041809428462,0.6423557899114082,0.38057253167626387
20_130,0.1,42,81,0.32111510958100054,0.07341982165371852,0.10039382991330843,5430.00558777474,220.80484418241676,0.5886917978333236,0.38057253167626387
20_130,0.1,42,82,0.3168987860601775,0.5218898040336284,0.08973175339104104,5049.054696209307,199.90546483326102,0.504181445095489,0.38057253167626387
20_130,0.1,42,83,0.31274803389043004,-0.7084426159884701,0.09361744259290083,5189.601026538835,284.57864372674703,0.7882645501010136,0.38057253167626387
20_130,0.1,42,84,0.30866183332029457,0.5438141398341887,0.0897994867579496,5094.846774333507,197.95391020078196,0.4996717897167775,0.38057253167626387
20_130,0.1,42,85,0.3046391804572615,0.7086327518162624,0.09222449531369799,4802.039592430429,183.45797816703953,0.439867136721259,0.38057253167626387
20_130,0.1,42,86,0.3006790870211401,-0.032027134707030336,0.08346377426526486,5133.976122847963,238.15818651861335,0.6334119784819524,0.38057253167626387
20_130,0.1,42,87,0.29678058010125963,0.6512885335419685,0.089247438432234,4342.723008993626,196.45844247738944,0.463496697783339,0.38057253167626387
20_130,0.1,42,88,0.2929427019174456,-0.5798520624636654,0.0873842604124965,4573.329648343427,281.00586159411836,0.7509097688626696,0.38057253167626387
20_130,0.1,42,89,0.28916450958471324,0.39922013905515563,0.08353396109653348,5068.2021797110365,206.60025232874648,0.5269767834180292,0.38057253167626387
20_130,0.1,42,90,0.28544507488162135,0.9325666523905272,0.0843165713323023,4981.698777664944,164.46412464573532,0.3849193758634072,0.38057253167626387
20_130,0.1,42,91,0.28178348402222775,0.9731117057182346,0.08060730735823711,5015.195592231803,160.43394088127135,0.37306817746654525,0.37306817746654525
20_130,0.1,42,92,0.27817883743159105,0.4565487444275045,0.08115464008321256,4769.798878582191,209.5235809184004,0.5241803463606564,0.37306817746654525
20_130,0.1,42,93,0.27463024952476534,0.9849618424180281,0.08745671351008552,5049.725274771636,161.3977767924096,0.3776705783565319,0.37306817746654525
20_130,0.1,42,94,0.27113684848922975,-0.2923051629139591,0.07263638359606397,4838.0019098120165,255.93824745363946,0.6795366803388794,0.37306817746654525
20_130,0.1,42,95,0.2676977760707032,0.7253732062054596,0.07966368152367875,4487.665181414639,188.8673489245211,0.44457617896811563,0.37306817746654525
20_130,0.1,42,96,0.2643121873622896,0.2976731798028761,0.07840840492648016,4829.806855286006,211.0594084865376,0.5317213154388913,0.37306817746654525
20_130,0.1,42,97,0.2609792505969018,-0.3136788836997495,0.07278992208017998,4255.990696844107,273.20560284738866,0.7120879027431192,0.37306817746654525
20_130,0.1,42,98,0.25769814694291476,0.6407636264794627,0.07741686675065698,5197.903806642616,191.1828915942946,0.48170519727623823,0.37306817746654525
20_130,0.1,42,99,0.25446807030299534,0.39017838173561814,0.07718998196670854,5478.38013746763,199.90481891029532,0.5220235863842773,0.37306817746654525
20_130,0.1,42,100,0.2512882271160621,1.0632958917447608,0.07801461423187261,4733.921726392478,162.83680799527448,0.36927342966121235,0.36927342966121235
20_130,0.1,42,101,0.2481578361623234,-0.13265623730459286,0.08367445775267512,5122.977601530737,246.00264644707022,0.65873224114433,0.36927342966121235
20_130,0.1,42,102,0.2450761283713493,0.8798191642091975,0.08455181705984191,4901.347373536466,170.6480306633948,0.4019004037528954,0.36927342966121235
20_130,0.1,42,103,0.24204234663312607,0.5766276513180725,0.07936619276195396,5413.966619379671,186.12387525042942,0.4740612689886637,0.36927342966121235
20_130,0.1,42,104,0.23905574561205173,0.6483810561136479,0.08157574272751336,5140.708316957437,183.16521711538874,0.4529813593482114,0.36927342966121235
20_130,0.1,42,105,0.23611559156382206,-0.18395397925657148,0.08254053413830849,5017.907754078695,247.55641726574908,0.6594709623466104,0.36927342966121235
20_130,0.1,42,106,0.2332211621551653,0.7976285512949882,0.07894974023549803,5263.124596714123,175.58126620147345,0.43314805698144776,0.36927342966121235
20_130,0.1,42,107,0.23037174628638085,1.017470557954796,0.07888947230862138,5436.373216961584,154.91480530661175,0.3724375553164958,0.36927342966121235
20_130,0.1,42,108,0.2275666439166364,0.44071428706510224,0.07697665584784534,4631.895789370251,207.19025950783274,0.5107811684934647,0.36927342966121235
20_130,0.1,42,109,0.2248051658919834,0.22195376346707602,0.07726389540405834,4150.339192346253,224.04482144481344,0.5461511695228414,0.36927342966121235
20_130,0.1,42,110,0.22208663377604637,0.6001588218859236,0.0745917932632113,4701.604391456226,200.2062132524278,0.4907284763467009,0.36927342966121235
20_130,0.1,42,111,0.21941037968334542,0.7260207806266524,0.08132104936852924,4493.868896693697,190.20843093952467,0.4492409087394408,0.36927342966121235
20_130,0.1,42,112,0.21677574611521144,0.3146833703434615,0.08138380964332995,4435.778176209296,227.54559222619864,0.569518767803745,0.36927342966121235
20_130,0.1,42,113,0.21418208579825188,0.7967479599720305,0.07363139743315086,4822.085013801008,183.09568119342586,0.4395097632537456,0.36927342966121235
20_130,0.1,42,114,0.21162876152533033,0.5034532120835087,0.07281827466886687,4473.907851503211,201.71158821470243,0.48621137230379813,0.36927342966121235
20_130,0.1,42,115,0.20911514599901782,0.3673656585328917,0.07362261657671812,4286.5041611561255,217.60258350859982,0.5306410528992446,0.36927342966121235
20_130,0.1,42,116,0.20664062167747893,1.0017635230316726,0.07754783112447333,4942.762192964142,169.59568256395434,0.40016366469662734,0.36927342966121235
20_130,0.1,42,117,0.20420458062275576,0.9987545492976054,0.06845132031520462,5113.440071678656,160.24484929890647,0.3765301938444298,0.36927342966121235
20_130,0.1,42,118,0.2018064243514096,0.37071221531347287,0.07168296821718273,4789.36110769873,211.32495601929062,0.5309128552625408,0.36927342966121235
20_130,0.1,42,119,0.1994455636874869,0.9422095320011024,0.07117645975304944,4607.622680305489,178.45241129122962,0.4153378767399841,0.36927342966121235
20_130,0.1,42,120,0.19712141861777083,0.44727592623772217,0.0716223069036101,4901.612875358891,207.56626260355796,0.5232271223366733,0.36927342966121235
20_130,0.1,42,121,0.19483341814928484,0.03585189938987354,0.07955843844928105,4812.52158812024,235.52272840625852,0.6113909212564277,0.36927342966121235
20_130,0.1,42,122,0.19258100016901147,0.5599559235369018,0.07584517676256239,4658.301851467582,203.0256392295377,0.49819348664824203,0.36927342966121235
20_130,0.1,42,123,0.19036361130579338,-0.35266718672805036,0.0718075411817023,5041.925220036571,261.618413499086,0.7066778356430515,0.36927342966121235
20_130,0.1,42,124,0.18818070679438154,0.81001746706916,0.07267085065517305,4775.524843987201,178.13602227823026,0.4212768020638788,0.36927342966121235
20_130,0.1,42,125,0.1860317503415984,0.8435619894322609,0.07535761810233647,4754.607187399351,185.25231000368072,0.44379197017440236,0.36927342966121235
20_130,0.1,42,126,0.1839162139945818,0.03229466219362187,0.07576618858709075,4675.510242655615,241.4150508898359,0.625058801984062,0.36927342966121235
20_130,0.1,42,127,0.18183357801107813,0.025169793412351538,0.07531533599723768,4271.312329414515,244.11118338257035,0.617118590607951,0.36927342966121235
20_130,0.1,42,128,0.17978333073175307,0.7804761331811243,0.06971648184155584,4429.692256835862,189.6880304837365,0.44486343423718644,0.36927342966121235
20_130,0.1,42,129,0.17776496845448742,0.21999915620466248,0.06463257733057019,4468.926344377908,228.01089482549816,0.572425535624159,0.36927342966121235
20_130,0.1,42,130,0.17577799531062827,0.8009138347720304,0.0724682543983655,4733.2232431163675,179.45100666912177,0.42383972312517415,0.36927342966121235
20_130,0.1,42,131,0.1738219231431649,0.6197337847199726,0.06776153446768762,4699.99456280858,195.2203176481521,0.47427759278104586,0.36927342966121235
20_130,0.1,42,132,0.17189627138679878,0.5663825652022878,0.06321075962496793,4950.123244544997,188.30762298844135,0.46195825480332414,0.36927342966121235
20_130,0.1,42,133,0.1700005669498786,1.0044729691914007,0.06713288476218791,4856.192629540872,166.21738400085238,0.3854642252346173,0.36927342966121235
20_130,0.1,42,134,0.16813434409817252,0.4341070371225618,0.06266509562136711,4509.0792145894775,209.540208186393,0.5133985653946842,0.36927342966121235
20_130,0.1,42,135,0.16629714434044632,0.7307832535325927,0.06557108830062075,4974.533422948648,182.66915123007556,0.44444444635711156,0.36927342966121235
20_130,0.1,42,136,0.16448851631582245,-0.3965149957264711,0.06858597252921975,4712.223746710058,275.32779589286594,0.7380242034770723,0.36927342966121235
20_130,0.1,42,137,0.16270801568288995,0.6742945931467537,0.06328469631593256,4814.322906281295,190.5710472526366,0.46375167638863624,0.36927342966121235
20_130,0.1,42,138,0.16095520501053945,0.24095003814684823,0.06272359055126811,4600.500792623287,227.82635376280552,0.5772878151386126,0.36927342966121235
20_130,0.1,42,139,0.1592296536704954,0.8021568548883611,0.0697425940485932,4184.390151350073,197.11691585973122,0.4590796174467409,0.36927342966121235
20_130,0.1,42,140,0.15753093773152022,0.3376379247824929,0.06070128547644989,4348.991500284007,225.69885585540086,0.5598431162069742,0.36927342966121235
20_130,0.1,42,141,0.15585863985526294,0.8019852736875608,0.07065189026907691,4795.337142849838,177.94874050466873,0.42148485040927863,0.36927342966121235
20_130,0.1,42,142,0.15421234919372853,0.7152731977538394,0.0689289355572334,4528.38513146102,191.1570476808094,0.45379273952257915,0.36927342966121235
20_130,0.1,42,143,0.152591661288341,0.859675038856315,0.06640271066249066,5238.961923144894,170.7269811641225,0.4161922792469602,0.36927342966121235
20_130,0.1,42,144,0.15099617797057668,0.7970098645531896,0.06796228292500064,5024.703881482001,183.06919860251566,0.44784428710845586,0.36927342966121235
20_130,0.1,42,145,0.14942550726414244,0.7996090220635432,0.07421823369418834,4435.61013658137,189.9162764205643,0.44585943279580253,0.36927342966121235
20_130,0.1,42,146,0.14787926328867598,-0.06080436296915642,0.06952222815455898,4475.255074564052,242.9816848908132,0.6218835582747566,0.36927342966121235
20_130,0.1,42,147,0.1463570661649425,0.8371861849966767,0.07126754460339003,4670.230156157993,189.73907925152562,0.4550287784261555,0.36927342966121235
20_130,0.1,42,148,0.1448585419215072,0.8564145480675827,0.062143853648575775,4577.3582623098455,186.45555619319123,0.4403788305155719,0.36927342966121235
20_130,0.1,42,149,0.14338332240285795,0.5666219836290846,0.07342906195946097,4936.749591457998,199.3293425556424,0.4976204781187029,0.36927342966121235
20_130,0.1,42,150,0.1419310451789575,0.24828971595816957,0.060375529421369145,4562.478824830117,231.50934595353183,0.5878100385429251,0.36927342966121235
20_130,0.1,42,151,0.14050135345620207,0.6839518089509607,0.0625175184759504,4844.024503016773,197.11201824589344,0.4864802295804417,0.36927342966121235
20_130,0.1,42,152,0.13909389598976496,1.2254223192101574,0.06532641918310336,4763.767219547582,155.06549782235763,0.3449768877299282,0.3449768877299282
20_130,0.1,42,153,0.13770832699730284,0.6171331889401217,0.0597093466078229,4276.410197324176,205.1405894254671,0.48927059886886565,0.3449768877299282
20_130,0.1,42,154,0.13634430607400466,0.7939035798488852,0.062029621792163356,4748.997868607064,184.87992431599739,0.4423351439988177,0.3449768877299282
20_130,0.1,42,155,0.13500149810896128,0.7244811664763025,0.06624147468031237,4477.46842403594,197.3802972633428,0.4721264616276777,0.3449768877299282
20_130,0.1,42,156,0.13367957320283602,0.7356550199986636,0.05485993156068512,4456.827448330216,194.68498147141722,0.4624115696756588,0.3449768877299282
20_130,0.1,42,157,0.13237820658681518,0.8142269679119077,0.06527782952683434,4706.481792994769,190.10819249417295,0.4577484528272179,0.3449768877299282
20_130,0.1,42,158,0.13109707854281938,0.04936377073828968,0.062049592162581546,4862.821624316901,243.54446999304471,0.6398415248478951,0.3449768877299282
20_130,0.1,42,159,0.12983587432495577,0.325749752051467,0.06000180503417313,4906.107488839785,211.1057841570705,0.5350450295196008,0.3449768877299282
20_130,0.1,42,160,0.12859428408219134,-0.3370635327711837,0.06226944558484099,4137.376313181806,273.3679042721987,0.7076912078681206,0.3449768877299282
20_130,0.1,42,161,0.1273720027822294,0.8403404839428981,0.0631682562226484,4280.787103343106,194.1380134895935,0.45329734654674303,0.3449768877299282
20_130,0.1,42,162,0.12616873013656954,0.7263843147142159,0.06340714945398666,4632.298842298205,195.4336542924796,0.472164960282485,0.3449768877299282
20_130,0.1,42,163,0.12498417052673307,0.9557155563223194,0.06365147363783955,5071.285095745298,166.9388513676644,0.39677500702331625,0.3449768877299282
20_130,0.1,42,164,0.12381803293163596,0.7357076432916655,0.05822363665501238,4224.534736178243,200.40577123969817,0.4715555567095512,0.3449768877299282
20_130,0.1,42,165,0.12267003085609117,0.8523713759749378,0.06591643336195911,4355.497829994039,189.25672301087263,0.44036235081146036,0.3449768877299282
20_130,0.1,42,166,0.1215398822604227,0.2336404088542406,0.06037112078233063,4742.479446581472,231.06444154963506,0.5938295081760503,0.3449768877299282
20_130,0.1,42,167,0.1204273094911746,0.5420706752476299,0.06314765566581353,4592.89426965882,205.3005776079088,0.5029505130062744,0.3449768877299282
20_130,0.1,42,168,0.11933203921289748,-0.1906483303185591,0.06041546919595046,4611.011450930515,265.2153765750541,0.7005874072549645,0.3449768877299282
20_130,0.1,42,169,0.11825380234099556,0.628073102525136,0.05426721692023023,4693.827649147876,198.33739531059823,0.4842641919011835,0.3449768877299282
20_130,0.1,42,170,0.11719233397561858,0.5865724001940376,0.05660369517059627,4924.716078590387,198.5482652842176,0.49455365319824385,0.3449768877299282
20_130,0.1,42,171,0.11614737333658141,0.6946061932210168,0.059596149869492285,4736.321798360841,197.1941977443887,0.4822737763700705,0.3449768877299282
20_130,0.1,42,172,0.11511866369929591,0.6689184914738866,0.061624866331099606,4561.608112054378,202.6560269159801,0.4929599875211388,0.3449768877299282
20_130,0.1,42,173,0.11410595233169919,0.8078167821315647,0.054084392897287906,4847.320357461424,181.3909705413092,0.4349568434281478,0.3449768877299282
20_130,0.1,42,174,0.11310899043216277,0.7762119010034921,0.05973116235247937,4383.509733279571,193.6093064550406,0.45582949228159453,0.3449768877299282
20_130,0.1,42,175,0.1121275330683672,0.9865629263017663,0.053891572970520385,5039.231120670761,170.28601778536023,0.406441735957026,0.3449768877299282
20_130,0.1,42,176,0.11116133911712744,0.6770471791622548,0.05682785165293884,4446.313404268793,197.55957631167237,0.47142067274190386,0.3449768877299282
20_130,0.1,42,177,0.1102101712051541,0.411326112336048,0.05009089953852641,5222.82088761072,205.0236220124244,0.5282223680198841,0.3449768877299282
20_130,0.1,42,178,0.10927379565073586,1.2355618476712538,0.052619923955270397,4808.473155765102,154.0789930304973,0.3435933043159528,0.3435933043159528
20_130,0.1,42,179,0.10835198240632873,0.8779697678311962,0.05543454606504,4565.1561473103175,187.68532057749624,0.4439127528473958,0.3435933043159528
20_130,0.1,42,180,0.1074445050020384,0.8130164018771321,0.04607878218184239,4656.052293110562,190.8533597607838,0.45810109433591184,0.3435933043159528
20_130,0.1,42,181,0.10655114048998136,-0.12175023143444197,0.0582508542130875,4537.896918947985,260.23806693223133,0.6811927526638053,0.3435933043159528
20_130,0.1,42,182,0.10567166938951125,0.6579863559642248,0.057637168243821126,4750.026390285577,198.7508376418638,0.48795860581413864,0.3435933043159528
20_130,0.1,42,183,0.10480587563329734,0.18150468823359595,0.057735838339819934,4625.678746269182,233.34807287952353,0.5964790227467958,0.3435933043159528
20_130,0.1,42,184,0.10395354651424124,0.8870809245823429,0.04990046742963482,4964.949430328019,181.69610205242648,0.4408486000232455,0.3435933043159528
20_130,0.1,42,185,0.10311447263321932,1.1270473873692808,0.05125767587222931,4427.035894731949,169.4850629555107,0.3783647765343032,0.3435933043159528
20_130,0.1,42,186,0.10228844784763778,0.7108264837191474,0.05396802539935654,5168.281400813274,194.14875437343417,0.49022000244683656,0.3435933043159528
20_130,0.1,42,187,0.10147526922078795,0.8471097309454269,0.05395984174213917,4729.307273574986,186.68526224780237,0.44744919064026667,0.3435933043159528
20_130,0.1,42,188,0.10067473697198882,0.7051878537697895,0.047967500048030236,4865.08569159516,192.29593895242965,0.47152965993417595,0.3435933043159528
20_130,0.1,42,189,0.09988665442750533,0.6634983627563308,0.05195901726859398,4539.344051968488,196.96944342980174,0.4733481365836446,0.3435933043159528
20_130,0.1,42,190,0.09911082797222981,0.8936317468512922,0.05262879752302364,4809.548618234343,178.5618101624664,0.4240901152352288,0.3435933043159528
20_130,0.1,42,191,0.09834706700211487,0.6827287515634886,0.04385297183538076,4750.1665518450445,193.06274912962124,0.4692730069143226,0.3435933043159528
20_130,0.1,42,192,0.09759518387734595,0.8067853133517244,0.05040075174906561,5015.467039850773,181.30094464568475,0.4416497755581728,0.3435933043159528
20_130,0.1,42,193,0.09685499387624241,0.622287454152618,0.05247302012391049,4910.81832663012,200.68504723855554,0.500997616981326,0.3435933043159528
20_130,0.1,42,194,0.09612631514987509,0.6790612860756317,0.04648759325164605,4962.331273028392,192.4536801048274,0.4760898732862869,0.3435933043159528
20_130,0.1,42,195,0.09540896867739013,0.7304660575731458,0.045081876580131276,4512.28528158751,197.76963668742866,0.4748529661261941,0.3435933043159528
20_130,0.1,42,196,0.0947027782220271,0.906912512517745,0.045830025194423106,4798.105461736877,182.06526230785977,0.4351270666757586,0.3435933043159528
20_130,0.1,42,197,0.09400757028782174,1.0604795253464239,0.047938310136388676,4879.77546208611,165.74944792455838,0.3849067420400174,0.3435933043159528
20_130,0.1,42,198,0.09332317407698135,0.4449136568273727,0.05069606065895447,4538.429613751602,215.89186315482038,0.535490416961988,0.3435933043159528
20_130,0.1,42,199,0.09264942144792357,0.706336618062852,0.04745830647038637,4813.106292915839,196.81340466554747,0.484213897432339,0.3435933043159528
20_130,0.1,42,200,0.09198614687396757,0.7821236684989481,0.04808733249246433,4515.167595850842,192.0724825411907,0.4562515504077306,0.3435933043159528
20_130,0.1,42,201,0.0913331874026676,0.37268018595997554,0.0444698641340313,4674.587136515624,220.4105016234003,0.555998135328188,0.3435933043159528
20_130,0.1,42,202,0.09069038261577916,0.72149315941565,0.04756967255276959,4717.795069174678,191.28146250289893,0.4620741127434901,0.3435933043159528
20_130,0.1,42,203,0.09005757458984752,0.768918348768758,0.04694179559544228,4894.607755349965,187.26744649197158,0.45623275047014816,0.3435933043159528
20_130,0.1,42,204,0.08943460785740934,0.871998733831503,0.04360529743913232,4904.200487810179,182.53614065182472,0.4410840827758905,0.3435933043159528
20_130,0.1,42,205,0.08882132936879764,0.9582313201612132,0.0453692636444447,5070.415038338998,172.92124205332968,0.41639736476489153,0.3435933043159528
20_130,0.1,42,206,0.08821758845454078,0.6999988187135715,0.043671665035310815,4761.009897533102,197.530645874923,0.48440549012680195,0.3435933043159528
20_130,0.1,42,207,0.08762323678834613,0.7168513455681157,0.04215693300788832,4709.2997339481335,198.15026953272667,0.4842923584131659,0.3435933043159528
20_130,0.1,42,208,0.08703812835065944,0.8061766236466796,0.04356297185968061,4576.566712142799,191.648731521369,0.4574110388935249,0.3435933043159528
20_130,0.1,42,209,0.08646211939279098,0.9885811218403691,0.037791206298116914,4848.6619147726515,173.0127837689734,0.40748134291653115,0.3435933043159528
20_130,0.1,42,210,0.08589506840159955,0.6163794037363953,0.03975969279077017,4437.113697913631,202.25708902487133,0.4864746295853817,0.3435933043159528
20_130,0.1,42,211,0.08533683606472567,0.5662887787557012,0.04236192290775654,4579.049432329129,205.56165797596844,0.5032330001162695,0.3435933043159528
20_130,0.1,42,212,0.08478728523636561,0.5508369684902759,0.04440057723091073,4753.9144334136545,208.84672845828743,0.5212959526826259,0.3435933043159528
20_130,0.1,42,213,0.08424628090357741,0.8812647324622065,0.04382054138649453,4614.659322721599,184.0696682698173,0.4340890116896432,0.3435933043159528
20_130,0.1,42,214,0.08371369015311121,0.6344773144645603,0.040563132722019286,4644.209554040117,199.08678629042853,0.4846644376176261,0.3435933043159528
20_130,0.1,42,215,0.08318938213875532,-0.025491934030593244,0.043332919413774006,4506.271316775662,257.7882962506451,0.6718281783128431,0.3435933043159528
20_130,0.1,42,216,0.08267322804918986,0.9640383428958251,0.038492177291970596,4535.498301204055,182.81448198315272,0.42667418050981,0.3435933043159528
20_130,0.1,42,217,0.08216510107634088,0.6559844461001159,0.046089295702516235,4538.910470296703,205.4838745082458,0.5013090832801659,0.3435933043159528
20_130,0.1,42,218,0.08166487638422609,-0.20276213517620278,0.03972266017175531,4236.033692882106,269.68037662746065,0.6996743000278169,0.3435933043159528
20_130,0.1,42,219,0.08117243107828538,0.6567754941360071,0.037650817419102554,4558.957487110741,200.13370954488286,0.48456132127119306,0.3435933043159528
20_130,0.1,42,220,0.08068764417518824,-0.11052024556442552,0.040875236174350384,4603.002615405876,258.3333656061056,0.6776398016508467,0.3435933043159528
20_130,0.1,42,221,0.08021039657311081,-0.032100924832368816,0.042412091602282834,4550.183408680133,253.55134562982036,0.659730426013287,0.3435933043159528
20_130,0.1,42,222,0.07974057102247495,-1995.2136072124592,0.04098142936947682,154123.475009828,150111.39568532168,499.3190284264914,0.3435933043159528
20_130,0.1,42,223,0.0792780520971426,0.6286909808701742,0.03520926447674172,4441.211622684063,203.12493013009188,0.48949673530193694,0.3435933043159528
20_130,0.1,42,224,0.07882272616605801,0.47899470184032267,0.03622767855471257,4693.029632930856,214.34127623163243,0.5368208050593999,0.3435933043159528
20_130,0.1,42,225,0.0783744813653311,0.8173098321552381,0.0499615873791514,4615.194029890225,186.85265466908714,0.44325630819495676,0.3435933043159528
20_130,0.1,42,226,0.07793320757075473,0.5914716087181191,0.038876880221932274,4308.304936432391,208.36795257907124,0.5012015783399507,0.3435933043159528
20_130,0.1,42,227,0.07749879637074959,0.6425804551464274,0.04054143334121825,4820.431330781274,200.12555448907705,0.4954022888107958,0.3435933043159528
20_130,0.1,42,228,0.07707114103972987,0.7632210824393046,0.03880229167856661,4819.650390293395,186.35337423629696,0.450113560559005,0.3435933043159528
20_130,0.1,42,229,0.0766501365118829,0.49103233445677635,0.039983037901788095,4467.491043849123,211.29174627597607,0.5174256826195721,0.3435933043159528
20_130,0.1,42,230,0.07623567935535681,-0.12014809436020224,0.040165381955067796,4340.713196034986,263.49275356382344,0.6836922183952454,0.3435933043159528
20_130,0.1,42,231,0.07582766774684957,0.3602765618306729,0.036939699750304665,4688.250395311853,219.74710203123345,0.5543860543475265,0.3435933043159528
20_130,0.1,42,232,0.07542600144659303,-0.13402599125200654,0.03800376980016838,4507.79644378272,263.0134297905216,0.6890616926181965,0.3435933043159528
20_130,0.1,42,233,0.07503058177372629,-0.07080430395926185,0.03961524886775283,4442.686391621164,258.60109346770736,0.6718562707950103,0.3435933043159528
20_130,0.1,42,234,0.0746413115820518,0.04707522378963025,0.039100799060939995,4739.7883528171915,246.396770224208,0.644100674572073,0.3435933043159528
20_130,0.1,42,235,0.07425809523616868,0.4944111584094449,0.035201786295727386,4427.113856275347,214.39726660293988,0.5259524052028336,0.3435933043159528
20_130,0.1,42,236,0.0738808385879771,0.048442792544574065,0.04267173442071947,4612.447249166436,243.25131610321645,0.628471769396324,0.3435933043159528
20_130,0.1,42,237,0.0735094489535481,0.21322288988683752,0.035444086220540016,4384.19143555122,241.5992804819598,0.613555965839979,0.3435933043159528
20_130,0.1,42,238,0.07314383509035316,0.31895415010670364,0.04577657273488078,4510.402864688195,227.46144891880706,0.5723439300057916,0.3435933043159528
20_130,0.1,42,239,0.07278390717484776,-0.18571815260262992,0.04064346775268798,4570.917583993627,262.89155312300824,0.6912847329558522,0.3435933043159528
20_130,0.1,42,240,0.07242957678040378,-0.0074641341924327476,0.035909586593499965,4443.458853571446,254.38110643802972,0.658021228353303,0.3435933043159528
20_130,0.1,42,241,0.07208075685558483,-0.01742141882422754,0.035989055544751,4359.466216510193,256.3227447525845,0.6609105495112517,0.3435933043159528
20_130,0.1,42,242,0.0717373617027597,0.38073167946480624,0.04165138694422395,4728.4134163025365,219.25842564581396,0.554449547666266,0.3435933043159528
20_130,0.1,42,243,0.07139930695704806,0.6894662619880633,0.03410191427573964,4679.747624098132,201.52694976185364,0.4941600578796076,0.3435933043159528
20_130,0.1,42,244,0.0710665095655941,0.5621784529272722,0.03605951989302096,4459.094354014519,211.1605740477371,0.5166456465084417,0.3435933043159528
20_130,0.1,42,245,0.07073888776716195,0.9417214718147382,0.03217611951194084,4390.005722975416,182.73122041690644,0.42035339828008167,0.3435933043159528
20_130,0.1,42,246,0.07041636107204882,0.7139695138088679,0.03639874139466174,4475.602259310293,203.59691477127254,0.4924771020672636,0.3435933043159528
20_130,0.1,42,247,0.07009885024231037,0.7994234269695526,0.03565551965544814,4524.782033714417,194.3390779015921,0.4640993380628067,0.3435933043159528
20_130,0.1,42,248,0.0697862772722936,0.20517444056445183,0.035283076168960384,4296.115367787531,242.3802656954741,0.6124615846640818,0.3435933043159528
20_130,0.1,42,249,0.0694785653694726,0.05475980905668154,0.03817373716716089,4390.032042746446,251.3184906047484,0.645736671112453,0.3435933043159528
20_130,0.1,42,250,0.06917563893558212,0.7826723047463734,0.03971682363619733,4193.116994291368,194.36127382162616,0.4503871186186014,0.3435933043159528
20_130,0.1,42,251,0.06887742354804487,1.0591861232040052,0.036662873481693434,4589.721181368623,173.63352687823038,0.3987586640041936,0.3435933043159528
20_130,0.1,42,252,0.06858384594168729,0.22172380014388549,0.03319656416057893,4135.908634552676,243.0867068709488,0.6081242447692234,0.3435933043159528
20_130,0.1,42,253,0.06829483399074003,0.17018845095517388,0.03803647709741842,4309.059064518612,244.84781090694483,0.6211080820664013,0.3435933043159528
20_130,0.1,42,254,0.06801031669111803,0.7073015333154211,0.04482096041863941,4425.781231839505,203.66491258997038,0.49062981147633955,0.3435933043159528
20_130,0.1,42,255,0.06773022414297643,0.17143172113640998,0.04193354858860869,4355.673044974333,242.64205452304986,0.6157972645210923,0.3435933043159528
20_130,0.1,42,256,0.06745448753353762,0.7209953539362879,0.03789164074676319,4426.489653313672,197.27558025999002,0.46966349917826566,0.3435933043159528
20_130,0.1,42,257,0.06718303912018544,0.34040463366646834,0.04201968524489785,4382.370010118731,232.73572148337422,0.5843540363885777,0.3435933043159528
20_130,0.1,42,258,0.0669158122138222,0.6850593643842571,0.035537861875971535,4439.470857122444,203.02327986663454,0.48909035370913057,0.3435933043159528
20_130,0.1,42,259,0.06665274116248465,0.7477314643378735,0.03438812578086702,4396.142050683131,195.36453481896206,0.4621223287207264,0.3435933043159528
20_130,0.1,42,260,0.06639376133521471,0.18458220411007048,0.03094831589895413,4346.336982134669,243.1595181109208,0.6171096437776772,0.3435933043159528
20_130,0.1,42,261,0.06613880910618089,0.2011163400674132,0.03595541395191994,4335.042649338918,243.17044239592806,0.6166761097883415,0.3435933043159528
20_130,0.1,42,262,0.06588782183904693,0.12498208407089406,0.0384339654598982,4277.171202871504,248.64474288181125,0.6322596737874713,0.3435933043159528
20_130,0.1,42,263,0.06564073787158327,0.8839285742689516,0.03905330814213609,4483.141158523144,178.6590995475546,0.41084318110808676,0.3435933043159528
20_130,0.1,42,264,0.06539749650051803,0.35412610850276904,0.03548982543303665,4331.018712506353,228.65910325884906,0.5688236676795025,0.3435933043159528
20_130,0.1,42,265,0.06515803796662348,0.2885354098359514,0.033828360723069405,4133.156726757216,237.97770044875176,0.5912213423462069,0.3435933043159528
20_130,0.1,42,266,0.06492230344003448,0.8853584004631058,0.029274922571132556,4403.5404508967,185.5308144240177,0.43011559468941835,0.3435933043159528
20_130,0.1,42,267,0.06469023500579518,0.9287488891895297,0.03987810128337518,4364.539520366304,182.7577945191683,0.41938225822209807,0.3435933043159528
20_130,0.1,42,268,0.06446177564963067,0.28151915712532893,0.038908754831448435,4215.1273425558165,236.23529722747423,0.5889026782511353,0.3435933043159528
20_130,0.1,42,269,0.06423686924393959,0.2979504162941785,0.03260186962520482,3949.0685066845076,234.57298405370068,0.5723818764459359,0.3435933043159528
20_130,0.1,42,270,0.064015460534005,0.6625833069495123,0.034182256728397406,4316.583313197195,207.98303620976273,0.5002807966392453,0.3435933043159528
20_130,0.1,42,271,0.0637974951244193,0.2987550697756163,0.032797658684335186,4288.4936564200625,236.0875183266553,0.5914664273612907,0.3435933043159528
20_130,0.1,42,272,0.06358291946572056,0.926408727149119,0.03322586971926671,4510.398155052697,182.77555462245857,0.42550301301791504,0.3435933043159528
20_130,0.1,42,273,0.06337168084123639,0.09423200185921798,0.033623975058901405,4085.8071853546066,249.08117201605708,0.6257400514832474,0.3435933043159528
20_130,0.1,42,274,0.06316372735413278,-1995.0466660470586,0.037690834281763855,153937.079828404,150108.91697547914,499.3031359922841,0.3435933043159528
20_130,0.1,42,275,0.06295900791466405,0.10848120595284227,0.03896482493442904,4023.82939602107,252.64543994030953,0.6348764517585427,0.3435933043159528
20_130,0.1,42,276,0.06275747222762111,0.5609440121484278,0.03656006716445655,4165.026997081974,213.49152277931623,0.5120828281317242,0.3435933043159528
20_130,0.1,42,277,0.06255907077997513,0.11413960903430409,0.0334143590530613,4195.356174399338,251.9195226717665,0.6396202925466188,0.3435933043159528
20_130,0.1,42,278,0.062363754828713217,0.27320619986044303,0.03294062717123068,3995.8951517745377,239.71260534159052,0.5912172812037204,0.3435933043159528
20_130,0.1,42,279,0.06217147638886324,0.8193596229258664,0.042758068610706,4232.383488551556,197.19022575227024,0.4613152890737282,0.3435933043159528
20_130,0.1,42,280,0.06198218822170495,0.6675463785108319,0.02751256486460401,4350.352554875538,206.4262303866367,0.49656860017748683,0.3435933043159528
20_130,0.1,42,281,0.06179584382316449,1.032747664768265,0.03195618031807508,4377.027650217885,176.596026766186,0.3996533435481935,0.3435933043159528
20_130,0.1,42,282,0.06161239741238927,0.16097819785414003,0.03504131302103507,4229.336484976182,244.3658093626261,0.6162106453416598,0.3435933043159528
20_130,0.1,42,283,0.06143180392050065,-1995.1927039015961,0.03604835057277642,154009.35104337765,150114.3354999359,499.32394545591853,0.3435933043159528
20_130,0.1,42,284,0.06125401897952138,1.4157505887656274,0.03182171490955278,4515.100134242935,147.80683290139086,0.3107889761852165,0.3107889761852165
20_130,0.1,42,285,0.06107899891147547,-1995.0926893933859,0.0342914205251414,154021.8727701994,150109.18089613767,499.30752754315165,0.3107889761852165
20_130,0.1,42,286,0.060906700717657275,0.7209971315834999,0.03404331948075171,4214.712565528615,199.3822127402899,0.4677838339872419,0.3107889761852165
20_130,0.1,42,287,0.060737082068067785,0.5833040525959386,0.03570768759025446,4316.239134592101,211.56260412598283,0.5120291816562101,0.3107889761852165
20_130,0.1,42,288,0.06057010129101494,0.19914328364026013,0.04488336864083505,4199.427682525304,238.280061946516,0.5949693738951297,0.3107889761852165
20_130,0.1,42,289,0.06040571736287584,1.2403500864246428,0.04178925759351696,4552.872734502736,159.4384897923067,0.35058130956267053,0.3107889761852165
20_130,0.1,42,290,0.06024388989801807,0.6974268619640844,0.030187120005512897,4298.435778222728,203.416292359775,0.4845199078856023,0.3107889761852165
20_130,0.1,42,291,0.06008457913887785,0.21218681859087873,0.036422591306706886,4244.676526477512,240.8236568526297,0.6052084901574751,0.3107889761852165
20_130,0.1,42,292,0.05992774594619241,1.0586698226450943,0.039852011858700756,4585.183832699208,170.9913579908679,0.38988773914392116,0.3107889761852165
20_130,0.1,42,293,0.05977335178938433,0.1349173879733666,0.0322306115224469,4371.267128296557,243.04910122108788,0.617782990668996,0.3107889761852165
20_130,0.1,42,294,0.059621358737095426,0.28276970969193294,0.04011083430463924,4314.8551624470765,235.83557328316093,0.5917341959536402,0.3107889761852165
20_130,0.1,42,295,0.05947172944786773,1.0008980683702413,0.04194691696254811,4380.129241994482,179.0539800852526,0.40785924914120597,0.3107889761852165
20_130,0.1,42,296,0.059324427160969605,0.34787895880704556,0.036558042302185824,4266.150066497098,230.21135892653248,0.5712283122462906,0.3107889761852165
20_130,0.1,42,297,0.05917941568736433,0.0799327351338407,0.04151942930443156,4114.441313354678,253.7847047576541,0.6423862967360203,0.3107889761852165
20_130,0.1,42,298,0.05903665940081926,0.8064469697178369,0.04185880031457496,4362.03632271497,196.61530320526566,0.4648148809471641,0.3107889761852165
20_130,0.1,42,299,0.058896123229153184,-1995.05845767686,0.0432693858118821,153984.31118041748,150103.97809519392,499.28886961402014,0.3107889761852165
20_130,0.1,42,300,0.05875777264561992,0.7502648884769779,0.04563976851208263,4199.572768761552,201.08163217128907,0.47273897268595033,0.3107889761852165
20_130,0.1,42,301,0.05862157366042571,1.0144711008608476,0.03218199040872559,4311.814449008832,179.42450591261786,0.40623741958998294,0.3107889761852165
20_130,0.1,42,302,0.058487492812378764,0.9969143021488046,0.04752867610137443,4393.839938613496,176.28395080599506,0.3993266192679936,0.3107889761852165
20_130,0.1,42,303,0.05835549716066848,0.1397135730141375,0.03283621011398744,4053.508817960227,247.53804424612431,0.6193268015516604,0.3107889761852165
20_130,0.1,42,304,0.05822555427677263,1.005928597443031,0.03841561758654002,3998.826198618483,183.55935110956582,0.4068159025872942,0.3107889761852165
20_130,0.1,42,305,0.05809763223649032,0.8183220294396527,0.035312314783619236,4051.6191953565262,191.43032422924963,0.43487468744528157,0.3107889761852165
20_130,0.1,42,306,0.057971699612098956,1.0221949415843805,0.04280731576525896,4252.217324792709,179.01249459241563,0.4024064594090997,0.3107889761852165
20_130,0.1,42,307,0.05784772546463305,1.1265585324669884,0.034802822360580195,4271.437904046128,161.03056637166628,0.3441155616884477,0.3107889761852165
20_130,0.1,42,308,0.05772567933628324,-0.49576180553590654,0.042240311762680186,3986.400906535902,301.18261629668194,0.7928170747606,0.3107889761852165
20_130,0.1,42,309,0.05760553124291343,0.9814998737848915,0.03039048749156901,4316.328303408258,179.01249459241563,0.40507113544988105,0.3107889761852165
20_130,0.1,42,310,0.05748725166669427,0.9707612114791321,0.03594323617694311,4750.075123525846,164.03804543151782,0.3738921646626845,0.3107889761852165
20_130,0.1,42,311,0.05737081154885137,1.0838420232163555,0.029193476062388247,4439.37532272166,172.1377934007193,0.387594689001106,0.3107889761852165
20_130,0.1,42,312,0.057256182282526054,0.9858019932663504,0.030084423689903172,4254.157295668452,180.36553463158,0.40693326791717865,0.3107889761852165
20_130,0.1,42,313,0.057143335705747374,1.3319023370427696,0.04197906996300153,4818.0040774827785,144.35747096928804,0.3120438962587881,0.3107889761852165
20_130,0.1,42,314,0.05703224409451321,0.8753785402251757,0.04039826478217172,4237.732732074537,187.77212298419127,0.4305891311774723,0.3107889761852165
20_130,0.1,42,315,0.056922880155979176,0.15439489507007514,0.04466086494712128,4227.903831580267,246.27593643283896,0.6224278996091046,0.3107889761852165
20_130,0.1,42,316,0.05681521702175326,0.8493174950536553,0.04056818026838991,4177.615159451132,190.4739091909268,0.4369686781846381,0.3107889761852165
20_130,0.1,42,317,0.05670922824129488,0.9927213453472775,0.05006032436916402,4423.852508471989,178.77958428556877,0.4087748584683754,0.3107889761852165
20_130,0.1,42,318,0.05660488777541653,0.7935250180597118,0.043427453396639094,4229.139224762228,193.44516637614447,0.44887394029026684,0.3107889761852165
20_130,0.1,42,319,0.056502169989886525,0.8094742784838564,0.03546335250325579,4291.901123918217,191.89874715165837,0.4464009108985164,0.3107889761852165
20_130,0.1,42,320,0.056401049649131195,0.7395086129748962,0.029959789538332116,4312.896344517629,196.27553861093457,0.46165596363939276,0.3107889761852165
20_130,0.3,42,1,1.0,-1.3477055089051386,0.26383395993004377,5708.642861595955,185.64201172396952,0.7871177913676988,0.7871177913676988
20_130,0.3,42,2,0.9852258055592246,-1.872214512147894,0.2634042287514656,5912.21492411219,226.57433808666084,0.9171172644006098,0.7871177913676988
20_130,0.3,42,3,0.9706813761935793,-1.330629453365067,0.25439496687983765,4798.505311991086,236.97796676767442,0.8048381714220748,0.7871177913676988
20_130,0.3,42,4,0.9563631386463322,-2.1063004075917076,0.23263649198442096,5468.555742700035,273.83121360061074,0.9825776271504522,0.7871177913676988
20_130,0.3,42,5,0.9422675752312664,-1.640282657206345,0.23832051238116897,4892.563225195298,268.8772659329332,0.8980954117763337,0.7871177913676988
20_130,0.3,42,6,0.9283912229684601,-1.0323312011934598,0.22711692241560524,5116.054010308994,195.6244029376924,0.7387408811064458,0.7387408811064458
20_130,0.3,42,7,0.9147306727335057,-1.0570645848435385,0.20459383417544852,5423.822706666458,187.1385270096617,0.7554282674230058,0.7387408811064458
20_130,0.3,42,8,0.9012825684199611,-0.6431832629060388,0.194422164384912,5133.09817994319,161.3623973054238,0.6532983409790349,0.6532983409790349
20_130,0.3,42,9,0.888043606114825,-1.0410602880024826,0.1869168985580843,5443.786042770324,178.27666115490513,0.7352681023036509,0.6532983409790349
20_130,0.3,42,10,0.8750105332868364,-1.7982417219785545,0.19071365510345006,5092.57712043468,262.26905284653793,0.9061457840299921,0.6532983409790349
20_130,0.3,42,11,0.8621801479873967,-1.7781832077050672,0.18021896820389957,5665.700789825436,234.5222408885545,0.9066927716232365,0.6532983409790349
20_130,0.3,42,12,0.8495492980639193,-0.6292668217553283,0.17976077345451497,4422.615274169464,199.1863226121196,0.6613793317014584,0.6532983409790349
20_130,0.3,42,13,0.837114880385412,-1.7812882016512013,0.17685719616059795,5854.59286683358,225.01257180029728,0.9059407372814872,0.6532983409790349
20_130,0.3,42,14,0.8248738400801048,-1.7090067018403736,0.1711771187374639,5702.929749911024,226.55832209783532,0.8909804633388813,0.6532983409790349
20_130,0.3,42,15,0.8128231697849323,-0.8698747690906933,0.1682614603365499,4652.838934968298,207.62053771663463,0.7116424296464107,0.6532983409790349
20_130,0.3,42,16,0.8009599089066888,-1.7395673171740125,0.16528524536417358,5695.652559384414,223.21878638503125,0.8815377888894627,0.6532983409790349
20_130,0.3,42,17,0.7892811428946735,-1.2386009045117714,0.14960132690622005,5467.565208744744,195.06061146453834,0.7811300241077408,0.6532983409790349
20_130,0.3,42,18,0.7777840025246476,-1.7632816808923995,0.15823451771658598,5197.290318255927,258.31857217432815,0.9091057737584534,0.6532983409790349
20_130,0.3,42,19,0.7664656631939266,-1.7177669729459975,0.16160400841936942,5138.1821660140995,258.6476402422017,0.9025765917213479,0.6532983409790349
20_130,0.3,42,20,0.7553233442274359,-2.373104271444666,0.15219599831528785,5764.327456674984,275.35253024834367,1.0233457648308635,0.6532983409790349
20_130,0.3,42,21,0.7443543081945577,-2.093742082051217,0.18147412387744863,5424.2871491253145,285.3116063067837,1.0063996619269457,0.6532983409790349
20_130,0.3,42,22,0.7335558602366034,-1.0209548076526072,0.169764352720422,4765.204143918501,207.40476916695673,0.7251018332262831,0.6532983409790349
20_130,0.3,42,23,0.7229253474047432,-1.2007203460375728,0.16045816924951356,4485.239819420894,250.7174540304957,0.8008927127720195,0.6532983409790349
20_130,0.3,42,24,0.7124601580082336,-1.1006087077223812,0.17255766930387845,5200.043416394971,206.78990568784926,0.7777506617790801,0.6532983409790349
20_130,0.3,42,25,0.7021577209727804,-1.4588167766861118,0.1489520887567311,5803.463246895899,196.29485809825118,0.8261678305351643,0.6532983409790349
20_130,0.3,42,26,0.6920155052088806,-1.1605364772259772,0.14963853578929093,5003.359325739772,204.88754253640724,0.7483639172862923,0.6532983409790349
20_130,0.3,42,27,0.6820310189899872,-2.289703407559946,0.15539934662857327,6179.534017658947,245.53187576657953,0.9989016094657441,0.6532983409790349
20_130,0.3,42,28,0.6722018093403456,-1.1994844127674844,0.14786149483741773,4814.382311437285,233.46082719531063,0.7978286789494469,0.6532983409790349
20_130,0.3,42,29,0.6625254614323491,-0.9211991344280422,0.14446937807976887,4620.914119316654,209.99328635974484,0.7137260462332732,0.6532983409790349
20_130,0.3,42,30,0.6529995979932678,-1.4572166748632636,0.14207018806754196,4873.504424414802,240.65096658726725,0.8235774010390482,0.6532983409790349
20_130,0.3,42,31,0.6436218787212026,-1.4736845710180417,0.14083408708441972,5009.4212707952265,235.53125267916695,0.8274398296231973,0.6532983409790349
20_130,0.3,42,32,0.634389999710123,-1.2007366904779815,0.14596138242508633,5077.753385023068,210.81145095675416,0.77278063726596,0.6532983409790349
20_130,0.3,42,33,0.6253016928838472,-1.8619880410018694,0.130927062659754,5073.9327476640565,285.4564018061558,0.963083878937336,0.6532983409790349
20_130,0.3,42,34,0.6163547254388225,-1.615639650318066,0.12900758981384328,5761.634926733456,208.86292575126888,0.8530740539936579,0.6532983409790349
20_130,0.3,42,35,0.607546899295575,-1.9580715117640084,0.12827950862017012,4999.4111431713745,299.5180943100396,0.9897310092541334,0.6532983409790349
20_130,0.3,42,36,0.5988760505586863,-0.950269207085285,0.13202206625381263,4947.663764909878,203.52982522437415,0.7379491199531394,0.6532983409790349
20_130,0.3,42,37,0.5903400489851716,-1.743352304048281,0.13243790840420663,5976.130071216996,208.90653225368771,0.8799310053049996,0.6532983409790349
20_130,0.3,42,38,0.581936797461124,-0.8842549208264568,0.12272004313573359,5223.3158441537,174.122874060042,0.697161204954089,0.6532983409790349
20_130,0.3,42,39,0.5736642314864987,-2.1271316169975236,0.13475259796216668,5463.8011577991365,273.8184273122332,0.9819520961685728,0.6532983409790349
20_130,0.3,42,40,0.5655203186679085,-1.9659411683823493,0.12734840732649494,5117.778038139034,285.99289801910663,0.969922160782456,0.6532983409790349
20_130,0.3,42,41,0.5575030582193081,-1.0154066835699278,0.13881480006826583,4883.750536839474,202.0219630130032,0.7261259133167244,0.6532983409790349
20_130,0.3,42,42,0.5496104804704447,-2.0279746703994217,0.1414096091791693,5483.24834334061,265.67444334806095,0.9635623544685423,0.6532983409790349
20_130,0.3,42,43,0.5418406463829504,-1.5876061779991193,0.14053239099309428,4803.856647164456,259.99849935584695,0.8643419485401839,0.6532983409790349
20_130,0.3,42,44,0.5341916470739625,-1.1918495852833417,0.15100036808958786,5075.472572947135,208.85651810801778,0.7674997700582091,0.6532983409790349
20_130,0.3,42,45,0.5266616033471518,-1.1018429988121456,0.13301947027024102,5058.21924630424,206.75839457500808,0.7599860022282889,0.6532983409790349
20_130,0.3,42,46,0.519248665231044,-1.2126647012824945,0.12622029058433926,5392.857973127385,202.43548489462836,0.7906636500680984,0.6532983409790349
20_130,0.3,42,47,0.5119510115245198,-0.5016750707087221,0.13577606093009859,4903.672515731732,153.51416003957203,0.6046324040408169,0.6046324040408169
20_130,0.3,42,48,0.504766849349387,-1.921946500510071,0.12232671909515966,4884.145399452403,294.5851708359777,0.9627507665416591,0.6046324040408169
20_130,0.3,42,49,0.49769441370990625,-1.8149401524596294,0.12770526713450892,4818.691258590164,289.1028779136793,0.9405774623573315,0.6046324040408169
20_130,0.3,42,50,0.4907319670591703,-1.4608641666210722,0.1278017783941475,5062.433556272444,241.53809279712644,0.8494024052916317,0.6046324040408169
20_130,0.3,42,51,0.4838777988722253,-1.588106501916514,0.12795923871542714,4790.414318999095,255.56940557420756,0.8513458173983204,0.6046324040408169
20_130,0.3,42,52,0.47713022522583176,-0.8899208456930128,0.1229838217963608,4743.39465225296,203.07334749024628,0.7113120296050713,0.6046324040408169
20_130,0.3,42,53,0.47048758838475946,-1.0403808091983304,0.12308192551949419,5075.282706841198,190.97815204562554,0.7217820709864513,0.6046324040408169
20_130,0.3,42,54,0.4639482563945182,-1.5748266050085076,0.12017435859087286,4816.513810367251,260.41154244080735,0.8669758431713188,0.6046324040408169
20_130,0.3,42,55,0.4575106226804207,-1.0582232213516836,0.11867804134366286,4799.4824512760115,219.58844995673863,0.7605154012975168,0.6046324040408169
20_130,0.3,42,56,0.45117310565288166,-1.873317788738181,0.13592172648594927,5144.414152628941,276.14618270207745,0.94807692193202,0.6046324040408169
20_130,0.3,42,57,0.44493414831885486,-1.4141263145545129,0.11471403503952424,4339.688648136679,276.94799307477143,0.8497846089416585,0.6046324040408169
20_130,0.3,42,58,0.438792217899313,-1.0424941837790709,0.12201247062319569,4988.5701050452635,210.1042463401495,0.7598528388740606,0.6046324040408169
20_130,0.3,42,59,0.43274580545267627,-1.299302269042233,0.12665191148547955,5626.828157745668,190.52496864312397,0.7893962743312652,0.6046324040408169
20_130,0.3,42,60,0.4267934255040983,-0.7022503284841024,0.11255022903963394,4839.628698277806,183.04665591389812,0.672126723535167,0.6046324040408169
20_130,0.3,42,61,0.42093361568051574,-0.9981753808236626,0.13213385322567364,5028.803210612935,189.42545232356474,0.7120180876301581,0.6046324040408169
20_130,0.3,42,62,0.4151649363513749,-1.0954099463075067,0.12857943739670463,4928.904013615877,210.8666340390948,0.7543615774859675,0.6046324040408169
20_130,0.3,42,63,0.40948597027494477,-1.4269778435230565,0.1219553319319501,5134.447648965001,243.29164458592766,0.862863652799956,0.6046324040408169
20_130,0.3,42,64,0.4038953222501312,-1.2119832840791012,0.13052437603495654,4518.159169689039,252.11331133698607,0.8085650129389672,0.6046324040408169
20_130,0.3,42,65,0.3983916187737056,-1.3862507403411863,0.12657006058124587,5091.6785797100365,232.33297333929474,0.8295222810448926,0.6046324040408169
20_130,0.3,42,66,0.3929735077028642,-1.1808000981328042,0.11857894576817377,4526.743704994715,241.57745964598453,0.7827076002907768,0.6046324040408169
20_130,0.3,42,67,0.38763965792303584,-0.48853256748505225,0.11358450519681525,4384.050647654976,192.02555459467695,0.6382690004571216,0.6046324040408169
20_130,0.3,42,68,0.38238875902085495,-1.5551466928051072,0.11910531100191324,5184.596102400425,241.9592909601414,0.8657114206760242,0.6046324040408169
20_130,0.3,42,69,0.37721952096222106,-1.7261944861253866,0.11842918960202338,4730.20248477838,285.0392069868489,0.9191577124404375,0.6046324040408169
20_130,0.3,42,70,0.372130673775365,-1.0328343355043514,0.11802152771545296,5271.399252668454,186.68154329371075,0.7352545434720474,0.6046324040408169
20_130,0.3,42,71,0.3671209672388437,-1.7213654937338383,0.10438841036342987,4910.705119547669,274.8999452998549,0.9157504643425505,0.6046324040408169
20_130,0.3,42,72,0.3621891705743874,-1.5933166655073265,0.12080863944274345,5225.41175484853,241.4303506803868,0.8694488633465286,0.6046324040408169
20_130,0.3,42,73,0.35733407214452373,-0.9390551716705252,0.1110083296056352,4997.157806299752,197.8858830457048,0.7296956110994495,0.6046324040408169
20_130,0.3,42,74,0.35255447915490423,-1.6972901767269333,0.1143897668180069,5103.400106909346,258.2704528933373,0.8972755744847636,0.6046324040408169
20_130,0.3,42,75,0.3478492173612599,-0.7331271796488302,0.11392809471434692,4558.0568544266935,200.7537631099639,0.6822737141041267,0.6046324040408169
20_130,0.3,42,76,0.3432171307809146,-0.6006041990959661,0.1178148335459169,4552.113672482221,188.03899492793775,0.64903589825884,0.6046324040408169
20_130,0.3,42,77,0.3386570814087846,-1.37292681419751,0.10705538732318416,4755.905216928354,238.95020904042323,0.804567057084731,0.6046324040408169
20_130,0.3,42,78,0.3341679489377949,-1.2128460679333117,0.09664625900231363,4743.98756833481,232.59463005372257,0.7868372745590855,0.6046324040408169
20_130,0.3,42,79,0.32974863048364406,-1.5073222865760771,0.11120090519103787,4270.569229689964,294.4810466155782,0.8859775413409889,0.6046324040408169
20_130,0.3,42,80,0.3253980403138483,-1.5809688945429634,0.1233260212682199,5525.200989887724,225.40354971831954,0.8658679812114984,0.6046324040408169
20_130,0.3,42,81,0.32111510958100054,-1.6143550796085497,0.1340165645952705,5278.494710129364,237.3749558590419,0.8657029113162789,0.6046324040408169
20_130,0.3,42,82,0.3168987860601775,-1.0287584531572316,0.1142779883674276,4829.472426220465,212.37574016446268,0.745820421370116,0.6046324040408169
20_130,0.3,42,83,0.31274803389043004,-1.9913229812412252,0.12127363809331002,5210.259347217265,281.3529875528676,0.9695948867244477,0.6046324040408169
20_130,0.3,42,84,0.30866183332029457,-0.9879090994883037,0.11650491143496688,4930.178743008065,205.84490938199838,0.7416858607306618,0.6046324040408169
20_130,0.3,42,85,0.3046391804572615,-0.9555075426597297,0.12198336642141554,4598.965872323452,215.50641487383086,0.7250799159679627,0.6046324040408169
20_130,0.3,42,86,0.3006790870211401,-1.157078602964074,0.11000214117651055,5004.310588423226,215.33514461082692,0.77518480225617,0.6046324040408169
20_130,0.3,42,87,0.29678058010125963,-0.4766056572607927,0.11287397037219002,4216.974141353263,197.5844918996151,0.6316438385576224,0.6046324040408169
20_130,0.3,42,88,0.2929427019174456,-1.6935737563848432,0.11868739359479538,4691.846411476386,281.4305715678891,0.9051520249547966,0.6046324040408169
20_130,0.3,42,89,0.28916450958471324,-1.1156862365229674,0.10536679593602231,4942.468557795747,214.33105793707205,0.7649074177166004,0.6046324040408169
20_130,0.3,42,90,0.28544507488162135,-0.6392299906312925,0.11477120818331119,4921.016246440031,167.94695888946285,0.6436827501830756,0.6046324040408169
20_130,0.3,42,91,0.28178348402222775,-0.8340476425663885,0.10702043604550723,4824.301448447134,190.99319505840427,0.6905255470052335,0.6046324040408169
20_130,0.3,42,92,0.27817883743159105,-0.9308150691681797,0.1073912996057923,4617.9519833513195,217.63361893565477,0.7328840703223479,0.6046324040408169
20_130,0.3,42,93,0.27463024952476534,-1.0189752079237313,0.12168614639999069,4865.820143372459,204.59386355423334,0.7304634989506298,0.6046324040408169
20_130,0.3,42,94,0.27113684848922975,-1.5184127846885074,0.09763236326928086,4934.320866806839,252.61516196592535,0.8617390547579854,0.6046324040408169
20_130,0.3,42,95,0.2676977760707032,-0.8126075208064876,0.10906043705305116,4514.838466715773,210.9370326633342,0.7029114761612179,0.6046324040408169
20_130,0.3,42,96,0.2643121873622896,-1.2630595803295936,0.10787736685543212,5116.606138662572,215.7732910984708,0.7903068142743176,0.6046324040408169
20_130,0.3,42,97,0.2609792505969018,-1.7446869161153156,0.09426977930294922,4441.603651123088,307.72257953661534,0.9411469815540814,0.6046324040408169
20_130,0.3,42,98,0.25769814694291476,-1.3099787281417508,0.10386487897242702,5276.343458771634,215.42133041324146,0.8093249850657407,0.6046324040408169
20_130,0.3,42,99,0.25446807030299534,-1.7244464611217145,0.09501719328978259,5904.7869318363355,216.20858266547285,0.8896979789167923,0.6046324040408169
20_130,0.3,42,100,0.2512882271160621,-0.44204365324682976,0.10283687231721254,4686.2982635744465,170.20928959652164,0.6201977819985761,0.6046324040408169
20_130,0.3,42,101,0.2481578361623234,-1.5212115698101272,0.10584905942018578,5122.056238765512,246.1537852104861,0.8686337005333399,0.6046324040408169
20_130,0.3,42,102,0.2450761283713493,-0.764769958221203,0.11482375323179195,4837.307479487836,183.6806389289512,0.6734576410704523,0.6046324040408169
20_130,0.3,42,103,0.24204234663312607,-1.01054201550869,0.09979950212452773,5253.4954196334675,188.04000088244504,0.7364940897357584,0.6046324040408169
20_130,0.3,42,104,0.23905574561205173,-0.9745074099541239,0.10735145808155384,4901.263661490985,201.01457910156606,0.7257349332966118,0.6046324040408169
20_130,0.3,42,105,0.23611559156382206,-1.1076014367702385,0.1130331942980499,4661.458801228628,228.00207543328645,0.7648089450511455,0.6046324040408169
20_130,0.3,42,106,0.2332211621551653,-0.6229041563695005,0.1013024638054745,5060.884148295041,166.69988358721957,0.6579356350519711,0.6046324040408169
20_130,0.3,42,107,0.23037174628638085,-0.8787413771512075,0.11164739599776,5285.410586668609,177.02126155522626,0.7123116069140645,0.6046324040408169
20_130,0.3,42,108,0.2275666439166364,-1.0618596888683103,0.10592700183472312,4290.882388436241,246.71912964966228,0.76643916464132,0.6046324040408169
20_130,0.3,42,109,0.2248051658919834,-0.7488104149109994,0.10371423286320303,4022.9142899472477,226.35024894586962,0.6809667451418913,0.6046324040408169
20_130,0.3,42,110,0.22208663377604637,-0.7186818432774439,0.10286801653842444,4492.273254727919,206.1475922687109,0.6878568244557246,0.6046324040408169
20_130,0.3,42,111,0.21941037968334542,-0.5720364761590434,0.11252352261020344,4484.485641799276,188.42481701722508,0.6415894220700639,0.6046324040408169
20_130,0.3,42,112,0.21677574611521144,-0.8206760742578095,0.11692541182813061,4764.906293279775,205.30569680602716,0.7196998266452604,0.6046324040408169
20_130,0.3,42,113,0.21418208579825188,-0.5325302670614943,0.10433147754651233,4570.94820312792,186.4265975869111,0.6472633748461817,0.6046324040408169
20_130,0.3,42,114,0.21162876152533033,-0.42574452710461125,0.10354843898322849,4398.796616847231,174.861242633084,0.5962386570286781,0.5962386570286781
20_130,0.3,42,115,0.20911514599901782,-0.6892250289075686,0.10459054626239499,4275.863691851318,215.76743975388663,0.6854592875299225,0.5962386570286781
20_130,0.3,42,116,0.20664062167747893,-0.6267778975614368,0.10695617286486843,4779.8284400195025,182.7488735997964,0.6639091208550056,0.5962386570286781
20_130,0.3,42,117,0.20420458062275576,-0.7367743876866403,0.09747005148840887,5097.33784300842,172.10559557856718,0.6762971322751954,0.5962386570286781
20_130,0.3,42,118,0.2018064243514096,-1.0382152444917119,0.0982766973594011,4627.736617757118,224.92995366869098,0.7527522959714128,0.5962386570286781
20_130,0.3,42,119,0.1994455636874869,-0.6086064781004124,0.09942004840452454,4486.705365974256,197.7238520905383,0.6656329326564162,0.5962386570286781
20_130,0.3,42,120,0.19712141861777083,-0.731979399831936,0.10454842763828412,4871.879720101402,187.32199654978288,0.687075152988287,0.5962386570286781
20_130,0.3,42,121,0.19483341814928484,-1.2088994672888804,0.09993687064537267,4486.6830914320535,250.8803496689615,0.8014890082363615,0.5962386570286781
20_130,0.3,42,122,0.19258100016901147,-0.7236748588924078,0.09811017645821286,4713.1800109449605,196.17168003360797,0.6899050783594656,0.5962386570286781
20_130,0.3,42,123,0.19036361130579338,-1.5794001566881357,0.09439749525590754,4939.367190076034,257.9499448561995,0.8760030694750642,0.5962386570286781
20_130,0.3,42,124,0.18818070679438154,-0.6222349428413909,0.09999766652594813,4595.765361806204,186.62989161643102,0.6508774225790346,0.5962386570286781
20_130,0.3,42,125,0.1860317503415984,-1.0756282243505553,0.10766124416583227,5289.270233336024,195.8368644621497,0.7608823086128913,0.5962386570286781
20_130,0.3,42,126,0.1839162139945818,-1.1941835357610302,0.10358564879946966,4752.996886958377,238.11988373686637,0.8020822475766212,0.5962386570286781
20_130,0.3,42,127,0.18183357801107813,-0.8266990065118668,0.10788595090578816,4343.42085487619,223.5797745006256,0.7138500041532192,0.5962386570286781
20_130,0.3,42,128,0.17978333073175307,-0.5388078822210993,0.0961871181341263,4630.328064284335,183.1003305303678,0.6461661119694162,0.5962386570286781
20_130,0.3,42,129,0.17776496845448742,-0.9452212119705431,0.08813689497662888,4534.385762634454,223.4437639268635,0.7373138888512216,0.5962386570286781
20_130,0.3,42,130,0.17577799531062827,-0.6633024768573997,0.10157161634402057,4803.874452047798,179.45100666912177,0.6584786495173802,0.5962386570286781
20_130,0.3,42,131,0.1738219231431649,-0.9044921490220315,0.09356403556725512,4883.7150804562025,198.58281534784365,0.7173316231140937,0.5962386570286781
20_130,0.3,42,132,0.17189627138679878,-0.8651999144169261,0.08698866025116042,5114.798875426126,181.36147356533255,0.7021307866850396,0.5962386570286781
20_130,0.3,42,133,0.1700005669498786,-0.46533863663859276,0.09173549870519677,4824.625483592269,166.21738400085238,0.627243245018234,0.5962386570286781
20_130,0.3,42,134,0.16813434409817252,-0.8091550751640352,0.08218371078751288,4696.622004679617,202.72368284648405,0.7045862435384835,0.5962386570286781
20_130,0.3,42,135,0.16629714434044632,-0.40220419285052295,0.09133553977831096,4873.5132572201155,155.92237156093728,0.6070268057883883,0.5962386570286781
20_130,0.3,42,136,0.16448851631582245,-1.5730636224812906,0.10121623454064328,4531.143359672169,287.26433737894735,0.9000239864284034,0.5962386570286781
20_130,0.3,42,137,0.16270801568288995,-0.6043997076462511,0.09024963090644975,4473.862356667671,195.91721101186806,0.6594140683257042,0.5962386570286781
20_130,0.3,42,138,0.16095520501053945,-0.9363932359922315,0.08919781747073464,4597.264969415523,222.8339642243107,0.7435957837455326,0.5962386570286781
20_130,0.3,42,139,0.1592296536704954,-0.465398723063889,0.10002505232358035,4239.4011991195075,202.19341114713816,0.6462198827861743,0.5962386570286781
20_130,0.3,42,140,0.15753093773152022,-0.7750965331634094,0.0829501448954332,4360.259094618683,221.20129880004401,0.709870597937317,0.5962386570286781
20_130,0.3,42,141,0.15585863985526294,-0.6427383610623831,0.09381995860559401,4615.7350691893735,186.7525916339409,0.6536810549120604,0.5962386570286781
20_130,0.3,42,142,0.15421234919372853,-0.6598042269432371,0.09105232182968344,4559.874216693256,195.36450616248098,0.6687263092610618,0.5962386570286781
20_130,0.3,42,143,0.152591661288341,-0.7107903182499543,0.08857074113221915,4982.494529346609,177.21201251525008,0.6750283876432966,0.5962386570286781
20_130,0.3,42,144,0.15099617797057668,-0.7142524992184633,0.09140210632935897,4772.386317320968,194.57869887891644,0.6932161551076461,0.5962386570286781
20_130,0.3,42,145,0.14942550726414244,-0.410485428402706,0.10536536629632032,4200.9170189739625,194.4956477289281,0.6217471146764341,0.5962386570286781
20_130,0.3,42,146,0.14787926328867598,-1.0454546214753428,0.09650913012521993,4120.807557558341,249.33442003288224,0.751916685671866,0.5962386570286781
20_130,0.3,42,147,0.1463570661649425,-0.5009606479592598,0.09809207934168927,4549.140347123472,189.24114315030425,0.6517376367372897,0.5962386570286781
20_130,0.3,42,148,0.1448585419215072,-0.39944643213179704,0.08342968483190455,4459.914858061315,183.15584043895274,0.625059082780424,0.5962386570286781
20_130,0.3,42,149,0.14338332240285795,-0.6850743338244414,0.1042584022368183,4720.323432434285,189.27619345059085,0.6731721188096457,0.5962386570286781
20_130,0.3,42,150,0.1419310451789575,-0.8380138381613679,0.0822344161170431,4425.240609338653,226.8336960891965,0.7323686110554934,0.5962386570286781
20_130,0.3,42,151,0.14050135345620207,-0.7511667851133806,0.08730239728923408,4624.855457484266,206.9303559883753,0.7063891710258199,0.5962386570286781
20_130,0.3,42,152,0.13909389598976496,-0.3475047685904755,0.09324283886995367,4693.155411435147,160.48588078445772,0.5962014446728714,0.5962014446728714
20_130,0.3,42,153,0.13770832699730284,-0.4476943023928893,0.08183276652294784,3979.562374735872,210.93619014718098,0.6361654947901415,0.5962014446728714
20_130,0.3,42,154,0.13634430607400466,-0.5810666750214085,0.08295218288038522,4384.76417049887,194.14948321721894,0.6437863657250491,0.5962014446728714
20_130,0.3,42,155,0.13500149810896128,-0.4908318695892909,0.0920245130848111,4384.741129839656,195.14274890615957,0.6463221088114641,0.5962014446728714
20_130,0.3,42,156,0.13367957320283602,-0.5305028361191607,0.0722093069714426,4235.919786432117,204.37737850014673,0.6513676282217093,0.5962014446728714
20_130,0.3,42,157,0.13237820658681518,-0.5421513909412284,0.09846412969319482,4649.133357975348,184.442727413817,0.6519418881393475,0.5962014446728714
20_130,0.3,42,158,0.13109707854281938,-1.1983311813736266,0.08428196404080224,4571.450391782269,251.30179543720928,0.8131358256464369,0.5962014446728714
20_130,0.3,42,159,0.12983587432495577,-0.8208264349732742,0.08339930093508693,4594.603682543047,204.67769093573924,0.6968596390463488,0.5962014446728714
20_130,0.3,42,160,0.12859428408219134,-1.2929580698059269,0.08952923351513228,3960.504122330366,287.9945434927264,0.8307369921989565,0.5962014446728714
20_130,0.3,42,161,0.1273720027822294,-0.27762079123123995,0.08870997274039413,3968.7009469436707,199.3993081482448,0.605324894777507,0.5962014446728714
20_130,0.3,42,162,0.12616873013656954,-1.1061427058340392,0.08275657102759734,4465.429089128531,252.058434210835,0.8018498178726512,0.5962014446728714
20_130,0.3,42,163,0.12498417052673307,-0.5095030224403742,0.0878007135483441,4836.45227169086,164.5152904421981,0.6243676748020127,0.5962014446728714
20_130,0.3,42,164,0.12381803293163596,-0.3451767004478965,0.08125939031161926,3893.17396412223,207.2836096647346,0.6160583165261155,0.5962014446728714
20_130,0.3,42,165,0.12267003085609117,-0.4747727120385601,0.09679343497643382,4226.934914848316,201.56025521636593,0.6430472184136804,0.5962014446728714
20_130,0.3,42,166,0.1215398822604227,-0.3073687385795999,0.0813233216390607,4242.548765765657,183.38870752210585,0.5985507705034858,0.5962014446728714
20_130,0.3,42,167,0.1204273094911746,-0.8542550469575191,0.08664393233966969,4284.927550761221,233.9852835152017,0.7331511354767535,0.5962014446728714
20_130,0.3,42,168,0.11933203921289748,-1.1660831228816573,0.08243976462586436,4285.5005571267275,267.45828506308754,0.8187738110234446,0.5962014446728714
20_130,0.3,42,169,0.11825380234099556,-0.6891837628853071,0.07455088983952066,4423.852168578355,205.93076476832556,0.6787711932465793,0.5962014446728714
20_130,0.3,42,170,0.11719233397561858,-0.89979923811632,0.07769248302508544,4834.185059644663,206.56345415790662,0.7315528398321103,0.5962014446728714
20_130,0.3,42,171,0.11614737333658141,-0.6209062559266434,0.0846156765271632,4182.250512696559,219.51646663929728,0.68336848317358,0.5962014446728714
20_130,0.3,42,172,0.11511866369929591,-0.6000668779474769,0.08512391120130043,4326.8178187617605,210.52289899838627,0.6784086386787884,0.5962014446728714
20_130,0.3,42,173,0.11410595233169919,-0.4260503573509421,0.07878890482626744,4403.5712531063045,183.83352596935566,0.6197656196407658,0.5962014446728714
20_130,0.3,42,174,0.11310899043216277,-0.47075582273723937,0.0832485738294028,4258.0285881980235,199.34132397848305,0.6412530970984512,0.5962014446728714
20_130,0.3,42,175,0.1121275330683672,-0.4043768125091885,0.07647268907486142,4634.264550198671,172.64586169659398,0.6199371324202264,0.5962014446728714
20_130,0.3,42,176,0.11116133911712744,-0.4066774776396378,0.07789943118514475,4369.144454888854,186.84426416345667,0.6231678542583943,0.5962014446728714
20_130,0.3,42,177,0.1102101712051541,-0.6178528977037859,0.06898187600815839,4619.018280353436,187.55865459474583,0.6561505981633202,0.5962014446728714
20_130,0.3,42,178,0.10927379565073586,-0.2907418968183564,0.07275190630449155,4498.551410514389,166.58218836775714,0.5875172923864073,0.5875172923864073
20_130,0.3,42,179,0.10835198240632873,-0.48038950556859683,0.07620946956640376,4422.125374529862,195.03670107831567,0.6507125279073007,0.5875172923864073
20_130,0.3,42,180,0.1074445050020384,-0.3075409208045479,0.06438664637945854,4182.9161240542735,189.6800852082261,0.607194826160733,0.5875172923864073
20_130,0.3,42,181,0.10655114048998136,-1.0598454879778367,0.08394105288938607,4327.64277621011,254.22412147917694,0.7902043012873885,0.5875172923864073
20_130,0.3,42,182,0.10567166938951125,-0.7859532309904613,0.08288040669435548,4699.819228125005,202.56356824302463,0.7045756814849891,0.5875172923864073
20_130,0.3,42,183,0.10480587563329734,-0.8206345244345161,0.08126480794156188,4238.288110374513,229.24201783604866,0.7152126715126694,0.5875172923864073
20_130,0.3,42,184,0.10395354651424124,-0.6785409311939239,0.06856811294408786,4757.843478528276,190.73231286885223,0.6815721014853496,0.5875172923864073
20_130,0.3,42,185,0.10311447263321932,-0.33468446337193497,0.07101013115642414,4211.504305799524,188.51024921813166,0.6077696006914686,0.5875172923864073
20_130,0.3,42,186,0.10228844784763778,-0.7324985814738675,0.07519399581471033,4904.301985475142,192.3495943599846,0.7039675746613961,0.5875172923864073
20_130,0.3,42,187,0.10147526922078795,-0.6003019224965545,0.07500545961049525,4731.0347044290575,187.66750733201113,0.6703961876948457,0.5875172923864073
20_130,0.3,42,188,0.10067473697198882,-0.5000926189321193,0.0675150776712574,4562.827505400191,182.7612291237086,0.6368827506926258,0.5875172923864073
20_130,0.3,42,189,0.09988665442750533,-0.8004900512742159,0.07262596530696366,4530.230411994459,215.45607289969038,0.7163805936266348,0.5875172923864073
20_130,0.3,42,190,0.09911082797222981,-0.5830732862202309,0.0750399087750496,4816.260835612609,175.18594950821992,0.6491223619590981,0.5875172923864073
20_130,0.3,42,191,0.09834706700211487,-0.46380767564478553,0.059735857838601636,4428.603174268653,189.31432817847616,0.6368948482041257,0.5875172923864073
20_130,0.3,42,192,0.09759518387734595,-0.5263412243986665,0.06780763275388843,4611.86168973795,183.82715323488947,0.6457211646855252,0.5875172923864073
20_130,0.3,42,193,0.09685499387624241,-0.8343216892568054,0.07177849230590636,4584.137741041835,215.5990685181565,0.7234677960515751,0.5875172923864073
20_130,0.3,42,194,0.09612631514987509,-0.853700301719082,0.06707203711688982,4495.539226283118,219.5824873687475,0.7226013380560331,0.5875172923864073
20_130,0.3,42,195,0.09540896867739013,-0.4997990221831981,0.06316291492166037,4143.224472015888,212.74820471307666,0.6612037959498399,0.5875172923864073
20_130,0.3,42,196,0.0947027782220271,-0.5531878837193728,0.06481314980601328,4331.253602016983,207.38425310297703,0.6709399002227725,0.5875172923864073
20_130,0.3,42,197,0.09400757028782174,-0.37519056776073645,0.06796604131802435,4425.603033964777,180.49258559517014,0.6139739045664467,0.5875172923864073
20_130,0.3,42,198,0.09332317407698135,-0.5554699024872779,0.07848968223538458,4338.671664039654,199.45944019365487,0.6516104049147488,0.5875172923864073
20_130,0.3,42,199,0.09264942144792357,-0.6722768567772925,0.06801813257881695,4440.359277766209,212.52328162070884,0.6976788101539191,0.5875172923864073
20_130,0.3,42,200,0.09198614687396757,-0.5200231863696638,0.06997474090145103,4107.251638574614,212.2032412166201,0.6553254935621129,0.5875172923864073
20_130,0.3,42,201,0.0913331874026676,-0.8682035414584329,0.061654191731186116,4161.568268851737,243.19780498805912,0.7413150267787496,0.5875172923864073
20_130,0.3,42,202,0.09069038261577916,-0.48580943233022345,0.06312284440780122,4197.7052620362865,203.5287415221453,0.644433671213869,0.5875172923864073
20_130,0.3,42,203,0.09005757458984752,-0.6805859345992715,0.0672324876342637,4447.157992279339,208.4852687486344,0.6882060796094138,0.5875172923864073
20_130,0.3,42,204,0.08943460785740934,-0.44845911566412777,0.06349181047860793,4588.713687780808,178.53666935385058,0.6293132637645168,0.5875172923864073
20_130,0.3,42,205,0.08882132936879764,-0.4149087601524045,0.06450010966919206,4569.477946264782,178.72353306336086,0.6273923415532526,0.5875172923864073
20_130,0.3,42,206,0.08821758845454078,-0.6389917289923472,0.06337377536291533,4305.7064374060055,214.81946299856935,0.6867575282076828,0.5875172923864073
20_130,0.3,42,207,0.08762323678834613,-0.5710102928159344,0.058829923827588136,4297.15964757332,212.55809944053493,0.6799121691635795,0.5875172923864073
20_130,0.3,42,208,0.08703812835065944,-0.45518398909913266,0.05980852928174544,4141.864179142038,208.0809938521712,0.6491055932343791,0.5875172923864073
20_130,0.3,42,209,0.08646211939279098,-0.15274817795020862,0.0572571911387391,4388.2385510347885,164.0915316857796,0.5673966404471481,0.5673966404471481
20_130,0.3,42,210,0.08589506840159955,-0.16962310838562167,0.05672344699606666,4057.3128726338973,182.11735511692225,0.5722042619448903,0.5673966404471481
20_130,0.3,42,211,0.08533683606472567,-0.4202069396119522,0.06607029206766199,4288.681610260359,193.30174323646435,0.6296391086403618,0.5673966404471481
20_130,0.3,42,212,0.08478728523636561,-0.4857742474140439,0.06325044487802926,4323.343236707289,198.88935115953063,0.6482420467019958,0.5673966404471481
20_130,0.3,42,213,0.08424628090357741,-0.14984949747610726,0.06500003289000482,4249.167800306407,173.27512498988173,0.5735275258841783,0.5673966404471481
20_130,0.3,42,214,0.08371369015311121,-0.8373793185891103,0.06165750525777951,4432.787044493829,228.79016655214798,0.7383099811624291,0.5673966404471481
20_130,0.3,42,215,0.08318938213875532,-1.0627940312352824,0.06397150857579044,4371.442099810965,252.20616242194833,0.7905081037684165,0.5673966404471481
20_130,0.3,42,216,0.08267322804918986,-0.0789793909837686,0.05703362124010075,4296.368399337308,164.6835652187076,0.5574544437055381,0.5574544437055381
20_130,0.3,42,217,0.08216510107634088,-0.2704653087797527,0.0655287377679526,4240.043486291598,186.7313007764101,0.6067814787100897,0.5574544437055381
20_130,0.3,42,218,0.08166487638422609,-0.9026487416655491,0.059745172756789214,4190.68083459197,247.9120965360897,0.7569940035982055,0.5574544437055381
20_130,0.3,42,219,0.08117243107828538,-0.0751082606798934,0.050877788803412406,4352.12425993017,160.2892479209527,0.5531755500184582,0.5531755500184582
20_130,0.3,42,220,0.08068764417518824,-0.34303342079546384,0.05738082993064508,4445.089645841512,177.78244316033167,0.6094770420675528,0.5531755500184582
20_130,0.3,42,221,0.08021039657311081,-0.3072564044301722,0.06015308545774707,4128.193151072172,194.88260657989719,0.6136681415115834,0.5531755500184582
20_130,0.3,42,222,0.07974057102247495,-0.5474140192876806,0.05896633360637447,3922.5753844712767,226.7140775487971,0.6693853230037383,0.5531755500184582
20_130,0.3,42,223,0.0792780520971426,-0.39608837442955547,0.052374824474514824,4315.02987097328,189.63538747599134,0.623553911789207,0.5531755500184582
20_130,0.3,42,224,0.07882272616605801,-0.32025222598726044,0.048115913616039355,4585.068606383783,171.67762000844266,0.6113282080119666,0.5531755500184582
20_130,0.3,42,225,0.0783744813653311,-0.35661631630096124,0.05525971735891679,4368.041786272968,185.36397912384828,0.6192470083681696,0.5531755500184582
20_130,0.3,42,226,0.07793320757075473,-0.29170706922064693,0.05516836535182459,4003.847145036838,195.9371400913985,0.6008585854869799,0.5531755500184582
20_130,0.3,42,227,0.07749879637074959,-0.35841700878864735,0.049201867674183566,4365.0352768721,186.8016938160632,0.622546676439586,0.5531755500184582
20_130,0.3,42,228,0.07707114103972987,-0.5020847774242945,0.058051347968327595,4650.046523768537,180.01801641209804,0.6407469519318312,0.5531755500184582
20_130,0.3,42,229,0.0766501365118829,-0.2766967317798825,0.05451162316894105,4136.480179975938,186.81133219797798,0.5940726677934555,0.5531755500184582
20_130,0.3,42,230,0.07623567935535681,-0.30434421388602106,0.059252706206810224,4068.889430177417,198.31698210751043,0.6150512049866568,0.5531755500184582
20_130,0.3,42,231,0.07582766774684957,-0.5038190384398393,0.054639155308026446,4594.581775994663,182.7698955601604,0.6408643555695558,0.5531755500184582
20_130,0.3,42,232,0.07542600144659303,-0.36367945462033113,0.04934991347821249,4206.912394398861,196.2916741867882,0.6270850151702343,0.5531755500184582
20_130,0.3,42,233,0.07503058177372629,-0.335797031931959,0.05295466876500249,4058.664174097791,200.73167135185142,0.6199477428314746,0.5531755500184582
20_130,0.3,42,234,0.0746413115820518,-0.4429504641800176,0.047818271074662466,4140.542271775425,206.94885497944708,0.6460472120046004,0.5531755500184582
20_130,0.3,42,235,0.07425809523616868,-0.39208112048985627,0.0479984083056492,4080.4401803031824,200.40135240804608,0.6218187649709489,0.5531755500184582
20_130,0.3,42,236,0.0738808385879771,-0.8650643566946253,0.048628980147207734,4315.802868093883,233.13594508529968,0.7348302305877977,0.5531755500184582
20_130,0.3,42,237,0.0735094489535481,-0.5560388014418532,0.0432016683371466,4319.865263486549,204.96017110522249,0.6633243468251098,0.5531755500184582
20_130,0.3,42,238,0.07314383509035316,-0.47542565861333347,0.053792172975350286,4216.720180681498,201.452577947898,0.6414983338452526,0.5531755500184582
20_130,0.3,42,239,0.07278390717484776,-0.5367622165333256,0.045787447250670146,4113.257164138559,209.80055899986826,0.6499334834262607,0.5531755500184582
20_130,0.3,42,240,0.07242957678040378,-0.6122221725583304,0.04899405925552821,4287.386904537014,213.20341508394193,0.6803429168769564,0.5531755500184582
20_130,0.3,42,241,0.07208075685558483,-0.38976352644162704,0.047783072605584544,4147.929151535042,200.19912737868165,0.6297171442366694,0.5531755500184582
20_130,0.3,42,242,0.0717373617027597,-0.4641378411575222,0.047135481383618096,4359.047026170396,188.52487667720212,0.6262041572590775,0.5531755500184582
20_130,0.3,42,243,0.07139930695704806,-0.5318855571370713,0.04667952100524202,4234.814621227805,206.910171544436,0.657703207466086,0.5531755500184582
20_130,0.3,42,244,0.0710665095655941,-0.5178696390851499,0.045797715811980985,4254.416043768518,202.63291600800386,0.6492153895692673,0.5531755500184582
20_130,0.3,42,245,0.07073888776716195,-0.24348379530177955,0.0411001837103464,4275.169611138717,175.85300551028413,0.5833583225628186,0.5531755500184582
20_130,0.3,42,246,0.07041636107204882,-0.22025454514122358,0.04288323698869688,4307.254888598247,175.6498807082514,0.5868398989115685,0.5531755500184582
20_130,0.3,42,247,0.07009885024231037,-0.5389807743468881,0.04287859506751818,4119.128379097024,215.2696718171259,0.6646436784352069,0.5531755500184582
20_130,0.3,42,248,0.0697862772722936,-0.44422920167402924,0.049885862941423574,4066.063504275973,209.72500677262633,0.6438557852669922,0.5531755500184582
20_130,0.3,42,249,0.0694785653694726,-0.6328428727061045,0.04509414110995158,4256.680911635387,217.42710768430933,0.687309203025011,0.5531755500184582
20_130,0.3,42,250,0.06917563893558212,-0.383992112785856,0.04389984351421863,4107.113158915931,199.3869794281073,0.6225520686005044,0.5531755500184582
20_130,0.3,42,251,0.06887742354804487,-0.3158466769433642,0.042231898322964465,4499.092479182089,174.5934463173508,0.6080601540843259,0.5531755500184582
20_130,0.3,42,252,0.06858384594168729,-0.41059851505601536,0.0412426361604583,3995.6393620424974,210.14504595642833,0.6361481136124887,0.5531755500184582
20_130,0.3,42,253,0.06829483399074003,-0.4870691103155764,0.04511672974158819,4165.7558260928145,207.87797097089705,0.651565762427379,0.5531755500184582
20_130,0.3,42,254,0.06801031669111803,-0.4675488726067962,0.04462430334832102,4339.780806848405,198.04798127936584,0.6481412585557395,0.5531755500184582
20_130,0.3,42,255,0.06773022414297643,-0.7768267702016245,0.03977218550672151,4008.300108642965,244.52857920663521,0.725605177398891,0.5531755500184582
20_130,0.3,42,256,0.06745448753353762,-0.59659540897646,0.04060638735763938,4357.283717770225,202.6523904194954,0.6620917815370443,0.5531755500184582
20_130,0.3,42,257,0.06718303912018544,-0.4315693779080866,0.04000300044069334,4242.100737608554,199.79406056885378,0.6404241626588398,0.5531755500184582
20_130,0.3,42,258,0.0669158122138222,-0.5626563959488207,0.04008714447965152,4314.139262908801,205.723999849034,0.66456258383569,0.5531755500184582
20_130,0.3,42,259,0.06665274116248465,-0.49836593170297044,0.043732157794994765,4103.295589233219,208.35233849804797,0.6449899677742275,0.5531755500184582
20_130,0.3,42,260,0.06639376133521471,-0.5187063148217951,0.03798524123866628,4200.440043318064,208.81094061979397,0.6582750635539336,0.5531755500184582
20_130,0.3,42,261,0.06613880910618089,-0.4235290931947354,0.04195409380197124,4073.9693282578864,207.6840384257156,0.6396252025916132,0.5531755500184582
20_130,0.3,42,262,0.06588782183904693,-0.8340034484669631,0.04220778552152852,3917.3538075379743,256.9645919085822,0.7460493469652256,0.5531755500184582
20_130,0.3,42,263,0.06564073787158327,-0.37631103010890554,0.04427635638312806,4146.664442306664,190.92803090529816,0.60586412116359,0.5531755500184582
20_130,0.3,42,264,0.06539749650051803,-0.48659107959864145,0.039017679285156905,4225.517326660759,203.3636354947001,0.6474795880814785,0.5531755500184582
20_130,0.3,42,265,0.06515803796662348,-0.2935706006269521,0.03754261717983215,3904.9873668692835,204.11604262264245,0.6094355794496673,0.5531755500184582
20_130,0.3,42,266,0.06492230344003448,-0.34381658605727555,0.035223854360382015,4306.160981236665,182.51620105971708,0.6042526313628037,0.5531755500184582
20_130,0.3,42,267,0.06469023500579518,-0.40014633652623605,0.03907628008800528,4230.756398299465,194.38285158584503,0.6251795134244883,0.5531755500184582
20_130,0.3,42,268,0.06446177564963067,-0.38431088600020424,0.041155896040284586,4113.683256986616,199.840630722655,0.6245307518030814,0.5531755500184582
20_130,0.3,42,269,0.06423686924393959,-0.6559400646736466,0.04199240752028625,3722.122440754763,245.84398545543266,0.6932835010168965,0.5531755500184582
20_130,0.3,42,270,0.064015460534005,-0.3943861434578967,0.036122210010720565,4313.996305178742,190.9756735143579,0.6268505762685146,0.5531755500184582
20_130,0.3,42,271,0.0637974951244193,-0.8686245440554552,0.042513943364813525,4022.2450106159695,252.59275601023975,0.7479546208623487,0.5531755500184582
20_130,0.3,42,272,0.06358291946572056,-0.2488234687085265,0.04199465804249086,4233.943540355218,179.50604024696088,0.5875543520256165,0.5531755500184582
20_130,0.3,42,273,0.06337168084123639,-0.4912145393105655,0.039278865617033656,4014.2894820080023,212.1907682342111,0.6437021196761262,0.5531755500184582
20_130,0.3,42,274,0.06316372735413278,-1.159194878401768,0.03417133999778621,3844.5354221709454,293.8062564608508,0.8311305377822602,0.5531755500184582
20_130,0.3,42,275,0.06295900791466405,-0.36113967809796177,0.036612839240803045,4052.812876892359,203.899954384678,0.6273157276052985,0.5531755500184582
20_130,0.3,42,276,0.06275747222762111,-0.5066118714924034,0.036972410159407144,3955.2930637516884,218.50296857265536,0.6524787254488584,0.5531755500184582
20_130,0.3,42,277,0.06255907077997513,-0.9393286220583826,0.0325655724825811,4114.828861923958,256.94817290242895,0.7706306403630805,0.5531755500184582
20_130,0.3,42,278,0.062363754828713217,-0.15899911755092888,0.03328929331129598,3977.6688996101,183.53977211127648,0.5659088702968231,0.5531755500184582
20_130,0.3,42,279,0.06217147638886324,-0.22042803950680667,0.03573944902951458,4096.8170844935175,183.9205937277238,0.5817388280585198,0.5531755500184582
20_130,0.3,42,280,0.06198218822170495,-0.2793292901974943,0.03390103153563911,4265.248861630829,182.02563364158468,0.5978974740645251,0.5531755500184582
20_130,0.3,42,281,0.06179584382316449,-0.25391265396775536,0.036915181720427605,4321.769598175341,174.49076877115513,0.5856872544010298,0.5531755500184582
20_130,0.3,42,282,0.06161239741238927,-0.39217856057800904,0.03974519425971531,4300.753143181894,188.1496529578609,0.6179764583263204,0.5531755500184582
20_130,0.3,42,283,0.06143180392050065,-0.4995441635763823,0.037186145318317654,4014.766065301638,213.26921101112535,0.6465178590759137,0.5531755500184582
20_130,0.3,42,284,0.06125401897952138,0.030062650664328894,0.03573665291468381,4439.873384971455,141.97781290530048,0.517316155515736,0.517316155515736
20_130,0.3,42,285,0.06107899891147547,-0.5361885406262386,0.034781561622961976,4055.631984617604,217.85957124934495,0.6633456200050445,0.517316155515736
20_130,0.3,42,286,0.060906700717657275,-0.22969919855173757,0.03395192804458774,4209.199404374182,177.22950311292848,0.578650557213692,0.517316155515736
20_130,0.3,42,287,0.060737082068067785,-0.2666279422074832,0.03456479092735003,4229.7345600256795,181.15949207723207,0.5912554704003556,0.517316155515736
20_130,0.3,42,288,0.06057010129101494,-0.39860513035784684,0.035169875235016454,4234.948847253712,190.6496605630677,0.6161608785490577,0.517316155515736
20_130,0.3,42,289,0.06040571736287584,-0.17937691391282123,0.03789360803511684,4400.540493649447,164.9220821401156,0.5710533193872962,0.517316155515736
20_130,0.3,42,290,0.06024388989801807,-0.0001354554266873309,0.03257138333864095,4185.752366611284,159.4682960605986,0.5303323487051567,0.517316155515736
20_130,0.3,42,291,0.06008457913887785,-0.06757349206784602,0.033098645523294536,4162.602019793974,163.72067923467327,0.5383140800876686,0.517316155515736
20_130,0.3,42,292,0.05992774594619241,-0.1408179861442277,0.033856494743689354,4565.402554907152,145.66049935442393,0.5423807591623195,0.517316155515736
20_130,0.3,42,293,0.05977335178938433,-0.514232256022571,0.034024597714150506,4277.098166885834,200.79033976063417,0.6473343266319054,0.517316155515736
20_130,0.3,42,294,0.059621358737095426,-0.7905558542949006,0.03671814526471025,3856.537419361612,255.58395331974594,0.73493744842221,0.517316155515736
20_130,0.3,42,295,0.05947172944786773,-0.5091197177438438,0.03625211470620307,4439.434419098553,194.32236504456367,0.6510450809511125,0.517316155515736
20_130,0.3,42,296,0.059324427160969605,-0.3360444607609073,0.03290112077740201,4195.844133785562,189.99418080669466,0.6096096000387117,0.517316155515736
20_130,0.3,42,297,0.05917941568736433,-0.32224737665057557,0.03456098914364811,4036.8235726091593,199.0632886179084,0.6129603290111287,0.517316155515736
20_130,0.3,42,298,0.05903665940081926,-0.350659006820537,0.03423400262714996,4202.296122252997,194.0434110129038,0.6207632365536191,0.517316155515736
20_130,0.3,42,299,0.058896123229153184,-0.355396916178062,0.03233551016265326,3978.4815762974376,201.68295230522287,0.6123810472263337,0.517316155515736
20_130,0.3,42,300,0.05875777264561992,-0.2794805265572623,0.028989032314944152,4033.657044170773,193.37163883792888,0.5980186164878004,0.517316155515736
20_130,0.3,42,301,0.05862157366042571,-0.3263054786353161,0.030701457889823473,4257.9917007413615,187.73113515760159,0.6115748545073139,0.517316155515736
20_130,0.3,42,302,0.058487492812378764,-0.3034293077855436,0.03747493629473682,4287.458019971326,180.9953784220727,0.5980335895726485,0.517316155515736
20_130,0.3,42,303,0.05835549716066848,-0.31431673224143775,0.031143466097072435,4064.610873686634,194.65387766731504,0.605155445686622,0.517316155515736
20_130,0.3,42,304,0.05822555427677263,-0.2579933230349046,0.033091954507131774,3984.502648115512,199.2695129918432,0.6069634822738776,0.517316155515736
20_130,0.3,42,305,0.05809763223649032,-0.3437228297794426,0.03735420069798395,4015.832882076647,198.2492806030537,0.6082625256266788,0.517316155515736
20_130,0.3,42,306,0.057971699612098956,-0.15669639792341053,0.033878721997942125,3961.9025159303137,186.52061487368317,0.5715614732182264,0.517316155515736
20_130,0.3,42,307,0.05784772546463305,-0.24690685240891846,0.03438528356574795,4390.663075191187,165.61033433593164,0.57158075350627,0.517316155515736
20_130,0.3,42,308,0.05772567933628324,-1608.581258323681,0.02950736239492769,153674.57984296264,150168.87979773278,402.56838528799096,0.517316155515736
20_130,0.3,42,309,0.05760553124291343,-0.3286760896797368,0.029198373442820023,4251.23787083493,186.15519357559018,0.6067048810057928,0.517316155515736
20_130,0.3,42,310,0.05748725166669427,-0.5867352104748436,0.03311577619409188,4793.795312904097,173.24447667016852,0.6413590551439634,0.517316155515736
20_130,0.3,42,311,0.05737081154885137,-0.3471092399679857,0.02772784771326144,4377.138778749642,181.7839388981947,0.6112313503960368,0.517316155515736
20_130,0.3,42,312,0.057256182282526054,-0.3980718107404591,0.03648827428705865,4194.607875679445,195.75221458046474,0.6241719930891552,0.517316155515736
20_130,0.3,42,313,0.057143335705747374,-0.32905230128765306,0.030076342401645785,4711.1199850313,155.68121602576733,0.5861615601703981,0.517316155515736
20_130,0.3,42,314,0.05703224409451321,-0.26777762050292475,0.03145749825439072,4131.553919657419,187.0378436828849,0.5940373344186605,0.517316155515736
20_130,0.3,42,315,0.056922880155979176,-0.833200107850955,0.031074277235550334,4023.7889904800745,251.20431009830233,0.7445985118112236,0.517316155515736
20_130,0.3,42,316,0.05681521702175326,-0.40135668497070176,0.031202658897437608,4055.6578282751398,202.57421349200823,0.6242821005356047,0.517316155515736
20_130,0.3,42,317,0.05670922824129488,-0.2807012460622491,0.03485205447209854,4048.466147904017,196.1312419167671,0.6069182408084915,0.517316155515736
20_130,0.3,42,318,0.05660488777541653,-0.40639404536372703,0.03419036230006856,4007.260532988302,205.54547067722592,0.625841440633861,0.517316155515736
20_130,0.3,42,319,0.056502169989886525,-0.37334549346658835,0.03747372519109496,3972.4071760426896,204.34358529846315,0.6184237471040208,0.517316155515736
20_130,0.3,42,320,0.056401049649131195,-0.5040601932594813,0.041153652602955004,4171.781380340365,205.53097873146072,0.6463185836684057,0.517316155515736
20_130,0.5,42,1,1.0,-3.1392072886556766,0.25448711929949097,5708.642861595955,185.64201172396952,1.089509975122072,1.089509975122072
20_130,0.5,42,2,0.9852258055592246,-3.6334127533168084,0.2956502682048863,5912.21492411219,226.57433808666084,1.2065415000175137,1.089509975122072
20_130,0.5,42,3,0.9706813761935793,-2.5895416117631918,0.31124336921442014,4798.505311991086,236.97796676767442,0.9940859801413751,0.9940859801413751
20_130,0.5,42,4,0.9563631386463322,-3.6430305597874444,0.2722553495444554,5514.9974101683,282.24058704713565,1.2256165865558077,0.9940859801413751
20_130,0.5,42,5,0.9422675752312664,-2.7070250537683846,0.2746676990318762,4674.550531198612,275.4105631850018,1.0384882259240586,0.9940859801413751
20_130,0.5,42,6,0.9283912229684601,-2.606116010179046,0.26569565790987537,5063.04085232067,206.19074738094142,0.9928562031219621,0.9928562031219621
20_130,0.5,42,7,0.9147306727335057,-2.7161319729925166,0.23927415635705368,5256.444218392273,201.49168068593463,1.0244702226853586,0.9928562031219621
20_130,0.5,42,8,0.9012825684199611,-2.3086858546909355,0.23552939274511037,5133.37305642555,163.6531107733791,0.9298161245673947,0.9298161245673947
20_130,0.5,42,9,0.888043606114825,-2.764650715640409,0.22262151798476806,5443.786042770324,178.27666115490513,1.0210219862694097,0.9298161245673947
20_130,0.5,42,10,0.8750105332868364,-3.0952378124456734,0.2396640002278258,5092.57712043468,262.26905284653793,1.1013704199223853,0.9298161245673947
20_130,0.5,42,11,0.8621801479873967,-3.4194362462500765,0.22018306916700134,5665.700789825436,234.5222408885545,1.1698211827746403,0.9298161245673947
20_130,0.5,42,12,0.8495492980639193,-1.8600152551332563,0.22267962008487782,4370.048874488141,202.26172893426497,0.8416675944470947,0.8416675944470947
20_130,0.5,42,13,0.837114880385412,-3.7450857125983092,0.22780799501482235,5970.993791057765,235.91911743260468,1.235816521944671,0.8416675944470947
20_130,0.5,42,14,0.8248738400801048,-3.517053843204846,0.22906866475705484,5689.596835542193,243.08915445783276,1.1904268807146314,0.8416675944470947
20_130,0.5,42,15,0.8128231697849323,-2.177825093632938,0.22553644884320204,4616.302153603381,212.46441632991323,0.9114692604212216,0.8416675944470947
20_130,0.5,42,16,0.8009599089066888,-3.4462648265158853,0.22459447464338841,5716.570350547486,225.16667213645826,1.1633133206260853,0.8416675944470947
20_130,0.5,42,17,0.7892811428946735,-2.920475100409007,0.195423398320787,5467.565208744744,195.06061146453834,1.0566043450878218,0.8416675944470947
20_130,0.5,42,18,0.7777840025246476,-3.1325777372330155,0.21865875080967986,5197.290318255927,258.31857217432815,1.1159196868335064,0.8416675944470947
20_130,0.5,42,19,0.7664656631939266,-3.215505422244423,0.22058241709000317,5276.371726118678,264.08287138911714,1.142877437812188,0.8416675944470947
20_130,0.5,42,20,0.7553233442274359,-3.478633588207243,0.21087781414268125,5357.735048572335,273.6021838200982,1.1771645298079436,0.8416675944470947
20_130,0.5,42,21,0.7443543081945577,-3.253741660988772,0.2361962065105025,5245.510046458257,275.55639240146525,1.1574098019715797,0.8416675944470947
20_130,0.5,42,22,0.7335558602366034,-2.5262498399221585,0.22167759485688424,4882.438031348694,216.53205822168977,0.9742027918708714,0.8416675944470947
20_130,0.5,42,23,0.7229253474047432,-1.9920984440369298,0.19930664775178028,4414.557397444064,216.684822243456,0.8772479154825369,0.8416675944470947
20_130,0.5,42,24,0.7124601580082336,-2.6765349704168178,0.23249054319097878,5130.846574328126,217.24757330669777,1.0271326603531221,0.8416675944470947
20_130,0.5,42,25,0.7021577209727804,-3.378339708803237,0.18414645274311628,5943.976697850071,190.31523126159013,1.146947842063724,0.8416675944470947
20_130,0.5,42,26,0.6920155052088806,-2.3942909185390864,0.19220746034852612,4896.118720587002,190.86551026776712,0.930189252001294,0.8416675944470947
20_130,0.5,42,27,0.6820310189899872,-3.5895703092433675,0.2014788132249965,5942.007812009215,212.7339938062451,1.187466170384435,0.8416675944470947
20_130,0.5,42,28,0.6722018093403456,-2.542506668027981,0.192751103810412,4922.338972804425,222.10443845600707,0.9926677925481208,0.8416675944470947
20_130,0.5,42,29,0.6625254614323491,-2.075182144221194,0.1849796724375957,4678.28410566365,187.83433134067178,0.8793857236454861,0.8416675944470947
20_130,0.5,42,30,0.6529995979932678,-2.488001306592059,0.1903206826790679,4740.287375329001,227.84517950479434,0.9653145402122283,0.8416675944470947
20_130,0.5,42,31,0.6436218787212026,-2.7489862462904995,0.18257332270799123,5042.541620211698,221.3049606736047,1.016188480764544,0.8416675944470947
20_130,0.5,42,32,0.634389999710123,-2.343957049643382,0.1968223574244356,4958.535805707331,183.41452927425948,0.9295581657297488,0.8416675944470947
20_130,0.5,42,33,0.6253016928838472,-2.867898051013435,0.17130151625527668,5032.165271306304,252.59537930884392,1.0711556094344554,0.8416675944470947
20_130,0.5,42,34,0.6163547254388225,-3.287017925320251,0.1721570985580811,5604.61217847809,216.91965318593574,1.1249907728163542,0.8416675944470947
20_130,0.5,42,35,0.607546899295575,-3.081387702851405,0.1724727462941668,5091.498626147158,274.656698167588,1.1237610671269926,0.8416675944470947
20_130,0.5,42,36,0.5988760505586863,-2.3369758733963053,0.1779559472657028,4869.318117654692,203.68167400966811,0.9480166956218036,0.8416675944470947
20_130,0.5,42,37,0.5903400489851716,-3.6150073665303966,0.18191983010637372,5976.614756369414,211.34794759298276,1.192127743508501,0.8416675944470947
20_130,0.5,42,38,0.581936797461124,-2.493552883672959,0.17439887056951348,5340.45700578515,156.5511015378199,0.959886417166436,0.8416675944470947
20_130,0.5,42,39,0.5736642314864987,-3.0819023557790977,0.19639847286399467,5391.882074445602,215.91824528692734,1.0789535831727686,0.8416675944470947
20_130,0.5,42,40,0.5655203186679085,-2.4026026898683246,0.1705955595293897,4557.8256288792,247.74058839354117,0.9637166897830984,0.8416675944470947
20_130,0.5,42,41,0.5575030582193081,-2.387185145642418,0.17919812082316905,4926.621749279354,191.5304237032102,0.937742173856492,0.8416675944470947
20_130,0.5,42,42,0.5496104804704447,-3.2878986527952847,0.18141373962041335,5254.969256284142,271.56840387517866,1.1520951538193118,0.8416675944470947
20_130,0.5,42,43,0.5418406463829504,-2.5619803793209854,0.18546195507910265,4738.925567771374,239.93104503872559,0.9870953834305349,0.8416675944470947
20_130,0.5,42,44,0.5341916470739625,-2.586841644447066,0.20866731489847293,4900.37398051168,223.4690186419653,0.9905942494956048,0.8416675944470947
20_130,0.5,42,45,0.5266616033471518,-2.4838843787196323,0.17328708195579748,4974.342406116685,202.77075421075025,0.9681796083884218,0.8416675944470947
20_130,0.5,42,46,0.519248665231044,-2.524042351463481,0.1643813649905489,5157.887490534436,190.99565726266403,0.9848269659322483,0.8416675944470947
20_130,0.5,42,47,0.5119510115245198,-2.0699087188015923,0.1780223258011849,4589.095607153937,196.7840365842782,0.8771893009125192,0.8416675944470947
20_130,0.5,42,48,0.504766849349387,-2.943466571427985,0.15984685312806243,4737.28803034915,298.9218496632222,1.0944481724385258,0.8416675944470947
20_130,0.5,42,49,0.49769441370990625,-2.186891715376774,0.17034503254376246,4657.156601390161,209.50823875589876,0.9145627556840203,0.8416675944470947
20_130,0.5,42,50,0.4907319670591703,-2.902406150078627,0.16881962976342785,5044.956201009192,252.04339108803774,1.072806082974202,0.8416675944470947
20_130,0.5,42,51,0.4838777988722253,-2.385864112062385,0.17209356926544933,4565.921913061135,232.1733018455505,0.9369797365293047,0.8416675944470947
20_130,0.5,42,52,0.47713022522583176,-2.163124787762578,0.15568941091678212,4753.518973866579,185.3222873137153,0.8904348765943242,0.8416675944470947
20_130,0.5,42,53,0.47048758838475946,-2.670836654378175,0.1648885909145982,5178.184487028475,193.66275688195302,0.99391406979945,0.8416675944470947
20_130,0.5,42,54,0.4639482563945182,-2.614680198824344,0.15989377601204846,4659.591605206621,256.32058158601916,1.0005289963150326,0.8416675944470947
20_130,0.5,42,55,0.4575106226804207,-2.1831122385014408,0.15930080117684495,4634.049313288356,213.7275990739175,0.9174634853107858,0.8416675944470947
20_130,0.5,42,56,0.45117310565288166,-2.567902554346636,0.182859901788725,4911.742460940691,221.7915630004626,0.9898944697554901,0.8416675944470947
20_130,0.5,42,57,0.44493414831885486,-2.230258437133789,0.15378336687695643,4298.187890841498,262.6986666674233,0.9370667737856118,0.8416675944470947
20_130,0.5,42,58,0.438792217899313,-2.460182545845546,0.17139614688057858,4922.11513631455,213.64927760943564,0.9771856076013576,0.8416675944470947
20_130,0.5,42,59,0.43274580545267627,-2.7070004155661396,0.18142523581444753,5404.36512006794,172.15706639116223,1.0016577517991827,0.8416675944470947
20_130,0.5,42,60,0.4267934255040983,-1.7510597901278695,0.14747155326572006,4470.530701113313,178.95952717507296,0.8200091755261953,0.8200091755261953
20_130,0.5,42,61,0.42093361568051574,-2.139940446534395,0.17083290928106404,4738.071311546851,188.68283566704437,0.8933595705080576,0.8200091755261953
20_130,0.5,42,62,0.4151649363513749,-2.5080777701346357,0.169531981929759,4855.8783617952195,216.3154773089014,0.9682878408020572,0.8200091755261953
20_130,0.5,42,63,0.40948597027494477,-2.250053674389488,0.16389319051359924,4907.726440670484,186.40348176828633,0.9244556985396519,0.8200091755261953
20_130,0.5,42,64,0.4038953222501312,-2.1564558548080144,0.17571052508151588,4616.769583128098,210.67208657491958,0.9082943388823788,0.8200091755261953
20_130,0.5,42,65,0.3983916187737056,-2.5396361838423624,0.17145991632650698,4979.822835928374,208.54304247796168,0.979856376407921,0.8200091755261953
20_130,0.5,42,66,0.3929735077028642,-2.236753977317118,0.15551176408225306,4441.645690125359,242.5902707574291,0.9301700960608812,0.8200091755261953
20_130,0.5,42,67,0.38763965792303584,-1.349529234678795,0.14367570597143944,4034.711023469139,181.3817901808141,0.733860302897693,0.733860302897693
20_130,0.5,42,68,0.38238875902085495,-2.9382965263109586,0.15354095809690976,5174.075194359488,239.16263970279326,1.076124275877884,0.733860302897693
20_130,0.5,42,69,0.37721952096222106,-2.6878661832450024,0.1569187085497685,4572.9356113629365,287.94780619699566,1.0402587536034584,0.733860302897693
20_130,0.5,42,70,0.372130673775365,-2.6015170574138926,0.15535967696585404,5173.308681689297,192.21475388568817,0.9902573307315395,0.733860302897693
20_130,0.5,42,71,0.3671209672388437,-2.929012048356662,0.13194687984549236,4901.861438518985,274.8999452998549,1.0847952198813733,0.733860302897693
20_130,0.5,42,72,0.3621891705743874,-2.992891718914165,0.16231789276796899,5160.508764085214,243.95099953027696,1.0820465228021343,0.733860302897693
20_130,0.5,42,73,0.35733407214452373,-2.4637412365818645,0.14775925598487089,4905.701645180152,212.98027617016194,0.9725532745134314,0.733860302897693
20_130,0.5,42,74,0.35255447915490423,-2.9336534060142867,0.15713277053882574,4773.3245467245415,286.50517254679045,1.0792694121096322,0.733860302897693
20_130,0.5,42,75,0.3478492173612599,-1.9954912197446564,0.15210405645815844,4514.399537462769,200.97624540923496,0.869319413882773,0.733860302897693
20_130,0.5,42,76,0.3432171307809146,-1.8201673558408642,0.1650489454376122,4386.515091901895,193.72621765615355,0.829507206925584,0.733860302897693
20_130,0.5,42,77,0.3386570814087846,-2.6188086023187447,0.14358837462078783,4778.381259957284,238.64199635739755,0.9929416888192244,0.733860302897693
20_130,0.5,42,78,0.3341679489377949,-2.430714289211072,0.12742064615767362,4669.992392741362,235.79589896849083,0.9652207800949758,0.733860302897693
20_130,0.5,42,79,0.32974863048364406,-2.191763724610013,0.15098630207088443,4182.493185125845,276.01827760756856,0.9373395603011323,0.733860302897693
20_130,0.5,42,80,0.3253980403138483,-2.936820835702869,0.1687302092360512,5326.3618421799465,221.35971016739342,1.0752712262417345,0.733860302897693
20_130,0.5,42,81,0.32111510958100054,-3.32236541099719,0.17560897294028932,5322.647990789438,258.24645860806066,1.1418395489974937,0.733860302897693
20_130,0.5,42,82,0.3168987860601775,-2.3585731216597106,0.14751295635026357,4746.413431574476,216.33676720587817,0.9455779845996318,0.733860302897693
20_130,0.5,42,83,0.31274803389043004,-3.1540003152840126,0.1588298354263627,4970.047966484585,287.7708385931091,1.122462560783485,0.733860302897693
20_130,0.5,42,84,0.30866183332029457,-2.347534906040388,0.15237025745078375,4796.085059031333,212.49432736258535,0.9488858910122615,0.733860302897693
20_130,0.5,42,85,0.3046391804572615,-2.5710274233544324,0.1687378854743882,4582.848741411086,269.2148377821796,1.0081201314518837,0.733860302897693
20_130,0.5,42,86,0.3006790870211401,-2.623242505337807,0.14962170900618235,4737.436946524071,252.8947240803146,1.0104524012262266,0.733860302897693
20_130,0.5,42,87,0.29678058010125963,-1.7925906770063782,0.14672456811460674,4214.391117024326,217.306673363879,0.8367851151390404,0.733860302897693
20_130,0.5,42,88,0.2929427019174456,-2.6941879053389983,0.16164852381373576,4546.371447039942,283.3533886670154,1.0263507281385014,0.733860302897693
20_130,0.5,42,89,0.28916450958471324,-2.704932453399194,0.1396324386365608,5142.440880773609,211.57986159701244,1.0191952345619197,0.733860302897693
20_130,0.5,42,90,0.28544507488162135,-2.1463714500020714,0.16027217356588389,4872.17733647828,171.8133343676838,0.8904323285899839,0.733860302897693
20_130,0.5,42,91,0.28178348402222775,-2.4115207095899924,0.14514170077333402,5057.757125442,179.45491015730607,0.9429494414667622,0.733860302897693
20_130,0.5,42,92,0.27817883743159105,-2.449492774347096,0.1412058120218688,4822.545703414938,224.2702705951362,0.9758829338465143,0.733860302897693
20_130,0.5,42,93,0.27463024952476534,-2.365427196819764,0.16496651105156157,4989.128129870542,185.0510135589038,0.9389033360014778,0.733860302897693
20_130,0.5,42,94,0.27113684848922975,-2.7877153455646617,0.1309345312846332,4901.035899882464,252.863943388688,1.044394925857255,0.733860302897693
20_130,0.5,42,95,0.2676977760707032,-2.0487045991272077,0.1487259244476686,4444.137537021058,216.18385489076977,0.8824806230862752,0.733860302897693
20_130,0.5,42,96,0.2643121873622896,-2.418788461101826,0.1530930377723678,4828.510520307554,211.29848220626207,0.9534413432696844,0.733860302897693
20_130,0.5,42,97,0.2609792505969018,-2.6242571982590515,0.12654211698610204,4470.966667546985,296.19183325926264,1.0341180513685146,0.733860302897693
20_130,0.5,42,98,0.25769814694291476,-2.886592568965351,0.14151604341896445,5312.180408726594,211.34364451787533,1.0540388348820304,0.733860302897693
20_130,0.5,42,99,0.25446807030299534,-3.4625442686258263,0.12557624115345628,5848.458054992767,216.2326646316461,1.1744120411824306,0.733860302897693
20_130,0.5,42,100,0.2512882271160621,-2.104149206433213,0.13923599866726483,4963.743372092548,158.85988043964815,0.885813636384638,0.733860302897693
20_130,0.5,42,101,0.2481578361623234,-2.9159334757557915,0.14003242681252137,5122.056238765512,246.1537852104861,1.0780768032823822,0.733860302897693
20_130,0.5,42,102,0.2450761283713493,-2.1450584245792843,0.15832111657287146,4810.421300823772,176.72938607400542,0.8865730477032626,0.733860302897693
20_130,0.5,42,103,0.24204234663312607,-2.7535477341202217,0.12590996140860194,5320.306485663457,195.49034123518422,1.0267859234290453,0.733860302897693
20_130,0.5,42,104,0.23905574561205173,-2.5128147314150615,0.14496684285512493,5055.0978500431875,192.62439385822208,0.9664388920889746,0.733860302897693
20_130,0.5,42,105,0.23611559156382206,-2.5727582452542777,0.15658596361589658,5059.241641467018,205.25718678798745,0.9903623607363687,0.733860302897693
20_130,0.5,42,106,0.2332211621551653,-2.3474593602877136,0.1356631451670697,5117.769113873509,169.3376835450737,0.9369510594081477,0.733860302897693
20_130,0.5,42,107,0.23037174628638085,-2.6265572331195726,0.15495598858621507,5519.030018351912,151.79201620194684,0.9883088609494458,0.733860302897693
20_130,0.5,42,108,0.2275666439166364,-2.123647771260886,0.14779415150312264,4328.054247800739,247.33206183801482,0.915220384373663,0.733860302897693
20_130,0.5,42,109,0.2248051658919834,-1.678912478637183,0.14145538659467863,4001.2738116155433,221.9195198606849,0.8009167920979682,0.733860302897693
20_130,0.5,42,110,0.22208663377604637,-2.0525962683284886,0.13591841226954743,4580.749787819448,205.76672554159313,0.8918536125366675,0.733860302897693
20_130,0.5,42,111,0.21941037968334542,-1.8869825043618618,0.1575759768977785,4562.900943313184,181.16496769135267,0.8432315568263962,0.733860302897693
20_130,0.5,42,112,0.21677574611521144,-2.398645276818466,0.16034675359690082,4763.863973710467,225.08944555836746,0.9651833249766222,0.733860302897693
20_130,0.5,42,113,0.21418208579825188,-1.9586019138785762,0.14837616618412172,4642.674894575597,185.31529092804453,0.8673867699559356,0.733860302897693
20_130,0.5,42,114,0.21162876152533033,-1.7960674504749279,0.14699960702349274,4449.955540812987,180.48526202849916,0.8185186663705357,0.733860302897693
20_130,0.5,42,115,0.20911514599901782,-1.94161540501387,0.14318991198344574,4375.094629128872,216.05338159243644,0.8678941109937273,0.733860302897693
20_130,0.5,42,116,0.20664062167747893,-2.0630558928592566,0.14682542422852682,4768.926356910049,182.2284518625788,0.8879887206895616,0.733860302897693
20_130,0.5,42,117,0.20420458062275576,-2.3272086667617278,0.13822616908904845,5031.278950681376,172.13217947646964,0.9240785014667666,0.733860302897693
20_130,0.5,42,118,0.2018064243514096,-2.0954914021287907,0.1336662247717028,4511.935631161854,216.98333652786215,0.8980297769391241,0.733860302897693
20_130,0.5,42,119,0.1994455636874869,-1.8349617192151624,0.14093254724995083,4480.28191697778,191.63696216825946,0.8451794629928238,0.733860302897693
20_130,0.5,42,120,0.19712141861777083,-2.258502246581358,0.14205090939520573,4865.811325488047,194.54686332466989,0.9306114923812703,0.733860302897693
20_130,0.5,42,121,0.19483341814928484,-2.338822052577849,0.12968914424936692,4559.285655879801,244.72409956291213,0.9585132332021823,0.733860302897693
20_130,0.5,42,122,0.19258100016901147,-1.924615691638333,0.13378280137432236,4411.922443043932,210.85033913593853,0.8660489445546049,0.733860302897693
20_130,0.5,42,123,0.19036361130579338,-2.475522027646879,0.12811626975091933,4938.438966593406,208.15808237357146,0.9705533063345191,0.733860302897693
20_130,0.5,42,124,0.18818070679438154,-1.883025891551282,0.1398064818967653,4515.765361806204,186.62989161643102,0.8434126777940254,0.733860302897693
20_130,0.5,42,125,0.1860317503415984,-2.7655234459230424,0.14600423637536936,5235.528541098546,209.53947648096866,1.0348155656654647,0.733860302897693
20_130,0.5,42,126,0.1839162139945818,-2.4858540338294612,0.142489814354889,4869.122997525604,226.2952667699117,0.9892593237531806,0.733860302897693
20_130,0.5,42,127,0.18183357801107813,-1.9505368980552207,0.1533816988543721,4333.42085487619,223.5797745006256,0.8729736906032712,0.733860302897693
20_130,0.5,42,128,0.17978333073175307,-1.8861709851479884,0.13475369525975306,4633.591251904483,178.04772124547947,0.8522314187256695,0.733860302897693
20_130,0.5,42,129,0.17776496845448742,-2.174006696221287,0.12304792255344263,4545.544554248681,223.47474135687852,0.9168649496685974,0.733860302897693
20_130,0.5,42,130,0.17577799531062827,-2.104150493360722,0.1439566495506992,4755.97626087387,183.8871130580834,0.8883255021280593,0.733860302897693
20_130,0.5,42,131,0.1738219231431649,-2.3374044621557837,0.12905166215043543,4936.07709573313,192.25169966595757,0.9410239149617453,0.733860302897693
20_130,0.5,42,132,0.17189627138679878,-2.575904573779705,0.11826890074347703,5188.540457149759,184.1047443177725,0.9786171968359796,0.733860302897693
20_130,0.5,42,133,0.1700005669498786,-1.765222208056259,0.1231366908110213,4694.71957101411,150.79613955871054,0.8151847006432134,0.733860302897693
20_130,0.5,42,134,0.16813434409817252,-2.242888707084849,0.11196891370577096,4795.342331297615,198.19408132764187,0.9226251349241704,0.733860302897693
20_130,0.5,42,135,0.16629714434044632,-2.1673098220130247,0.12592471548041845,5036.141904409918,154.09431807447496,0.8921593458351464,0.733860302897693
20_130,0.5,42,136,0.16448851631582245,-2.808706982028241,0.14277557914767963,4681.162975537831,290.19956998318906,1.0668610889414036,0.733860302897693
20_130,0.5,42,137,0.16270801568288995,-1.9815353150665664,0.1233367256802039,4517.271100310729,199.06426269575397,0.8664256758084886,0.733860302897693
20_130,0.5,42,138,0.16095520501053945,-2.2494877344220297,0.12793486264531725,4573.573204867309,230.5901682706482,0.9356796536632275,0.733860302897693
20_130,0.5,42,139,0.1592296536704954,-1.7131136922328927,0.14355976825118288,4293.5906481469465,204.549925022727,0.8299555514853516,0.733860302897693
20_130,0.5,42,140,0.15753093773152022,-1.9731927107423588,0.11548201704385903,4426.988199773522,217.93040395488322,0.8821051762425882,0.733860302897693
20_130,0.5,42,141,0.15585863985526294,-2.2521949545848337,0.1270096504868911,4852.814922842508,187.2523605035542,0.9145938324413021,0.733860302897693
20_130,0.5,42,142,0.15421234919372853,-2.2200115343032465,0.12805088588635977,4701.537660317316,204.58750579484246,0.9148026671255952,0.733860302897693
20_130,0.5,42,143,0.152591661288341,-2.5146136582162524,0.12434959116182483,5125.444855243377,188.26732016493904,0.9731039917546402,0.733860302897693
20_130,0.5,42,144,0.15099617797057668,-2.344913703586858,0.1274546035983334,5040.472833104199,182.76114032863964,0.9453932888115774,0.733860302897693
20_130,0.5,42,145,0.14942550726414244,-2.089338940891135,0.15038216089067677,4622.59182033103,199.9860633228404,0.8899959906340391,0.733860302897693
20_130,0.5,42,146,0.14787926328867598,-1.9768877236566191,0.13527506010157161,4165.885122522323,244.58611938838425,0.8765058414480653,0.733860302897693
20_130,0.5,42,147,0.1463570661649425,-2.1093993728140465,0.13924826894162431,4665.950084312826,202.65544008886872,0.9038797854834539,0.733860302897693
20_130,0.5,42,148,0.1448585419215072,-1.90022597461574,0.11563263937701196,4421.575714494676,205.76372014808572,0.858768975616417,0.733860302897693
20_130,0.5,42,149,0.14338332240285795,-2.2174456141553454,0.14715364214423693,4723.915812934816,203.80822822964555,0.9180305954580282,0.733860302897693
20_130,0.5,42,150,0.1419310451789575,-1.911966852681441,0.11100147226657082,4182.790459514668,242.38579632576926,0.876002174930822,0.733860302897693
20_130,0.5,42,151,0.14050135345620207,-2.165893906814568,0.12455765595408641,4675.703734635287,210.41191167727902,0.9200669110470764,0.733860302897693
20_130,0.5,42,152,0.13909389598976496,-1.9132507745271075,0.13581518538636458,4717.686764136229,167.53350413927953,0.8505132708323541,0.733860302897693
20_130,0.5,42,153,0.13770832699730284,-1.4599989299859035,0.11592186163820509,3952.9521073056108,209.22316356344578,0.7676963414430849,0.733860302897693
20_130,0.5,42,154,0.13634430607400466,-1.8238348107956797,0.11888098442624204,4396.7917482123985,193.515661651521,0.8312584862487035,0.733860302897693
20_130,0.5,42,155,0.13500149810896128,-1.7815220751693066,0.12721825048509253,4398.506241588056,190.9670410491471,0.8269620483738562,0.733860302897693
20_130,0.5,42,156,0.13367957320283602,-1.9024012943973596,0.10062832929878289,4286.156315025556,222.06841553424346,0.8603921706411869,0.733860302897693
20_130,0.5,42,157,0.13237820658681518,-1.8907234081079662,0.14372673671472297,4520.908870376298,193.13124614268202,0.8563504046965442,0.733860302897693
20_130,0.5,42,158,0.13109707854281938,-1.9821557241440262,0.11582934915975311,4585.322506111108,194.20441906188222,0.871695857442933,0.733860302897693
20_130,0.5,42,159,0.12983587432495577,-2.099289661642705,0.1173966908212507,4446.169599210117,223.25540168186998,0.8958126751509359,0.733860302897693
20_130,0.5,42,160,0.12859428408219134,-2.1397010542542656,0.12778480431004124,3979.9998715395736,292.94629413515383,0.9261615550498579,0.733860302897693
20_130,0.5,42,161,0.1273720027822294,-1.726942528680043,0.12625238082991735,4250.507278704484,208.6894878793956,0.8285592252436038,0.733860302897693
20_130,0.5,42,162,0.12616873013656954,-2.0454951918751942,0.11242579651247761,4548.809407401937,211.16691082231864,0.8950743751693757,0.733860302897693
20_130,0.5,42,163,0.12498417052673307,-2.2660081989908294,0.11869851482310836,4902.030779309351,186.73933236729331,0.9238851666308242,0.733860302897693
20_130,0.5,42,164,0.12381803293163596,-1.6531160298656533,0.11604159970591406,4041.0755012347245,223.88107032306098,0.8127692672066731,0.733860302897693
20_130,0.5,42,165,0.12267003085609117,-1.5127719549273406,0.14206491988534609,4050.7503081744003,205.30640667771627,0.7808701171589636,0.733860302897693
20_130,0.5,42,166,0.1215398822604227,-1.7750523532509006,0.11403671248338532,4340.102141388054,198.67063375832436,0.8288882686879055,0.733860302897693
20_130,0.5,42,167,0.1204273094911746,-2.155332437620425,0.1232024524980466,4395.474640749087,243.25909838773524,0.9217959521179488,0.733860302897693
20_130,0.5,42,168,0.11933203921289748,-2.1993800965259793,0.1130828382984658,4333.4439396959715,265.35339549016595,0.9492400457765164,0.733860302897693
20_130,0.5,42,169,0.11825380234099556,-1.942054014948778,0.10141257965171686,4453.852168578355,205.93076476832556,0.865781541255232,0.733860302897693
20_130,0.5,42,170,0.11719233397561858,-2.253958669954704,0.10781653547471604,4801.746331664991,202.49151524563905,0.9318013558003643,0.733860302897693
20_130,0.5,42,171,0.11614737333658141,-1.8103948244887327,0.11808186688105748,4279.855158123028,216.74633890266125,0.8493667436402207,0.733860302897693
20_130,0.5,42,172,0.11511866369929591,-1.795059165392101,0.12366476384599072,4335.75895388114,208.497591077664,0.8459256860089199,0.733860302897693
20_130,0.5,42,173,0.11410595233169919,-1.9337103640378897,0.11097490569743056,4628.131679007479,181.67102809282557,0.8577115015433829,0.733860302897693
20_130,0.5,42,174,0.11310899043216277,-1.7212423799748475,0.11498245722442793,4322.017108522024,197.97306635896294,0.8238564102895272,0.733860302897693
20_130,0.5,42,175,0.1121275330683672,-1.7927814987751665,0.109798628046757,4598.944480372547,172.07643059408394,0.8341300788784958,0.733860302897693
20_130,0.5,42,176,0.11116133911712744,-1.9190325265512849,0.10339962599935175,4048.9471613713167,262.0172264213092,0.8840261691558587,0.733860302897693
20_130,0.5,42,177,0.1102101712051541,-2.1283962887126116,0.09619583224479174,4785.678060033684,184.08057494906362,0.8948512366803174,0.733860302897693
20_130,0.5,42,178,0.10927379565073586,-1.7394522289949634,0.09894234910425943,4615.805777393091,155.95473466853667,0.808202523338207,0.733860302897693
20_130,0.5,42,179,0.10835198240632873,-1.7185826509194766,0.10628494474942211,4214.014643722218,215.88317141751892,0.8341081446923511,0.733860302897693
20_130,0.5,42,180,0.1074445050020384,-1.6253850328772734,0.09095268738219768,4216.27608640309,201.93491440878782,0.8091142957373558,0.733860302897693
20_130,0.5,42,181,0.10655114048998136,-1.7118989014876274,0.1211242460117262,4363.49306074289,191.3939091942186,0.8204649851121666,0.733860302897693
20_130,0.5,42,182,0.10567166938951125,-2.088088709265288,0.11906085177229683,4591.460571300997,210.50774241697644,0.9027346592788039,0.733860302897693
20_130,0.5,42,183,0.10480587563329734,-1.7561839593568236,0.1185652167352457,4143.951286817676,223.57604822643395,0.8335918051350212,0.733860302897693
20_130,0.5,42,184,0.10395354651424124,-2.218630530101205,0.101881051622254,4748.030333417375,206.34224595331122,0.927668094285763,0.733860302897693
20_130,0.5,42,185,0.10311447263321932,-1.415158083252634,0.0997509030392619,4011.94029313663,196.76322014047133,0.7572083519819897,0.733860302897693
20_130,0.5,42,186,0.10228844784763778,-2.181447033794566,0.10209579919424983,4604.976124102549,223.58409945239745,0.9294155102523933,0.733860302897693
20_130,0.5,42,187,0.10147526922078795,-1.7165037708414315,0.10907869600745912,4328.403399385814,198.9621296677283,0.8269892183236335,0.733860302897693
20_130,0.5,42,188,0.10067473697198882,-1.7358911833702515,0.09127288026146249,4394.634526056066,188.61515146798956,0.8218638492336162,0.733860302897693
20_130,0.5,42,189,0.09988665442750533,-2.0147118366680115,0.1047082581794071,4429.446341453059,223.8125229672187,0.8933543660934097,0.733860302897693
20_130,0.5,42,190,0.09911082797222981,-2.0999995333899903,0.10265122548458408,4592.275033704405,209.55547503564262,0.9011654677630819,0.733860302897693
20_130,0.5,42,191,0.09834706700211487,-2.074507668420439,0.08688883675613002,4136.1540396695955,267.9559236681085,0.9129909142191068,0.733860302897693
20_130,0.5,42,192,0.09759518387734595,-1.7617273206912034,0.09760050788675675,4456.404891665942,181.26956833851204,0.8212907767817474,0.733860302897693
20_130,0.5,42,193,0.09685499387624241,-1.987112680159848,0.10152801708787018,4538.188702822187,204.38348091420866,0.8804834369952289,0.733860302897693
20_130,0.5,42,194,0.09612631514987509,-1.9545572294885742,0.0945445110485465,4581.904447258382,194.24458954289776,0.8710588600416962,0.733860302897693
20_130,0.5,42,195,0.09540896867739013,-1.6040216215529572,0.09156607581367579,4002.1773912176095,226.84668492648996,0.8100995612323951,0.733860302897693
20_130,0.5,42,196,0.0947027782220271,-1.689444798757239,0.09267090028905256,4507.15800125784,170.6479467354628,0.8124474190255291,0.733860302897693
20_130,0.5,42,197,0.09400757028782174,-1.6012336188500966,0.09800931254589378,4442.69915503469,161.22374474964846,0.7818470050011245,0.733860302897693
20_130,0.5,42,198,0.09332317407698135,-1.7030368248276364,0.11376871857916164,4278.9020102423365,196.48446285616416,0.8121787588764617,0.733860302897693
20_130,0.5,42,199,0.09264942144792357,-1.993772607094822,0.09826966026590467,4404.923618905493,225.22184282507848,0.8908309584115122,0.733860302897693
20_130,0.5,42,200,0.09198614687396757,-1.7359941368081788,0.09828723846697664,4160.63645538992,219.39875175652577,0.8294332383867489,0.733860302897693
20_130,0.5,42,201,0.0913331874026676,-1.7628969292864838,0.08945949355310027,4181.456104432375,224.2950800869987,0.8426986190460076,0.733860302897693
20_130,0.5,42,202,0.09069038261577916,-1.5720025982245422,0.09086061914148871,4121.1454508090565,201.9088056816633,0.7892968256023116,0.733860302897693
20_130,0.5,42,203,0.09005757458984752,-1.95267291762655,0.10308188736409166,4268.291228762827,231.38891968267862,0.873694924933333,0.733860302897693
20_130,0.5,42,204,0.08943460785740934,-2.017493387499673,0.09463558465321319,4499.2246575168765,211.25781719695684,0.8849357566873282,0.733860302897693
20_130,0.5,42,205,0.08882132936879764,-1.576726375802354,0.09767477732930016,4167.787087753036,196.76601973779003,0.7896011466201411,0.733860302897693
20_130,0.5,42,206,0.08821758845454078,-1.9580124983554499,0.09388247115071548,4343.700928880611,225.94208195992778,0.8794226772584152,0.733860302897693
20_130,0.5,42,207,0.08762323678834613,-1.9013747949042323,0.08435930181000273,4278.074583650294,227.43687108170695,0.8685132513956108,0.733860302897693
20_130,0.5,42,208,0.08703812835065944,-1221.3123687078876,0.08920357695133473,153976.27707051364,150111.80813448288,305.60601172964147,0.733860302897693
20_130,0.5,42,209,0.08646211939279098,-1.7128316050036008,0.09692611325361634,4312.388909581374,194.85716294838875,0.8161671364601354,0.733860302897693
20_130,0.5,42,210,0.08589506840159955,-1.467361480004741,0.08332459943440702,4079.6407914932042,193.32341451152655,0.7649980179088332,0.733860302897693
20_130,0.5,42,211,0.08533683606472567,-1221.465448799124,0.10828168027453436,154164.0740628654,150103.14626946958,305.62922619689505,0.733860302897693
20_130,0.5,42,212,0.08478728523636561,-2.133048401433755,0.09193115483999972,4409.223521423324,241.2661971481873,0.9210149863613247,0.733860302897693
20_130,0.5,42,213,0.08424628090357741,-1.4672239473099506,0.10270324339194929,4258.504972966453,172.5391472661555,0.7642255394970403,0.733860302897693
20_130,0.5,42,214,0.08371369015311121,-1.4708677991599628,0.10180337237269751,4151.73017105479,183.23187129394006,0.7615564158794568,0.733860302897693
20_130,0.5,42,215,0.08318938213875532,-2.250056565963127,0.09367641203069363,4523.020162714315,241.68785768274793,0.9454336941603344,0.733860302897693
20_130,0.5,42,216,0.08267322804918986,-1.8567420340132874,0.08911211701916429,4216.083158190969,234.00492553409495,0.8676209341887475,0.733860302897693
20_130,0.5,42,217,0.08216510107634088,-2.0820392387117055,0.10202736218283999,4262.322602909765,254.92914074071845,0.9154293623474791,0.733860302897693
20_130,0.5,42,218,0.08166487638422609,-1.4749120159090379,0.09291092525392135,4076.1299901795182,198.25668122977208,0.7732745407737962,0.733860302897693
20_130,0.5,42,219,0.08117243107828538,-1.6177214802548325,0.08065436507318093,4331.225949093711,183.95738144570757,0.8001832560665941,0.733860302897693
20_130,0.5,42,220,0.08068764417518824,-1221.4549558901608,0.09168751738692053,154155.72568760402,150106.9671396254,305.63446660601784,0.733860302897693
20_130,0.5,42,221,0.08021039657311081,-2.1599841085817695,0.09728584212782455,4338.816869998169,254.82593912495966,0.9311378020372172,0.733860302897693
20_130,0.5,42,222,0.07974057102247495,-1.6385370373732364,0.09407769427521784,3990.7908799326196,230.8479603755889,0.8150379389969887,0.733860302897693
20_130,0.5,42,223,0.0792780520971426,-1.8085527910126116,0.08855137926536945,4432.547883047718,191.2652145233136,0.8345808384457936,0.733860302897693
20_130,0.5,42,224,0.07882272616605801,-1.9320981600848137,0.08939648444935448,4484.355992510121,205.11667272211167,0.8706345688812323,0.733860302897693
20_130,0.5,42,225,0.0783744813653311,-1.6648825391202484,0.08851579333997603,4316.527869323006,191.56066960914197,0.8110092350686624,0.733860302897693
20_130,0.5,42,226,0.07793320757075473,-1.7173178863276644,0.08743760661641575,3976.052688683971,244.574829755854,0.837034738537183,0.733860302897693
20_130,0.5,42,227,0.07749879637074959,-1.5392473740605626,0.08949420451336962,4112.159252635063,204.24340059918063,0.79169135289465,0.733860302897693
20_130,0.5,42,228,0.07707114103972987,-1.7275119425207848,0.10525227099107895,4532.059840584503,169.81549166249349,0.8161027331049436,0.733860302897693
20_130,0.5,42,229,0.0766501365118829,-1.274010814383192,0.0861116072735855,3926.854360106941,192.48509760778407,0.7317159070590015,0.7317159070590015
20_130,0.5,42,230,0.07623567935535681,-1.6611119650376132,0.09549870386780436,4024.81699000115,236.6783678619885,0.8327530994845115,0.7317159070590015
20_130,0.5,42,231,0.07582766774684957,-1.8400193670538103,0.08357286447473218,4376.809421167932,208.02342775974313,0.8535910610996719,0.7317159070590015
20_130,0.5,42,232,0.07542600144659303,-1.7435147941721407,0.0778958318393813,4094.6041913437616,236.82318428848535,0.8475204734348101,0.7317159070590015
20_130,0.5,42,233,0.07503058177372629,-1.5929334110403173,0.10377387056521883,3935.9601138251146,239.40456770585214,0.8192640165407431,0.7317159070590015
20_130,0.5,42,234,0.0746413115820518,-1.658031296274781,0.07695833174701647,3881.723711162854,255.86700336846798,0.8380464243572955,0.7317159070590015
20_130,0.5,42,235,0.07425809523616868,-1.3636022201227986,0.07754473473416021,4061.7277765386507,187.3529008929549,0.7503756632558078,0.7317159070590015
20_130,0.5,42,236,0.0738808385879771,-1.4203884292479205,0.09435493540170754,4041.4547854425014,192.30247334683952,0.755198478163351,0.7317159070590015
20_130,0.5,42,237,0.0735094489535481,-1.5608269167219408,0.08094711562264187,4205.914929289082,196.641007380545,0.797296556020312,0.7317159070590015
20_130,0.5,42,238,0.07314383509035316,-1.5324473282371862,0.09466545181558919,4303.3785412713105,177.13183740655074,0.7819354251328896,0.7317159070590015
20_130,0.5,42,239,0.07278390717484776,-1.5083430485379548,0.0788351736649867,4253.809404879491,176.69611808666784,0.7708386481373747,0.7317159070590015
20_130,0.5,42,240,0.07242957678040378,-1.2773821375302858,0.08399064917737704,4088.497998776862,173.9590630897545,0.7314873092743464,0.7314873092743464
20_130,0.5,42,241,0.07208075685558483,-1.5101624232251911,0.07921551711844457,4268.507141516998,179.62385006772936,0.7792379362536282,0.7314873092743464
20_130,0.5,42,242,0.0717373617027597,-1.5304679236649372,0.07990133041312053,4449.505820449696,152.72489860472555,0.7677461295453829,0.7314873092743464
20_130,0.5,42,243,0.07139930695704806,-1.5571888531208198,0.08139523921569784,4319.626039574933,179.01862867299562,0.7887564484894402,0.7314873092743464
20_130,0.5,42,244,0.0710665095655941,-1.5583951477262286,0.07594939570125345,4346.945416471053,173.9717531027614,0.78522035980313,0.7314873092743464
20_130,0.5,42,245,0.07073888776716195,-1.3524478681033596,0.06765955473186969,4258.640995207117,159.76655895968443,0.7409362816001545,0.7314873092743464
20_130,0.5,42,246,0.07041636107204882,-1.5218869043723153,0.07681477154763054,4431.146864797798,160.95453517097457,0.7789547708261235,0.7314873092743464
20_130,0.5,42,247,0.07009885024231037,-1.4645883287578416,0.07335526229071876,4229.053373690473,179.88257421306352,0.7715110793034575,0.7314873092743464
20_130,0.5,42,248,0.0697862772722936,-1.3901890836884885,0.08837756844243572,4120.971593570221,184.2649120788696,0.7570501569250081,0.7314873092743464
20_130,0.5,42,249,0.0694785653694726,-1.6231147824953163,0.0799719256430624,4313.128427432457,190.5513425522813,0.8084601530552865,0.7314873092743464
20_130,0.5,42,250,0.06917563893558212,-1.6165943474030053,0.07444251951832509,4280.354542450898,191.57206181267594,0.8035125839647485,0.7314873092743464
20_130,0.5,42,251,0.06887742354804487,-1.2005131387742871,0.06727752993796011,4028.0323546065283,175.8541628144431,0.7223811706964578,0.7223811706964578
20_130,0.5,42,252,0.06858384594168729,-1.2536358651315909,0.07392324666658778,4037.9923445441495,177.33906357374207,0.7271618522857837,0.7223811706964578
20_130,0.5,42,253,0.06829483399074003,-1.450000733480993,0.07464850170102173,4210.959272394428,180.4315799568586,0.7687530693731343,0.7223811706964578
20_130,0.5,42,254,0.06801031669111803,-1.6086460927538275,0.07352563071052179,4508.444011267493,164.70147837841242,0.8018588536357873,0.7223811706964578
20_130,0.5,42,255,0.06773022414297643,-1.8253121970938695,0.06719594407068671,4118.220316653366,244.45380614549657,0.8663587130541311,0.7223811706964578
20_130,0.5,42,256,0.06745448753353762,-1.49363138107356,0.06384874378016217,4278.215147948056,172.29449181837109,0.7678750169855617,0.7223811706964578
20_130,0.5,42,257,0.06718303912018544,-1.4044473269017212,0.06768330629098993,4283.551470263312,165.74723575946928,0.757031384394983,0.7223811706964578
20_130,0.5,42,258,0.0669158122138222,-1.675375226754497,0.06874631370533339,4452.054590709845,173.71584266786343,0.8065966926915102,0.7223811706964578
20_130,0.5,42,259,0.06665274116248465,-1.3446548501792885,0.07328499620455955,4123.744680851509,172.64683815839993,0.7364165985477081,0.7223811706964578
20_130,0.5,42,260,0.06639376133521471,-1.389838586138676,0.07283771931825782,4135.772135490947,180.20407139653892,0.752712532537555,0.7223811706964578
20_130,0.5,42,261,0.06613880910618089,-1.523757174120353,0.07251561300926279,4285.294959312414,179.6049201814928,0.7826921795329742,0.7223811706964578
20_130,0.5,42,262,0.06588782183904693,-1.5220438650090875,0.08716398802546793,4247.545908260144,184.078311600869,0.7830138522551578,0.7223811706964578
20_130,0.5,42,263,0.06564073787158327,-1.4319737596246092,0.09329994749244457,4175.392499847501,177.5465625553238,0.7560948107575232,0.7223811706964578
20_130,0.5,42,264,0.06539749650051803,-1.6729763049418906,0.0672903523780192,4410.705801880745,179.28112790656135,0.8081636289050254,0.7223811706964578
20_130,0.5,42,265,0.06515803796662348,-1.5141863801449627,0.07513753030593087,4246.469033717866,182.02934370934787,0.7790494810391266,0.7223811706964578
20_130,0.5,42,266,0.06492230344003448,-1.6156251420215575,0.06096497144337709,4444.682201506992,165.82502379066602,0.7906591715082754,0.7223811706964578
20_130,0.5,42,267,0.06469023500579518,-1.482513416537961,0.061737928316760594,4201.141853621221,183.90607339866375,0.7730558433119794,0.7223811706964578
20_130,0.5,42,268,0.06446177564963067,-1.6280757271097026,0.06999328972233806,4348.67509503991,182.25609309985984,0.8007036359621298,0.7223811706964578
20_130,0.5,42,269,0.06423686924393959,-1.2760896855536903,0.07483419601022744,3777.2718910797785,210.66055819525664,0.7338110216770228,0.7223811706964578
20_130,0.5,42,270,0.064015460534005,-1.6559888233555635,0.06377529445691445,4470.0251726907345,171.7759128906056,0.8067897743814594,0.7223811706964578
20_130,0.5,42,271,0.0637974951244193,-1.4895187410213644,0.07632113444698363,4184.294354179862,186.96148478428924,0.7751325712582271,0.7223811706964578
20_130,0.5,42,272,0.06358291946572056,-1.5511417519345883,0.07336725736455488,4373.009364663506,169.0487080846964,0.7816494350976442,0.7223811706964578
20_130,0.5,42,273,0.06337168084123639,-1.7015674864735968,0.07127374540735634,4379.998317451316,186.166036538962,0.8143511068276343,0.7223811706964578
20_130,0.5,42,274,0.06316372735413278,-1.410669247826009,0.06163404528719609,4029.38190076316,201.8973867922461,0.7702059122451025,0.7223811706964578
20_130,0.5,42,275,0.06295900791466405,-1.616472218370714,0.07290103151754285,3892.5580411745423,248.46388420649998,0.8267829175075414,0.7223811706964578
20_130,0.5,42,276,0.06275747222762111,-1.4479741025046735,0.05913519250569107,4190.859313132672,177.60115572315846,0.759408749291392,0.7223811706964578
20_130,0.5,42,277,0.06255907077997513,-1.5311418013357971,0.05629204086335872,4102.9706959700825,206.30070906512933,0.7935376148361137,0.7223811706964578
20_130,0.5,42,278,0.062363754828713217,-1.2655385786942412,0.05384313341148648,3941.407673489568,189.24414121248174,0.7288236778625935,0.7223811706964578
20_130,0.5,42,279,0.06217147638886324,-1.4968911515497658,0.06986608533278324,4230.68103282114,180.7647353110561,0.7734598008744544,0.7223811706964578
20_130,0.5,42,280,0.06198218822170495,-2.0243762499704796,0.06352427580045569,4653.0779349422,195.2163579337062,0.8876240047725622,0.7223811706964578
20_130,0.5,42,281,0.06179584382316449,-1.6331777278341297,0.0620357846543915,4367.947684908301,181.03711743575028,0.8024834651475656,0.7223811706964578
20_130,0.5,42,282,0.06161239741238927,-1.6123426834531591,0.07064741813690475,4245.471128858178,194.50394004330067,0.801615613143232,0.7223811706964578
20_130,0.5,42,283,0.06143180392050065,-1.4698778150541247,0.07369903205450001,3977.0969172504865,208.38826579061447,0.7711898722339496,0.7223811706964578
20_130,0.5,42,284,0.06125401897952138,-1.511149095407207,0.059890362173696865,4457.658268413815,153.71385877588003,0.7712457875603155,0.7223811706964578
20_130,0.5,42,285,0.06107899891147547,-1.3126932647250464,0.05731864198882859,3871.3298795540595,207.87613091901702,0.7482746870326324,0.7223811706964578
20_130,0.5,42,286,0.060906700717657275,-1.5095942013893378,0.06782706823507058,4254.787043621688,179.67739352148456,0.776484408933193,0.7223811706964578
20_130,0.5,42,287,0.060737082068067785,-1.4715859224356278,0.07134964087704783,4102.416824147513,196.99080054017867,0.7764264228888492,0.7223811706964578
20_130,0.5,42,288,0.06057010129101494,-1.5131770247374365,0.0690546590881547,4061.362905373473,199.7823142335356,0.772990865130968,0.7223811706964578
20_130,0.5,42,289,0.06040571736287584,-1.4130103149710507,0.05929317456160219,4279.579111517521,167.33708762006432,0.7591082785984625,0.7223811706964578
20_130,0.5,42,290,0.06024388989801807,-1.205221666411441,0.05614434888756785,4073.2399465455696,164.74868041587226,0.7115020255494692,0.7115020255494692
20_130,0.5,42,291,0.06008457913887785,-1.2798313102952874,0.0664128945977774,4105.051448200129,169.91430254136662,0.7275433254093197,0.7115020255494692
20_130,0.5,42,292,0.05992774594619241,-1.5742561773490973,0.06048414193224152,4436.611151810167,160.69134077270724,0.7796098596330896,0.7115020255494692
20_130,0.5,42,293,0.05977335178938433,-1.4986543119996942,0.05684651840738446,4178.615223894854,190.3367234981518,0.7801141552005008,0.7115020255494692
20_130,0.5,42,294,0.059621358737095426,-1.3458671695463422,0.06466100794237346,3950.4399513255744,202.68964364239105,0.7552467346665278,0.7115020255494692
20_130,0.5,42,295,0.05947172944786773,-1.5644047271465638,0.0709397245392012,4186.512329098839,200.89800017643518,0.8010358859713451,0.7115020255494692
20_130,0.5,42,296,0.059324427160969605,-1.2408150157954654,0.05171091028000898,3887.9354642272274,194.74934633867647,0.7277614740065864,0.7115020255494692
20_130,0.5,42,297,0.05917941568736433,-1.2158384345057645,0.06441502625878238,3925.88968961938,188.01052650713348,0.7233466937635262,0.7115020255494692
20_130,0.5,42,298,0.05903665940081926,-1.4776584661010772,0.05789288249241416,4149.3866482555995,190.64135185216813,0.7745960739567267,0.7115020255494692
20_130,0.5,42,299,0.058896123229153184,-1.3106356399528176,0.05324445193371173,3859.6927395758385,207.05405899758202,0.7443555189348133,0.7115020255494692
20_130,0.5,42,300,0.05875777264561992,-1.1960355290577405,0.05612790924794551,3835.6483517888305,200.35128939747517,0.7271221578777107,0.7115020255494692
20_130,0.5,42,301,0.05862157366042571,-1.353436323639883,0.056712581649256855,4039.1493857090104,193.21705228514315,0.756389023189913,0.7115020255494692
20_130,0.5,42,302,0.058487492812378764,-1.4274718608895052,0.0656036540144907,4094.765332846471,190.45132910075637,0.7628979075023186,0.7115020255494692
20_130,0.5,42,303,0.05835549716066848,-1.2382923631181608,0.055775937328226166,3876.5068673571923,196.81562292057666,0.729158588615038,0.7115020255494692
20_130,0.5,42,304,0.05822555427677263,-1.1656678220470051,0.052108280858153846,3817.3836901440673,198.33053671376948,0.7196373739821698,0.7115020255494692
20_130,0.5,42,305,0.05809763223649032,-1.2190388083791321,0.07451427229127158,3753.217052727804,208.2746487630975,0.724456311041392,0.7115020255494692
20_130,0.5,42,306,0.057971699612098956,-1.1252090005254591,0.06169135585994902,3804.0403315864555,193.32212652621416,0.707721081300196,0.707721081300196
20_130,0.5,42,307,0.05784772546463305,-1.1873118718634759,0.062452732442828486,3845.8264282364066,192.9311749168076,0.7156912435791446,0.707721081300196
20_130,0.5,42,308,0.05772567933628324,-1220.6810520700362,0.046810550944310164,153328.72439779213,150122.72914956912,305.49137629312236,0.707721081300196
20_130,0.5,42,309,0.05760553124291343,-1.2842446971759096,0.04916308885631127,3982.113762147738,190.01042017713053,0.7386820256648288,0.707721081300196
20_130,0.5,42,310,0.05748725166669427,-1.829459516292871,0.06194601418026642,4652.2525014932435,163.85966073179472,0.8302079526662913,0.707721081300196
20_130,0.5,42,311,0.05737081154885137,-1.3214591629145525,0.05685086171699576,4057.9918044287733,186.14533045740131,0.7473947330085804,0.707721081300196
20_130,0.5,42,312,0.057256182282526054,-1.2933436907295839,0.06245782554275614,3933.2116867046,196.38654335051206,0.740159515755989,0.707721081300196
20_130,0.5,42,313,0.057143335705747374,-1.537651416004516,0.04783043913980393,4387.831737529702,165.3505789339409,0.7779785105667856,0.707721081300196
20_130,0.5,42,314,0.05703224409451321,-1.192315574708692,0.05357134763971881,3846.6832580304367,194.48614211637903,0.7187080423063216,0.707721081300196
20_130,0.5,42,315,0.056922880155979176,-1.2958746382937452,0.06622101362880778,3971.0999838090856,193.02003164909763,0.7418874907422675,0.707721081300196
20_130,0.5,42,316,0.05681521702175326,-1.3881458435694414,0.05561155494264998,4034.4826585987876,192.51950972781813,0.7541457682516677,0.707721081300196
20_130,0.5,42,317,0.05670922824129488,-1.2508461258253107,0.049921030615542726,3902.369464145972,197.14268137035998,0.7351303626251589,0.707721081300196
20_130,0.5,42,318,0.05660488777541653,-1.312779423045244,0.06595339484274174,3869.0488253439626,207.22595404231456,0.7466136869301422,0.707721081300196
20_130,0.5,42,319,0.056502169989886525,-1.2764860792463981,0.05848785296267617,3904.068541185882,197.03472853185005,0.7352863827264624,0.707721081300196
20_130,0.5,42,320,0.056401049649131195,-1.496593267675191,0.07518454418709145,4118.752624931417,196.2670685187757,0.7785000485205293,0.707721081300196
20_130,0.7,42,1,1.0,-4.930709068406214,0.262018857192098,5708.642861595955,185.64201172396952,1.3919021588764453,1.3919021588764453
20_130,0.7,42,2,0.9852258055592246,-5.3946109944857215,0.3636874862929485,5912.21492411219,226.57433808666084,1.4959657356344174,1.3919021588764453
20_130,0.7,42,3,0.9706813761935793,-3.8484537701613153,0.4111003724158258,4798.505311991086,236.97796676767442,1.183333788860675,1.183333788860675
20_130,0.7,42,4,0.9563631386463322,-4.951723931072837,0.3441565332765804,5435.6172994334665,282.39555936342725,1.4184463507335772,1.183333788860675
20_130,0.7,42,5,0.9422675752312664,-3.8734772223265415,0.34122065083320774,4719.605181703297,274.8845504549787,1.201899392161722,1.183333788860675
20_130,0.7,42,6,0.9283912229684601,-4.077518735238842,0.3309519698256369,5063.04085232067,206.19074738094142,1.2265760041560307,1.183333788860675
20_130,0.7,42,7,0.9147306727335057,-4.155636318164095,0.2963903954418619,5148.209946582632,202.00574640696982,1.2467714172033617,1.183333788860675
20_130,0.7,42,8,0.9012825684199611,-3.8368407217446117,0.301153460610527,5051.396082814682,163.2406517170302,1.176142431518404,1.176142431518404
20_130,0.7,42,9,0.888043606114825,-4.488241143278336,0.2783454393425304,5443.786042770324,178.27666115490513,1.3067758702351684,1.176142431518404
20_130,0.7,42,10,0.8750105332868364,-4.414800558295297,0.31406385357509203,5084.453001228581,269.3036058236681,1.3019367196604041,1.176142431518404
20_130,0.7,42,11,0.8621801479873967,-5.063715399769548,0.2810671826928135,5630.856373008211,244.28557802431573,1.4335061226696597,1.176142431518404
20_130,0.7,42,12,0.8495492980639193,-3.0554076361197016,0.2892058665475861,4370.048874488141,202.26172893426497,1.0206501774281938,1.0206501774281938
20_130,0.7,42,13,0.837114880385412,-5.409887939381747,0.30440687980276315,5858.979191980483,247.68343093504666,1.503599041122493,1.0206501774281938
20_130,0.7,42,14,0.8248738400801048,-5.044203869220534,0.31160934406857443,5614.580951822088,245.46549299155666,1.4300633049674714,1.0206501774281938
20_130,0.7,42,15,0.8128231697849323,-3.3998939719906867,0.30837343368781944,4554.017266736239,220.17447713097314,1.0937955709197495,1.0206501774281938
20_130,0.7,42,16,0.8009599089066888,-4.819185799448052,0.30603421057663394,5591.221958468276,197.92202585270707,1.371190172805736,1.0206501774281938
20_130,0.7,42,17,0.7892811428946735,-4.116670231322467,0.2594936742276014,5107.473730159708,200.03328771916458,1.2327588998219587,1.0206501774281938
20_130,0.7,42,18,0.7777840025246476,-4.3011700180635275,0.29322907320914304,5078.77611068571,251.8869618223157,1.2812076560310335,1.0206501774281938
20_130,0.7,42,19,0.7664656631939266,-4.3128752603201335,0.291077281784175,5036.8785438055465,270.43433902644784,1.2893337501449684,1.0206501774281938
20_130,0.7,42,20,0.7553233442274359,-4.822125047380988,0.28630039939647106,5369.816305789712,265.35361355204645,1.3806349414989267,1.0206501774281938
20_130,0.7,42,21,0.7443543081945577,-4.444607733536392,0.3105013635906743,5136.418971959406,269.87934248995873,1.31768656541873,1.0206501774281938
20_130,0.7,42,22,0.7335558602366034,-3.8972333017275282,0.28775101489935373,4937.060485937808,201.05937827092416,1.1843020483756048,1.0206501774281938
20_130,0.7,42,23,0.7229253474047432,-3.136369510463768,0.2526050985963417,4457.235934491901,195.42339026941,1.0385263602999246,1.0206501774281938
20_130,0.7,42,24,0.7124601580082336,-4.0685193374644175,0.3112789620957616,5019.2505046790775,227.3713119123865,1.2370356785219485,1.0206501774281938
20_130,0.7,42,25,0.7021577209727804,-4.795391548906039,0.2325902051940451,5629.902024089813,184.49308415182796,1.36773446731309,1.0206501774281938
20_130,0.7,42,26,0.6920155052088806,-3.5566786206869687,0.24823419294085083,4673.912724908102,205.08837605579998,1.1121538543059413,1.0206501774281938
20_130,0.7,42,27,0.6820310189899872,-5.125418441389451,0.2608653080870186,5718.4583919423085,223.4600485893494,1.436182099524852,1.0206501774281938
20_130,0.7,42,28,0.6722018093403456,-3.6331579191636543,0.251067486568029,4788.98914675235,199.59194362855357,1.139614155115589,1.0206501774281938
20_130,0.7,42,29,0.6625254614323491,-3.675228796444038,0.24113124294430807,4811.646786556594,195.27665149464056,1.141479493483304,1.0206501774281938
20_130,0.7,42,30,0.6529995979932678,-3.6147688083772067,0.25391529032296295,4673.60680674815,220.71188390422785,1.1291781328302324,1.0206501774281938
20_130,0.7,42,31,0.6436218787212026,-4.096356833085512,0.23899183695200218,5046.198657416551,208.87952478752013,1.224621026453196,1.0206501774281938
20_130,0.7,42,32,0.634389999710123,-3.7079775564969433,0.2678908820329095,4876.6884014707975,181.7036442567873,1.1455357311155778,1.0206501774281938
20_130,0.7,42,33,0.6253016928838472,-4.193989488931882,0.22909206594666856,5022.952376631268,252.56252270635818,1.2657060302416285,1.0206501774281938
20_130,0.7,42,34,0.6163547254388225,-5.057515653556135,0.2302654134298548,5706.1752796305855,214.94767244415127,1.4232843246444449,1.0206501774281938
20_130,0.7,42,35,0.607546899295575,-4.309221555781541,0.23170612025696768,5040.735412736669,274.0842881097213,1.2944538737938702,1.0206501774281938
20_130,0.7,42,36,0.5988760505586863,-3.5724162870620004,0.24025208685232383,4687.599687745292,218.3550442646499,1.1306677081291365,1.0206501774281938
20_130,0.7,42,37,0.5903400489851716,-5.2194052369279555,0.25264729820743315,5783.433877195623,220.80382710870575,1.45217685035753,1.0206501774281938
20_130,0.7,42,38,0.581936797461124,-3.9085920045595177,0.24491106379959646,5110.243441279753,155.6478386560249,1.184946918888797,1.0206501774281938
20_130,0.7,42,39,0.5736642314864987,-4.413320272324827,0.27898658337440485,5322.331005661601,189.68113701546656,1.2839311503322892,1.0206501774281938
20_130,0.7,42,40,0.5655203186679085,-3.1887152134116605,0.23300566654730642,4373.2413907741675,229.7382464941086,1.0516755565996683,1.0206501774281938
20_130,0.7,42,41,0.5575030582193081,-3.678411697110255,0.23150990268721966,4774.9799799740695,206.7423126079909,1.1433704567450962,1.0206501774281938
20_130,0.7,42,42,0.5496104804704447,-4.497317828494641,0.2408081621861696,5144.007477670944,272.0771259616936,1.3223017514959547,1.0206501774281938
20_130,0.7,42,43,0.5418406463829504,-4.036549902211289,0.24905613789601144,4910.730929076193,241.73664548097182,1.2211976487129954,1.0206501774281938
20_130,0.7,42,44,0.5341916470739625,-3.7887368252495834,0.29137907078207526,4772.401470303272,236.35565243148167,1.175057366485556,1.0206501774281938
20_130,0.7,42,45,0.5266616033471518,-3.9557715585761626,0.22959832729297883,5009.444211230714,195.9609374124291,1.1997770887782397,1.0206501774281938
20_130,0.7,42,46,0.519248665231044,-3.965333651265394,0.21918751783284468,5089.3721084374365,181.0413947937618,1.2066894734224092,1.0206501774281938
20_130,0.7,42,47,0.5119510115245198,-3.274122205726464,0.23400574301131086,4529.104437615725,195.13021207199682,1.0591149670160316,1.0206501774281938
20_130,0.7,42,48,0.504766849349387,-3.91526619938852,0.21413267768925137,4656.36549993006,301.4777110891389,1.2126291039596842,1.0206501774281938
20_130,0.7,42,49,0.49769441370990625,-3.3420125529361435,0.23130672330562724,4557.997434536833,209.0853353543899,1.082807034337932,1.0206501774281938
20_130,0.7,42,50,0.4907319670591703,-3.889054754217346,0.2281361663792154,4825.337409956959,244.29308001029216,1.1991530824937306,1.0206501774281938
20_130,0.7,42,51,0.4838777988722253,-3.62331466475686,0.2381138735733126,4649.308013077239,225.48509290024876,1.12733689129744,1.0206501774281938
20_130,0.7,42,52,0.47713022522583176,-3.214819666283355,0.20788426715829206,4471.273467435166,203.4451037077298,1.0513971243630464,1.0206501774281938
20_130,0.7,42,53,0.47048758838475946,-4.089366181372174,0.2256041728056267,5116.879471704434,193.0986449671903,1.2278995540010522,1.0206501774281938
20_130,0.7,42,54,0.4639482563945182,-3.4736469114384603,0.2172610217366441,4565.629604027161,229.91074588303456,1.1078387841366713,1.0206501774281938
20_130,0.7,42,55,0.4575106226804207,-3.5660424014216674,0.21261786444957237,4664.62961029563,226.46202589344398,1.1328647129095293,1.0206501774281938
20_130,0.7,42,56,0.45117310565288166,-3.8765589343775657,0.25298615836738836,4898.337765940469,216.77327040631843,1.1902481751528329,1.0206501774281938
20_130,0.7,42,57,0.44493414831885486,-3.242009015157051,0.21308587843341037,4311.57332775113,263.07249939492414,1.0702464096334185,1.0206501774281938
20_130,0.7,42,58,0.438792217899313,-3.5052771338325406,0.23869029601315012,4644.486681439245,217.87944233583798,1.1176032661421178,1.0206501774281938
20_130,0.7,42,59,0.43274580545267627,-4.3938934075792115,0.25842385440015053,5399.847052928237,169.72451717425312,1.284624434145885,1.0206501774281938
20_130,0.7,42,60,0.4267934255040983,-3.2397440943274134,0.20286080325348105,4607.238478096897,172.1752211722364,1.0567037724996022,1.0206501774281938
20_130,0.7,42,61,0.42093361568051574,-3.285203578643432,0.22745208903463024,4545.043337977945,194.43631388480492,1.0629922366522,1.0206501774281938
20_130,0.7,42,62,0.4151649363513749,-3.61139562418725,0.23023715450145046,4689.698731720841,216.9231170618605,1.1297099450078514,1.0206501774281938
20_130,0.7,42,63,0.40948597027494477,-3.80324567315202,0.22123122218869157,4999.089018005437,170.32723964413665,1.1686863100628968,1.0206501774281938
20_130,0.7,42,64,0.4038953222501312,-3.436395316153714,0.24527192978481774,4598.582282260051,215.65132162393616,1.1018070541466536,1.0206501774281938
20_130,0.7,42,65,0.3983916187737056,-3.928530259230591,0.23353246179470152,4984.550296355197,199.4909537767683,1.1964009630760462,1.0206501774281938
20_130,0.7,42,66,0.3929735077028642,-2.8866093026976176,0.21260522021420244,4199.853698814409,213.40738557854175,0.9833412867133654,0.9833412867133654
20_130,0.7,42,67,0.38763965792303584,-2.553822035453239,0.1899746739783787,4076.391095988732,185.764994748866,0.9171423054001063,0.9171423054001063
20_130,0.7,42,68,0.38238875902085495,-4.086449126081792,0.20842908317298675,4996.382907862317,234.4100265168874,1.2380923681005347,0.9171423054001063
20_130,0.7,42,69,0.37721952096222106,-3.4763033800920686,0.210859093571941,4434.730289847589,277.1569527871278,1.121505715152887,0.9171423054001063
20_130,0.7,42,70,0.372130673775365,-4.534814122669103,0.20986991436354002,5487.422609046613,175.5001034068981,1.3164303704941156,0.9171423054001063
20_130,0.7,42,71,0.3671209672388437,-3.846353419132793,0.17514897879335797,4676.130477441063,280.44148980664266,1.1953374889823325,0.9171423054001063
20_130,0.7,42,72,0.3621891705743874,-4.39202052090992,0.22366780875736803,5172.7612568747945,240.00956073665125,1.2955421432144931,0.9171423054001063
20_130,0.7,42,73,0.35733407214452373,-3.7420102858339384,0.19998424645136484,4773.993249095807,224.99208747188766,1.1630733506792637,0.9171423054001063
20_130,0.7,42,74,0.35255447915490423,-4.226604299274017,0.21620893128915145,4956.714719539103,270.97288023328105,1.266600425467855,0.9171423054001063
20_130,0.7,42,75,0.3478492173612599,-3.3717487427623416,0.2110977892654032,4565.978594439095,212.16748079447987,1.0885051510585506,0.9171423054001063
20_130,0.7,42,76,0.3432171307809146,-2.990159624132822,0.2318366029084588,4356.888428513106,191.70007420220963,1.0052524601457595,0.9171423054001063
20_130,0.7,42,77,0.3386570814087846,-3.590203717691205,0.19313161222925812,4582.164044291024,245.8895030561744,1.130151795223667,0.9171423054001063
20_130,0.7,42,78,0.3341679489377949,-3.355966895888735,0.1717676254859985,4470.9165714649225,235.78509293504604,1.0867170486475084,0.9171423054001063
20_130,0.7,42,79,0.32974863048364406,-2.966563356499972,0.21162291462129298,4158.850070669037,253.2352583537244,1.0150371594713132,0.9171423054001063
20_130,0.7,42,80,0.3253980403138483,-4.278265830394497,0.23582520148802127,5202.616912409592,216.87851809151607,1.278891782273949,0.9171423054001063
20_130,0.7,42,81,0.32111510958100054,-4.4521022585719034,0.23572237293362047,5179.581063122829,244.16178125924986,1.3020744823918937,0.9171423054001063
20_130,0.7,42,82,0.3168987860601775,-3.7728440555107556,0.19760540869865986,4819.618436430058,214.0130796206854,1.1643218363885113,0.9171423054001063
20_130,0.7,42,83,0.31274803389043004,-4.107468357887544,0.21563802153630066,4779.891127326423,298.32169961365105,1.245111245316042,0.9171423054001063
20_130,0.7,42,84,0.30866183332029457,-3.745297436274196,0.20145753910718237,4852.5622604964565,205.4487302928321,1.1645256577698477,0.9171423054001063
20_130,0.7,42,85,0.3046391804572615,-3.437933456431039,0.2317305270408319,4511.144235440684,242.73589971243442,1.1060346628090585,0.9171423054001063
20_130,0.7,42,86,0.3006790870211401,-3.9321456121998457,0.20877795262230467,4884.31303796191,228.41672128144043,1.1989214679850264,0.9171423054001063
20_130,0.7,42,87,0.29678058010125963,-2.7660229892926624,0.19561509443528297,4125.254785153347,219.55553073500874,0.9683715481889664,0.9171423054001063
20_130,0.7,42,88,0.2929427019174456,-3.5277861277399083,0.21983959250718121,4434.9014107309795,282.4276480907099,1.127328783017228,0.9171423054001063
20_130,0.7,42,89,0.28916450958471324,-4.176058153682173,0.18577400100570118,5141.810807921192,207.19327825615824,1.250591811147816,0.9171423054001063
20_130,0.7,42,90,0.28544507488162135,-3.7590350700438244,0.22805975888456193,4981.822614269229,164.57540554808074,1.1573624471646358,0.9171423054001063
20_130,0.7,42,91,0.28178348402222775,-3.9677830813361874,0.19897401469539377,5050.711365542142,182.54408899855466,1.1970873287756054,0.9171423054001063
20_130,0.7,42,92,0.27817883743159105,-3.7815728291862927,0.18676008458925625,4813.880221574055,224.9197896205847,1.1745990514524174,0.9171423054001063
20_130,0.7,42,93,0.27463024952476534,-3.923394407056356,0.2289084101221599,5020.6962529007915,186.30718486821655,1.192476523842011,0.9171423054001063
20_130,0.7,42,94,0.27113684848922975,-3.8964613033791418,0.180791005022219,4804.09930969031,250.71809496799193,1.2000116461911057,0.9171423054001063
20_130,0.7,42,95,0.2676977760707032,-3.2959180523025626,0.203765564113352,4493.166500475669,217.59158589868855,1.0732621970583247,0.9171423054001063
20_130,0.7,42,96,0.2643121873622896,-3.7321024332751915,0.21082997982977852,4814.531700048105,209.56727464884557,1.1579721451153346,0.9171423054001063
20_130,0.7,42,97,0.2609792505969018,-3.689528413824263,0.16958213911744635,4577.655279069388,286.85738034961014,1.1737143545383169,0.9171423054001063
20_130,0.7,42,98,0.25769814694291476,-4.544096647587642,0.19115185808942334,5381.697031588722,208.4925880254209,1.321808577481326,0.9171423054001063
20_130,0.7,42,99,0.25446807030299534,-4.926570712073509,0.16505884918969718,5597.9022227611185,227.79556466346895,1.405855881481581,0.9171423054001063
20_130,0.7,42,100,0.2512882271160621,-3.0976722961032475,0.1851553136118247,4472.96802984475,184.8609210397625,1.0315338748916127,0.9171423054001063
20_130,0.7,42,101,0.2481578361623234,-3.873313252468929,0.1872591635019784,4875.503626938719,228.98818438227937,1.1969843737232928,0.9171423054001063
20_130,0.7,42,102,0.2450761283713493,-3.3838735277687646,0.21981488966865523,4701.806008424564,166.57804942233662,1.0780867802105893,0.9171423054001063
20_130,0.7,42,103,0.24204234663312607,-3.7615671962223614,0.16453154627712804,4946.646507123639,180.50909112250457,1.1645811929949843,0.9171423054001063
20_130,0.7,42,104,0.23905574561205173,-3.4470418164287135,0.19431452659051138,4666.534740634935,194.8581825085268,1.098801579648304,0.9171423054001063
20_130,0.7,42,105,0.23611559156382206,-3.479045094236983,0.21681381237272057,4688.6819486521745,195.33270155626758,1.1057649532129254,0.9171423054001063
20_130,0.7,42,106,0.2332211621551653,-4.119693771881816,0.17953991153336335,5228.171941366702,167.480052985036,1.2322180317150428,0.9171423054001063
20_130,0.7,42,107,0.23037174628638085,-4.098109991216055,0.21310968816407844,5235.1464783085485,159.3443221608603,1.2253357229122388,0.9171423054001063
20_130,0.7,42,108,0.2275666439166364,-3.0587423844229447,0.2036168855166848,4247.84993887827,244.36355963736045,1.0312135181836581,0.9171423054001063
20_130,0.7,42,109,0.2248051658919834,-2.628948339628634,0.19386652446188107,3983.128904126893,227.89024957875458,0.936150288370362,0.9171423054001063
20_130,0.7,42,110,0.22208663377604637,-3.180552492888432,0.18209040524150333,4516.118198319402,184.05344882979358,1.0432037076376923,0.9171423054001063
20_130,0.7,42,111,0.21941037968334542,-3.1517835075028016,0.2164749882713525,4504.010006914891,182.0052891614715,1.0374374353172588,0.9171423054001063
20_130,0.7,42,112,0.21677574611521144,-3.5762165419530128,0.22349878095055226,4675.098954513002,224.779126951102,1.1340673389514566,0.9171423054001063
20_130,0.7,42,113,0.21418208579825188,-3.490379791893411,0.20723064593887716,4730.815939371486,190.81037946925,1.113070056198461,0.9171423054001063
20_130,0.7,42,114,0.21162876152533033,-3.1208053188635922,0.2016508777139253,4395.135403536516,208.60985360500675,1.0349024119669803,0.9171423054001063
20_130,0.7,42,115,0.20911514599901782,-2.9834573250141814,0.1945567277054362,4381.564131205362,188.37704301829064,1.0087918204310344,0.9171423054001063
20_130,0.7,42,116,0.20664062167747893,-3.731628272981303,0.20150516622962106,4949.971879028904,174.87307109386367,1.1593752500635075,0.9171423054001063
20_130,0.7,42,117,0.20420458062275576,-4.156860846858852,0.1923158749375516,5203.173299408979,179.73136221280058,1.2383643459138474,0.9171423054001063
20_130,0.7,42,118,0.2018064243514096,-3.550348155554852,0.18234231607230425,4782.531356002868,183.74858152175884,1.1203811947328688,0.9171423054001063
20_130,0.7,42,119,0.1994455636874869,-3.4661791655329868,0.191261937143818,4795.775067717768,166.5004396788047,1.10534154463,0.9171423054001063
20_130,0.7,42,120,0.19712141861777083,-3.530185195518138,0.20160841713679573,4761.798960871774,188.728980915575,1.1198045239877596,0.9171423054001063
20_130,0.7,42,121,0.19483341814928484,-3.663410437083862,0.17490074498013058,4763.596117737855,213.6005374466295,1.1475705746389309,0.9171423054001063
20_130,0.7,42,122,0.19258100016901147,-3.3290895831713563,0.18092024778895488,4551.437768911922,211.28633243704374,1.083309408779852,0.9171423054001063
20_130,0.7,42,123,0.19036361130579338,-3.6396736870898065,0.17176081011032934,4814.628767476054,190.9325647158071,1.1375887680927979,0.9171423054001063
20_130,0.7,42,124,0.18818070679438154,-3.5020304519033973,0.1949181283750582,4758.430349838077,178.18726477493226,1.1072775263957628,0.9171423054001063
20_130,0.7,42,125,0.1860317503415984,-4.261793567713923,0.2043929950051479,5205.711851531526,206.06908317917166,1.2679520715821604,0.9171423054001063
20_130,0.7,42,126,0.1839162139945818,-4.139177567885623,0.19511497306332265,5057.511846788199,235.80475450383878,1.2574052144822283,0.9171423054001063
20_130,0.7,42,127,0.18183357801107813,-3.2827462226879716,0.21524041689971168,4497.518382619947,215.12226328708368,1.0718235686590059,0.9171423054001063
20_130,0.7,42,128,0.17978333073175307,-3.419459726722087,0.1880983814002098,4748.229799055845,162.06882722194555,1.0866543256199157,0.9171423054001063
20_130,0.7,42,129,0.17776496845448742,-3.253597459079499,0.1733716301913798,4525.43413889436,202.04141232209787,1.06561733013784,0.9171423054001063
20_130,0.7,42,130,0.17577799531062827,-3.840713357254487,0.1995029411555308,4970.037775522771,182.19589404876754,1.1732343999196824,0.9171423054001063
20_130,0.7,42,131,0.1738219231431649,-3.9648769067138523,0.18150216116362083,5071.207264011289,183.58400475583647,1.2041895729988095,0.9171423054001063
20_130,0.7,42,132,0.17189627138679878,-4.16704318070653,0.16504897423683582,5202.494011732828,179.9640783610373,1.2384216176874552,0.9171423054001063
20_130,0.7,42,133,0.1700005669498786,-3.4326372276960475,0.17043202551183464,4758.010302249797,163.91318024412556,1.0915201294348345,0.9171423054001063
20_130,0.7,42,134,0.16813434409817252,-3.251275055986979,0.15567543358310834,4617.334874888761,168.7236234078771,1.0558605388885196,0.9171423054001063
20_130,0.7,42,135,0.16629714434044632,-3.3442429029555623,0.1742488281993287,4717.317500123227,157.83602624859216,1.0730241456523104,0.9171423054001063
20_130,0.7,42,136,0.16448851631582245,-3.9681448179335934,0.20136698258869812,4832.563811308376,264.757216404438,1.2236710529682469,0.9171423054001063
20_130,0.7,42,137,0.16270801568288995,-3.1476539887374333,0.17150914702900372,4517.320779718274,177.83173251316688,1.0367386054094665,0.9171423054001063
20_130,0.7,42,138,0.16095520501053945,-3.306134512571135,0.18122852598080486,4526.610280025526,211.0810365776987,1.075861117320273,0.9171423054001063
20_130,0.7,42,139,0.1592296536704954,-2.705588317988397,0.20339188981399525,4163.754614864521,198.79863058752468,0.9568366898867097,0.9171423054001063
20_130,0.7,42,140,0.15753093773152022,-3.3144015343377857,0.1636592590828645,4468.287684857673,231.59989847959068,1.081367916051979,0.9171423054001063
20_130,0.7,42,141,0.15585863985526294,-3.5227729651310713,0.17503781597003537,4735.669103577502,182.90265856440058,1.1058202975598241,0.9171423054001063
20_130,0.7,42,142,0.15421234919372853,-2.8313448421277823,0.17478039173193655,4194.606558634841,203.57929437253034,0.9710494139951491,0.9171423054001063
20_130,0.7,42,143,0.152591661288341,-4.296247463471287,0.17190743055449642,5279.312777409465,188.175058011311,1.2697655455215016,0.9171423054001063
20_130,0.7,42,144,0.15099617797057668,-3.7187047958295163,0.17698867032014629,4969.222276253145,161.20846082576674,1.1500084500396301,0.9171423054001063
20_130,0.7,42,145,0.14942550726414244,-3.2196735724002465,0.21233307630041232,4462.028106824579,209.5234158806552,1.0553651463468148,0.9171423054001063
20_130,0.7,42,146,0.14787926328867598,-3.074068674865223,0.18661643079216442,4429.506444285366,182.1816184528802,1.0159541817033186,0.9171423054001063
20_130,0.7,42,147,0.1463570661649425,-3.5795294960733943,0.19322977780646036,4823.309453497689,180.69476197783868,1.128900339386314,0.9171423054001063
20_130,0.7,42,148,0.1448585419215072,-3.2322175426159667,0.1580657731579499,4648.71056203507,157.557327791253,1.0527580653076714,0.9171423054001063
20_130,0.7,42,149,0.14338332240285795,-3.551189155481434,0.2029321161748019,4787.116694605037,179.3514038964586,1.1168988040218737,0.9171423054001063
20_130,0.7,42,150,0.1419310451789575,-3.294813980345344,0.1548562829946675,4589.405564194472,189.54650640578222,1.0705431054759464,0.9171423054001063
20_130,0.7,42,151,0.14050135345620207,-2.9838301979132664,0.17489073706074465,4381.588568656418,186.11677395755038,1.006323133893901,0.9171423054001063
20_130,0.7,42,152,0.13909389598976496,-2.8919510141473905,0.19218429904065248,4423.44927778977,147.35230927092238,0.9760414331905273,0.9171423054001063
20_130,0.7,42,153,0.13770832699730284,-2.705710404343068,0.16126389173317301,4194.344653490838,186.70367451997316,0.9524884235965895,0.9171423054001063
20_130,0.7,42,154,0.13634430607400466,-3.3041767735574785,0.16402526868269388,4520.35470746731,210.45685847173058,1.0733573968525731,0.9171423054001063
20_130,0.7,42,155,0.13500149810896128,-3.0552164962482915,0.17818602773064374,4419.4745876622555,188.30788029890246,1.0197458989538477,0.9171423054001063
20_130,0.7,42,156,0.13367957320283602,-2.545409780178388,0.142767630740149,4087.284930864701,181.36679770902495,0.9154942199363719,0.9154942199363719
20_130,0.7,42,157,0.13237820658681518,-3.0996889328228825,0.2024044027707319,4422.45965405788,198.27643258978011,1.031533488616976,0.9154942199363719
20_130,0.7,42,158,0.13109707854281938,-3.3268801410557947,0.1594244554475861,4637.050471618106,178.13860709994032,1.0719094292033426,0.9154942199363719
20_130,0.7,42,159,0.12983587432495577,-3.393967742648921,0.15858233357184875,4727.357505859271,160.74259071433227,1.0791289486492432,0.9154942199363719
20_130,0.7,42,160,0.12859428408219134,-834.0334862198032,0.17952461738345454,153727.68015949425,150109.19693142906,208.6766966631759,0.9154942199363719
20_130,0.7,42,161,0.1273720027822294,-3.2345765347530406,0.1831023729747363,4388.959374517593,241.33193041466726,1.0689478133419397,0.9154942199363719
20_130,0.7,42,162,0.12616873013656954,-834.6329138408463,0.1579512176574181,154148.7259486777,150116.45813705018,208.8071511874843,0.9154942199363719
20_130,0.7,42,163,0.12498417052673307,-3.3895563879005373,0.16342685083502548,4693.487569229075,170.78413180990188,1.0802737290097664,0.9154942199363719
20_130,0.7,42,164,0.12381803293163596,-834.1738164430697,0.16074254528838772,153871.8572171795,150104.30118838997,208.7132815999449,0.9154942199363719
20_130,0.7,42,165,0.12267003085609117,-834.1344399974176,0.20626810481258576,153785.8806712897,150120.06565953713,208.7055348911293,0.9154942199363719
20_130,0.7,42,166,0.1215398822604227,-2.610889888495338,0.16101440180662613,4102.242531925967,190.5780827247168,0.9299356755870379,0.9154942199363719
20_130,0.7,42,167,0.1204273094911746,-2.855707522289576,0.17911007751418195,4080.186853766551,254.05408792174492,0.9930474433429568,0.9154942199363719
20_130,0.7,42,168,0.11933203921289748,-834.6791307959036,0.156966958658508,154074.12420465163,150154.72115764557,208.827357807201,0.9154942199363719
20_130,0.7,42,169,0.11825380234099556,-3.168501801186955,0.15554322991926767,4314.233700884457,248.99063814515955,1.055595796617085,0.9154942199363719
20_130,0.7,42,170,0.11719233397561858,-3.2561764556585318,0.15198214227173762,4550.3266230730715,190.88828770245917,1.0606430316635507,0.9154942199363719
20_130,0.7,42,171,0.11614737333658141,-2.582163315590229,0.17633205405991817,4108.172286966511,186.75482384097992,0.9274730799798083,0.9154942199363719
20_130,0.7,42,172,0.11511866369929591,-834.6054106150427,0.18610801539251245,154092.62618293433,150127.74468562432,208.80319204770007,0.9154942199363719
20_130,0.7,42,173,0.11410595233169919,-2.9221706373297147,0.16169161574215402,4278.902839328599,200.61001155225892,0.9923225294622988,0.9154942199363719
20_130,0.7,42,174,0.11310899043216277,-834.4892685654893,0.1620697035578289,154091.71754756788,150101.6281567295,208.774320821026,0.9154942199363719
20_130,0.7,42,175,0.1121275330683672,-3.0516052263139826,0.1588188152309959,4477.090180165104,172.35823926441208,1.0190383195655086,0.9154942199363719
20_130,0.7,42,176,0.11116133911712744,-834.5342631321246,0.15902752872675638,154144.08285645695,150092.63251401208,208.77970279601814,0.9154942199363719
20_130,0.7,42,177,0.1102101712051541,-3.5435455653370456,0.13291218492565382,4761.340921713189,183.3206452703108,1.113747213845084,0.9154942199363719
20_130,0.7,42,178,0.10927379565073586,-3.0623290225441204,0.14741260500285577,4507.449626313047,162.09449699701082,1.0166287924325668,0.9154942199363719
20_130,0.7,42,179,0.10835198240632873,-2.8829408816794966,0.15990285140165422,4228.535675701527,214.45978605618083,0.9928389000735538,0.9154942199363719
20_130,0.7,42,180,0.1074445050020384,-834.4086421417629,0.1430547242700074,154086.80684222715,150086.5695375468,208.75639754842774,0.9154942199363719
20_130,0.7,42,181,0.10655114048998136,-2.986321437222989,0.1907160940977962,4442.208631523545,165.26249715794683,1.0011173722927602,0.9154942199363719
20_130,0.7,42,182,0.10567166938951125,-3.2026095068536478,0.17007084811546908,4411.865239983445,227.1300557783732,1.0600560563670915,0.9154942199363719
20_130,0.7,42,183,0.10480587563329734,-834.4213960529196,0.18389807748335446,154015.36431231876,150105.9613834782,208.75685269288357,0.9154942199363719
20_130,0.7,42,184,0.10395354651424124,-3.5370943111494197,0.16132546559553215,4763.147972981425,187.5960454736729,1.1189560453198224,0.9154942199363719
20_130,0.7,42,185,0.10311447263321932,-2.551212355366733,0.15016188737401412,4002.4885669404925,207.25774191376647,0.9191829589715533,0.9154942199363719
20_130,0.7,42,186,0.10228844784763778,-835.1060036341199,0.1602944535499843,154508.2166882561,150104.6503948999,208.89880935008844,0.9154942199363719
20_130,0.7,42,187,0.10147526922078795,-834.7645178345783,0.1739670164465031,154288.52814221737,150100.540393506,208.83039028115542,0.9154942199363719
20_130,0.7,42,188,0.10067473697198882,-3.2269223227835595,0.1391682557388414,4379.07428874933,240.66511497483728,1.0653414032067123,0.9154942199363719
20_130,0.7,42,189,0.09988665442750533,-3.030208556334861,0.17122050411754913,4372.68099636187,203.53275189976387,1.0228081996897758,0.9154942199363719
20_130,0.7,42,190,0.09911082797222981,-3.573361200493699,0.16798544952097547,4585.682570015982,254.0207356360991,1.1400820750151996,0.9154942199363719
20_130,0.7,42,191,0.09834706700211487,-3.197764792703232,0.14303302341606133,4331.549291629771,249.7312260529215,1.0614448778294876,0.9154942199363719
20_130,0.7,42,192,0.09759518387734595,-3.160838223933867,0.14181948397725713,4520.138846483511,175.80958621330535,1.0353435386674494,0.9154942199363719
20_130,0.7,42,193,0.09685499387624241,-3.1833526651083996,0.16038965032405508,4288.230843801712,261.2084737300495,1.061413274502208,0.9154942199363719
20_130,0.7,42,194,0.09612631514987509,-3.358453205954774,0.15782082426240046,4643.2781092943815,188.45093314190564,1.085016981142373,0.9154942199363719
20_130,0.7,42,195,0.09540896867739013,-834.1169415616353,0.15901378554150175,153818.0020123263,150104.7338894573,208.6980866891101,0.9154942199363719
20_130,0.7,42,196,0.0947027782220271,-3.339730430889796,0.15380983722906177,4699.478315425325,166.4198691486362,1.0772362873761288,0.9154942199363719
20_130,0.7,42,197,0.09400757028782174,-2.932024901361726,0.1558480835956701,4160.318987289006,248.1772241249726,1.0099241907083967,0.9154942199363719
20_130,0.7,42,198,0.09332317407698135,-3.0063607294569654,0.1969706913572713,4217.297784956039,241.7318778869965,1.019441913965973,0.9154942199363719
20_130,0.7,42,199,0.09264942144792357,-3.1090986633306805,0.15874613960030373,4360.922089640073,224.64867734632554,1.042516440724445,0.9154942199363719
20_130,0.7,42,200,0.09198614687396757,-834.5372726536317,0.15960709972932785,154080.35229148055,150112.17317608616,208.78256470020446,0.9154942199363719
20_130,0.7,42,201,0.0913331874026676,-3.2978743989065418,0.1497932314494191,4334.908330182108,275.0221088950034,1.090124660332696,0.9154942199363719
20_130,0.7,42,202,0.09069038261577916,-2.966548508710652,0.16239829940109587,4350.792564989011,193.25880096776714,1.005186261376797,0.9154942199363719
20_130,0.7,42,203,0.09005757458984752,-3.268909797006679,0.18335098812080858,4394.77776418309,243.41650128442086,1.0729239860482065,0.9154942199363719
20_130,0.7,42,204,0.08943460785740934,-3.1146456424465083,0.160982829079813,4411.85646555116,205.7950815430316,1.0366841378843543,0.9154942199363719
20_130,0.7,42,205,0.08882132936879764,-3.033348928738991,0.15904361254422436,4359.421387704312,203.88927699783932,1.0193409118384273,0.9154942199363719
20_130,0.7,42,206,0.08821758845454078,-3.2412015470587003,0.1631959558021116,4432.503654812479,228.08260393863344,1.0671040664183546,0.9154942199363719
20_130,0.7,42,207,0.08762323678834613,-3.0585984226990792,0.13864333309311716,4302.3880637675375,229.0006861269513,1.0302532853284494,0.9154942199363719
20_130,0.7,42,208,0.08703812835065944,-834.4836967777624,0.14526995055341368,154021.98506438042,150122.07388956638,208.77642787409428,0.9154942199363719
20_130,0.7,42,209,0.08646211939279098,-3.091220500717988,0.15626154066716172,4375.997658918739,209.80810315518534,1.0306469000712717,0.9154942199363719
20_130,0.7,42,210,0.08589506840159955,-2.710485759446182,0.1350573702473407,4136.902732613752,204.0292708335712,0.9547536909437966,0.9154942199363719
20_130,0.7,42,211,0.08533683606472567,-834.5554363179883,0.17287314142190682,154092.74212988396,150113.50605120795,208.7876294258174,0.9154942199363719
20_130,0.7,42,212,0.08478728523636561,-3.418896507935813,0.1491054110638872,4492.037022149923,249.63072632169124,1.1080278066376328,0.9154942199363719
20_130,0.7,42,213,0.08424628090357741,-2.8160552608801055,0.1960276577778447,4238.427181059946,194.10173914718658,0.973417494873706,0.9154942199363719
20_130,0.7,42,214,0.08371369015311121,-3.0595023284519467,0.15887406419747108,4448.051628931261,183.7130983438621,1.0230273137147181,0.9154942199363719
20_130,0.7,42,215,0.08318938213875532,-834.8609074411755,0.1542556129849458,154350.01822036423,150105.42471326716,208.85363053994757,0.9154942199363719
20_130,0.7,42,216,0.08267322804918986,-2.9328375338524633,0.12835292182537192,4192.689741655276,240.67308498315063,1.0111225869263192,0.9154942199363719
20_130,0.7,42,217,0.08216510107634088,-834.2103996766031,0.1878983203688202,153884.1043116546,150107.24584311675,208.7200702654711,0.9154942199363719
20_130,0.7,42,218,0.08166487638422609,-2.531872306366807,0.17113098772145827,3997.079315477182,210.67104642387358,0.9213479467215718,0.9154942199363719
20_130,0.7,42,219,0.08117243107828538,-834.3198843830872,0.12192338726814267,154002.4380839403,150093.98617348887,208.73997477542548,0.9154942199363719
20_130,0.7,42,220,0.08068764417518824,-2.8288406720020682,0.15924128765190376,4243.040571502019,197.1721630360859,0.9781229385632876,0.9154942199363719
20_130,0.7,42,221,0.08021039657311081,-834.3917608172685,0.1808154884825645,153999.04680152782,150111.34395273193,208.75800102682794,0.9154942199363719
20_130,0.7,42,222,0.07974057102247495,-834.0223957032388,0.16094109415130986,153736.05847619023,150112.32419272367,208.68255974832053,0.9154942199363719
20_130,0.7,42,223,0.0792780520971426,-3.03738154904964,0.15249056802747943,4420.891244108935,187.28000923807573,1.0190321837992065,0.9154942199363719
20_130,0.7,42,224,0.07882272616605801,-3.0096769693427934,0.14797748652066642,4376.62562010835,194.20366632460588,1.0137372077036637,0.9154942199363719
20_130,0.7,42,225,0.0783744813653311,-2.9102372508812273,0.15730162730717318,4316.400337967468,192.5585328360791,0.9944129923739864,0.9154942199363719
20_130,0.7,42,226,0.07793320757075473,-2.512387693815929,0.13743936173946286,3882.1167844911397,244.26345329491537,0.9246958412028999,0.9154942199363719
20_130,0.7,42,227,0.07749879637074959,-2.7806677918829994,0.15108071074581592,4132.111490118177,221.06806052200426,0.9720232250270269,0.9154942199363719
20_130,0.7,42,228,0.07707114103972987,-3.091885271568848,0.1607784805469368,4502.2942247586625,168.24703709065943,1.0218680711389652,0.9154942199363719
20_130,0.7,42,229,0.0766501365118829,-2.5459579246344908,0.14752717223389472,3997.0197287965275,211.55019849239525,0.9222935937127352,0.9154942199363719
20_130,0.7,42,230,0.07623567935535681,-834.3916647940656,0.17531455544033103,154024.1487031917,150101.30748008587,208.75431078726098,0.9154942199363719
20_130,0.7,42,231,0.07582766774684957,-3.1642051553724793,0.14790550245615353,4310.963803878172,247.30300162214584,1.0527958775877084,0.9154942199363719
20_130,0.7,42,232,0.07542600144659303,-834.3920571163151,0.13459140197801456,153997.80136829586,150108.71484366007,208.75475886782334,0.9154942199363719
20_130,0.7,42,233,0.07503058177372629,-834.0879279054823,0.17239507440453333,153796.6521002432,150107.18501076216,208.6945598984485,0.9154942199363719
20_130,0.7,42,234,0.0746413115820518,-834.466383308008,0.16357537624663207,153993.37254143466,150129.15018027037,208.7758542685604,0.9154942199363719
20_130,0.7,42,235,0.07425809523616868,-2.600151230873848,0.15724134644454496,4062.802204231502,202.29187262578878,0.9312914873721416,0.9154942199363719
20_130,0.7,42,236,0.0738808385879771,-3.0789365239414725,0.17204917735331265,4375.768916915098,202.4325001617687,1.022501447002684,0.9154942199363719
20_130,0.7,42,237,0.0735094489535481,-834.5078298658755,0.1434349117655668,154033.33403458176,150122.94827227297,208.78068755304895,0.9154942199363719
20_130,0.7,42,238,0.07314383509035316,-2.638564730658214,0.1758733571243714,4023.553055582833,221.21058002115137,0.9405948623182331,0.9154942199363719
20_130,0.7,42,239,0.07278390717484776,-834.4390509320658,0.1386745273994987,154008.16069571293,150109.11978663085,208.75821641267012,0.9154942199363719
20_130,0.7,42,240,0.07242957678040378,-834.4868151345628,0.16430692621122658,154067.37212157578,150108.454606422,208.77471503905196,0.9154942199363719
20_130,0.7,42,241,0.07208075685558483,-2.679915406597503,0.16893596992545062,3911.829733660911,270.2597855410103,0.9618158646363887,0.9154942199363719
20_130,0.7,42,242,0.0717373617027597,-2.914426860161627,0.1583158268858842,4309.428841781967,187.97163564381293,0.9873603946940864,0.9154942199363719
20_130,0.7,42,243,0.07139930695704806,-834.536005706912,0.14137643843417505,154069.96472136863,150117.25806266512,208.7851122492388,0.9154942199363719
20_130,0.7,42,244,0.0710665095655941,-3.1266680114435563,0.15171402674511922,4415.855989803154,205.772716843011,1.037823279917166,0.9154942199363719
20_130,0.7,42,245,0.07073888776716195,-2.779573022058556,0.12695384983190444,4246.852828747524,184.1697077804133,0.9649897923111758,0.9154942199363719
20_130,0.7,42,246,0.07041636107204882,-2.9251964770962156,0.1431425878978655,4380.445162621092,173.70109586968306,0.9923908941658287,0.9154942199363719
20_130,0.7,42,247,0.07009885024231037,-2.8384915545411045,0.16515306333847773,4244.926861271971,195.04635941841065,0.9763432349556224,0.9154942199363719
20_130,0.7,42,248,0.0697862772722936,-2.801168974225703,0.1622150964296724,4243.085592148946,189.69502946324963,0.9699459232101053,0.9154942199363719
20_130,0.7,42,249,0.0694785653694726,-2.8275523349560614,0.1529238515276595,4238.000923525869,197.45416470730206,0.9769655729165045,0.9154942199363719
20_130,0.7,42,250,0.06917563893558212,-3.019523954185519,0.17365446946773558,4327.732474231767,214.82649697092606,1.022101334866726,0.9154942199363719
20_130,0.7,42,251,0.06887742354804487,-2.8654464124847854,0.1312166825808134,4328.873834057377,179.8593255432878,0.9841319494415426,0.9154942199363719
20_130,0.7,42,252,0.06858384594168729,-2.6419667851770194,0.14661823559229847,4146.128919952891,186.93347974384235,0.9387120426146012,0.9154942199363719
20_130,0.7,42,253,0.06829483399074003,-2.996690993175563,0.16615046090673222,4382.264844277972,189.01373684630988,1.009693094614237,0.9154942199363719
20_130,0.7,42,254,0.06801031669111803,-3.318397979766861,0.1652675278643203,4658.908601558514,175.1336323562128,1.0749774170196373,0.9154942199363719
20_130,0.7,42,255,0.06773022414297643,-3.174522070573826,0.133774050725412,4321.599814982523,250.93393925927316,1.0598675306304695,0.9154942199363719
20_130,0.7,42,256,0.06745448753353762,-3.0754480680443743,0.13799338407827896,4433.1401906772935,187.58536115234213,1.0229304152794918,0.9154942199363719
20_130,0.7,42,257,0.06718303912018544,-2.975180444091678,0.1487886886310697,4436.884500243886,170.13582284512296,1.0049063664341749,0.9154942199363719
20_130,0.7,42,258,0.0669158122138222,-3.058271936481132,0.13873954794116042,4440.268751111285,184.09316770722864,1.0211792395315384,0.9154942199363719
20_130,0.7,42,259,0.06665274116248465,-3.1955031511459158,0.15019489623198307,4533.564223857223,180.59111080728852,1.0444870431977344,0.9154942199363719
20_130,0.7,42,260,0.06639376133521471,-2.9667131170151597,0.11363528883519258,4385.244774908665,181.4240393237211,1.002246677522188,0.9154942199363719
20_130,0.7,42,261,0.06613880910618089,-2.789640718048611,0.18137744825789487,4240.780597691159,188.2847356224344,0.9677305258324991,0.9154942199363719
20_130,0.7,42,262,0.06588782183904693,-3.207635943174762,0.18332707527700634,4550.0763413311815,184.0868635040166,1.0531202412049459,0.9154942199363719
20_130,0.7,42,263,0.06564073787158327,-3.1495001836442795,0.16295206068759843,4511.631689525857,179.21210350568737,1.0365953922314162,0.9154942199363719
20_130,0.7,42,264,0.06539749650051803,-3.199675093996982,0.1281047304365837,4522.71122098786,188.8621273783747,1.0503891198195918,0.9154942199363719
20_130,0.7,42,265,0.06515803796662348,-2.8663610243560433,0.12381067470178904,4299.509834591357,186.36127849762292,0.9827106024093571,0.9154942199363719
20_130,0.7,42,266,0.06492230344003448,-3.030097466559413,0.13693200769594432,4417.076903632735,182.0965655586608,1.0122447129601995,0.9154942199363719
20_130,0.7,42,267,0.06469023500579518,-3.0608645568480077,0.13743322718864284,4441.134827015569,183.58063912004496,1.0208698188656815,0.9154942199363719
20_130,0.7,42,268,0.06446177564963067,-3.256626230240256,0.161527125311278,4560.359832985911,188.9237177846972,1.0614102372137437,0.9154942199363719
20_130,0.7,42,269,0.06423686924393959,-2.724268807594501,0.16994553216649563,4129.141519438294,208.04361759870514,0.9568927430241663,0.9154942199363719
20_130,0.7,42,270,0.064015460534005,-3.01343705649035,0.12461197180815786,4399.312031319499,187.63433838966242,1.0131419481052715,0.9154942199363719
20_130,0.7,42,271,0.0637974951244193,-2.7301127173620197,0.1566212450433564,4174.5928065681455,195.19197564037125,0.9560394347517602,0.9154942199363719
20_130,0.7,42,272,0.06358291946572056,-3.3287263920109953,0.1597553290119587,4706.776907382923,156.5750355800419,1.0685761867473376,0.9154942199363719
20_130,0.7,42,273,0.06337168084123639,-3.0849815337717246,0.15383621911902123,4351.898907824295,219.97414465161614,1.0347709245684722,0.9154942199363719
20_130,0.7,42,274,0.06316372735413278,-2.7069584992337936,0.1240512456141865,4107.124739615393,213.8577691729674,0.9568556421244657,0.9154942199363719
20_130,0.7,42,275,0.06295900791466405,-2.8826386634895274,0.13594995878356966,4285.184641229757,196.06164284440942,0.9891681074308233,0.9154942199363719
20_130,0.7,42,276,0.06275747222762111,-2.971301821151917,0.1236143370314438,4285.126844063573,211.42218763471334,1.0059765375390615,0.9154942199363719
20_130,0.7,42,277,0.06255907077997513,-2.6211286789973425,0.09586594992378301,4112.192675997846,193.161243286665,0.9356600918272576,0.9154942199363719
20_130,0.7,42,278,0.062363754828713217,-2.7126096467265888,0.11972938183061536,4209.676196077863,178.03711318935802,0.9474560913353268,0.9154942199363719
20_130,0.7,42,279,0.06217147638886324,-3.2021243689460808,0.14569293513455134,4574.265949365189,171.29125989447522,1.0461423476477756,0.9154942199363719
20_130,0.7,42,280,0.06198218822170495,-3.390310076987003,0.13199726401021555,4605.8103171523535,204.34183258670757,1.0915221079913395,0.9154942199363719
20_130,0.7,42,281,0.06179584382316449,-3.18038519332399,0.10833731840311556,4570.144208521449,170.29562382416492,1.0438525753872745,0.9154942199363719
20_130,0.7,42,282,0.06161239741238927,-3.2968061603696786,0.15657983353999547,4659.4267095206915,163.23609078314013,1.0620961288370083,0.9154942199363719
20_130,0.7,42,283,0.06143180392050065,-3.0541839842632172,0.14568174643534743,4413.481927778123,186.67338286792466,1.0162120133818215,0.9154942199363719
20_130,0.7,42,284,0.06125401897952138,-3.464632500873705,0.1092203594559568,4843.047131797427,144.14673973746204,1.0946098568201579,0.9154942199363719
20_130,0.7,42,285,0.06107899891147547,-3.139727228514995,0.11529435624946911,4462.195631404618,194.1842973361294,1.0386121101590517,0.9154942199363719
20_130,0.7,42,286,0.060906700717657275,-3.2096518818343043,0.15827372573381032,4504.1765248362635,194.56702322063137,1.0512454379910436,0.9154942199363719
20_130,0.7,42,287,0.060737082068067785,-3.546608095516456,0.14376410236260995,4774.197727541708,182.44614871770995,1.1165299459570361,0.9154942199363719
20_130,0.7,42,288,0.06057010129101494,-3.207175626729909,0.14850204358727717,4572.491289844051,171.69825901065764,1.0460718287603994,0.9154942199363719
20_130,0.7,42,289,0.06040571736287584,-3.1162115981465273,0.13620826379568074,4592.920978178111,150.82908086394744,1.0291565791903114,0.9154942199363719
20_130,0.7,42,290,0.06024388989801807,-3.323780828139576,0.1426009140804116,4699.709226445863,159.42986802210524,1.0696469386366256,0.9154942199363719
20_130,0.7,42,291,0.06008457913887785,-3.2138266231095516,0.14767686773841884,4634.084224416816,155.42586983373656,1.0461679111886433,0.9154942199363719
20_130,0.7,42,292,0.05992774594619241,-3.166721362472326,0.1398437935555174,4617.976805919531,147.7206479959164,1.0330415960293369,0.9154942199363719
20_130,0.7,42,293,0.05977335178938433,-3.511072911937417,0.11346305223470021,4771.702388030393,171.82929677218246,1.1041747214908477,0.9154942199363719
20_130,0.7,42,294,0.059621358737095426,-2.8741825500733964,0.14238643702690976,4370.708433707801,166.6094931213181,0.9817902262629378,0.9154942199363719
20_130,0.7,42,295,0.05947172944786773,-3.510449570039577,0.13726470369879898,4746.877424982083,187.3843283320656,1.1139903145878163,0.9154942199363719
20_130,0.7,42,296,0.059324427160969605,-3.065514855467193,0.10573029343325083,4414.154358217602,192.38488908364494,1.022663778801863,0.9154942199363719
20_130,0.7,42,297,0.05917941568736433,-3.340196736416128,0.13200890195464612,4626.493259041271,185.95403646929688,1.0773985347533825,0.9154942199363719
20_130,0.7,42,298,0.05903665940081926,-3.6507251014296482,0.16007668384681709,4879.842655776369,172.8224917877206,1.136725431201568,0.9154942199363719
20_130,0.7,42,299,0.058896123229153184,-3.131459540791096,0.12586158397681832,4493.687213623003,180.33083079062314,1.032599950132839,0.9154942199363719
20_130,0.7,42,300,0.05875777264561992,-3.354852130070637,0.10156912662650323,4645.342239825246,183.73152062084304,1.0804480974527242,0.9154942199363719
20_130,0.7,42,301,0.05862157366042571,-3.41615655758621,0.12135753071236613,4718.928313814177,175.8040874648615,1.0931742043316175,0.9154942199363719
20_130,0.7,42,302,0.058487492812378764,-3.3539997038038916,0.16380826875325166,4688.704927534054,170.19322266050065,1.0782349908860378,0.9154942199363719
20_130,0.7,42,303,0.05835549716066848,-2.8226801831280603,0.12321109870866556,4339.471302490322,166.6732355141126,0.9727717773837466,0.9154942199363719
20_130,0.7,42,304,0.05822555427677263,-3.3454528066996807,0.12487216326796165,4704.011941858214,169.51092524027973,1.0819411237528422,0.9154942199363719
20_130,0.7,42,305,0.05809763223649032,-3.2398048348182726,0.18368936763031746,4609.061451422464,167.93195409220831,1.052586273639633,0.9154942199363719
20_130,0.7,42,306,0.057971699612098956,-3.3395819943794702,0.13978939950933672,4685.812847268221,173.48318321885992,1.080997230196599,0.9154942199363719
20_130,0.7,42,307,0.05784772546463305,-3.4780163591358426,0.14759665017354934,4784.997971660564,169.9086014146439,1.1059391547190256,0.9154942199363719
20_130,0.7,42,308,0.05772567933628324,-2.984919151904606,0.12705143425148524,4421.171190685123,177.75605089344847,1.008681519577883,0.9154942199363719
20_130,0.7,42,309,0.05760553124291343,-3.557353987938186,0.13224626417235394,4846.711628436965,168.12178188493573,1.1219371982832478,0.9154942199363719
20_130,0.7,42,310,0.05748725166669427,-4.292082561232085,0.13133978532315083,5392.750826992355,156.5411307296758,1.2681193416067227,0.9154942199363719
20_130,0.7,42,311,0.05737081154885137,-3.6545178359388277,0.09988275273892513,4913.82865650246,168.12178188493573,1.1414645239197718,0.9154942199363719
20_130,0.7,42,312,0.057256182282526054,-3.6338628870316128,0.12867560048910942,4929.152506696408,160.27632852204013,1.1373293581215396,0.9154942199363719
20_130,0.7,42,313,0.057143335705747374,-3.998860767237765,0.12537094936833357,5177.270374648585,160.75802127690991,1.2100454948397443,0.9154942199363719
20_130,0.7,42,314,0.05703224409451321,-3.2008842685370444,0.11139337273978697,4559.768923117932,182.00593957133353,1.053660893974088,0.9154942199363719
20_130,0.7,42,315,0.056922880155979176,-3.6853795449585833,0.12499410181174038,4969.706341511714,158.03640197794857,1.1466747563695159,0.9154942199363719
20_130,0.7,42,316,0.05681521702175326,-3.6202315504172744,0.10352481249051786,4838.292343781621,182.74680067531892,1.1355072382536693,0.9154942199363719
20_130,0.7,42,317,0.05670922824129488,-3.778053554949155,0.11051670744441058,5019.901053825002,166.78143734532358,1.1708575445814446,0.9154942199363719
20_130,0.7,42,318,0.05660488777541653,-3.578367521865305,0.12673923367840473,4856.497969462832,167.4384932970708,1.124036036310482,0.9154942199363719
20_130,0.7,42,319,0.056502169989886525,-3.525367010661867,0.11178964823907485,4838.491283279477,163.85040433505563,1.114866860890575,0.9154942199363719
20_130,0.7,42,320,0.056401049649131195,-3.667106802994862,0.13701028382542288,4911.105038147584,171.55723505207223,1.144435142307157,0.9154942199363719
20_130,0.9,42,1,1.0,-6.722210848156752,0.28444150739395047,5708.642861595955,185.64201172396952,1.6942943426308186,1.6942943426308186
20_130,0.9,42,2,0.9852258055592246,-7.155809235654636,0.4657600030483252,5912.21492411219,226.57433808666084,1.7853899712513213,1.6942943426308186
20_130,0.9,42,3,0.9706813761935793,-5.107365928559441,0.5236987847050795,4798.505311991086,236.97796676767442,1.372581597579975,1.372581597579975
20_130,0.9,42,4,0.9563631386463322,-5.974108254810629,0.4360438783574729,5237.016402638326,282.39555936342725,1.5531988530244465,1.372581597579975
20_130,0.9,42,5,0.9422675752312664,-4.799973597460971,0.43242953595015293,4604.584026277809,282.6131544196339,1.3167034282252714,1.3167034282252714
20_130,0.9,42,6,0.9283912229684601,-5.548921460298638,0.4198819110318189,5063.04085232067,206.19074738094142,1.4602958051900996,1.3167034282252714
20_130,0.9,42,7,0.9147306727335057,-5.693358649998073,0.3772690941912612,5148.209946582632,202.00574640696982,1.490627108386964,1.3167034282252714
20_130,0.9,42,8,0.9012825684199611,-4.671820659474312,0.38567381846711857,4611.289813795816,188.0471494745401,1.2846840970475102,1.2846840970475102
20_130,0.9,42,9,0.888043606114825,-6.211831570916264,0.34390569798263043,5443.786042770324,178.27666115490513,1.5925297542009273,1.2846840970475102
20_130,0.9,42,10,0.8750105332868364,-5.894354935500731,0.4076003997361585,5190.989948604887,277.11408106489324,1.534053308189757,1.2846840970475102
20_130,0.9,42,11,0.8621801479873967,-6.423105713466227,0.3528402171014533,5507.919144350521,242.94714692985295,1.6401324889726172,1.2846840970475102
20_130,0.9,42,12,0.8495492980639193,-3.9610813084415923,0.3671108871107732,4212.5221460733155,202.8913936159377,1.1409364165764875,1.1409364165764875
20_130,0.9,42,13,0.837114880385412,-6.950227285149733,0.39431722675145614,5731.55675811183,320.5952023196347,1.7521396495702615,1.1409364165764875
20_130,0.9,42,14,0.8248738400801048,-6.514201710017832,0.389539635743014,5562.940504867408,234.11019170328728,1.6574878733919036,1.1409364165764875
20_130,0.9,42,15,0.8128231697849323,-4.262607352383965,0.40098790251486527,4355.836576735908,225.99396754694874,1.2029814196255724,1.1409364165764875
20_130,0.9,42,16,0.8009599089066888,-6.351808500782975,0.39176462438814114,5499.900453906971,197.89445575203897,1.6206833661769844,1.1409364165764875
20_130,0.9,42,17,0.7892811428946735,-5.319226911161564,0.3275459552593832,4938.1960964329455,206.2607453034702,1.4136205084541715,1.1409364165764875
20_130,0.9,42,18,0.7777840025246476,-5.173066296076995,0.37694899955517336,4822.506667837827,257.0494708275021,1.388888291190966,1.1409364165764875
20_130,0.9,42,19,0.7664656631939266,-5.4293664614169135,0.3700906807513996,4969.4186591752705,245.1234263268997,1.4394894508520637,1.1409364165764875
20_130,0.9,42,20,0.7553233442274359,-5.964533733808119,0.36682326091212086,5269.427144342026,221.4693591571168,1.543077517146113,1.1409364165764875
20_130,0.9,42,21,0.7443543081945577,-5.433488767823585,0.38909031555290247,4969.275185804998,252.97568238711082,1.4423027835864877,1.1409364165764875
20_130,0.9,42,22,0.7335558602366034,-5.365110903055998,0.360247103793751,4947.579958140265,222.56892572604818,1.4230851572214305,1.1409364165764875
20_130,0.9,42,23,0.7229253474047432,-4.532679235183028,0.31293359806541005,4485.239819420894,250.7174540304957,1.2604144696904178,1.1409364165764875
20_130,0.9,42,24,0.7124601580082336,-5.558785989744562,0.3939241402979822,5039.257567188178,252.62969848196227,1.4683548668445099,1.1409364165764875
20_130,0.9,42,25,0.7021577209727804,-6.491798216868864,0.2911145650325273,5584.135531500552,189.36328425273416,1.649078414246076,1.1409364165764875
20_130,0.9,42,26,0.6920155052088806,-4.616286422068654,0.317132863882054,4507.311298215536,269.73132908174557,1.27561309180865,1.1409364165764875
20_130,0.9,42,27,0.6820310189899872,-6.421617486325474,0.3326511189756869,5505.9869611881095,239.61883493051485,1.6381944870214837,1.1409364165764875
20_130,0.9,42,28,0.6722018093403456,-5.209711471666401,0.3165470481322254,4890.676119218009,192.625733578281,1.390866251754984,1.1409364165764875
20_130,0.9,42,29,0.6625254614323491,-5.069523085353416,0.3087835212913427,4811.646786556594,195.27665149464056,1.3622715361291187,1.1409364165764875
20_130,0.9,42,30,0.6529995979932678,-4.966035411714759,0.33036517140351784,4735.00226671878,218.10893702337754,1.3419374965073332,1.1409364165764875
20_130,0.9,42,31,0.6436218787212026,-5.072170945023232,0.30696954421275446,4798.95527012356,209.0294647663422,1.3625454058084774,1.1409364165764875
20_130,0.9,42,32,0.634389999710123,-5.627676788343125,0.348733055984978,5115.886265586447,192.41223643058098,1.4750329777495619,1.1409364165764875
20_130,0.9,42,33,0.6253016928838472,-5.563613011674457,0.2993864962763707,5039.022701155411,255.09748391417415,1.469168043683405,1.1409364165764875
20_130,0.9,42,34,0.6163547254388225,-6.447246519003177,0.30145986810618186,5534.194347776636,219.57506913483567,1.6414277192168836,1.1409364165764875
20_130,0.9,42,35,0.607546899295575,-5.2006485471126815,0.2969483542231167,4837.063686127291,261.27999829400375,1.3958782983943319,1.1409364165764875
20_130,0.9,42,36,0.5988760505586863,-4.7365424035483645,0.31690159040499954,4629.217334307343,207.49256555430523,1.2984901463416365,1.1409364165764875
20_130,0.9,42,37,0.5903400489851716,-6.141280798626953,0.33304501100438433,5368.389724913765,219.54016479257936,1.579392205428744,1.1409364165764875
20_130,0.9,42,38,0.581936797461124,-5.579367935913249,0.3201267463127118,5120.187335828323,155.61978593030994,1.4632082898946177,1.1409364165764875
20_130,0.9,42,39,0.5736642314864987,-5.825382432005481,0.3664486090055009,5221.248760167126,188.30368743389877,1.5129459687517306,1.1409364165764875
20_130,0.9,42,40,0.5655203186679085,-4.691111801072291,0.3015028542535473,4567.488553910671,251.17819588574588,1.2913495952897178,1.1409364165764875
20_130,0.9,42,41,0.5575030582193081,-4.57934860599777,0.29858175225546063,4539.517954528571,199.52297330992698,1.2620263289886198,1.1409364165764875
20_130,0.9,42,42,0.5496104804704447,-4.893853145241274,0.3130325081708861,4651.462981532721,284.9962217813768,1.3351096066566388,1.1409364165764875
20_130,0.9,42,43,0.5418406463829504,-5.401705976263505,0.31590137801744433,4953.629564667073,240.3670216450665,1.4318465517859338,1.1409364165764875
20_130,0.9,42,44,0.5341916470739625,-5.327734626592794,0.38488889244552826,4931.126623445675,226.7610979828758,1.4184610736756154,1.1409364165764875
20_130,0.9,42,45,0.5266616033471518,-5.373837746518177,0.28949206954504786,4967.120947968986,206.31348626390323,1.4244597252298328,1.1409364165764875
20_130,0.9,42,46,0.519248665231044,-5.548710936558583,0.2803716868692453,5089.3721084374365,181.0413947937618,1.4609630876749997,1.1409364165764875
20_130,0.9,42,47,0.5119510115245198,-4.4724133069303385,0.29621524418168965,4486.480620250544,197.54613483146568,1.2414647985940563,1.1409364165764875
20_130,0.9,42,48,0.504766849349387,-4.304913735581953,0.2805268543674151,4364.264533829961,240.70362207980588,1.211504840821895,1.1409364165764875
20_130,0.9,42,49,0.49769441370990625,-4.369217047679575,0.2995261108849275,4427.075411936896,209.95093483132288,1.223772227287859,1.1409364165764875
20_130,0.9,42,50,0.4907319670591703,-4.784378152416326,0.30346754762216926,4622.677646520277,247.5299469544466,1.3106622148717582,1.1409364165764875
20_130,0.9,42,51,0.4838777988722253,-4.655331602874339,0.3133134792418674,4552.839077762683,233.64779518671594,1.2794689757546598,1.1409364165764875
20_130,0.9,42,52,0.47713022522583176,-3.8312529489850657,0.2673208061199123,4121.3455197564235,223.58618267182993,1.1143858923689214,1.1143858923689214
20_130,0.9,42,53,0.47048758838475946,-5.472032605619287,0.29179071493301406,5039.987869377315,185.6178994089322,1.444160820957491,1.1143858923689214
20_130,0.9,42,54,0.4639482563945182,-4.312885423007729,0.2826826964816884,4374.464383919894,235.48825872193737,1.2134160887966652,1.1143858923689214
20_130,0.9,42,55,0.4575106226804207,-4.331420337449037,0.2720078808484023,4393.399243215076,227.56583050324016,1.2176064552136299,1.1143858923689214
20_130,0.9,42,56,0.45117310565288166,-5.2527495384310185,0.3225402871542771,4925.033531920228,183.33431937391993,1.4003259127462826,1.1143858923689214
20_130,0.9,42,57,0.44493414831885486,-3.794874801899427,0.2737579390200529,4077.1768936038893,261.6949088779175,1.1117778635340199,1.1117778635340199
20_130,0.9,42,58,0.438792217899313,-4.521222570053002,0.30861064626643003,4509.5137181897635,210.56332749068662,1.2548336367412445,1.1117778635340199
20_130,0.9,42,59,0.43274580545267627,-5.420607228929398,0.34386194160038286,5024.124813164609,164.46109050832627,1.4305021679827101,1.1117778635340199
20_130,0.9,42,60,0.4267934255040983,-4.675863082381347,0.26444550681273016,4620.245660060468,174.89247326994317,1.2832312107107766,1.1117778635340199
20_130,0.9,42,61,0.42093361568051574,-4.755550195472132,0.2964050652171999,4641.583206371345,197.91246556058206,1.2996179961984802,1.1117778635340199
20_130,0.9,42,62,0.4151649363513749,-4.325702613213537,0.29187144964643996,4375.607061441027,236.63620050339486,1.2142626662903973,1.1117778635340199
20_130,0.9,42,63,0.40948597027494477,-5.164976817971297,0.28812874666611243,4873.199265559517,191.76286916480714,1.3840136128622327,1.1117778635340199
20_130,0.9,42,64,0.4038953222501312,-4.825080133319262,0.31206647995326975,4674.322280629805,206.60743957527157,1.3150394416992237,1.1117778635340199
20_130,0.9,42,65,0.3983916187737056,-5.009878725465694,0.3005627831697387,4769.92985162741,208.52052856649553,1.3515020045987467,1.1117778635340199
20_130,0.9,42,66,0.3929735077028642,-3.255203290336396,0.2739061421255441,3822.7864403572644,206.77062776916347,0.996563809597086,0.996563809597086
20_130,0.9,42,67,0.38763965792303584,-3.5003766613949314,0.24618953696213258,3977.096042654493,186.78571516497792,1.0469897641943315,0.996563809597086
20_130,0.9,42,68,0.38238875902085495,-5.528569538503788,0.27008886334733095,5031.3859065308925,237.4075339485842,1.4598524134859758,0.996563809597086
20_130,0.9,42,69,0.37721952096222106,-4.118929533093148,0.272643132583075,4259.949947772563,254.94523712990315,1.1776836098245134,0.996563809597086
20_130,0.9,42,70,0.372130673775365,-5.9037481199247726,0.26587535057241174,5252.202291701438,213.92418105038655,1.5338793099234729,0.996563809597086
20_130,0.9,42,71,0.3671209672388437,-4.180429331444188,0.21964160940203947,4254.856542816152,305.23300696610795,1.1941392953430094,0.996563809597086
20_130,0.9,42,72,0.3621891705743874,-5.471414854861882,0.29399864477538984,4985.027520701541,255.99964226487376,1.4492993847111413,0.996563809597086
20_130,0.9,42,73,0.35733407214452373,-4.5633986713761505,0.25665063630267637,4517.0465682832155,230.06878969032815,1.2647732609176305,0.996563809597086
20_130,0.9,42,74,0.35255447915490423,-5.179957535778039,0.2756265755401577,4810.324956209799,272.49936866590707,1.3899725008276262,0.996563809597086
20_130,0.9,42,75,0.3478492173612599,-4.5452328012013545,0.2684509501302776,4531.298457235659,197.68577511113602,1.2582808554229936,0.996563809597086
20_130,0.9,42,76,0.3432171307809146,-4.233044927941179,0.3055497039034215,4364.410218370851,193.03404794503416,1.194154305578368,0.996563809597086
20_130,0.9,42,77,0.3386570814087846,-4.954446587218684,0.2427038583740603,4719.237421226327,235.77278877526328,1.3424897131827374,0.996563809597086
20_130,0.9,42,78,0.3341679489377949,-4.273593697704159,0.22199965069421976,4372.358808681675,213.09238347130534,1.2044513104289258,0.996563809597086
20_130,0.9,42,79,0.32974863048364406,-3.7762937678132054,0.27376799384661615,4078.2010956183713,253.2352583537244,1.1090722154020747,0.996563809597086
20_130,0.9,42,80,0.3253980403138483,-6.126950400553502,0.30755512068309077,5372.48916619991,216.9787944070988,1.5799904861412615,0.996563809597086
20_130,0.9,42,81,0.32111510958100054,-5.547018796761326,0.3057091687405896,5026.538218872925,245.65075580891045,1.461048782884415,0.996563809597086
20_130,0.9,42,82,0.3168987860601775,-4.972366130905978,0.2585057725848049,4752.213362670409,207.11559841831124,1.3443618068967684,0.996563809597086
20_130,0.9,42,83,0.31274803389043004,-5.221073081884282,0.2731441299591115,4832.377812714191,272.3320881772028,1.3981607668635667,0.996563809597086
20_130,0.9,42,84,0.30866183332029457,-4.5678650419032785,0.2531880257346199,4529.537027735448,221.95573409264932,1.266483360042919,0.996563809597086
20_130,0.9,42,85,0.3046391804572615,-4.5717888013046295,0.30111800413248213,4517.018733368103,235.30698940526364,1.2666754110043679,0.996563809597086
20_130,0.9,42,86,0.3006790870211401,-5.1942639978865515,0.2726096182008928,4860.254668273038,219.50319942267421,1.3892999100055483,0.996563809597086
20_130,0.9,42,87,0.29678058010125963,-4.178004009142767,0.24753012058912544,4321.96964028939,218.4747967831432,1.1875673803520697,0.996563809597086
20_130,0.9,42,88,0.2929427019174456,-4.728370869340929,0.28504817722570197,4564.1474296847655,277.73982574511615,1.299797912140427,0.996563809597086
20_130,0.9,42,89,0.28916450958471324,-5.827129632760299,0.23188747027141982,5214.033445941249,207.04986915856554,1.5170914990991653,0.996563809597086
20_130,0.9,42,90,0.28544507488162135,-5.744284736108152,0.30041825853607584,5204.699901246634,163.03092311438579,1.4975279661338199,0.996563809597086
20_130,0.9,42,91,0.28178348402222775,-5.371246665255875,0.25657572242171617,4981.497261863118,182.54408899855466,1.4211588524611547,0.996563809597086
20_130,0.9,42,92,0.27817883743159105,-5.147395085681152,0.2402837552370798,4830.334773808696,230.33283540953417,1.382061830583347,0.996563809597086
20_130,0.9,42,93,0.27463024952476534,-5.29773752981016,0.29367321069079333,4954.3203753873495,174.46707205727543,1.4080436898118474,0.996563809597086
20_130,0.9,42,94,0.27113684848922975,-5.489003708246205,0.2377073128631178,5005.580529169805,239.24957612292962,1.4508719227325468,0.996563809597086
20_130,0.9,42,95,0.2676977760707032,-4.631212103743052,0.259215783417494,4576.222169327552,198.5699630423261,1.275408365041102,0.996563809597086
20_130,0.9,42,96,0.2643121873622896,-5.261668504292519,0.27664309422576594,4918.516069405685,194.89906514983502,1.4021104161164197,0.996563809597086
20_130,0.9,42,97,0.2609792505969018,-5.054365331274351,0.21630017590566775,4787.434879527104,227.22604592951632,1.3648798609571158,0.996563809597086
20_130,0.9,42,98,0.25769814694291476,-5.956275898750065,0.25313219505045714,5298.273661831674,183.69178005372993,1.5400748909934323,0.996563809597086
20_130,0.9,42,99,0.25446807030299534,-6.409598294199061,0.20798154069946112,5550.159556738397,178.095140418695,1.6322547683549598,0.996563809597086
20_130,0.9,42,100,0.2512882271160621,-4.426675773538822,0.24207685254706252,4495.93987985509,160.8879226520146,1.2316186547844168,0.996563809597086
20_130,0.9,42,101,0.2481578361623234,-5.035623094077715,0.23661396074869295,4793.860506491301,205.7318238912744,1.3594355714992266,0.996563809597086
20_130,0.9,42,102,0.2450761283713493,-4.966239703466059,0.2912628452917463,4779.120184950844,165.34910211508114,1.3391771697337584,0.996563809597086
20_130,0.9,42,103,0.24204234663312607,-5.348050588780769,0.20662466688462805,4981.001778481107,169.9212227145884,1.4163646673972123,0.996563809597086
20_130,0.9,42,104,0.23905574561205173,-4.612015360387734,0.2499360174072966,4586.523300425539,172.247417771961,1.2696508819439754,0.996563809597086
20_130,0.9,42,105,0.23611559156382206,-4.535740021820508,0.2871062011323994,4529.545762373413,195.19011080075592,1.2567140097841312,0.996563809597086
20_130,0.9,42,106,0.2332211621551653,-5.148485009552086,0.23387231693553892,4884.804651744121,161.5386683142819,1.3773194486362177,0.996563809597086
20_130,0.9,42,107,0.23037174628638085,-4.312166003274653,0.28773459853329963,4413.191000838947,185.61630612945993,1.209693448870611,0.996563809597086
20_130,0.9,42,108,0.2275666439166364,-4.373232636226643,0.2628984424763024,4439.954923582348,193.50160296463676,1.2225841330826346,0.996563809597086
20_130,0.9,42,109,0.2248051658919834,-4.044059476758249,0.25655232906033637,4264.696422400209,193.66866973091965,1.15708593701063,0.996563809597086
20_130,0.9,42,110,0.22208663377604637,-4.616304647650457,0.23603211306638983,4574.0709101414395,189.39468488837286,1.2712535789400312,0.996563809597086
20_130,0.9,42,111,0.21941037968334542,-4.580097634984426,0.28806755939286,4574.087334742907,167.68386427653232,1.2633327060044037,0.996563809597086
20_130,0.9,42,112,0.21677574611521144,-4.828468235574391,0.2907765155939515,4701.304562314278,176.63190394904902,1.3141881267146653,0.996563809597086
20_130,0.9,42,113,0.21418208579825188,-4.433801916639579,0.27027401700737413,4470.670644913595,201.26577846981263,1.2369088485682642,0.996563809597086
20_130,0.9,42,114,0.21162876152533033,-4.535844103961855,0.25994886203753487,4532.9330167654325,192.03214375371397,1.256828053407491,0.996563809597086
20_130,0.9,42,115,0.20911514599901782,-4.874801890307787,0.25074767086912225,4707.979245225225,198.88414899336783,1.3248096356361097,0.996563809597086
20_130,0.9,42,116,0.20664062167747893,-5.787425389232517,0.26688481987716123,5226.731709846735,165.30925591239668,1.5066012968030786,0.996563809597086
20_130,0.9,42,117,0.20420458062275576,-5.563829673275206,0.25298378218636863,5096.019676647158,175.34916370206383,1.4613714154327986,0.996563809597086
20_130,0.9,42,118,0.2018064243514096,-5.371494043073001,0.23814989284668614,4991.776793486053,175.98166517000888,1.4226080706528101,0.996563809597086
20_130,0.9,42,119,0.1994455636874869,-5.3698298940771885,0.24949208632598943,5000.503572026568,169.46429770293025,1.4234928992047227,0.996563809597086
20_130,0.9,42,120,0.19712141861777083,-5.017980937364025,0.2738031130024049,4803.909296330204,176.64216996179687,1.3525733728691447,0.996563809597086
20_130,0.9,42,121,0.19483341814928484,-5.202092362690745,0.2259004447401185,4888.23773282491,194.42216635500216,1.390610031509627,0.996563809597086
20_130,0.9,42,122,0.19258100016901147,-4.973147764018412,0.23632421641547605,4771.954291562157,186.30199550826094,1.3441468977145596,0.996563809597086
20_130,0.9,42,123,0.19036361130579338,-5.462747611918273,0.2287446577124001,5043.700008262494,172.5296554403001,1.4407706692133344,0.996563809597086
20_130,0.9,42,124,0.18818070679438154,-5.134015581292214,0.26496968149636774,4837.0837439224915,212.26165875520675,1.3779883109074689,0.996563809597086
20_130,0.9,42,125,0.1860317503415984,-6.296239492831571,0.2721169548340156,5452.773479911461,227.51586576891503,1.6138698299178493,0.996563809597086
20_130,0.9,42,126,0.1839162139945818,-5.913401814320388,0.249103339272626,5244.036359427177,234.85028928489785,1.5384651721948157,0.996563809597086
20_130,0.9,42,127,0.18183357801107813,-4.833878883756998,0.291185486661717,4691.643426711757,194.22119777976894,1.3169963443158728,0.996563809597086
20_130,0.9,42,128,0.17978333073175307,-5.37899832776147,0.24965998676035522,4999.0808395598315,171.10660573474794,1.4235603323011177,0.996563809597086
20_130,0.9,42,129,0.17776496845448742,-4.623428602140259,0.22794689559697195,4586.584561914763,187.82960468437426,1.2753631389910531,0.996563809597086
20_130,0.9,42,130,0.17577799531062827,-5.538982141705292,0.2651564412258197,5081.069667763571,176.6323401521976,1.456247555628343,0.996563809597086
20_130,0.9,42,131,0.1738219231431649,-6.187889594138838,0.24006950945460925,5421.3328878912525,190.0974071409492,1.588446640958952,0.996563809597086
20_130,0.9,42,132,0.17189627138679878,-5.589680123303112,0.21627263627176685,5106.339432415077,173.67714738232706,1.4646212573770043,0.996563809597086
20_130,0.9,42,133,0.1700005669498786,-5.146503797300969,0.22913652690059533,4847.61236475396,202.5681591647913,1.3783874933367863,0.996563809597086
20_130,0.9,42,134,0.16813434409817252,-4.708034547877048,0.21574242693496354,4642.850103135126,166.59107673143382,1.2886558952665204,0.996563809597086
20_130,0.9,42,135,0.16629714434044632,-5.298899577700925,0.23432922226407765,4963.89291614516,157.18875762339064,1.4053158756662123,0.996563809597086
20_130,0.9,42,136,0.16448851631582245,-5.463099821035594,0.27394742972327635,4982.2230270772225,254.97498243470525,1.447876181810125,0.996563809597086
20_130,0.9,42,137,0.16270801568288995,-5.081261963319817,0.2337494025758086,4838.601174052533,171.16078000639416,1.3635492570637204,0.996563809597086
20_130,0.9,42,138,0.16095520501053945,-4.590283835707812,0.24060566738703848,4539.171916429403,221.63991588163165,1.2699721854781794,0.996563809597086
20_130,0.9,42,139,0.1592296536704954,-4.026287645256348,0.27337919159869567,4245.885323997473,205.12657667745816,1.1542327338249094,0.996563809597086
20_130,0.9,42,140,0.15753093773152022,-4.486762767994571,0.22067524768136787,4478.266444473033,226.77036234428743,1.2490624091703597,0.996563809597086
20_130,0.9,42,141,0.15585863985526294,-4.757290619880466,0.23519279810347973,4644.050592472951,192.9266502324291,1.2987205626180243,0.996563809597086
20_130,0.9,42,142,0.15421234919372853,-4.118116451953056,0.23893543871267992,4288.567701943538,207.3339477069926,1.1710049427140936,0.996563809597086
20_130,0.9,42,143,0.152591661288341,-6.3310391072114065,0.23422420663920313,5515.976280439759,166.33869501400207,1.6151752890683637,0.996563809597086
20_130,0.9,42,144,0.15099617797057668,-5.41415174184626,0.23606319689152427,5021.1903136389865,166.8124271763476,1.430262971536601,0.996563809597086
20_130,0.9,42,145,0.14942550726414244,-4.8746540849902225,0.28740919257508574,4704.3299884286125,202.39581051173442,1.324726724710759,0.996563809597086
20_130,0.9,42,146,0.14787926328867598,-4.9689198809986586,0.2479228723287073,4766.400960364143,180.14975592637143,1.3398232602929545,0.996563809597086
20_130,0.9,42,147,0.1463570661649425,-5.064049290636747,0.2638057458081299,4824.854215979391,177.98692588986185,1.3608992634961277,0.996563809597086
20_130,0.9,42,148,0.1448585419215072,-4.737062539510287,0.21088742473407124,4651.146926642078,173.61918831158258,1.2943255915875282,0.996563809597086
20_130,0.9,42,149,0.14338332240285795,-5.140543964806158,0.27108799749976925,4870.603165748321,171.7833729359219,1.3757476073631554,0.996563809597086
20_130,0.9,42,150,0.1419310451789575,-448.1768020198706,0.21264708818576783,154385.42144733437,150108.53760218938,112.04961284262998,0.996563809597086
20_130,0.9,42,151,0.14050135345620207,-448.025817464725,0.24038490424679146,154295.00985268626,150119.03118064912,112.01962384670072,0.996563809597086
20_130,0.9,42,152,0.13909389598976496,-4.336368465091033,0.2587618207217299,4431.063845084626,176.5191426720594,1.2130576285382704,0.996563809597086
20_130,0.9,42,153,0.13770832699730284,-447.96089813075645,0.2226009250688133,154265.40957647504,150115.8574043977,112.007392425907,0.996563809597086
20_130,0.9,42,154,0.13634430607400466,-4.6512688229696195,0.2174350188889927,4567.791420962478,224.13321653839304,1.2815882735634725,0.996563809597086
20_130,0.9,42,155,0.13500149810896128,-4.537574714562831,0.23468308461509935,4516.566592657989,206.90494992903956,1.256136175033204,0.996563809597086
20_130,0.9,42,156,0.13367957320283602,-4.236669314403361,0.21237570931230687,4378.3662732362345,180.27029319626308,1.1947145868980986,0.996563809597086
20_130,0.9,42,157,0.13237820658681518,-4.179660545372893,0.2862754208649113,4313.86436511557,225.29358607521345,1.1870250930531798,0.996563809597086
20_130,0.9,42,158,0.13109707854281938,-5.053939543131478,0.2211089495131815,4807.896500148203,194.4897536596375,1.360581350429334,0.996563809597086
20_130,0.9,42,159,0.12983587432495577,-4.515901917530053,0.2145219701872593,4541.230080375883,159.81524369459544,1.2481687694258032,0.996563809597086
20_130,0.9,42,160,0.12859428408219134,-4.077844784187807,0.24867041652999777,4254.62249702566,224.13393516763642,1.1644409940267495,0.996563809597086
20_130,0.9,42,161,0.1273720027822294,-4.618763788126556,0.24551581502448477,4545.1155147699565,237.37256376457833,1.2779397926304845,0.996563809597086
20_130,0.9,42,162,0.12616873013656954,-448.2560858639501,0.222135322608117,154416.8823261731,150125.37484230727,112.06752904174509,0.996563809597086
20_130,0.9,42,163,0.12498417052673307,-5.222161755238316,0.22292410576397215,4906.729959076581,178.9105969554836,1.3918638875830276,0.996563809597086
20_130,0.9,42,164,0.12381803293163596,-447.6406010484756,0.23004921186177682,154104.3171490743,150099.62893688056,111.94120704422568,0.996563809597086
20_130,0.9,42,165,0.12267003085609117,-447.5457112803193,0.29698539959741244,154036.13573578754,150121.12355228912,111.92355040305242,0.996563809597086
20_130,0.9,42,166,0.1215398822604227,-4.511354189898544,0.22624716489229665,4529.8555946704,179.15797007201678,1.2509762819623704,0.996563809597086
20_130,0.9,42,167,0.1204273094911746,-4.342627094576642,0.25221791849557623,4368.941759030947,267.9234711715613,1.2231929208303076,0.996563809597086
20_130,0.9,42,168,0.11933203921289748,-448.24185792637667,0.22006590353378352,154383.675992715,150162.88680337314,112.06880380338349,0.996563809597086
20_130,0.9,42,169,0.11825380234099556,-4.318649133148536,0.21025972748699334,4363.84660034808,256.23437542278396,1.2170190653939161,0.996563809597086
20_130,0.9,42,170,0.11719233397561858,-4.704641402887085,0.20928979074331852,4609.160950293673,207.4168737478001,1.2909599899714104,0.996563809597086
20_130,0.9,42,171,0.11614737333658141,-4.092843293771531,0.2456141627747063,4279.263857970074,208.46020984854053,1.1679358595179186,0.996563809597086
20_130,0.9,42,172,0.11511866369929591,-448.17003831845295,0.2550801294521916,154356.49077648882,150143.6302262118,112.05160366330732,0.996563809597086
20_130,0.9,42,173,0.11410595233169919,-4.252774863677734,0.2235210230267141,4362.896886609283,207.79873848421494,1.198979069454787,0.996563809597086
20_130,0.9,42,174,0.11310899043216277,-447.9612518875955,0.22663692786134776,154269.9949148417,150111.03666999764,112.00734753178344,0.996563809597086
20_130,0.9,42,175,0.1121275330683672,-4.631750051969325,0.21760331919526044,4575.755219497319,203.76584289174136,1.2771308030356212,0.996563809597086
20_130,0.9,42,176,0.11116133911712744,-447.8835387744502,0.2051991185075733,154225.80669713032,150110.5619404635,111.99064465032251,0.996563809597086
20_130,0.9,42,177,0.1102101712051541,-5.689813984999155,0.1924092400724001,5145.023803988056,196.0335971080967,1.4872547228010151,0.996563809597086
20_130,0.9,42,178,0.10927379565073586,-5.165037410470372,0.19699018287226738,4872.619250933871,185.07783306378954,1.3813558172640574,0.996563809597086
20_130,0.9,42,179,0.10835198240632873,-447.6457098473144,0.21768506745442787,154098.30999105333,150111.46381818745,111.9432810693322,0.996563809597086
20_130,0.9,42,180,0.1074445050020384,-448.0688946486704,0.19586439260984062,154335.0289420084,150102.43972266864,112.02853599982993,0.996563809597086
20_130,0.9,42,181,0.10655114048998136,-4.702921604748418,0.25934671477068655,4629.92299628005,181.35114781216404,1.2892094055161087,0.996563809597086
20_130,0.9,42,182,0.10567166938951125,-447.6441218064852,0.2415783284668088,154095.4073060365,150117.44515451175,111.94437915292,0.996563809597086
20_130,0.9,42,183,0.10480587563329734,-447.3191634560913,0.25213305706817585,153915.41100273567,150118.1449833866,111.87730320168515,0.996563809597086
20_130,0.9,42,184,0.10395354651424124,-4.57951096111904,0.2341158034947358,4542.118415741513,211.80370701617576,1.267483007235027,0.996563809597086
20_130,0.9,42,185,0.10311447263321932,-3.59014048029326,0.2138236390262962,4004.4310847850807,215.39759997380952,1.0676617434499382,0.996563809597086
20_130,0.9,42,186,0.10228844784763778,-447.5636242287962,0.22747393896315007,154034.96607455026,150137.10616343157,111.9289484092914,0.996563809597086
20_130,0.9,42,187,0.10147526922078795,-447.38917756873354,0.2492311294857225,153965.075848295,150108.27154158187,111.89227642681541,0.996563809597086
20_130,0.9,42,188,0.10067473697198882,-4.115317637745027,0.18659610658454656,4264.176496344264,249.27621511198822,1.1771947774016245,0.996563809597086
20_130,0.9,42,189,0.09988665442750533,-4.200258516696728,0.2375972970122925,4343.50720053257,208.6253701303422,1.1920277604873133,0.996563809597086
20_130,0.9,42,190,0.09911082797222981,-4.321240296858968,0.23063601790353588,4378.7056067638905,246.69308643723855,1.2190936961483638,0.996563809597086
20_130,0.9,42,191,0.09834706700211487,-3.791919013177312,0.19125115525888328,4091.6107687184704,250.75830572217032,1.1131840101485848,0.996563809597086
20_130,0.9,42,192,0.09759518387734595,-4.3877074227202755,0.1977618832241562,4469.463625728529,168.74286462506302,1.2245826276858407,0.996563809597086
20_130,0.9,42,193,0.09685499387624241,-4.183624478012982,0.22404681362823972,4329.3298887792225,211.85667983255266,1.1879042436013696,0.996563809597086
20_130,0.9,42,194,0.09612631514987509,-4.180434069392944,0.21754106235377177,4334.759033608089,201.5123525011447,1.1861582287479473,0.996563809597086
20_130,0.9,42,195,0.09540896867739013,-3.3351945298254178,0.20757531968128742,3845.7402564027407,249.40454612941753,1.0207165978243198,0.996563809597086
20_130,0.9,42,196,0.0947027782220271,-4.5982575105529255,0.21160876820665306,4577.0664926827985,181.19628615332059,1.2693807557046093,0.996563809597086
20_130,0.9,42,197,0.09400757028782174,-3.8583951350031143,0.2181286506948558,4161.539045561004,200.98090750345656,1.1211675427695376,0.996563809597086
20_130,0.9,42,198,0.09332317407698135,-3.4429199581553833,0.25745769156241377,3912.9973790709037,234.31728519283834,1.0403669303757865,0.996563809597086
20_130,0.9,42,199,0.09264942144792357,-3.8465113809331353,0.20555861422173835,4155.833771322389,201.7084044960308,1.1192989852044237,0.996563809597086
20_130,0.9,42,200,0.09198614687396757,-3.801991801074707,0.20965649953496368,4117.153969795152,221.2676069750168,1.1119713990421254,0.996563809597086
20_130,0.9,42,201,0.0913331874026676,-3.832101804615463,0.203220349898739,4103.412160943149,262.6618841207225,1.1219447873732018,0.996563809597086
20_130,0.9,42,202,0.09069038261577916,-3.842933544274177,0.2056429463630713,4112.269490005082,260.6348284719999,1.124517945953104,0.996563809597086
20_130,0.9,42,203,0.09005757458984752,-4.278027318739233,0.24575031925951651,4390.509362033842,193.1351412270916,1.2039541601321386,0.996563809597086
20_130,0.9,42,204,0.08943460785740934,-4.067417547177257,0.21519858404614678,4271.3148575649075,205.3270282467014,1.1638183839083114,0.996563809597086
20_130,0.9,42,205,0.08882132936879764,-4.290358758014883,0.21924823389926473,4411.2968157822415,178.842431532353,1.2065116231256543,0.996563809597086
20_130,0.9,42,206,0.08821758845454078,-4.233797458215333,0.21318958604098567,4365.098908951873,202.995617597798,1.1980490759535447,0.996563809597086
20_130,0.9,42,207,0.08762323678834613,-4.291159823501321,0.19622751724627668,4412.67857837074,180.24243347706664,1.2075396672750416,0.996563809597086
20_130,0.9,42,208,0.08703812835065944,-4.080639002276594,0.19926207344195207,4282.692695373501,200.2189686317191,1.1662094619688597,0.996563809597086
20_130,0.9,42,209,0.08646211939279098,-4.534123319833553,0.20639627280240394,4503.71727070349,226.2315265350642,1.2583860969136549,0.996563809597086
20_130,0.9,42,210,0.08589506840159955,-3.8528927350801006,0.18896364079850142,4151.007829517887,207.87022120391885,1.1197435300903713,0.996563809597086
20_130,0.9,42,211,0.08533683606472567,-4.061297515779326,0.23734191002119212,4280.946846794732,186.9384322682526,1.160707423677876,0.996563809597086
20_130,0.9,42,212,0.08478728523636561,-4.6181832922603,0.20120756217218733,4583.432019303125,184.36194394334987,1.2729177566870085,0.996563809597086
20_130,0.9,42,213,0.08424628090357741,-4.150752114227794,0.2512748664563234,4337.143423701093,179.70456589835115,1.17908773995666,0.996563809597086
20_130,0.9,42,214,0.08371369015311121,-4.511544434281827,0.22030173171546713,4541.643829515024,161.67022088963117,1.2490008271851751,0.996563809597086
20_130,0.9,42,215,0.08318938213875532,-4.707776516323888,0.2120931615645781,4603.439030157517,227.75071678050634,1.296243840480683,0.996563809597086
20_130,0.9,42,216,0.08267322804918986,-4.2247964702785605,0.17793773510965655,4372.275444599237,182.98508043275407,1.1934274003979228,0.996563809597086
20_130,0.9,42,217,0.08216510107634088,-3.747832388271294,0.2212410400555691,4102.320090275815,199.1711085916576,1.0983546338643602,0.996563809597086
20_130,0.9,42,218,0.08166487638422609,-3.8644293959747213,0.234756522528192,4146.624684888062,222.89026397926895,1.123588012774344,0.996563809597086
20_130,0.9,42,219,0.08117243107828538,-3.979127011023014,0.15138843582491068,4220.64990792028,205.30831467669813,1.1448592419332426,0.996563809597086
20_130,0.9,42,220,0.08068764417518824,-4.608551092406363,0.21977754507061453,4589.092644182395,167.79951513945457,1.268987989551807,0.996563809597086
20_130,0.9,42,221,0.08021039657311081,-4.2067875289617245,0.23013397618491566,4353.533428603817,195.68776541344846,1.1910545301480788,0.996563809597086
20_130,0.9,42,222,0.07974057102247495,-3.912283866981767,0.22191484847090615,4203.158332302179,186.32275795886483,1.1313841702086451,0.996563809597086
20_130,0.9,42,223,0.0792780520971426,-4.355451137231311,0.18798627961695394,4435.919348460694,193.82430949069516,1.2211923658374093,0.996563809597086
20_130,0.9,42,224,0.07882272616605801,-4.368099429019764,0.1809762750653637,4409.848208419566,236.21258875816693,1.2269166321467158,0.996563809597086
20_130,0.9,42,225,0.0783744813653311,-4.05255182957468,0.19636199808112592,4267.193836896905,198.94218564237374,1.159945605301318,0.996563809597086
20_130,0.9,42,226,0.07793320757075473,-3.410096702909247,0.19528169181848484,3886.108474097594,247.26658530525555,1.0350365855397214,0.996563809597086
20_130,0.9,42,227,0.07749879637074959,-4.431636215426871,0.18156375980802583,4484.064044329977,180.92032271739973,1.2344904391381029,0.996563809597086
20_130,0.9,42,228,0.07707114103972987,-4.378916914095051,0.2226638136669501,4470.212820899643,160.961398657047,1.2220217249162588,0.996563809597086
20_130,0.9,42,229,0.0766501365118829,-3.5749411994992872,0.21446032297451195,4004.3585886176406,205.47797635455223,1.0640127890523108,0.996563809597086
20_130,0.9,42,230,0.07623567935535681,-3.872952132877248,0.23212920683102087,4171.325108302602,197.00739504690458,1.1233774271587058,0.996563809597086
20_130,0.9,42,231,0.07582766774684957,-4.140586926563635,0.20404667188966702,4295.575850961182,220.53501905994614,1.1784464430406199,0.996563809597086
20_130,0.9,42,232,0.07542600144659303,-3.827122969749886,0.17689402454917796,4147.9248881944695,196.87923240064478,1.114577279234008,0.996563809597086
20_130,0.9,42,233,0.07503058177372629,-3.8727659966749832,0.22504337550361084,4188.9107151919225,171.97689468071778,1.120816607393854,0.996563809597086
20_130,0.9,42,234,0.0746413115820518,-4.21668251896206,0.1767107402750768,4377.601471998377,170.23380598512634,1.1907639919338768,0.996563809597086
20_130,0.9,42,235,0.07425809523616868,-4.069198907389348,0.20378947571112346,4292.459459907171,174.05654064297687,1.1603105493581594,0.996563809597086
20_130,0.9,42,236,0.0738808385879771,-4.531670773260566,0.20917856104074423,4539.802850222406,172.9456128329214,1.2524290208764688,0.996563809597086
20_130,0.9,42,237,0.0735094489535481,-3.689448956224659,0.1630826537867858,4092.463670982866,172.55384369743183,1.0849491798931055,0.996563809597086
20_130,0.9,42,238,0.07314383509035316,-4.183017395447524,0.20804199000476897,4353.841312661215,174.7273938914544,1.1835166865242186,0.996563809597086
20_130,0.9,42,239,0.07278390717484776,-4.363569464931847,0.17494725079060341,4441.1838027911335,182.6175504325265,1.2190698554104507,0.996563809597086
20_130,0.9,42,240,0.07242957678040378,-4.406563150755099,0.2004122549405522,4467.975171622114,186.3115823419129,1.2304404990884863,0.996563809597086
20_130,0.9,42,241,0.07208075685558483,-4.215734718454089,0.20480154894861738,4354.7604053021105,199.68310892647702,1.1929722799021225,0.996563809597086
20_130,0.9,42,242,0.0717373617027597,-5.175880534612756,0.18966482886048452,4894.603341106746,165.58822066741772,1.382463423696479,0.996563809597086
20_130,0.9,42,243,0.07139930695704806,-4.629580166680789,0.18243425836864982,4575.61170124391,204.24888165264053,1.2772534832286386,0.996563809597086
20_130,0.9,42,244,0.0710665095655941,-4.719109082679722,0.1679304673364974,4631.514361972719,194.35845179679234,1.294553894046554,0.996563809597086
20_130,0.9,42,245,0.07073888776716195,-4.360862453163902,0.15177650555703814,4444.911548543508,185.07227364866526,1.2213605627859248,0.996563809597086
20_130,0.9,42,246,0.07041636107204882,-4.934143662890049,0.17894043128262715,4772.621027489411,163.28824352973348,1.33599356363016,0.996563809597086
20_130,0.9,42,247,0.07009885024231037,-5.13792790280591,0.18689340658426773,4860.015054300904,184.9698701040555,1.3766015283710302,0.996563809597086
20_130,0.9,42,248,0.0697862772722936,-4.052160427787554,0.21943589794390758,4257.586267363815,213.58637354807635,1.1616985485053297,0.996563809597086
20_130,0.9,42,249,0.0694785653694726,-4.839781130325143,0.18257175096340372,4699.538641269595,186.83730443866932,1.3172537241397273,0.996563809597086
20_130,0.9,42,250,0.06917563893558212,-4.915173793902803,0.2014096447824679,4752.804882129811,174.57929008877136,1.3327034773357296,0.996563809597086
20_130,0.9,42,251,0.06887742354804487,-4.033691108406937,0.16323860523184724,4268.618433295844,187.37041358366736,1.156253440882398,0.996563809597086
20_130,0.9,42,252,0.06858384594168729,-4.330616667175487,0.18828210205357565,4428.062041975203,185.0858700620663,1.2150626083523133,0.996563809597086
20_130,0.9,42,253,0.06829483399074003,-4.4831661504194535,0.19448948299836874,4507.376716036333,189.3804200821747,1.246299979163305,0.996563809597086
20_130,0.9,42,254,0.06801031669111803,-4.997460352348395,0.19790068214012116,4797.98702536681,168.92460377666225,1.347540196312207,0.996563809597086
20_130,0.9,42,255,0.06773022414297643,-4.641852921485363,0.14934809463013451,4595.437766303901,185.49421696151532,1.277822176980287,0.996563809597086
20_130,0.9,42,256,0.06745448753353762,-5.642144703417754,0.15858981666298186,5136.799531756679,176.28189596341184,1.4769665510348136,0.996563809597086
20_130,0.9,42,257,0.06718303912018544,-5.10024233788152,0.18760443077540595,4854.684403855964,169.54364111286696,1.368975086634882,0.996563809597086
20_130,0.9,42,258,0.0669158122138222,-5.0235344393670704,0.18189630254570743,4793.820446544608,194.34973739569156,1.3552647786729364,0.996563809597086
20_130,0.9,42,259,0.06665274116248465,-5.330656544044716,0.18412716706547277,4964.650498154012,182.78605194452314,1.4149453048423477,0.996563809597086
20_130,0.9,42,260,0.06639376133521471,-4.769632529452822,0.16266628503753539,4656.696825306006,190.80092434387325,1.3026750154800883,0.996563809597086
20_130,0.9,42,261,0.06613880910618089,-4.758083101671204,0.1867243222592141,4652.643099052501,191.071706293164,1.3012574998045252,0.996563809597086
20_130,0.9,42,262,0.06588782183904693,-5.1629633109123665,0.21715137199667528,4872.740550834668,191.57108407351282,1.3837719965592603,0.996563809597086
20_130,0.9,42,263,0.06564073787158327,-5.3326699894719685,0.18953406109002582,4968.92724114435,185.34966410498234,1.4174811337316284,0.996563809597086
20_130,0.9,42,264,0.06539749650051803,-5.17826691190333,0.17352451162883806,4884.6202075627325,183.39672859334766,1.3852312301403347,0.996563809597086
20_130,0.9,42,265,0.06515803796662348,-4.478062918639822,0.15656750967566507,4497.404277099177,198.5086386099826,1.2459024540466799,0.996563809597086
20_130,0.9,42,266,0.06492230344003448,-5.024646530773561,0.17631128972720117,4800.338645900192,183.7771375529331,1.353842801524559,0.996563809597086
20_130,0.9,42,267,0.06469023500579518,-4.548896660294146,0.16383973054687626,4542.95766523318,187.78576142983584,1.2590275561269273,0.996563809597086
20_130,0.9,42,268,0.06446177564963067,-4.600169687575579,0.19267017805785697,4559.581116421254,203.92941715585266,1.27114025739173,0.996563809597086
20_130,0.9,42,269,0.06423686924393959,-4.219466624920685,0.19589243768906456,4347.002817298856,210.8570723652602,1.1941502060137208,0.996563809597086
20_130,0.9,42,270,0.064015460534005,-4.741118969335567,0.16403267564099192,4650.967783587588,183.81658423919922,1.2979818346859837,0.996563809597086
20_130,0.9,42,271,0.0637974951244193,-4.153430154257721,0.20238628622934943,4327.371916916036,186.34695198662465,1.1778577550146465,0.996563809597086
20_130,0.9,42,272,0.06358291946572056,-5.2540016487922525,0.19929250741675197,4931.126251514263,175.68396175310158,1.3998117397593905,0.996563809597086
20_130,0.9,42,273,0.06337168084123639,-5.2282589036533285,0.16339450791014076,4870.336929303319,240.10072029847248,1.4005919264905327,0.996563809597086
20_130,0.9,42,274,0.06316372735413278,-4.6493244451066404,0.14729092067873117,4593.77477078071,191.77039534665755,1.2794916451871938,0.996563809597086
20_130,0.9,42,275,0.06295900791466405,-4.725909533306244,0.1933540571170985,4626.325215019419,206.70641854764276,1.2971212505704282,0.996563809597086
20_130,0.9,42,276,0.06275747222762111,-4.545010755037253,0.1672769678691698,4528.390617832143,204.04274239139292,1.259514160620785,0.996563809597086
20_130,0.9,42,277,0.06255907077997513,-5.360544080202754,0.13341367688025868,4977.27896101305,196.34417453556085,1.424619569834238,0.996563809597086
20_130,0.9,42,278,0.062363754828713217,-4.42179812054296,0.13945823384405642,4474.018562441875,188.26639906582128,1.233414898101108,0.996563809597086
20_130,0.9,42,279,0.06217147638886324,-4.8634154524473745,0.17152244483402462,4713.679988332856,184.87274630609483,1.3218263017842822,0.996563809597086
20_130,0.9,42,280,0.06198218822170495,-5.711665624037604,0.16286622103444284,5164.965882509494,193.98532418090258,1.4939666224596173,0.996563809597086
20_130,0.9,42,281,0.06179584382316449,-5.062792432626821,0.15523756978490563,4822.924071644925,184.70914872468282,1.362631657940255,0.996563809597086
20_130,0.9,42,282,0.06161239741238927,-4.742444892639672,0.19371133970522073,4642.770791390716,197.4538063188695,1.2998947729434678,0.996563809597086
20_130,0.9,42,283,0.06143180392050065,-4.385437778610241,0.17954144489548352,4446.0679915672345,198.09435958903967,1.2265477563408718,0.996563809597086
20_130,0.9,42,284,0.06125401897952138,-5.329088365464498,0.15907514230818917,4989.168101269634,153.8220553715363,1.4135413554353886,0.996563809597086
20_130,0.9,42,285,0.06107899891147547,-4.822648233829792,0.1567519303260151,4673.27398364775,209.8894022349718,1.3158456082409977,0.996563809597086
20_130,0.9,42,286,0.060906700717657275,-4.899839315800003,0.16814027361497885,4728.723532657947,189.89187145055013,1.3292862358764075,0.996563809597086
20_130,0.9,42,287,0.060737082068067785,-5.271115347394005,0.16775770053237626,4920.166134663397,201.56739314457454,1.4051623866320508,0.996563809597086
20_130,0.9,42,288,0.06057010129101494,-4.654510735918439,0.19168851418934812,4585.4075592513955,206.69576037690285,1.2818112337631595,0.996563809597086
20_130,0.9,42,289,0.06040571736287584,-4.66194691532757,0.1692976233367529,4611.665447152415,181.20340350651043,1.2823258341709978,0.996563809597086
20_130,0.9,42,290,0.06024388989801807,-4.979235541876028,0.16723669770815247,4782.7457612925855,176.0096876829644,1.3444257685858898,0.996563809597086
20_130,0.9,42,291,0.06008457913887785,-4.798279405999053,0.15112942672500757,4669.119015512833,199.9256381160076,1.3106534012833129,0.996563809597086
20_130,0.9,42,292,0.05992774594619241,-5.578398911047445,0.16688971102324382,5109.330967249733,168.5540960453765,1.4638697854819187,0.996563809597086
20_130,0.9,42,293,0.05977335178938433,-5.479590710678718,0.1598540181131413,5031.534758144256,200.2944163480857,1.4463574179294194,0.996563809597086
20_130,0.9,42,294,0.059621358737095426,-4.198560018363008,0.19476236175248762,4355.026020395348,189.4785730521557,1.1893457765965239,0.996563809597086
20_130,0.9,42,295,0.05947172944786773,-5.5050768930800125,0.17201545581392677,5043.482095296943,208.95655727468701,1.4539892809900608,0.996563809597086
20_130,0.9,42,296,0.059324427160969605,-4.988301028532503,0.15280084307806988,4778.46278128591,191.40658058776629,1.3484453148531834,0.996563809597086
20_130,0.9,42,297,0.05917941568736433,-4.8192083489641515,0.16843651267295812,4678.959304151873,201.90497940769822,1.315057065596016,0.996563809597086
20_130,0.9,42,298,0.05903665940081926,-6.076901078999981,0.1741628636024445,5365.773200504156,191.6024257101487,1.5682128599375855,0.996563809597086
20_130,0.9,42,299,0.058896123229153184,-5.0071656596320855,0.14653115358578275,4786.601267931212,192.24876488669028,1.3517971869137932,0.996563809597086
20_130,0.9,42,300,0.05875777264561992,-5.069412363923711,0.14426106327392668,4810.845671717692,206.2942198076941,1.365994577272414,0.996563809597086
20_130,0.9,42,301,0.05862157366042571,-5.328727741262853,0.15058725247682975,4962.6246189062385,186.34716119820703,1.415487707321485,0.996563809597086
20_130,0.9,42,302,0.058487492812378764,-5.393941873838072,0.1819393095117659,5001.936586082383,186.0679366753714,1.43009124046529,0.996563809597086
20_130,0.9,42,303,0.05835549716066848,-5.023766342405117,0.17450477733939848,4802.623055061599,182.60558873546148,1.3542695798292732,0.996563809597086
20_130,0.9,42,304,0.05822555427677263,-5.123776338556135,0.16084783029012667,4851.32509175721,195.13994656138755,1.3770641423590912,0.996563809597086
20_130,0.9,42,305,0.05809763223649032,-4.853148887162075,0.20697234456296654,4695.074622477359,201.53031683850006,1.3209485493518462,0.996563809597086
20_130,0.9,42,306,0.057971699612098956,-4.887751207816198,0.16039406417584823,4726.414737057998,190.28411351687342,1.3285657961820436,0.996563809597086
20_130,0.9,42,307,0.05784772546463305,-5.357616670982134,0.18534469944432025,4957.707553711466,221.45118949357376,1.426465495306861,0.996563809597086
20_130,0.9,42,308,0.05772567933628324,-4.285577325470417,0.13675624533236372,4390.961381598826,202.34685153100602,1.2074866113098839,0.996563809597086
20_130,0.9,42,309,0.05760553124291343,-5.121169017431896,0.15063252729983514,4858.626474210296,181.96203553705158,1.3749838849496043,0.996563809597086
20_130,0.9,42,310,0.05748725166669427,-6.223189513006609,0.17766798215826482,5459.044975032152,176.00207234772418,1.5974071906614646,0.996563809597086
20_130,0.9,42,311,0.05737081154885137,-5.239189785822033,0.12891635881503954,4921.150287923813,182.929350594516,1.3987254406835021,0.996563809597086
20_130,0.9,42,312,0.057256182282526054,-5.508530841087274,0.1635851566672461,5062.016218946094,187.81599502612858,1.4532035616426697,0.996563809597086
20_130,0.9,42,313,0.057143335705747374,-5.869934195114425,0.1576495108882478,5272.768953608568,162.77512804769893,1.5228972572923147,0.996563809597086
20_130,0.9,42,314,0.05703224409451321,-4.586290156543515,0.16840197234702653,4569.310857883561,181.5231710061518,1.2665989460622855,0.996563809597086
20_130,0.9,42,315,0.056922880155979176,-5.060702613270704,0.14612020054773742,4828.926953618526,177.5895622991248,1.362277673519696,0.996563809597086
20_130,0.9,42,316,0.05681521702175326,-5.28264672396204,0.15271705041289196,4924.4671152179,207.93019914913486,1.409094437123266,0.996563809597086
20_130,0.9,42,317,0.05670922824129488,-5.302390274580896,0.15369881650173983,4941.732386390571,206.212074599086,1.414925562873218,0.996563809597086
20_130,0.9,42,318,0.05660488777541653,-5.077314877589297,0.18376586076673523,4831.946125595197,182.929350594516,1.3653567136253182,0.996563809597086
20_130,0.9,42,319,0.056502169989886525,-5.423995349780561,0.1577060918618356,4998.685048859855,209.3510910866395,1.4373760380223406,0.996563809597086
20_130,0.9,42,320,0.056401049649131195,-5.289359188279474,0.17610462235589816,4946.28919562798,185.4217826964438,1.4090392198692911,0.996563809597086
