Config,Weight,Seed,Episode,Epsilon,Reward,Loss,Cost,Delay,ScalarQ,BestScalarQ
10_130,0.1,42,1,1.0,-1.9918380025973497,,2861.0537729985845,398.50884737688705,1.0554637757859655,1.0554637757859655
10_130,0.1,42,2,0.9852258055592246,-0.8236845876873166,0.2930495448624193,2568.0848255791066,328.78289517433876,0.7720450538972067,0.7720450538972067
10_130,0.1,42,3,0.9706813761935793,-2.617536969046256,0.3006191454682241,2813.651764354576,439.31293294926274,1.2077335047637676,0.7720450538972067
10_130,0.1,42,4,0.9563631386463322,-0.5435750011071576,0.3136541537615807,2745.7609948464333,303.13357573731304,0.6855108948968752,0.6855108948968752
10_130,0.1,42,5,0.9422675752312664,-0.4101836408179533,0.3149658568501655,2610.5224487133332,295.9585994017354,0.6498210762149484,0.6498210762149484
10_130,0.1,42,6,0.9283912229684601,-1.7204801721206846,0.28359414574852,2105.3060707881846,392.8723531928973,0.9870975420017878,0.6498210762149484
10_130,0.1,42,7,0.9147306727335057,0.0035713221456289967,0.301596256516159,2813.6062752139496,268.1405055136223,0.5566148132903542,0.5566148132903542
10_130,0.1,42,8,0.9012825684199611,-2.3985639003216273,0.27268486354888777,2697.8418052777442,425.75679407280745,1.1489769978811355,0.5566148132903542
10_130,0.1,42,9,0.888043606114825,-2.6014078000531984,0.31559013045106077,2724.67189360142,438.119783583456,1.1976700040181183,0.5566148132903542
10_130,0.1,42,10,0.8750105332868364,-0.8053681237047821,0.29981835176485405,2898.5156298812317,318.6735083241985,0.754107439047486,0.5566148132903542
10_130,0.1,42,11,0.8621801479873967,-2.3588363772629544,0.23737955623809234,3146.864750514827,417.3542313859259,1.1448955123095095,0.5566148132903542
10_130,0.1,42,12,0.8495492980639193,-2.602978339484615,0.28755382908652877,2718.702015769793,442.60631959814697,1.2143654757449858,0.5566148132903542
10_130,0.1,42,13,0.837114880385412,-1.2870533327952427,0.30786468115303534,3028.6606117991932,347.6743953971942,0.8725036869626939,0.5566148132903542
10_130,0.1,42,14,0.8248738400801048,-1.0499568006587876,0.27449305321693773,2714.5537183537804,339.27328924975734,0.8210435693249484,0.5566148132903542
10_130,0.1,42,15,0.8128231697849323,-1.8296334894867772,0.2966172935760413,2658.6081053532353,391.67778353398376,1.0169091348445156,0.5566148132903542
10_130,0.1,42,16,0.8009599089066888,-1.8041935249841818,0.2936319235240879,2762.0716087983837,387.8523938731454,1.0087821342577397,0.5566148132903542
10_130,0.1,42,17,0.7892811428946735,-1.7007060130905813,0.2698694157000784,2894.2441699556507,376.3551890133746,0.9732552260204858,0.5566148132903542
10_130,0.1,42,18,0.7777840025246476,-2.605477756925876,0.293611220857064,3433.212403084821,424.08465408105957,1.1882769611213437,0.5566148132903542
10_130,0.1,42,19,0.7664656631939266,-1.566117441438649,0.29330191348007095,2910.735595437968,365.7855230083751,0.9340736851525164,0.5566148132903542
10_130,0.1,42,20,0.7553233442274359,-0.6641752047605921,0.2518369203823864,2783.131511454078,313.06382390848916,0.7256045698332696,0.5566148132903542
10_130,0.1,42,21,0.7443543081945577,-1.8013417943222645,0.2608614233269653,2675.340298365816,386.7666899526265,0.9992669582473699,0.5566148132903542
10_130,0.1,42,22,0.7335558602366034,-3.9293712839771073,0.2593073105129215,2977.000335638865,518.7209427254066,1.5199330395992012,0.5566148132903542
10_130,0.1,42,23,0.7229253474047432,-1.1552436218591593,0.27398983885709977,2523.584063478604,349.6068259023832,0.8484932246162267,0.5566148132903542
10_130,0.1,42,24,0.7124601580082336,-0.9601556233001426,0.2832774892375776,3317.194969148566,321.49040899222035,0.7908191241361363,0.5566148132903542
10_130,0.1,42,25,0.7021577209727804,-1.8222786798151025,0.28723650845600146,2816.748775581118,388.36148924977346,1.0141136700713052,0.5566148132903542
10_130,0.1,42,26,0.6920155052088806,-0.28887461895135647,0.282916916587132,2872.921363924364,288.5517091748194,0.6379391504186289,0.5566148132903542
10_130,0.1,42,27,0.6820310189899872,-1.4242359804488431,0.25438178029414765,2773.451153338149,361.39577139594604,0.9088514364943581,0.5566148132903542
10_130,0.1,42,28,0.6722018093403456,0.08224791668135253,0.28415001275416973,2799.706474043342,262.1306471034242,0.5328910912886147,0.5328910912886147
10_130,0.1,42,29,0.6625254614323491,-1.1471172394825289,0.27739946200827587,2971.2973408570997,338.1745569173727,0.8328058421618704,0.5328910912886147
10_130,0.1,42,30,0.6529995979932678,-1.1929078195798406,0.23920953901300618,2699.9342736884482,349.07418168067346,0.857417038340926,0.5328910912886147
10_130,0.1,42,31,0.6436218787212026,-0.9339866688365152,0.22369588005183622,3138.439257109142,323.9319085338145,0.7890069657341332,0.5328910912886147
10_130,0.1,42,32,0.634389999710123,-2.1713647808435423,0.25809792219368227,3053.46246869019,404.00167330030666,1.0883047331435411,0.5328910912886147
10_130,0.1,42,33,0.6253016928838472,-0.2333256863210444,0.26120380056600956,2455.4570385370694,289.3541309145144,0.6150703018176708,0.5328910912886147
10_130,0.1,42,34,0.6163547254388225,-1.969849187217326,0.2546571835861653,2278.695401473556,402.0458667742934,1.032758369848934,0.5328910912886147
10_130,0.1,42,35,0.607546899295575,-2.361345769562377,0.21948063733074052,2727.141440206621,424.08274216313055,1.144428409247267,0.5328910912886147
10_130,0.1,42,36,0.5988760505586863,-1.2890825753672184,0.23203664434389837,3142.0752197846273,345.74228221164935,0.8721963269821936,0.5328910912886147
10_130,0.1,42,37,0.5903400489851716,-1.150024024536946,0.2383183849133163,3678.8590503524038,327.90241829797156,0.8376659124044369,0.5328910912886147
10_130,0.1,42,38,0.581936797461124,-1.683368659424592,0.2494137817396968,2242.4225212567394,388.7556712221079,0.9799520814101822,0.5328910912886147
10_130,0.1,42,39,0.5736642314864987,-0.45952884192840104,0.25148532319647554,2506.414588197654,307.7353151299101,0.6881537947801551,0.5328910912886147
10_130,0.1,42,40,0.5655203186679085,-2.68266595918776,0.22658680104087683,2642.8018781649644,447.2399059815872,1.2272782045527724,0.5328910912886147
10_130,0.1,42,41,0.5575030582193081,-2.464326833776797,0.2636119747031312,2585.101833692842,430.983831067624,1.1618596745956948,0.5328910912886147
10_130,0.1,42,42,0.5496104804704447,-0.4671936280552078,0.26098762143374393,2661.6208566921905,303.96559325247057,0.6834513525976299,0.5328910912886147
10_130,0.1,42,43,0.5418406463829504,-1.7431232972509871,0.2697307721651371,2730.8035207568846,380.68503732704846,0.9795770222324741,0.5328910912886147
10_130,0.1,42,44,0.5341916470739625,-4638.970847491297,0.2563675663619691,302360.1352841347,300197.7956475662,1160.046297191917,0.5328910912886147
10_130,0.1,42,45,0.5266616033471518,-0.44641917539990333,0.25542406555610087,2774.9559153362043,297.09601370489713,0.6643576248425127,0.5328910912886147
10_130,0.1,42,46,0.519248665231044,-2475.7606010162144,0.3136572544229687,163236.54881318242,160326.5417837224,619.3572510150573,0.5328910912886147
10_130,0.1,42,47,0.5119510115245198,-2320.272352086655,0.29941763779375863,152373.4250269613,150284.92618341057,580.485844092064,0.5328910912886147
10_130,0.1,42,48,0.504766849349387,-3.8112795823296146,0.29516848633755915,2947.547752590608,512.4883191575968,1.4943962486411095,0.5328910912886147
10_130,0.1,42,49,0.49769441370990625,-2319.993122558845,0.276775723201124,152938.18597327993,150256.4644035067,580.4126465532095,0.5328910912886147
10_130,0.1,42,50,0.4907319670591703,-2.4003136003724777,0.28721286933124346,3014.845284946536,423.0821417259955,1.1584863406819423,0.5328910912886147
10_130,0.1,42,51,0.4838777988722253,-2319.513209526577,0.27945754202553386,153012.0561616059,150229.06014139397,580.3129913294612,0.5328910912886147
10_130,0.1,42,52,0.47713022522583176,-1.2564631054425102,0.29481226016565343,2339.5489974064853,357.2977710666873,0.8663214148397954,0.5328910912886147
10_130,0.1,42,53,0.47048758838475946,-1.7822695816500378,0.22048059650383617,2698.641613714111,383.81720904866575,0.9894943699086016,0.5328910912886147
10_130,0.1,42,54,0.4639482563945182,-2.3824311317650646,0.32393208466325163,2784.4978576005815,423.2550579862389,1.1448413831645723,0.5328910912886147
10_130,0.1,42,55,0.4575106226804207,-1.952645437335934,0.27248322281716997,2897.0655747469023,392.3675570485248,1.034339210894188,0.5328910912886147
10_130,0.1,42,56,0.45117310565288166,-0.9814441633934228,0.2877913823741993,2427.696702843489,339.3669378715328,0.8035883018226755,0.5328910912886147
10_130,0.1,42,57,0.44493414831885486,-4.422230369750634,0.2653396332341588,2272.787463391099,565.0006285026262,1.652248555885975,0.5328910912886147
10_130,0.1,42,58,0.438792217899313,-0.9110721698441625,0.2724732275607614,2706.5891620909815,327.6915197879414,0.7764936110101386,0.5328910912886147
10_130,0.1,42,59,0.43274580545267627,-3.6084737122806665,0.27466392610708584,3218.0274186494707,491.565492249987,1.431603347562439,0.5328910912886147
10_130,0.1,42,60,0.4267934255040983,-2320.5375782195397,0.31950798647519324,152511.14651055448,150302.51791667988,580.5613119610083,0.5328910912886147
10_130,0.1,42,61,0.42093361568051574,-1.7113664470493442,0.2764073252347015,2690.4524763244376,381.3588996666129,0.9796348273702575,0.5328910912886147
10_130,0.1,42,62,0.4151649363513749,-1.941828857326962,0.24939693476138536,2696.312518302249,395.88736568143594,1.0352629321433406,0.5328910912886147
10_130,0.1,42,63,0.40948597027494477,-3.1534105784251594,0.2986663705425922,2810.489650887667,472.367570734635,1.3332723616539481,0.5328910912886147
10_130,0.1,42,64,0.4038953222501312,-3.1041036586342132,0.35573405056148305,2774.1504669971782,473.89497551195,1.336826026311606,0.5328910912886147
10_130,0.1,42,65,0.3983916187737056,-0.5653223475491888,0.37792893955109774,2703.042147187185,305.4973488218666,0.6918498617301014,0.5328910912886147
10_130,0.1,42,66,0.3929735077028642,-2320.2944802423035,0.31350703513140016,152467.68487741202,150287.38210651214,580.5010388506093,0.5328910912886147
10_130,0.1,42,67,0.38763965792303584,-1.3596972133947771,0.30829711090785816,3298.0230646859113,347.34102172156287,0.8879608036131357,0.5328910912886147
10_130,0.1,42,68,0.38238875902085495,-2.4238421992520576,0.3147282029896368,2489.984483373516,430.93553629000945,1.155769952175358,0.5328910912886147
10_130,0.1,42,69,0.37721952096222106,-3.2600547023224133,0.32111251651318246,2533.0824012353423,485.3495151497392,1.3654291145533952,0.5328910912886147
10_130,0.1,42,70,0.372130673775365,-1.5503568820492344,0.2964401616855842,2729.884140008647,372.8607349539331,0.9497573891084183,0.5328910912886147
10_130,0.1,42,71,0.3671209672388437,-1.6321291970280691,0.2663220030926807,2979.5392475893814,369.8154915618904,0.9536752680529272,0.5328910912886147
10_130,0.1,42,72,0.3621891705743874,-1.373796947217474,0.22988182649974953,2911.245320575845,354.45357987786383,0.8910002152376999,0.5328910912886147
10_130,0.1,42,73,0.35733407214452373,-1.2768546235717735,0.3201527441936126,2953.586062650606,349.15539029748624,0.8734756630034799,0.5328910912886147
10_130,0.1,42,74,0.35255447915490423,-2.0611808002116083,0.2909965202796749,3096.175745706792,395.6679201602302,1.0592564549744512,0.5328910912886147
10_130,0.1,42,75,0.3478492173612599,-2.6388320530855935,0.24505938533055094,2621.959239184067,440.59767514307555,1.2007179327636708,0.5328910912886147
10_130,0.1,42,76,0.3432171307809146,-1.266112086758749,0.28655246096299125,2561.8395790719546,354.6772257480099,0.8701556705114537,0.5328910912886147
10_130,0.1,42,77,0.3386570814087846,-2.410953462493662,0.2893301077210782,2877.484516313662,423.3209140272901,1.1508656074991868,0.5328910912886147
10_130,0.1,42,78,0.3341679489377949,-2.6057644248723464,0.22645169959480138,2988.583970274205,435.1024453680486,1.2025792724636057,0.5328910912886147
10_130,0.1,42,79,0.32974863048364406,-1.7364425030695332,0.27949416403704175,3065.5968858043407,378.3313539873236,0.9914118936171805,0.5328910912886147
10_130,0.1,42,80,0.3253980403138483,-1.04893113259874,0.27081187419042607,2589.0222002078467,341.2169368076572,0.8206424426078739,0.5328910912886147
10_130,0.1,42,81,0.32111510958100054,-2319.4363927918052,0.21303068727031693,152360.0903763003,150234.24827331374,580.2922444678579,0.5328910912886147
10_130,0.1,42,82,0.3168987860601775,-0.6353395274956457,0.32717834340567686,3127.136496713631,303.5658795575978,0.7108356428776136,0.5328910912886147
10_130,0.1,42,83,0.31274803389043004,-1.9075710505846526,0.28266676187817164,2613.2599316521005,397.54804959532987,1.0364230485367432,0.5328910912886147
10_130,0.1,42,84,0.30866183332029457,-2.998103119372174,0.30579850804993697,2579.721727368372,469.0685462585217,1.3063945199264895,0.5328910912886147
10_130,0.1,42,85,0.3046391804572615,-3.850592132951797,0.2826036656148573,3254.4816985907732,513.3574490007571,1.5167604046900265,0.5328910912886147
10_130,0.1,42,86,0.3006790870211401,-2.046687295903229,0.4014389127255641,2746.8795028542154,403.38045914647046,1.066905406569684,0.5328910912886147
10_130,0.1,42,87,0.29678058010125963,-1.3901144560512186,0.27645701944342893,2617.1893713579616,359.93259464702345,0.8935831286158487,0.5328910912886147
10_130,0.1,42,88,0.2929427019174456,-2.653336268451931,0.2687833042624064,2851.4720560079454,442.9125252245956,1.22377418141045,0.5328910912886147
10_130,0.1,42,89,0.28916450958471324,-1.1000149463550295,0.29805834310933,2938.978878388914,338.54573797215573,0.8322110483945986,0.5328910912886147
10_130,0.1,42,90,0.28544507488162135,-0.9795201849224278,0.3370709911380222,2568.732997528385,338.04301182834115,0.8073094829703378,0.5328910912886147
10_130,0.1,42,91,0.28178348402222775,-2.4977261879886736,0.35270662110902806,2874.2335382221286,425.14545175638466,1.1576040333343607,0.5328910912886147
10_130,0.1,42,92,0.27817883743159105,-2321.9350787107774,0.3148661282927459,152460.31462215784,150396.04037333498,580.913901999784,0.5328910912886147
10_130,0.1,42,93,0.27463024952476534,-1.3593228708300367,0.2888996864871677,2966.7606295826135,357.68312002677595,0.9067319826190682,0.5328910912886147
10_130,0.1,42,94,0.27113684848922975,-0.01009294811219652,0.3229645547872749,2838.3670319572448,270.46229718488945,0.5669840247697192,0.5328910912886147
10_130,0.1,42,95,0.2676977760707032,-2321.207848843524,0.2263648172028705,152528.7579922784,150348.44747074167,580.7371150624413,0.5328910912886147
10_130,0.1,42,96,0.2643121873622896,-1.157303350722328,0.28674357071615,3000.6970845255037,344.523109974957,0.8587803317159584,0.5328910912886147
10_130,0.1,42,97,0.2609792505969018,-2.1477517992928843,0.26693409705914406,2771.2391388055926,410.13994805507934,1.0941300885668304,0.5328910912886147
10_130,0.1,42,98,0.25769814694291476,-2.062267825114131,0.2935638772020324,2657.511511951412,403.5588604178329,1.062034992653922,0.5328910912886147
10_130,0.1,42,99,0.25446807030299534,-2.4718499980545015,0.30696574484679784,2845.619710246774,427.6612411443328,1.165397056133476,0.5328910912886147
10_130,0.1,42,100,0.2512882271160621,-2.297097978316024,0.2924168959952803,2612.1862135632828,418.93426788096076,1.117706549289002,0.5328910912886147
10_130,0.1,42,101,0.2481578361623234,-0.6912703561965895,0.22892207829157588,2795.814084350925,313.77546333547787,0.7290990311364718,0.5328910912886147
10_130,0.1,42,102,0.2450761283713493,-0.749348160167082,0.2709370812857315,2658.1803979359797,319.49896895193683,0.7423245069865904,0.5328910912886147
10_130,0.1,42,103,0.24204234663312607,-0.8604158516000537,0.2611001207522574,2710.958222928617,327.9791731400704,0.7778590871874906,0.5328910912886147
10_130,0.1,42,104,0.23905574561205173,-0.9771722009396048,0.337309484683178,2871.771350394791,332.5972335887301,0.8054107310834644,0.5328910912886147
10_130,0.1,42,105,0.23611559156382206,-1.5554164113239806,0.24371006342599638,2667.1036100371234,374.6470979008505,0.9526543011620758,0.5328910912886147
10_130,0.1,42,106,0.2332211621551653,-2.5842296345042888,0.295603240110438,2589.184909241073,440.2186171590164,1.197241029417046,0.5328910912886147
10_130,0.1,42,107,0.23037174628638085,-0.5952787410679434,0.3027983824837614,3021.5576408998086,299.32447965581116,0.6881463630010165,0.5328910912886147
10_130,0.1,42,108,0.2275666439166364,-3.203809390982958,0.30138443509846946,2484.0078324937645,483.9806007346883,1.357174823799098,0.5328910912886147
10_130,0.1,42,109,0.2248051658919834,-1.0434958994749381,0.2837717902810145,3004.486726888101,332.8637349802976,0.8146650132421258,0.5328910912886147
10_130,0.1,42,110,0.22208663377604637,-1.1841101309313142,0.2414986162559832,2673.5741146553955,350.78735628911755,0.86229696183314,0.5328910912886147
10_130,0.1,42,111,0.21941037968334542,-1.9878061158992877,0.27475604966041267,2825.1638044248402,395.29920943324345,1.0410262880392869,0.5328910912886147
10_130,0.1,42,112,0.21677574611521144,-1.8177485735140197,0.248332336537191,2898.4223986716443,384.4836366843773,1.0044341331534359,0.5328910912886147
10_130,0.1,42,113,0.21418208579825188,-0.5320178918148377,0.26467254085600744,3185.6187550767177,292.69062791315497,0.6730989872629296,0.5328910912886147
10_130,0.1,42,114,0.21162876152533033,-1.5416885466150818,0.2910442395946759,2727.0950154744555,369.6196978957567,0.9372557574447442,0.5328910912886147
10_130,0.1,42,115,0.20911514599901782,-1.0845703074984943,0.27690369994280106,2940.061871643283,337.8923178670155,0.8297927752057043,0.5328910912886147
10_130,0.1,42,116,0.20664062167747893,-2.3921592583745848,0.213201372209003,2817.932394949034,427.58025164132886,1.1633698257589515,0.5328910912886147
10_130,0.1,42,117,0.20420458062275576,-2.7211228607938196,0.2628772305964254,3423.333278685244,435.26731379920494,1.2302008142170833,0.5328910912886147
10_130,0.1,42,118,0.2018064243514096,-1.0323153869163952,0.30418357179409494,2865.6949060605543,334.7133279864529,0.8130827589933052,0.5328910912886147
10_130,0.1,42,119,0.1994455636874869,-1.1022217792479803,0.3452269236768942,2765.0868243658642,341.06204897150167,0.8309854559773003,0.5328910912886147
10_130,0.1,42,120,0.19712141861777083,-2.5708896098500005,0.2619317196745918,3125.9723420200967,433.93937122941236,1.206685805236197,0.5328910912886147
10_130,0.1,42,121,0.19483341814928484,-2319.25491008833,0.25084623197394196,152435.49183647535,150221.9342127556,580.2500853304506,0.5328910912886147
10_130,0.1,42,122,0.19258100016901147,-0.8634979063124741,0.32551103663122516,2640.535100984316,331.86957042753517,0.7882849073238434,0.5328910912886147
10_130,0.1,42,123,0.19036361130579338,-1.4944911525588098,0.3675702553426653,2626.3819530485976,371.04166093010554,0.9364112408634493,0.5328910912886147
10_130,0.1,42,124,0.18818070679438154,-1.2421405632435196,0.2663775421117899,3044.5939096552597,345.8635615263327,0.8666048578585381,0.5328910912886147
10_130,0.1,42,125,0.1860317503415984,-0.447834374465108,0.2799461488046955,3100.2510046520542,294.77925010720634,0.6757431678655571,0.5328910912886147
10_130,0.1,42,126,0.1839162139945818,-1.5896176618891469,0.20907941965681162,2829.2936252383442,372.81841634978093,0.9557689377147501,0.5328910912886147
10_130,0.1,42,127,0.18183357801107813,-2.4364458542870597,0.23872717913948965,3221.8054930475546,420.6735421372258,1.1621749162955117,0.5328910912886147
10_130,0.1,42,128,0.17978333073175307,-2.3744763550896164,0.2750856089935322,2949.4833298861995,420.3779643017092,1.144141582455192,0.5328910912886147
10_130,0.1,42,129,0.17776496845448742,-2.3333440885357133,0.2715877208626569,3219.236709935095,413.29324523963476,1.1339418031176505,0.5328910912886147
10_130,0.1,42,130,0.17577799531062827,-2.0395318629806654,0.3566986499271984,2404.006241129605,409.3850895686857,1.0684565289466708,0.5328910912886147
10_130,0.1,42,131,0.1738219231431649,-1.7712561004549938,0.31021681682607827,3170.5800217854594,377.21306334064246,0.9936766742293387,0.5328910912886147
10_130,0.1,42,132,0.17189627138679878,-0.9441433717063061,0.17597008505681874,2975.160090890104,330.2091630903366,0.8027464484974762,0.5328910912886147
10_130,0.1,42,133,0.1700005669498786,-1.5641311107405285,0.25666022826890356,2807.767437297031,370.0267971537988,0.9438134088187045,0.5328910912886147
10_130,0.1,42,134,0.16813434409817252,-1.1364667986601875,0.2553207556826751,3298.338563176633,335.8204874628738,0.844157899641541,0.5328910912886147
10_130,0.1,42,135,0.16629714434044632,-1.8300395812237695,0.28905336768715595,3281.4547285894296,378.0179509753349,1.0036227736041148,0.5328910912886147
10_130,0.1,42,136,0.16448851631582245,-1.9833401996614461,0.23367253194703103,3033.4563283166544,394.0129325684587,1.0490667476294122,0.5328910912886147
10_130,0.1,42,137,0.16270801568288995,-0.17725325080082158,0.30603148675633196,2588.243943756071,281.9215071521085,0.5950426348486452,0.5328910912886147
10_130,0.1,42,138,0.16095520501053945,-1.237514813089914,0.26951874630604183,3388.451059539073,341.32588230738247,0.8706949032489726,0.5328910912886147
10_130,0.1,42,139,0.1592296536704954,-1.1476720606197812,0.2511829329094774,2939.8611652413088,341.49462983868295,0.8434830016390494,0.5328910912886147
10_130,0.1,42,140,0.15753093773152022,-1.0169266162739983,0.26510670753328325,2842.5377691053322,334.7375000186,0.8117368356516224,0.5328910912886147
10_130,0.1,42,141,0.15585863985526294,-1.1314121587348063,0.23838403074558268,3098.6944138162276,337.56427934047645,0.8383947567901245,0.5328910912886147
10_130,0.1,42,142,0.15421234919372853,-0.38480158468828735,0.19979466605598312,3093.033191244239,289.56865754626045,0.6554746381066079,0.5328910912886147
10_130,0.1,42,143,0.152591661288341,-1.0446959584848847,0.24555927420565588,3224.846938616915,330.8358869555953,0.8206339458414715,0.5328910912886147
10_130,0.1,42,144,0.15099617797057668,-1.7426606454266351,0.25448026904062926,2657.1284801755787,386.67581402539423,0.9977904728099114,0.5328910912886147
10_130,0.1,42,145,0.14942550726414244,-0.9464717717675339,0.21119083517327764,2840.6597276511,331.053311411375,0.797606088619735,0.5328910912886147
10_130,0.1,42,146,0.14787926328867598,-1.096639936990271,0.2506791793822292,3062.9925149916817,337.3474504754199,0.835353171942226,0.5328910912886147
10_130,0.1,42,147,0.1463570661649425,-0.61071672531572,0.3096709105589987,2951.1964084423,309.84914898821677,0.7238118648219076,0.5328910912886147
10_130,0.1,42,148,0.1448585419215072,-1.4644499406600044,0.256775998149742,3065.329796356835,359.60543512499584,0.920164544870002,0.5328910912886147
10_130,0.1,42,149,0.14338332240285795,-0.934769485812747,0.24417108591333786,3170.2153169968096,322.83408808903914,0.786804046542803,0.5328910912886147
10_130,0.1,42,150,0.1419310451789575,-0.6015555853014583,0.21526466938423736,2900.2407480786187,307.7954523305281,0.7128359580871322,0.5328910912886147
10_130,0.1,42,151,0.14050135345620207,-0.5634771327239182,0.15988782116106637,2967.21548171567,304.5413118154732,0.7046162523882429,0.5328910912886147
10_130,0.1,42,152,0.13909389598976496,-2.19576429758564,0.22453242724106462,2743.1023510990663,416.2037197320474,1.1154487578893877,0.5328910912886147
10_130,0.1,42,153,0.13770832699730284,-1.58398422904743,0.2491918619288996,3203.819807462762,365.78546008616394,0.9522715978976922,0.5328910912886147
10_130,0.1,42,154,0.13634430607400466,-1.1947700966769776,0.26053790948458755,2846.601110494039,347.04720361411836,0.8588135193505337,0.5328910912886147
10_130,0.1,42,155,0.13500149810896128,-2.1999073736029313,0.22448045576270936,2781.032395657536,410.89837132869127,1.0976231059617012,0.5328910912886147
10_130,0.1,42,156,0.13367957320283602,-0.8159453866389148,0.233268987916534,2961.7743889742424,320.5733136213777,0.7652618872955634,0.5328910912886147
10_130,0.1,42,157,0.13237820658681518,-1.6827595784985827,0.25152894165647605,2582.9208490060564,383.32784528224505,0.9804475781176233,0.5328910912886147
10_130,0.1,42,158,0.13109707854281938,-1.7197916528712889,0.2676033758671339,3197.819648428874,374.11624173274885,0.9835881597360099,0.5328910912886147
10_130,0.1,42,159,0.12983587432495577,-0.9561264586779507,0.22887419744846724,3072.766333907967,327.4131881675865,0.7981715085990875,0.5328910912886147
10_130,0.1,42,160,0.12859428408219134,-1.150647784566676,0.21914952511782998,3018.5197521104237,340.40900219733044,0.8442374867775038,0.5328910912886147
10_130,0.1,42,161,0.1273720027822294,-0.23087669481953488,0.22199407457240516,2929.074628091806,284.20235427195996,0.6248814775774817,0.5328910912886147
10_130,0.1,42,162,0.12616873013656954,-1.3080695443365302,0.251385191520938,2977.2980974588236,350.1014104509229,0.8785465157779682,0.5328910912886147
10_130,0.1,42,163,0.12498417052673307,-2.105969119178487,0.23760746868763133,2865.825955019699,407.3920876342697,1.0895506875633236,0.5328910912886147
10_130,0.1,42,164,0.12381803293163596,-2.762229651602341,0.1960498900971938,2822.4929295862426,452.1211831526141,1.2570032538243674,0.5328910912886147
10_130,0.1,42,165,0.12267003085609117,-2.252558079951664,0.22171203461034256,3615.6006747607553,400.24301934822375,1.1089115641202543,0.5328910912886147
10_130,0.1,42,166,0.1215398822604227,-1.2495035656262765,0.2729187016224225,2971.060933475684,350.198218049087,0.8785274809934528,0.5328910912886147
10_130,0.1,42,167,0.1204273094911746,-1.4550534924940146,0.25077507682437317,2954.497723610953,361.84833236824295,0.9218144382348629,0.5328910912886147
10_130,0.1,42,168,0.11933203921289748,-1.2108171007692559,0.18980702070287583,2841.8747650324212,348.38065776771515,0.8635923239083039,0.5328910912886147
10_130,0.1,42,169,0.11825380234099556,-1.8077360332798322,0.25118576094950634,2828.160554931461,388.50733650658657,1.0153770314732753,0.5328910912886147
10_130,0.1,42,170,0.11719233397561858,-3.4675439716592664,0.23687768224794228,2785.8547920272945,494.831190911668,1.4171911921273688,0.5328910912886147
10_130,0.1,42,171,0.11614737333658141,-2319.9562267475417,0.26110465704485686,152612.68691152448,150267.15664915374,580.4331075022466,0.5328910912886147
10_130,0.1,42,172,0.11511866369929591,-1.415805997878151,0.2073497835702584,2619.694689077828,364.89180603698753,0.9126028319605761,0.5328910912886147
10_130,0.1,42,173,0.11410595233169919,-2.3781548530765484,0.25155156412172924,2727.5051637421325,424.3620797862718,1.1455135546042725,0.5328910912886147
10_130,0.1,42,174,0.11310899043216277,-1.8285198743691176,0.17926793836574353,2822.073204204443,388.3863658096489,1.0145389008365058,0.5328910912886147
10_130,0.1,42,175,0.1121275330683672,-1.871482518572987,0.23780620302741765,2817.1513869803,392.7501109459549,1.0308323693741042,0.5328910912886147
10_130,0.1,42,176,0.11116133911712744,-2319.046869087544,0.26751914206122873,152492.25151907172,150208.52648849323,580.2026085467877,0.5328910912886147
10_130,0.1,42,177,0.1102101712051541,-2.771470842542854,0.24737864340643068,2816.473985491323,450.503646196919,1.2504766428799399,0.5328910912886147
10_130,0.1,42,178,0.10927379565073586,-1.4104634959176534,0.29156007597468003,2685.394706929815,364.81165941519765,0.9163774036262371,0.5328910912886147
10_130,0.1,42,179,0.10835198240632873,-1.3644747149083132,0.21537497132155475,2826.7069101131897,360.8236977311386,0.9099820991302046,0.5328910912886147
10_130,0.1,42,180,0.1074445050020384,-2319.974290925361,0.25102473928360103,152546.9101254827,150268.514468798,580.4341882525838,0.5328910912886147
10_130,0.1,42,181,0.10655114048998136,-2321.175335783627,0.19169381377165906,152847.53976024647,150340.69456976655,580.727417878151,0.5328910912886147
10_130,0.1,42,182,0.10567166938951125,-0.36608295715647576,0.2554101332233652,2543.315064647405,299.2184819315296,0.6580481780268518,0.5328910912886147
10_130,0.1,42,183,0.10480587563329734,-1.2906386201385276,0.2670833630232782,2841.183610093138,354.5976064131228,0.887197808058079,0.5328910912886147
10_130,0.1,42,184,0.10395354651424124,-2319.901123279561,0.22494588770710938,152571.69267954168,150261.77764471743,580.4101011157709,0.5328910912886147
10_130,0.1,42,185,0.10311447263321932,-2320.0706191239897,0.24173741050413816,152485.59491618176,150274.95914181392,580.4548957062487,0.5328910912886147
10_130,0.1,42,186,0.10228844784763778,-1.7572368263805433,0.25623335049818585,2771.9735439631563,386.5037561394132,1.004266935630806,0.5328910912886147
10_130,0.1,42,187,0.10147526922078795,-2319.6914809476707,0.25225815716609357,152543.34863826557,150250.31550202484,580.3647408001779,0.5328910912886147
10_130,0.1,42,188,0.10067473697198882,-2.262258434802464,0.2597181511853822,3109.5791747141106,413.92708457232516,1.1295439954902968,0.5328910912886147
10_130,0.1,42,189,0.09988665442750533,-0.7857297123419463,0.31391374327400695,2728.023030958844,322.77930031285666,0.7591390876024402,0.5328910912886147
10_130,0.1,42,190,0.09911082797222981,-1.9100015942120685,0.22928856114657914,2635.6487980127226,397.51639622646513,1.037692810552782,0.5328910912886147
10_130,0.1,42,191,0.09834706700211487,-1.3215811832631932,0.23316012747366077,2782.828141357056,358.5347962920347,0.8985509240111323,0.5328910912886147
10_130,0.1,42,192,0.09759518387734595,-1.761303756314659,0.2850627371669032,2835.416700673082,386.0996195569356,1.006668962231982,0.5328910912886147
10_130,0.1,42,193,0.09685499387624241,-1.449076721934774,0.22505508739674207,3061.671034138886,361.2985635409582,0.9263777880525952,0.5328910912886147
10_130,0.1,42,194,0.09612631514987509,-1.0465713214784118,0.246235194721449,3084.1837837650264,334.08508107281676,0.8242593829346849,0.5328910912886147
10_130,0.1,42,195,0.09540896867739013,-2320.034587544119,0.2998884754213442,152601.24616333283,150270.9105070891,580.4466762728193,0.5328910912886147
10_130,0.1,42,196,0.0947027782220271,-2319.7919128002113,0.24380548161400473,152453.89350912877,150258.26284673976,580.3894169451312,0.5328910912886147
10_130,0.1,42,197,0.09400757028782174,-2319.738933512692,0.19038745253256067,152317.60943598562,150259.7425897339,580.3865835441834,0.5328910912886147
10_130,0.1,42,198,0.09332317407698135,-2319.8535442081143,0.20054515976623782,152564.06003751882,150260.85443717422,580.4061154388182,0.5328910912886147
10_130,0.1,42,199,0.09264942144792357,-2319.937533450812,0.2786364521430455,152510.64288831563,150265.32489444118,580.4198036585836,0.5328910912886147
10_130,0.1,42,200,0.09198614687396757,-2320.1211042917157,0.2434227484010206,152522.09843743342,150277.5348747838,580.4669600051731,0.5328910912886147
10_130,0.1,42,201,0.0913331874026676,-2320.6668145890326,0.2305730822465398,152583.1526225075,150313.69737202424,580.6083080340478,0.5328910912886147
10_130,0.1,42,202,0.09069038261577916,-1.2971325763965726,0.22569365993952367,2857.7912543964017,353.12287819159803,0.8826193490706422,0.5328910912886147
10_130,0.1,42,203,0.09005757458984752,-2320.0081911470916,0.24362736366102472,152517.38260282928,150270.26199406356,580.4390021735626,0.5328910912886147
10_130,0.1,42,204,0.08943460785740934,-0.8526047541334034,0.28180489986213225,2650.8959575018844,331.5641062394967,0.7877662896087461,0.5328910912886147
10_130,0.1,42,205,0.08882132936879764,-2.512455817597367,0.23174246977782548,2802.1252926880597,434.843929003454,1.1900183411890226,0.5328910912886147
10_130,0.1,42,206,0.08821758845454078,-3.2570263034136246,0.21056618208710853,2755.960213439238,483.291733942286,1.3714405080976324,0.5328910912886147
10_130,0.1,42,207,0.08762323678834613,-1.4313918887988402,0.25160743373035366,2683.8417824175012,366.23089615560787,0.9216795567915887,0.5328910912886147
10_130,0.1,42,208,0.08703812835065944,-1.5140283554728093,0.21707488904015193,3022.401975789636,365.99224908950384,0.9417936185150261,0.5328910912886147
10_130,0.1,42,209,0.08646211939279098,-2319.9389004329105,0.2565210674422754,152488.79972458503,150265.3469885243,580.4185314180943,0.5328910912886147
10_130,0.1,42,210,0.08589506840159955,-1.3719074902571484,0.21338286320032598,2686.388407562818,361.5230743461134,0.9039297887657327,0.5328910912886147
10_130,0.1,42,211,0.08533683606472567,-1.7293843385979073,0.26886023505763884,2831.0329952241514,383.03042782374627,0.9947219955033288,0.5328910912886147
10_130,0.1,42,212,0.08478728523636561,-0.9259972469523107,0.19633413710881686,2545.812582721834,333.8710647159507,0.7900168104158705,0.5328910912886147
10_130,0.1,42,213,0.08424628090357741,-2319.941262337671,0.23721578725353112,152538.18033384866,150266.33215052457,580.4253449712076,0.5328910912886147
10_130,0.1,42,214,0.08371369015311121,-2319.458018586507,0.22622187501082625,152276.93719147274,150240.7162103839,580.3116844535846,0.5328910912886147
10_130,0.1,42,215,0.08318938213875532,-2319.475831852406,0.28759623920900934,152532.02942998664,150235.22712719222,580.3066439109772,0.5328910912886147
10_130,0.1,42,216,0.08267322804918986,-2319.5049588229535,0.3126028365810253,152291.12155313473,150242.71227558094,580.3201579389757,0.5328910912886147
10_130,0.1,42,217,0.08216510107634088,-2319.9339702080447,0.29460599347937066,152420.7222187343,150265.976855063,580.4167002810468,0.5328910912886147
10_130,0.1,42,218,0.08166487638422609,-2.143216609103638,0.23824434098162142,2698.1979060184617,410.5065056311322,1.0909891540388523,0.5328910912886147
10_130,0.1,42,219,0.08117243107828538,-0.8871494231933146,0.17813959357841516,2704.6939042764875,328.51271189596457,0.7794996302885443,0.5328910912886147
10_130,0.1,42,220,0.08068764417518824,-2319.9037510789713,0.3094323989541845,152471.17849256733,150263.19702810876,580.4092591351422,0.5328910912886147
10_130,0.1,42,221,0.08021039657311081,-2319.8134619381876,0.24575148263993168,152516.25743407087,150258.04473622414,580.3924595772189,0.5328910912886147
10_130,0.1,42,222,0.07974057102247495,-2319.801143098419,0.17166174845174037,152429.71709840652,150258.9106312134,580.3903798672767,0.5328910912886147
10_130,0.1,42,223,0.0792780520971426,-2319.9544867043987,0.25980337767300193,152424.50736229928,150267.72803178683,580.4235965380025,0.5328910912886147
10_130,0.1,42,224,0.07882272616605801,-2320.040285348007,0.2554752174156456,152448.45999307086,150273.08617593406,580.4454654296738,0.5328910912886147
10_130,0.1,42,225,0.0783744813653311,-2319.893321320304,0.21973354343947465,152413.92819086596,150262.9475015862,580.4047551919789,0.5328910912886147
10_130,0.1,42,226,0.07793320757075473,-2319.7791861396295,0.29607100995563873,152465.523630064,150256.07001762363,580.3817978673985,0.5328910912886147
10_130,0.1,42,227,0.07749879637074959,-2320.025294245822,0.3112730854257499,152395.00707877587,150271.98255632725,580.4379484233583,0.5328910912886147
10_130,0.1,42,228,0.07707114103972987,-0.7570212532991315,0.2618491649052791,2592.4114065998306,322.05054127374717,0.7479466087940195,0.5328910912886147
10_130,0.1,42,229,0.0766501365118829,-2319.606738353657,0.22344728042016024,152364.13104875,150245.8000569747,580.3364367230442,0.5328910912886147
10_130,0.1,42,230,0.07623567935535681,-2.4976092199477735,0.21401552726269218,2714.552423275133,431.48721470346317,1.1718123067498862,0.5328910912886147
10_130,0.1,42,231,0.07582766774684957,-2320.004752675793,0.20483812580939045,152369.28537715808,150272.56962981753,580.4385844594226,0.5328910912886147
10_130,0.1,42,232,0.07542600144659303,-1.607968736334246,0.22990947124313932,2459.4587262491004,379.1675312533602,0.9569563317006503,0.5328910912886147
10_130,0.1,42,233,0.07503058177372629,-2321.3463469032986,0.27439873385957936,152356.63583554773,150357.8236669475,580.7620934059094,0.5328910912886147
10_130,0.1,42,234,0.0746413115820518,-3.334625956839651,0.23594782710995327,2568.0784730576597,491.0494790143597,1.3892839485153132,0.5328910912886147
10_130,0.1,42,235,0.07425809523616868,-1.7422743348560734,0.22861186024744082,2743.8933310559282,382.5047947384545,0.9873118948146824,0.5328910912886147
10_130,0.1,42,236,0.0738808385879771,-2319.9415682976705,0.26509461280688396,152390.3567517992,150267.61655005103,580.4210520012556,0.5328910912886147
10_130,0.1,42,237,0.0735094489535481,-2319.9892454603178,0.27189484507737455,152449.07671132073,150269.6400254367,580.4323950505117,0.5328910912886147
10_130,0.1,42,238,0.07314383509035316,-1.9479671253587332,0.24249209834330943,2581.978819592362,400.6173161666036,1.0461558040816472,0.5328910912886147
10_130,0.1,42,239,0.07278390717484776,-2320.3112359084134,0.26476258443781964,152390.67052765185,150289.44406182796,580.5041002725726,0.5328910912886147
10_130,0.1,42,240,0.07242957678040378,-2320.029974341143,0.25129995721195525,152424.5625352684,150271.65713486148,580.4385457199159,0.5328910912886147
10_130,0.1,42,241,0.07208075685558483,-1.2476722869182741,0.2535003784255963,2601.954902424087,355.2922022175442,0.8749857907752288,0.5328910912886147
10_130,0.1,42,242,0.0717373617027597,-2320.1686450998814,0.24978184748020152,152528.51543563587,150278.04881618594,580.4693134096004,0.5328910912886147
10_130,0.1,42,243,0.07139930695704806,-2319.467732190952,0.28949304876484083,152332.3404504204,150234.4825176453,580.2914124550954,0.5328910912886147
10_130,0.1,42,244,0.0710665095655941,-2320.048314845298,0.2763742117915343,152392.48738868174,150273.4912542399,580.4435308459547,0.5328910912886147
10_130,0.1,42,245,0.07073888776716195,-2320.124848260399,0.2961741566336869,152296.77079505808,150279.91636380443,580.4620278360935,0.5328910912886147
10_130,0.1,42,246,0.07041636107204882,-2320.0894054695814,0.2563613348770624,152147.1876520856,150280.8006145741,580.4561035020254,0.5328910912886147
10_130,0.1,42,247,0.07009885024231037,-1.8682751303205407,0.24808446947335083,2535.80675965863,395.5478962713644,1.0240055325948263,0.5328910912886147
10_130,0.1,42,248,0.0697862772722936,-1.7237806666172655,0.24490493432706412,2546.3550620304545,386.7878411981926,0.9913384777549804,0.5328910912886147
10_130,0.1,42,249,0.0694785653694726,-2320.583928443087,0.3223000658119187,152281.4092088107,150310.20289075564,580.5762796999473,0.5328910912886147
10_130,0.1,42,250,0.06917563893558212,-2319.8930548578514,0.3065185120509258,152433.65884575908,150264.35801993107,580.4113457192228,0.5328910912886147
10_130,0.1,42,251,0.06887742354804487,-1.592526535880235,0.3327937213747135,2493.3958777442904,378.85252642578735,0.9578653194022736,0.5328910912886147
10_130,0.1,42,252,0.06858384594168729,-2319.064732096037,0.2833472450578759,152300.63282714452,150211.75529356126,580.2029925012968,0.5328910912886147
10_130,0.1,42,253,0.06829483399074003,-2319.960596715741,0.23734561759379896,152418.3670923519,150268.01354088954,580.4243013135653,0.5328910912886147
10_130,0.1,42,254,0.06801031669111803,-1.4894889979680475,0.30694170600469517,2469.9427875801293,372.50961453005226,0.9322815269792305,0.5328910912886147
10_130,0.1,42,255,0.06773022414297643,-2319.914232835686,0.260549664475909,152362.6538064459,150264.45619949888,580.4073103435517,0.5328910912886147
10_130,0.1,42,256,0.06745448753353762,-2320.054236235821,0.26761084994170087,152430.65927980182,150273.94084572248,580.4476111935853,0.5328910912886147
10_130,0.1,42,257,0.06718303912018544,-1.5500633273893711,0.20762062741537468,2582.4210783936132,373.35150946324484,0.9424679664774186,0.5328910912886147
10_130,0.1,42,258,0.0669158122138222,-3.374025194633486,0.1913604647493666,2709.2415082642788,490.44491264957554,1.3957493423793563,0.5328910912886147
10_130,0.1,42,259,0.06665274116248465,-2.1386076940277357,0.31612909928983424,2562.4655533587247,410.7497152150497,1.083486411078186,0.5328910912886147
10_130,0.1,42,260,0.06639376133521471,-1.5747384474484454,0.25011057011361465,2619.654471158595,375.41462389116356,0.9526276555830963,0.5328910912886147
10_130,0.1,42,261,0.06613880910618089,-1.1934120787079159,0.31561125634678106,2613.521813315445,349.88821961099546,0.8551480114499119,0.5328910912886147
10_130,0.1,42,262,0.06588782183904693,-2319.827075714928,0.2358964202626103,152226.2999944182,150260.58385342857,580.3841140174668,0.5328910912886147
10_130,0.1,42,263,0.06564073787158327,-1.4159620723211233,0.2834176085548738,2536.1628943275546,365.3118783781612,0.9090140812817852,0.5328910912886147
10_130,0.1,42,264,0.06539749650051803,-2319.927442465941,0.24089436669872039,152444.23946750085,150263.7560158668,580.4097127511154,0.5328910912886147
10_130,0.1,42,265,0.06515803796662348,-2320.0462057612035,0.273146973403125,152343.73269435583,150273.4912542399,580.440503574931,0.5328910912886147
10_130,0.1,42,266,0.06492230344003448,-0.7218213445687987,0.26879337658760044,2635.095861029559,319.91409808756066,0.742470237417395,0.5328910912886147
10_130,0.1,42,267,0.06469023500579518,-2320.303411862485,0.28036504878811297,152231.47751724452,150291.3508248401,580.5014687366149,0.5328910912886147
10_130,0.1,42,268,0.06446177564963067,-2320.0462057612035,0.2758155762608379,152343.73269435583,150273.4912542399,580.440503574931,0.5328910912886147
10_130,0.1,42,269,0.06423686924393959,-2320.1049689437887,0.27780756339190793,152258.31330979674,150277.20975289983,580.4493443705773,0.5328910912886147
10_130,0.1,42,270,0.064015460534005,-2320.0462057612035,0.22282571468721019,152343.73269435583,150273.4912542399,580.440503574931,0.5328910912886147
10_130,0.1,42,271,0.0637974951244193,-2320.0462057612035,0.273656011531689,152343.73269435583,150273.4912542399,580.440503574931,0.5328910912886147
10_130,0.1,42,272,0.06358291946572056,-2320.366102053126,0.35294866621631626,152365.93312837355,150292.91773563504,580.5157776479115,0.5328910912886147
10_130,0.1,42,273,0.06337168084123639,-2319.9793097136844,0.29862034141196236,152274.91402578863,150270.40204162212,580.4244795630512,0.5328910912886147
10_130,0.1,42,274,0.06316372735413278,-2320.1391511349634,0.32570008427442787,152366.3163205196,150279.1786576156,580.4635399183709,0.5328910912886147
10_130,0.1,42,275,0.06295900791466405,-2.404946551179482,0.19049113236802745,2452.8523119565293,430.01944987489867,1.1499796815158554,0.5328910912886147
10_130,0.1,42,276,0.06275747222762111,-2320.006995106947,0.23148634673404073,152266.53338831995,150271.47114470083,580.428025911367,0.5328910912886147
10_130,0.1,42,277,0.06255907077997513,-2319.972737623251,0.2649275371827885,152389.67250772758,150268.1193918282,580.4229222547285,0.5328910912886147
10_130,0.1,42,278,0.062363754828713217,-2320.104352208951,0.25456215218075845,152325.758511762,150277.65877483427,580.4552401868677,0.5328910912886147
10_130,0.1,42,279,0.06217147638886324,-2320.0791320858348,0.32343781242160063,152353.66688067498,150274.57955646436,580.4452601560888,0.5328910912886147
10_130,0.1,42,280,0.06198218822170495,-2319.960596715741,0.31995409473714925,152418.3670923519,150268.01354088954,580.4243013135653,0.5328910912886147
10_130,0.1,42,281,0.06179584382316449,-2320.5805867320673,0.23318463164546738,152242.4006037825,150307.33884473794,580.5629631533112,0.5328910912886147
10_130,0.1,42,282,0.06161239741238927,-2319.898115888471,0.3054876468052086,152341.71364327596,150263.33585243058,580.4017484864269,0.5328910912886147
10_130,0.1,42,283,0.06143180392050065,-2319.8019276569125,0.2680659319422281,152411.28186374035,150256.06134676756,580.3783969109961,0.5328910912886147
10_130,0.1,42,284,0.06125401897952138,-2319.7208607493562,0.2990260953230347,152177.23726093268,150251.56027450573,580.3467431931567,0.5328910912886147
10_130,0.1,42,285,0.06107899891147547,-2319.937248477946,0.29184492943869983,152391.38556911034,150265.23217961658,580.4120460722984,0.5328910912886147
10_130,0.1,42,286,0.060906700717657275,-2319.63578189455,0.277082446875716,152349.59785683555,150246.20624882393,580.3370794264493,0.5328910912886147
10_130,0.1,42,287,0.060737082068067785,-1.181543010386026,0.33824140000999187,2479.011822008533,349.06507155936,0.8436648925741759,0.5328910912886147
10_130,0.1,42,288,0.06057010129101494,-2321.135899963934,0.3534906285482055,152243.5919895691,150344.47612499702,580.7043021256136,0.5328910912886147
10_130,0.1,42,289,0.06040571736287584,-2.119477496284251,0.27757343665844925,2581.0521340935147,410.28466695012344,1.0828715087011385,0.5328910912886147
10_130,0.1,42,290,0.06024388989801807,-1.1704971025064215,0.2499827040302157,2461.844068844014,350.89085622072827,0.8495439427242136,0.5328910912886147
10_130,0.1,42,291,0.06008457913887785,-1.446656199860288,0.3000486183981931,2601.944631644516,366.0478175504554,0.915898002776966,0.5328910912886147
10_130,0.1,42,292,0.05992774594619241,-1.446656199860288,0.2551085272937287,2601.944631644516,366.0478175504554,0.915898002776966,0.5328910912886147
10_130,0.1,42,293,0.05977335178938433,-1.394754290069351,0.3037629551581082,2512.3565600398883,362.2460454719585,0.8958739033629627,0.5328910912886147
10_130,0.1,42,294,0.059621358737095426,-0.9985614679722293,0.25319710934588036,2655.0277400564455,336.8148018826967,0.8079957483763799,0.5328910912886147
10_130,0.1,42,295,0.05947172944786773,-1.4863635144824532,0.237162999017387,2617.6799682428687,367.4608013565044,0.9222498314325073,0.5328910912886147
10_130,0.1,42,296,0.059324427160969605,-1.275265015242536,0.2919541620787046,2682.501502759264,351.0541472925739,0.8638661157134371,0.5328910912886147
10_130,0.1,42,297,0.05917941568736433,-1.6135563450262222,0.3043424002777246,2609.1025494238756,375.3490516032882,0.9517230390684496,0.5328910912886147
10_130,0.1,42,298,0.05903665940081926,-0.9730289049369769,0.3159493883793377,2630.3322556599746,332.8689038934355,0.7914527175076767,0.5328910912886147
10_130,0.1,42,299,0.058896123229153184,-1.7491406011925195,0.3846892362576514,2463.271550023669,387.5378883111142,0.9890327394736602,0.5328910912886147
10_130,0.1,42,300,0.05875777264561992,-1.0786533833381617,0.35736328302057063,2615.6440235891278,342.42053734274947,0.8268737692346697,0.5328910912886147
10_130,0.1,42,301,0.05862157366042571,-1.0682921300979649,0.36669801951671965,2717.7887755716047,338.9216845720144,0.8199069853363852,0.5328910912886147
10_130,0.1,42,302,0.058487492812378764,-1.446656199860288,0.25808974942737045,2601.944631644516,366.0478175504554,0.915898002776966,0.5328910912886147
10_130,0.1,42,303,0.05835549716066848,-2.412449326252776,0.2910884746881156,2685.239407889603,426.84826265222864,1.152346284375088,0.5328910912886147
10_130,0.1,42,304,0.05822555427677263,-2319.864339878427,0.29775975763393936,152533.0415821426,150257.927506308,580.3930558105305,0.5328910912886147
10_130,0.1,42,305,0.05809763223649032,-0.9999740033276059,0.3410979008982423,2741.9646391757906,334.9721396979801,0.8063845965009383,0.5328910912886147
10_130,0.1,42,306,0.057971699612098956,-1.3995707627832763,0.31497955940078953,2449.170957816814,366.85536300070544,0.9094837863648559,0.5328910912886147
10_130,0.1,42,307,0.05784772546463305,-0.7402369549663586,0.29966643443157076,2693.6619231876525,317.8337049479507,0.7381931915534836,0.5328910912886147
10_130,0.1,42,308,0.05772567933628324,-2319.6734929017844,0.25058364604313327,152446.03914223282,150247.11299779275,580.3465167936425,0.5328910912886147
10_130,0.1,42,309,0.05760553124291343,-2319.883699044413,0.2978929370455951,152385.1990881843,150261.4194131247,580.397158713915,0.5328910912886147
10_130,0.1,42,310,0.05748725166669427,-2319.830450881849,0.2702626219246457,152323.45284110116,150259.67694615148,580.3866966732742,0.5328910912886147
10_130,0.1,42,311,0.05737081154885137,-2319.5179065900893,0.2813297484632898,152016.32748363982,150245.3561435176,580.313152358576,0.5328910912886147
10_130,0.1,42,312,0.057256182282526054,-2319.6629843803817,0.26103867045860185,152338.8452377766,150248.98455118574,580.3469800479072,0.5328910912886147
10_130,0.1,42,313,0.057143335705747374,-2319.8664640172924,0.280659074019752,152268.13838249736,150263.29209001787,580.3970135934986,0.5328910912886147
10_130,0.1,42,314,0.05703224409451321,-2319.1561863519496,0.2600846790916381,152283.92923036078,150216.46288475159,580.2198623589811,0.5328910912886147
10_130,0.1,42,315,0.056922880155979176,-2319.604837932635,0.3261606725442351,152356.81942037042,150244.81703059137,580.3322434359706,0.5328910912886147
10_130,0.1,42,316,0.05681521702175326,-2319.6233429585473,0.32758095514188545,152327.41070463308,150247.3449724062,580.3400333288123,0.5328910912886147
10_130,0.1,42,317,0.05670922824129488,-1.9446940770410708,0.3594090811785197,2627.14042847045,396.7653070394828,1.0343074720721617,0.5328910912886147
10_130,0.1,42,318,0.05660488777541653,-1.4234703375642297,0.2627054651947055,2679.311592536578,363.4147784425173,0.9106861525875668,0.5328910912886147
10_130,0.1,42,319,0.056502169989886525,-2319.5203405300167,0.36080577980920203,152188.2822640411,150243.4391199284,580.3165372671342,0.5328910912886147
10_130,0.1,42,320,0.056401049649131195,-2319.9920759369925,0.3125655046376343,152428.32121878277,150269.4689968994,580.4304557342628,0.5328910912886147
10_130,0.3,42,1,1.0,-2.302522741712946,,2861.0537729985845,398.50884737688705,1.0614673438678361,1.0614673438678361
10_130,0.3,42,2,0.9852258055592246,-1.2082612403788857,0.27570385455154767,2568.0848255791066,328.78289517433876,0.8006061266311262,0.8006061266311262
10_130,0.3,42,3,0.9706813761935793,-2.756792780366875,0.28916438257520183,2813.651764354576,439.31293294926274,1.1733587325934327,0.8006061266311262
10_130,0.3,42,4,0.9563631386463322,-1.1615994477386387,0.28813831607773627,2738.0729371313773,308.39314541753225,0.7719465299725041,0.7719465299725041
10_130,0.3,42,5,0.9422675752312664,-0.9118496785580905,0.2883867865390757,2610.5224487133332,295.9585994017354,0.7113986598698805,0.7113986598698805
10_130,0.3,42,6,0.9283912229684601,-1.6050150802675835,0.26266751168933344,2105.3060707881846,392.8723531928973,0.9040140470448199,0.7113986598698805
10_130,0.3,42,7,0.9147306727335057,-0.6521816254053178,0.2768090718586672,2709.164985994494,269.53018320875844,0.6515833776937126,0.6515833776937126
10_130,0.3,42,8,0.9012825684199611,-2.510740102300643,0.24847039010353766,2622.0681381846257,429.9831269796888,1.1100685988646164,0.6515833776937126
10_130,0.3,42,9,0.888043606114825,-2.687137398469222,0.2979035842972529,2724.67189360142,438.119783583456,1.153253947176609,0.6515833776937126
10_130,0.3,42,10,0.8750105332868364,-1.5421572277821203,0.2821490489483026,2904.777806196298,330.3761782483565,0.8680376546762307,0.6515833776937126
10_130,0.3,42,11,0.8621801479873967,-2.1290076608273742,0.22932035612739518,3109.0926289621752,365.2300024796672,1.0092135736464432,0.6515833776937126
10_130,0.3,42,12,0.8495492980639193,-2.4234788359100436,0.2703785182617728,2794.190727760918,415.03950689524487,1.097919290768269,0.6515833776937126
10_130,0.3,42,13,0.837114880385412,-1.909589185821621,0.2783090662024409,3004.8521481656926,352.3180476720687,0.9515953493828699,0.6515833776937126
10_130,0.3,42,14,0.8248738400801048,-1.474868784672702,0.25108884087782946,2714.5537183537804,339.27328924975734,0.8589261499594822,0.6515833776937126
10_130,0.3,42,15,0.8128231697849323,-1.9656469100394973,0.2710279182131302,2604.940856288014,388.9273467350678,0.9854123205442908,0.6515833776937126
10_130,0.3,42,16,0.8009599089066888,-2.09127935279695,0.2708004149464037,2762.0716087983837,387.8523938731454,1.011501646097222,0.6515833776937126
10_130,0.3,42,17,0.7892811428946735,-3.3542413935973507,0.25230758352651406,2902.328353543988,481.67087746963995,1.315195433412364,0.6515833776937126
10_130,0.3,42,18,0.7777840025246476,-3.0869379289102796,0.27886220637715575,3313.770096189688,427.53207555024125,1.231664264210293,0.6515833776937126
10_130,0.3,42,19,0.7664656631939266,-1.9368262569529209,0.30002527631716724,2812.984544626409,368.2782883979069,0.9630743724104501,0.6515833776937126
10_130,0.3,42,20,0.7553233442274359,-1.2457823730803448,0.24057671275740472,2777.838914334313,315.41752534860655,0.8001359950251938,0.6515833776937126
10_130,0.3,42,21,0.7443543081945577,-2.093808188614121,0.25370743893298603,2653.716916774286,393.04915375897883,1.006692716288317,0.6515833776937126
10_130,0.3,42,22,0.7335558602366034,-3.7405103241782243,0.24461649844928038,2884.6252346658707,512.5200059134539,1.403166690464548,0.6515833776937126
10_130,0.3,42,23,0.7229253474047432,-1.720902031278573,0.2608779801574328,2510.037178442106,373.8060070155152,0.9229967233688,0.6515833776937126
10_130,0.3,42,24,0.7124601580082336,-1.1276382440329251,0.27219001650049784,3229.7025236766435,271.9630672227646,0.7557446803007035,0.6515833776937126
10_130,0.3,42,25,0.7021577209727804,-1.5839876629184797,0.27710942985714626,2749.766320578946,346.0563110791418,0.8855533602654763,0.6515833776937126
10_130,0.3,42,26,0.6920155052088806,-1.0149521242609665,0.27130252895666973,2848.1579157311426,292.4791230299032,0.745370133766462,0.6515833776937126
10_130,0.3,42,27,0.6820310189899872,-1.8201398042001353,0.2487845553711699,2768.1328029677456,363.15843672508635,0.9395722093799392,0.6515833776937126
10_130,0.3,42,28,0.6722018093403456,-0.9532660313313104,0.262165368836586,2768.6731352147503,289.4742440300188,0.7216739464726192,0.6515833776937126
10_130,0.3,42,29,0.6625254614323491,-2.273817973223543,0.2631738668833251,2971.178473066783,384.31642396589115,1.039991796199071,0.6515833776937126
10_130,0.3,42,30,0.6529995979932678,-1.5770951423044557,0.23448693753022382,2699.9342736884482,349.07418168067346,0.8851994060340873,0.6515833776937126
10_130,0.3,42,31,0.6436218787212026,-1.7894218991724482,0.21619338272282446,2882.139449914248,352.7322747720002,0.9299624746559942,0.6515833776937126
10_130,0.3,42,32,0.634389999710123,-2.564350406565769,0.2505571608878928,3053.46246869019,404.00167330030666,1.1135592422557299,0.6515833776937126
10_130,0.3,42,33,0.6253016928838472,-0.6608652120816707,0.26390676844696037,2420.222776358716,289.7192496641962,0.6574909876495141,0.6515833776937126
10_130,0.3,42,34,0.6163547254388225,-1.9071493628191978,0.26122539928995414,2230.8130488651877,405.0994869200228,0.9635676197394902,0.6515833776937126
10_130,0.3,42,35,0.607546899295575,-2.499263929582986,0.22594341824446867,2647.7787923421956,430.42157224828304,1.11615503354068,0.6515833776937126
10_130,0.3,42,36,0.5988760505586863,-1.8194519342941855,0.2357213379286242,3058.492262629306,342.90921848859955,0.9337506361170813,0.6515833776937126
10_130,0.3,42,37,0.5903400489851716,-1.9443571503869599,0.24350342526784088,3464.827734296631,324.83184658970913,0.9559581035846736,0.6515833776937126
10_130,0.3,42,38,0.581936797461124,-1.6013588719576926,0.25141861783115294,2130.9058563267286,391.7450357933623,0.9054474308647831,0.6515833776937126
10_130,0.3,42,39,0.5736642314864987,-0.9378896072819821,0.25221851198688167,2488.5721561856135,312.3610557252893,0.7372098966785786,0.6515833776937126
10_130,0.3,42,40,0.5655203186679085,-2.6980407325874753,0.22710231400882588,2642.8018781649644,447.2399059815872,1.164985961290294,0.6515833776937126
10_130,0.3,42,41,0.5575030582193081,-2.4845769014974977,0.25169635915567007,2591.7337673617826,431.4546173044469,1.1087715323810932,0.6515833776937126
10_130,0.3,42,42,0.5496104804704447,-0.6827748002934196,0.25699479745489934,2371.3832290180644,298.99991326086723,0.675850744499517,0.6515833776937126
10_130,0.3,42,43,0.5418406463829504,-1.8016966400226289,0.2673903094995542,2619.163276091798,370.69722795167525,0.9341267583876673,0.6515833776937126
10_130,0.3,42,44,0.5341916470739625,-1888.6171598601634,0.24344432926559811,152551.51100146302,150328.09763443106,472.5204512738301,0.6515833776937126
10_130,0.3,42,45,0.5266616033471518,-0.875920214797336,0.24857813049843208,2667.343646268168,291.3859017830889,0.7084544778046404,0.6515833776937126
10_130,0.3,42,46,0.519248665231044,-2.1378099147364567,0.30074241970408283,2958.216347000579,376.0212076090624,1.0130353938082057,0.6515833776937126
10_130,0.3,42,47,0.5119510115245198,-1887.9132901996225,0.283573289110468,152366.96929196577,150279.34882506263,472.34184949355017,0.6515833776937126
10_130,0.3,42,48,0.504766849349387,-3.512762540374069,0.27576562034659874,2872.848339954973,496.58107091544895,1.3538166874725108,0.6515833776937126
10_130,0.3,42,49,0.49769441370990625,-1888.0797811301954,0.26454744561372345,152936.07104327276,150253.0328928077,472.37000210415863,0.6515833776937126
10_130,0.3,42,50,0.4907319670591703,-2.719330031966886,0.2687395480008603,3014.845284946536,423.0821417259955,1.162816461783028,0.6515833776937126
10_130,0.3,42,51,0.4838777988722253,-4.020801145334952,0.2566580655253168,2885.0102970062608,542.9995545497773,1.4934139124135404,0.6515833776937126
10_130,0.3,42,52,0.47713022522583176,-1.3956203447108633,0.2784699401881728,2339.5489974064853,357.2977710666873,0.842398360550402,0.6515833776937126
10_130,0.3,42,53,0.47048758838475946,-2.031218613261649,0.22444262429951323,2698.641613714111,383.81720904866575,0.9877478557012617,0.6515833776937126
10_130,0.3,42,54,0.4639482563945182,-2.430276201170158,0.2819567932219811,2730.0707438971613,416.6611294445188,1.0907729615773332,0.6515833776937126
10_130,0.3,42,55,0.4575106226804207,-2.6983442003156513,0.2522271007244755,2922.65721890791,426.47429023594026,1.1556799346257385,0.6515833776937126
10_130,0.3,42,56,0.45117310565288166,-1.3462476344550736,0.25762468639782454,2504.00121990675,343.1208818952455,0.8310886671493505,0.6515833776937126
10_130,0.3,42,57,0.44493414831885486,-3.054734048722071,0.27014648925910223,2228.9430585726113,503.4249890766277,1.254120928195875,0.6515833776937126
10_130,0.3,42,58,0.438792217899313,-1.3830396634054012,0.26040692635724244,2620.575772873753,335.40591441907293,0.8299784953111062,0.6515833776937126
10_130,0.3,42,59,0.43274580545267627,-3.3982964193660155,0.2559407544055769,3181.1718323369596,463.400096599676,1.3130820336773739,0.6515833776937126
10_130,0.3,42,60,0.4267934255040983,-1.6276674552687638,0.26565542707578377,2655.6220109429,354.88012319831665,0.8941223211050011,0.6515833776937126
10_130,0.3,42,61,0.42093361568051574,-1.639247621672173,0.25240388564506244,2709.5449148788853,353.19297313163827,0.8991753155373358,0.6515833776937126
10_130,0.3,42,62,0.4151649363513749,-1.5806861298713886,0.21524947736249667,2669.439688618928,350.75408960522867,0.8844891109677786,0.6515833776937126
10_130,0.3,42,63,0.40948597027494477,-3.1682825512571484,0.25401988749252064,2810.489650887667,472.367570734635,1.2705637510735768,0.6515833776937126
10_130,0.3,42,64,0.4038953222501312,-3.002964283656743,0.30803838109785986,2603.067294675722,477.675574138072,1.247630046644338,0.6515833776937126
10_130,0.3,42,65,0.3983916187737056,-1.1120555652392894,0.34615535389956936,2656.3239668277774,310.6011197656033,0.7632511050764479,0.6515833776937126
10_130,0.3,42,66,0.3929735077028642,-2.0029189741730185,0.2854627340488045,2593.967415494512,391.2897324547171,0.9903574893268827,0.6515833776937126
10_130,0.3,42,67,0.38763965792303584,-1.9377873576771714,0.2892558891793716,3085.413006330691,349.9242446013376,0.9595196729583029,0.6515833776937126
10_130,0.3,42,68,0.38238875902085495,-2.384095868771873,0.2675280681832026,2485.14677116397,431.1852969144442,1.0881201690303466,0.6515833776937126
10_130,0.3,42,69,0.37721952096222106,-3.045146913546248,0.2699313551976033,2549.41789195124,482.4552873301037,1.251777524355299,0.6515833776937126
10_130,0.3,42,70,0.372130673775365,-1.8750760744875283,0.27066770315387945,2750.8390511621983,370.5638914223282,0.958260267079307,0.6515833776937126
10_130,0.3,42,71,0.3671209672388437,-1.8459599524607582,0.2234532464381513,2812.6574627823634,360.743121959555,0.9407202225866005,0.6515833776937126
10_130,0.3,42,72,0.3621891705743874,-1.5303015649098186,0.21374334972309844,2986.7425590646317,322.7752188907248,0.8608178188978235,0.6515833776937126
10_130,0.3,42,73,0.35733407214452373,-1.7257728507585643,0.270260611992867,2876.8639983776566,347.1704382384158,0.9125247737756139,0.6515833776937126
10_130,0.3,42,74,0.35255447915490423,-1.9977690921572273,0.24436844839977012,3104.0375416568677,353.76686799313165,0.974357592523744,0.6515833776937126
10_130,0.3,42,75,0.3478492173612599,-1.8663548187947319,0.24102285805260415,2806.6161256253527,363.0033129895135,0.9462817733946929,0.6515833776937126
10_130,0.3,42,76,0.3432171307809146,-1.483179553982998,0.2494327966284507,2481.6569137756587,355.383214654303,0.8632052820237901,0.6515833776937126
10_130,0.3,42,77,0.3386570814087846,-2.666446861582843,0.2708874381242814,2789.9805888149226,433.0261533011587,1.1503495701879773,0.6515833776937126
10_130,0.3,42,78,0.3341679489377949,-2.7607374822319586,0.19997304927108667,2911.1096076933472,433.07534660733023,1.1730584998600602,0.6515833776937126
10_130,0.3,42,79,0.32974863048364406,-2.160600359265704,0.2615135968875954,2974.006444332551,378.78792166775577,1.024162187032935,0.6515833776937126
10_130,0.3,42,80,0.3253980403138483,-1.7914227766135746,0.23372913583396793,2536.8484204964934,377.3619256969485,0.9385113948252708,0.6515833776937126
10_130,0.3,42,81,0.32111510958100054,-1887.3282409882263,0.19590346963267588,152291.0046800996,150237.9218744443,472.20513512365056,0.6515833776937126
10_130,0.3,42,82,0.3168987860601775,-1.1215812736103379,0.29665724503729873,3142.4433451671416,277.17391847655205,0.754907021405464,0.6515833776937126
10_130,0.3,42,83,0.31274803389043004,-2.077995223792347,0.25173102799272357,2613.2599316521005,397.54804959532987,1.0124668060852045,0.6515833776937126
10_130,0.3,42,84,0.30866183332029457,-2.753557240950872,0.2943721815112964,2526.9335248612188,460.6580799375397,1.1831009446817053,0.6515833776937126
10_130,0.3,42,85,0.3046391804572615,-2.145428209077482,0.2520416748329812,3016.7939533048507,374.71784962886755,1.0200909169341175,0.6515833776937126
10_130,0.3,42,86,0.3006790870211401,-1.818281911872007,0.33932930893811103,2724.997841315212,365.6191958258629,0.938817512795919,0.6515833776937126
10_130,0.3,42,87,0.29678058010125963,-2.9139498790915477,0.2493374368348939,2690.8393705509466,459.0214245593915,1.208790476080305,0.6515833776937126
10_130,0.3,42,88,0.2929427019174456,-2.653096657654445,0.24447847193670835,2792.386742597025,433.7064297240174,1.152810414927803,0.6515833776937126
10_130,0.3,42,89,0.28916450958471324,-1.6235519697873624,0.24251867341034988,2955.181549837937,334.25206515797026,0.8888936794069393,0.6515833776937126
10_130,0.3,42,90,0.28544507488162135,-1.1971961094007977,0.2589981467779273,2515.399335070181,331.21532638751404,0.7979885892588789,0.6515833776937126
10_130,0.3,42,91,0.28178348402222775,-2.3537443705820995,0.29404060924034636,2741.122719675615,406.07778669523054,1.0615202486855633,0.6515833776937126
10_130,0.3,42,92,0.27817883743159105,-3.28801273688657,0.2803464975779051,2614.9909090081965,497.5039232131881,1.3085144347358342,0.6515833776937126
10_130,0.3,42,93,0.27463024952476534,-1.8713654446279793,0.23585192563171703,2986.5267835923714,354.1000959260671,0.953454071975588,0.6515833776937126
10_130,0.3,42,94,0.27113684848922975,-0.6724649157004702,0.28029630719128945,2859.39019007432,261.55976260472374,0.6559857305019721,0.6515833776937126
10_130,0.3,42,95,0.2676977760707032,-1888.6631576245832,0.2198759961283156,152588.4606516667,150331.56503714155,472.5375926044181,0.6515833776937126
10_130,0.3,42,96,0.2643121873622896,-2.1432956298119312,0.23323516513890347,2914.8367845682,383.6151147772881,1.0274218472582755,0.6515833776937126
10_130,0.3,42,97,0.2609792505969018,-1.681394319769948,0.2393230428925603,2764.610537815097,351.00444844205583,0.9029578251090851,0.6515833776937126
10_130,0.3,42,98,0.25769814694291476,-1.849327583540617,0.25574043880614755,2653.436635963555,372.46320423184073,0.9457357934581695,0.6515833776937126
10_130,0.3,42,99,0.25446807030299534,-2.327533281928258,0.25394115206323387,2919.2336596116634,393.56472450256445,1.0576773695702313,0.6515833776937126
10_130,0.3,42,100,0.2512882271160621,-2.0309238532637695,0.27367924772545915,2640.316253445388,387.97102433176184,0.9891725614237169,0.6515833776937126
10_130,0.3,42,101,0.2481578361623234,-1887.5619578004068,0.20176691473867664,152457.89370009225,150244.08697844602,472.2544623007804,0.6515833776937126
10_130,0.3,42,102,0.2450761283713493,-1887.185572323775,0.24383983567621476,152272.05462773071,150225.45592391948,472.16472395986875,0.6515833776937126
10_130,0.3,42,103,0.24204234663312607,-1.3522587789821297,0.24973794664033938,2941.334840912985,314.42249010683946,0.8276474384723937,0.6515833776937126
10_130,0.3,42,104,0.23905574561205173,-1.8099640290656223,0.30126709006157937,2594.110298403307,375.56952237606555,0.9438749610577123,0.6515833776937126
10_130,0.3,42,105,0.23611559156382206,-2.467979102876838,0.24025558628905594,2794.677894215065,415.3339935222695,1.0988812936130803,0.6515833776937126
10_130,0.3,42,106,0.2332211621551653,-1.1357066089029328,0.25765582335220977,2775.223640057785,305.9974619038991,0.7717790346472333,0.6515833776937126
10_130,0.3,42,107,0.23037174628638085,-1.4623053544984406,0.2939451731208,3095.024426189866,307.2042929326211,0.8349206173850654,0.6515833776937126
10_130,0.3,42,108,0.2275666439166364,-2.900061397412994,0.25839882809559345,2368.7247256634505,484.76784132145553,1.2249606085058606,0.6515833776937126
10_130,0.3,42,109,0.2248051658919834,-1.6478494319945745,0.26032263709740583,2730.179151874554,354.0712753767383,0.9056174793478826,0.6515833776937126
10_130,0.3,42,110,0.22208663377604637,-2.2735068250554273,0.21667963169393767,2544.476985037179,418.83170421537125,1.0626231309176344,0.6515833776937126
10_130,0.3,42,111,0.21941037968334542,-2.4098341296132744,0.2513063321170491,2822.000448232234,405.2876009712256,1.07424799147366,0.6515833776937126
10_130,0.3,42,112,0.21677574611521144,-2.0102425786054705,0.21972558999640243,2857.4934564086016,373.2276613054435,0.9860083033652027,0.6515833776937126
10_130,0.3,42,113,0.21418208579825188,-0.5526484130356639,0.2517610230363701,2883.904883041122,248.7515865183912,0.6226584970611921,0.6226584970611921
10_130,0.3,42,114,0.21162876152533033,-1.0683931437858645,0.25816335812961455,2640.8596252216103,309.53176562831004,0.7572067289740267,0.6226584970611921
10_130,0.3,42,115,0.20911514599901782,-1.90963669405376,0.2572508764483027,2755.8514348864232,371.98354781986217,0.9633940871292359,0.6226584970611921
10_130,0.3,42,116,0.20664062167747893,-2.5952984174602243,0.18894283194016714,2835.70625771576,425.71812427793645,1.1372459261804955,0.6226584970611921
10_130,0.3,42,117,0.20420458062275576,-3.159919322784393,0.24230603794124433,3390.253123167628,433.47184919892726,1.2634843521550314,0.6226584970611921
10_130,0.3,42,118,0.2018064243514096,-1.288461508914551,0.2801842026587354,2725.3992682507187,323.0828938660519,0.813046197878576,0.6226584970611921
10_130,0.3,42,119,0.1994455636874869,-1.2848049499122474,0.31290505325524126,2768.043579055248,321.1192138148391,0.815180135051077,0.6226584970611921
10_130,0.3,42,120,0.19712141861777083,-1.9191661995760882,0.2552792934954963,3006.1556375095015,357.0722840925261,0.9659038390754289,0.6226584970611921
10_130,0.3,42,121,0.19483341814928484,-0.7326186889332309,0.22445941980664283,2818.6102881128186,270.2573898106625,0.6741218565196097,0.6226584970611921
10_130,0.3,42,122,0.19258100016901147,-0.645510901218525,0.2687372040485888,2552.769419058387,283.5152918982879,0.66382643639746,0.6226584970611921
10_130,0.3,42,123,0.19036361130579338,-1.0583970928271496,0.3271892034389108,2684.156951426337,309.38867499643857,0.7648486253252571,0.6226584970611921
10_130,0.3,42,124,0.18818070679438154,-1.694005055554537,0.2292483021609683,3131.496100928172,329.4211930664573,0.9074443771479239,0.6226584970611921
10_130,0.3,42,125,0.1860317503415984,-1.889855579050964,0.2306525398137221,3243.8383160452204,337.340385001801,0.9518003818051104,0.6226584970611921
10_130,0.3,42,126,0.1839162139945818,-2.353613799477764,0.17150658205760902,2912.4846557347596,396.7109155876198,1.065728381310549,0.6226584970611921
10_130,0.3,42,127,0.18183357801107813,-2.3755017178768227,0.20916083754638626,3187.3534556087784,380.0813024692561,1.0677300846179785,0.6226584970611921
10_130,0.3,42,128,0.17978333073175307,-2.585409038745352,0.24424363488467743,3073.682562009005,406.472986707081,1.1246372761404722,0.6226584970611921
10_130,0.3,42,129,0.17776496845448742,-2.53795474314145,0.2352643704630089,3077.4975756643735,403.0577299395962,1.1152436871565403,0.6226584970611921
10_130,0.3,42,130,0.17577799531062827,-1.4304931378755787,0.2897210169250023,2581.5713858627264,345.69276561687286,0.8531471669589537,0.6226584970611921
10_130,0.3,42,131,0.1738219231431649,-1763.4919889616233,0.2852929669368891,143142.40666001654,140341.70466294608,441.2224472746853,0.6226584970611921
10_130,0.3,42,132,0.17189627138679878,-1.5786883352038583,0.16612530833499148,2972.64079166278,331.62147552982947,0.8843631608611593,0.6226584970611921
10_130,0.3,42,133,0.1700005669498786,-1.9667130136736868,0.25543036269636793,2935.920891352581,364.56397442640565,0.9749854109667557,0.6226584970611921
10_130,0.3,42,134,0.16813434409817252,-1.6458048068923028,0.25138810025720454,3404.6713986458926,306.0472671068271,0.8891771855431772,0.6226584970611921
10_130,0.3,42,135,0.16629714434044632,-2.2202565716763636,0.27375802586801595,3239.3273102203107,362.80595172334097,1.0263014321004977,0.6226584970611921
10_130,0.3,42,136,0.16448851631582245,-1.4789540603907783,0.1971421722398087,2846.841757932094,332.05805313944416,0.8622215022086228,0.6226584970611921
10_130,0.3,42,137,0.16270801568288995,-0.51907569753919,0.27930416548526027,2454.1833262315713,275.08441162143487,0.6205190032275234,0.6205190032275234
10_130,0.3,42,138,0.16095520501053945,-2.106188938373767,0.24951711438776486,3482.623439345866,339.90600301818466,1.003870767433151,0.6205190032275234
10_130,0.3,42,139,0.1592296536704954,-1.1913095652560215,0.23685111959617328,2909.3163119861847,303.54318536907056,0.7894961181753792,0.6205190032275234
10_130,0.3,42,140,0.15753093773152022,-1.9578433153564148,0.25719086341090114,2602.764087005975,387.5198348640939,0.980842636737088,0.6205190032275234
10_130,0.3,42,141,0.15585863985526294,-1.5778563545647866,0.2097396592238316,3257.4034638329213,310.4957764069568,0.8749059232771489,0.6205190032275234
10_130,0.3,42,142,0.15421234919372853,-1.4796013661067586,0.16900330844275796,3306.3274447542203,297.7436053755313,0.8462912403337649,0.6205190032275234
10_130,0.3,42,143,0.152591661288341,-1.8196430448769632,0.21560145699366812,3020.636607888241,348.1737228743757,0.9422743872990433,0.6205190032275234
10_130,0.3,42,144,0.15099617797057668,-1762.9419046727457,0.25806670318650293,142619.75073528595,140335.16451575977,441.10573979426624,0.6205190032275234
10_130,0.3,42,145,0.14942550726414244,-1.2163920557633356,0.18728052155124778,2949.4137093439776,301.97924794502,0.7923382888619912,0.6205190032275234
10_130,0.3,42,146,0.14787926328867598,-1.8447345096634118,0.2433805763202388,3073.323096151892,346.69772156505667,0.947721763299577,0.6205190032275234
10_130,0.3,42,147,0.1463570661649425,-1.711001624534827,0.28831648832442947,3227.000464149354,324.30121251333327,0.9100867594862365,0.6205190032275234
10_130,0.3,42,148,0.1448585419215072,-1.5630427301984409,0.21412352800556586,3009.9143414253226,326.1612669413593,0.875151975570315,0.6205190032275234
10_130,0.3,42,149,0.14338332240285795,-1.6243885609151134,0.23466873482320313,3119.327933126833,324.1241781269654,0.8895062208540354,0.6205190032275234
10_130,0.3,42,150,0.1419310451789575,-0.6285077810043818,0.24654545935345196,2810.6776010322424,263.51951667437027,0.6527098055280733,0.6205190032275234
10_130,0.3,42,151,0.14050135345620207,-1.4268059738649803,0.15639054301119498,3100.597590493056,307.9858961164791,0.8382711801521082,0.6205190032275234
10_130,0.3,42,152,0.13909389598976496,-1.3990354543163235,0.23040879222638208,3025.56631492788,311.6646724024641,0.835178550264944,0.6205190032275234
10_130,0.3,42,153,0.13770832699730284,-2.2568476250431946,0.21645875558323713,3576.405190676046,344.20141880113783,1.0340482596133285,0.6205190032275234
10_130,0.3,42,154,0.13634430607400466,-1.3355402500865536,0.25769731475670593,2945.5427742837687,313.24844002955007,0.8249577795105318,0.6205190032275234
10_130,0.3,42,155,0.13500149810896128,-1763.551228436036,0.21501278633100815,143139.81507237392,140346.4086277424,441.23588147483923,0.6205190032275234
10_130,0.3,42,156,0.13367957320283602,-1.7169969699788852,0.21021902127904668,3198.8353139928768,326.09667711361095,0.9101522625139178,0.6205190032275234
10_130,0.3,42,157,0.13237820658681518,-1.6383636132505797,0.21057150588631876,2797.155326529912,345.748101579778,0.8934689233318414,0.6205190032275234
10_130,0.3,42,158,0.13109707854281938,-2.1557358668370497,0.24257330372780156,3349.305084088909,353.07689878239034,1.0180036533951256,0.6205190032275234
10_130,0.3,42,159,0.12983587432495577,-1.4859256411573725,0.21403656178305278,3018.064173919191,317.4197074449241,0.850807685484736,0.6205190032275234
10_130,0.3,42,160,0.12859428408219134,-1.827562998187631,0.22171917950555428,3142.561480492556,338.5207342182569,0.9364271028994375,0.6205190032275234
10_130,0.3,42,161,0.1273720027822294,-0.7192737926794212,0.19913500409089768,2729.666171370005,275.82096627954655,0.674013892431476,0.6205190032275234
10_130,0.3,42,162,0.12616873013656954,-1.6216001932778015,0.2317799026728367,2890.962042052634,337.96576887137707,0.8879183535436379,0.6205190032275234
10_130,0.3,42,163,0.12498417052673307,-1.3279424946422096,0.21571912974653812,2872.7317797475116,315.7153532102622,0.8186933673874137,0.6205190032275234
10_130,0.3,42,164,0.12381803293163596,-1.7491821773810183,0.1917145013816171,3230.570165381097,328.1983280765018,0.9222815480474348,0.6205190032275234
10_130,0.3,42,165,0.12267003085609117,-2.553227600615634,0.21832215540137634,3191.879455332342,394.7784601887328,1.112055552971679,0.6205190032275234
10_130,0.3,42,166,0.1215398822604227,-1.0694886983463863,0.2575995213827332,2831.4190325615114,298.04329495715456,0.7587140092225488,0.6205190032275234
10_130,0.3,42,167,0.1204273094911746,-1.3565229555855656,0.2129736591620519,2940.339015770406,315.1658488169146,0.82966120989598,0.6205190032275234
10_130,0.3,42,168,0.11933203921289748,-1.3058320271080353,0.18470379125266106,2684.829169869806,327.6138299971391,0.818894010479189,0.6205190032275234
10_130,0.3,42,169,0.11825380234099556,-1.1963038001400526,0.22717824882099807,2883.3286003594867,304.9124949870521,0.7887064210346018,0.6205190032275234
10_130,0.3,42,170,0.11719233397561858,-2.2147260586830533,0.2219596734913754,3015.5366151965636,379.2704405957868,1.033325807142997,0.6205190032275234
10_130,0.3,42,171,0.11614737333658141,-1.3709412079107302,0.2610136821768248,2851.1510044224856,320.7602822609896,0.8295991063106045,0.6205190032275234
10_130,0.3,42,172,0.11511866369929591,-0.9305237330059087,0.20268504658344427,2882.068742185738,282.57597880235215,0.7223878748393011,0.6205190032275234
10_130,0.3,42,173,0.11410595233169919,-2.154239415699567,0.21015220904524404,3167.590768091569,364.8811332444149,1.0190782037123591,0.6205190032275234
10_130,0.3,42,174,0.11310899043216277,-1.423897713599089,0.14497363069875338,3008.8704261528665,313.9607931690126,0.838861717581179,0.6205190032275234
10_130,0.3,42,175,0.1121275330683672,-1.3456421068626347,0.21752518294538675,2938.953125926089,313.9797594574831,0.8258939388917179,0.6205190032275234
10_130,0.3,42,176,0.11116133911712744,-0.53595928705196,0.22866367424523393,2484.7038326357924,280.1227697465759,0.6411105025527885,0.6205190032275234
10_130,0.3,42,177,0.1102101712051541,-1.3822943596134571,0.19362997808713633,3030.7545102751014,310.8603749231659,0.8337654245393166,0.6205190032275234
10_130,0.3,42,178,0.10927379565073586,-1.06146290818567,0.24681763942545878,2961.2820159224384,286.44987739631887,0.7486045313793395,0.6205190032275234
10_130,0.3,42,179,0.10835198240632873,-1.354630403382145,0.18335209703902225,2988.8289758783258,311.87610013647304,0.8289607991178521,0.6205190032275234
10_130,0.3,42,180,0.1074445050020384,-1.484909959979719,0.20842109120169033,2658.234626135465,345.35777385906334,0.8664365706201869,0.6205190032275234
10_130,0.3,42,181,0.10655114048998136,-2.2644510690426563,0.19437587918893104,3092.715497165482,379.58231617188056,1.048625056442071,0.6205190032275234
10_130,0.3,42,182,0.10567166938951125,-0.21192812056399826,0.22263628718632536,2471.584458085808,252.1544803501856,0.5559208927489798,0.5559208927489798
10_130,0.3,42,183,0.10480587563329734,-1.730073970167199,0.20986160269512907,2785.3047467331508,356.03836432796754,0.9217057817232066,0.5559208927489798
10_130,0.3,42,184,0.10395354651424124,-1.1492959130675386,0.19876140555749025,2759.029063147957,311.3260039346611,0.7845271765392006,0.5559208927489798
10_130,0.3,42,185,0.10311447263321932,-1.2674785371082964,0.1921836763588153,2656.3849633076748,328.5265594455,0.8162959094724669,0.5559208927489798
10_130,0.3,42,186,0.10228844784763778,-1.4303780989567545,0.18404797943015028,3033.915854875718,312.58422229436763,0.8394544075034831,0.5559208927489798
10_130,0.3,42,187,0.10147526922078795,-1.017981505756439,0.19694513473696004,2802.66706540716,296.59557177262406,0.749075045299661,0.5559208927489798
10_130,0.3,42,188,0.10067473697198882,-1.183779584824515,0.2073429503639203,3001.317384714205,296.15706830789094,0.784781427811778,0.5559208927489798
10_130,0.3,42,189,0.09988665442750533,-0.6465440635685875,0.2618269820484981,2623.300842768186,277.8046685391833,0.6600695171947658,0.5559208927489798
10_130,0.3,42,190,0.09911082797222981,-1.3941727453224104,0.17647207147589739,2652.7569678383193,335.83033368635904,0.837228737544095,0.5559208927489798
10_130,0.3,42,191,0.09834706700211487,-1.2062456520153837,0.20613917618318264,2737.4241850887915,316.0802267386426,0.7945683545916699,0.5559208927489798
10_130,0.3,42,192,0.09759518387734595,-1.4264662680953133,0.20663676975380052,2917.4540604574136,321.0185001932057,0.8427137046900837,0.5559208927489798
10_130,0.3,42,193,0.09685499387624241,-1.799849369741046,0.1640330933366116,3125.9977345971565,336.7957678046528,0.9282382679803047,0.5559208927489798
10_130,0.3,42,194,0.09612631514987509,-1.937698509173382,0.1866235296947126,3339.8983643836514,333.5410592269784,0.9584535077266377,0.5559208927489798
10_130,0.3,42,195,0.09540896867739013,-1.4381727211261888,0.2611569179122313,2824.080357010591,328.2492502724787,0.8467130452205298,0.5559208927489798
10_130,0.3,42,196,0.0947027782220271,-1.3722861377298459,0.20638997772578702,2443.81015972209,350.45260799897886,0.8415678699596794,0.5559208927489798
10_130,0.3,42,197,0.09400757028782174,-1.1714378718817822,0.1492232884937385,2458.057869010121,334.91623009575727,0.7982566056367009,0.5559208927489798
10_130,0.3,42,198,0.09332317407698135,-1.4026641932392885,0.1408023410084275,2699.6167511183885,335.045606118938,0.8436359132488047,0.5559208927489798
10_130,0.3,42,199,0.09264942144792357,-1.8235049306155335,0.22278822948300658,2614.677838159948,374.7523432496397,0.9452885218352902,0.5559208927489798
10_130,0.3,42,200,0.09198614687396757,-1.4361909776286579,0.1874974690830887,2681.642568524568,339.2131267132934,0.852617609346147,0.5559208927489798
10_130,0.3,42,201,0.0913331874026676,-1.4955329010021665,0.168470645411962,2705.45900350053,342.2294814388085,0.8659780901895242,0.5559208927489798
10_130,0.3,42,202,0.09069038261577916,-1.2682219203991387,0.1640947910507769,2962.379062742419,303.50382973000546,0.7992639814024036,0.5559208927489798
10_130,0.3,42,203,0.09005757458984752,-1.427651513166692,0.1924861309332188,2677.475790850877,337.96802772182934,0.8481577432306556,0.5559208927489798
10_130,0.3,42,204,0.08943460785740934,-0.9012741078525902,0.22615814201158124,2763.3889447714632,290.6568344076338,0.7241883919021301,0.5559208927489798
10_130,0.3,42,205,0.08882132936879764,-1.2704915532060617,0.18690782771603942,2825.6091724334065,314.2288790366691,0.805517753240498,0.5559208927489798
10_130,0.3,42,206,0.08821758845454078,-2.419723575514355,0.15450306512894948,2878.105502639795,408.127417789548,1.0931007588175714,0.5559208927489798
10_130,0.3,42,207,0.08762323678834613,-1.697918464302284,0.216270640033632,2770.2130848832226,355.8801222415593,0.9184264040914767,0.5559208927489798
10_130,0.3,42,208,0.08703812835065944,-1.620669761373727,0.19828115360210113,3052.3689792464056,327.24638943492823,0.8862706386157477,0.5559208927489798
10_130,0.3,42,209,0.08646211939279098,-1.90294890795837,0.19186070394546012,2635.029075022043,381.6725347475918,0.9695532457747289,0.5559208927489798
10_130,0.3,42,210,0.08589506840159955,-1.768949899803881,0.1579698811119019,2762.6085626615964,360.79024667756,0.9315367516546588,0.5559208927489798
10_130,0.3,42,211,0.08533683606472567,-1.579913425881756,0.17386737521588802,2981.408050025563,330.51132976693464,0.8827118577730579,0.5559208927489798
10_130,0.3,42,212,0.08478728523636561,-0.5835245337995846,0.14623254530402813,2659.365652445584,267.8886146972951,0.6374502990881794,0.5559208927489798
10_130,0.3,42,213,0.08424628090357741,-1.796630379103801,0.18898245780886672,2662.5195276676222,369.3565670188252,0.9382365506240238,0.5559208927489798
10_130,0.3,42,214,0.08371369015311121,-0.9325043058061491,0.16138925383351807,2488.904008322479,312.92131596135135,0.7389292747238532,0.5559208927489798
10_130,0.3,42,215,0.08318938213875532,-1.186480872822986,0.19684289862163973,2745.098975293865,313.4929845840968,0.7883434768098875,0.5559208927489798
10_130,0.3,42,216,0.08267322804918986,-1.1387295971666564,0.1737970149211116,2410.3070630885204,333.98576181375904,0.7866089487226253,0.5559208927489798
10_130,0.3,42,217,0.08216510107634088,-1.3835005936069842,0.20683993561329475,2629.9612394519854,337.5000116074575,0.8379222860680013,0.5559208927489798
10_130,0.3,42,218,0.08166487638422609,-1.8322575861590138,0.17096376164280008,2720.7142253463135,367.9389638784759,0.9448827463272209,0.5559208927489798
10_130,0.3,42,219,0.08117243107828538,-1.5818449488653294,0.14803179484943713,2894.180776983318,335.9678134498352,0.8826068597310726,0.5559208927489798
10_130,0.3,42,220,0.08068764417518824,-1.392289495954568,0.25850268364699386,2680.417513285,334.7201846531817,0.8390967843821701,0.5559208927489798
10_130,0.3,42,221,0.08021039657311081,-1.4026641932392885,0.1538496045778742,2699.6167511183885,335.045606118938,0.8436359132488047,0.5559208927489798
10_130,0.3,42,222,0.07974057102247495,-1.6585603483392892,0.1478291130336171,2593.0049719866693,365.89306844677986,0.9150407212545741,0.5559208927489798
10_130,0.3,42,223,0.0792780520971426,-1.7712067390804036,0.1893347515665031,2587.642441775487,374.32848376026357,0.9389984727860066,0.5559208927489798
10_130,0.3,42,224,0.07882272616605801,-1.8054075650907282,0.1699455886903103,2637.627570321159,374.5908998170745,0.9490858587757672,0.5559208927489798
10_130,0.3,42,225,0.0783744813653311,-1887.4563216461086,0.1726550847129708,152352.90551612194,150245.84064025932,472.2400938662097,0.5559208927489798
10_130,0.3,42,226,0.07793320757075473,-1.7016248569271566,0.1687237019719368,2658.5217319039057,364.31744235410025,0.9225833189897763,0.5559208927489798
10_130,0.3,42,227,0.07749879637074959,-1887.6045942183116,0.13712593104108511,152484.5612628881,150248.70162723426,472.273082522081,0.5559208927489798
10_130,0.3,42,228,0.07707114103972987,-0.5088569889040708,0.1718025878474499,2707.188848140163,259.35168317130825,0.6211015946824828,0.5559208927489798
10_130,0.3,42,229,0.0766501365118829,-1.1335884857570733,0.11881652024440412,2565.3523623934675,322.61609436638605,0.7818523010635656,0.5559208927489798
10_130,0.3,42,230,0.07623567935535681,-2.05839281887343,0.18810020919085552,2652.5801211182406,392.3603419535556,1.00444306965734,0.5559208927489798
10_130,0.3,42,231,0.07582766774684957,-1.5934884290695688,0.1787300330041936,2582.3466232536384,361.52745358493314,0.9001394081038107,0.5559208927489798
10_130,0.3,42,232,0.07542600144659303,-1.4672007531598534,0.15043904424609342,2506.4277674829,353.97137788410805,0.8636424891263819,0.5559208927489798
10_130,0.3,42,233,0.07503058177372629,-2.659096556707794,0.20163546723902576,2666.5038310636464,443.5539633536117,1.1584959854679124,0.5559208927489798
10_130,0.3,42,234,0.0746413115820518,-2.3642928713994587,0.18282869239632132,2703.047135955018,415.0361167683769,1.0809314277771922,0.5559208927489798
10_130,0.3,42,235,0.07425809523616868,-1.868776229628095,0.1537996296317397,2852.9332688540603,361.9732339769222,0.9518619821293602,0.5559208927489798
10_130,0.3,42,236,0.0738808385879771,-1887.4141513670618,0.1646716843476565,152377.21615824482,150242.30628309172,472.23416574866246,0.5559208927489798
10_130,0.3,42,237,0.0735094489535481,-1.8165207700534751,0.2072624858228866,2593.1673247307003,377.50546490722485,0.9494269051144931,0.5559208927489798
10_130,0.3,42,238,0.07314383509035316,-1.3856697058753746,0.17795873156143632,2658.931649261302,336.1520954758329,0.839330881151416,0.5559208927489798
10_130,0.3,42,239,0.07278390717484776,-1.7847539606594731,0.18829727354172568,2565.6722291906435,376.89736540689916,0.9425061406516364,0.5559208927489798
10_130,0.3,42,240,0.07242957678040378,-1.6918006633140885,0.15206664309807288,2630.790613325113,365.02717345751745,0.9195174666649406,0.5559208927489798
10_130,0.3,42,241,0.07208075685558483,-1.3844374636442391,0.15921484966285743,2613.112520161376,339.8792255109181,0.8418228205936321,0.5559208927489798
10_130,0.3,42,242,0.0717373617027597,-1.8750879645904972,0.17731976417975753,2736.2531854166737,372.17369064400447,0.9603059586507094,0.5559208927489798
10_130,0.3,42,243,0.07139930695704806,-1.2134245979046734,0.18724496471750438,2509.281764240921,332.9632679073495,0.8020204200095565,0.5559208927489798
10_130,0.3,42,244,0.0710665095655941,-1.786961955585854,0.13750101442601276,2740.790613325113,365.02717345751745,0.940007789732882,0.5559208927489798
10_130,0.3,42,245,0.07073888776716195,-1.784770398272001,0.15360070926072963,2645.0740197014647,371.45228302204475,0.9411871731316914,0.5559208927489798
10_130,0.3,42,246,0.07041636107204882,-1887.4962564137154,0.16914982147728544,152179.0136164287,150261.4324848385,472.25383140426527,0.5559208927489798
10_130,0.3,42,247,0.07009885024231037,-1.4610748853019166,0.16417654997744613,2748.707148553275,335.3322560295856,0.8536283298542053,0.5559208927489798
10_130,0.3,42,248,0.0697862772722936,-1.8192070361896282,0.15424604372987752,2566.82881076466,379.1382646943447,0.949351412825002,0.5559208927489798
10_130,0.3,42,249,0.0694785653694726,-1887.5385458618475,0.1781474096216991,152356.56979229848,150253.8595160454,472.2645007359953,0.5559208927489798
10_130,0.3,42,250,0.06917563893558212,-1.682997610332609,0.20792246654827934,2762.762832569075,355.5685176829226,0.9161167034195707,0.5559208927489798
10_130,0.3,42,251,0.06887742354804487,-1.6596144048187293,0.18112674284527533,2545.3267732621202,368.0498887825107,0.9125405098842381,0.5559208927489798
10_130,0.3,42,252,0.06858384594168729,-1.0251436311651527,0.15737199701956775,2592.737998011596,310.92888053589775,0.7523762855507836,0.5559208927489798
10_130,0.3,42,253,0.06829483399074003,-1.786961955585854,0.17027422041262535,2740.790613325113,365.02717345751745,0.940007789732882,0.5559208927489798
10_130,0.3,42,254,0.06801031669111803,-1.4426984650390837,0.1979257264477144,2559.496971692372,349.2286854370683,0.8594964625507349,0.5559208927489798
10_130,0.3,42,255,0.06773022414297643,-1887.5037947796188,0.17400845513460522,152484.2831371448,150239.34115102747,472.2453372078623,0.5559208927489798
10_130,0.3,42,256,0.06745448753353762,-1.8570912861630375,0.18971954320779877,2733.8835629416594,370.6290568246843,0.9552946678317233,0.5559208927489798
10_130,0.3,42,257,0.06718303912018544,-1.561669516323632,0.15458551181032817,2671.9752625058563,350.0705803702608,0.882939225371872,0.5559208927489798
10_130,0.3,42,258,0.0669158122138222,-2.5732952087263787,0.1563718143588428,2716.150519458927,431.9241745422243,1.1333365575634677,0.5559208927489798
10_130,0.3,42,259,0.06665274116248465,-1.9763149086814615,0.19952552494614323,2638.5373932732014,384.96895106830743,0.9799593969907411,0.5559208927489798
10_130,0.3,42,260,0.06639376133521471,-1.345947577462631,0.13601942199757971,2732.6012846219355,328.59328233080765,0.8306905588384399,0.5559208927489798
10_130,0.3,42,261,0.06613880910618089,-1.0170009998942646,0.15986192171140085,2699.7539920884524,303.78703033874757,0.751181187173621,0.5559208927489798
10_130,0.3,42,262,0.06588782183904693,-1887.4849002481317,0.1616559872144199,152302.1261350655,150250.5999811886,472.2447156866044,0.5559208927489798
10_130,0.3,42,263,0.06564073787158327,-1.4151939460060126,0.16834494366343952,2665.0137885613385,338.80761167418166,0.8483203327924671,0.5559208927489798
10_130,0.3,42,264,0.06539749650051803,-1887.5601044514788,0.12762044595995753,152533.7936516131,150240.4750867738,472.2579146258273,0.5559208927489798
10_130,0.3,42,265,0.06515803796662348,-1887.627213439978,0.16037120615435108,152514.11671938063,150248.3762057685,472.27762520628545,0.5559208927489798
10_130,0.3,42,266,0.06492230344003448,-1.2720498849706654,0.20399619057595678,2643.95348269818,327.5386344837272,0.8110573944567072,0.5559208927489798
10_130,0.3,42,267,0.06469023500579518,-1887.6769871253427,0.17390933444955206,152444.35713485343,150256.96097763628,472.2900292336873,0.5559208927489798
10_130,0.3,42,268,0.06446177564963067,-1887.627213439978,0.19468343512366515,152514.11671938063,150248.3762057685,472.27762520628545,0.5559208927489798
10_130,0.3,42,269,0.06423686924393959,-1887.610778909412,0.1623987756002992,152396.62218823488,150253.92882380684,472.2721665736439,0.5559208927489798
10_130,0.3,42,270,0.064015460534005,-1887.627213439978,0.16572614147968945,152514.11671938063,150248.3762057685,472.27762520628545,0.5559208927489798
10_130,0.3,42,271,0.0637974951244193,-1887.627213439978,0.1711501442483437,152514.11671938063,150248.3762057685,472.27762520628545,0.5559208927489798
10_130,0.3,42,272,0.06358291946572056,-1887.6596822217996,0.19578710605817734,152490.6919854415,150251.6144911997,472.2828424017409,0.5559208927489798
10_130,0.3,42,273,0.06337168084123639,-1887.716560751789,0.208154425335883,152306.9891723753,150268.5679222437,472.298780737104,0.5559208927489798
10_130,0.3,42,274,0.06316372735413278,-1887.7194920842724,0.21948202186216678,152537.56274414738,150254.49480844568,472.30009486735906,0.5559208927489798
10_130,0.3,42,275,0.06295900791466405,-2.1092821449448316,0.14909546530501697,2671.936894998412,395.36026182513143,1.01692420070899,0.5559208927489798
10_130,0.3,42,276,0.06275747222762111,-1887.504292678397,0.12048329169991537,152280.18978581793,150252.2924289936,472.24563668255684,0.5559208927489798
10_130,0.3,42,277,0.06255907077997513,-1887.6632376720006,0.18750550504858626,152513.2877813495,150251.0824648496,472.28547741813725,0.5559208927489798
10_130,0.3,42,278,0.062363754828713217,-1887.6607402243671,0.17991733552934047,152496.14253678682,150252.54372636284,472.28660690238274,0.5559208927489798
10_130,0.3,42,279,0.06217147638886324,-1887.652200759905,0.19550672080798642,152491.97575911312,150251.29862737138,472.28214703626725,0.5559208927489798
10_130,0.3,42,280,0.06198218822170495,-1887.575938625113,0.1756993381937641,152539.9964230508,150242.89849241814,472.2662398359025,0.5559208927489798
10_130,0.3,42,281,0.06179584382316449,-1887.7429997270622,0.1450209272681578,152405.9327049317,150263.938276069,472.30351443539917,0.5559208927489798
10_130,0.3,42,282,0.06161239741238927,-1887.3746171245411,0.18189294001576564,152482.07918856008,150229.07463808166,472.2145525980145,0.5559208927489798
10_130,0.3,42,283,0.06143180392050065,-1887.60586644972,0.1777128461109611,152530.80520342526,150245.11999288434,472.27110017200766,0.5559208927489798
10_130,0.3,42,284,0.06125401897952138,-1887.7189802272171,0.22360012620240358,152231.59681828218,150271.6961750072,472.2939920916322,0.5559208927489798
10_130,0.3,42,285,0.06107899891147547,-1887.7140897086801,0.16229502205558238,152613.8973325975,150249.012450706,472.298094273461,0.5559208927489798
10_130,0.3,42,286,0.060906700717657275,-1.848604493074923,0.1666426362350003,2684.8226240888416,372.7798734845537,0.9525191234058485,0.5559208927489798
10_130,0.3,42,287,0.060737082068067785,-1.744698518328231,0.2206662343891362,2746.083758998623,357.65267184669193,0.9191758876377276,0.5559208927489798
10_130,0.3,42,288,0.06057010129101494,-3.051208585224628,0.21675997071080216,2713.9136386117216,471.83905842599813,1.2510103562334844,0.5559208927489798
10_130,0.3,42,289,0.06040571736287584,-1.73174922567515,0.22066548572037523,2651.6323622563314,365.53734622542737,0.9249091527097515,0.5559208927489798
10_130,0.3,42,290,0.06024388989801807,-1.3788746767961952,0.16552166527607248,2550.601672669744,345.27440375861545,0.8461405154900128,0.5559208927489798
10_130,0.3,42,291,0.06008457913887785,-1.769593371202765,0.20457225996354372,2689.5162289050495,366.53587137018957,0.9349201890916552,0.5559208927489798
10_130,0.3,42,292,0.05992774594619241,-1.769593371202765,0.16007411816636496,2689.5162289050495,366.53587137018957,0.9349201890916552,0.5559208927489798
10_130,0.3,42,293,0.05977335178938433,-2.2359922521711013,0.2004636509934424,2715.4898575398834,402.9153230710768,1.04738914010297,0.5559208927489798
10_130,0.3,42,294,0.059621358737095426,-1.595095024813711,0.17891933741501326,2702.1467240252173,350.94670007586586,0.8911514848473329,0.5559208927489798
10_130,0.3,42,295,0.05947172944786773,-1.8045052531954413,0.15093354342667947,2704.405089833613,367.4584622374588,0.9404231595898243,0.5559208927489798
10_130,0.3,42,296,0.059324427160969605,-1.2175608038919716,0.18015313252722226,2775.2148459272425,312.4903731926583,0.7909870472639569,0.5559208927489798
10_130,0.3,42,297,0.05917941568736433,-1.9024663608178278,0.15105468279426496,2696.674146684409,375.83710542302236,0.9637717698287542,0.5559208927489798
10_130,0.3,42,298,0.05903665940081926,-1.4896407931365887,0.19444824858661428,2701.613489778597,340.72182462596544,0.8608012753443419,0.5559208927489798
10_130,0.3,42,299,0.058896123229153184,-1.9098479009308162,0.20700962158899405,2540.551708570354,388.26584358807975,0.9714610942509407,0.5559208927489798
10_130,0.3,42,300,0.05875777264561992,-1.5849976125344845,0.2495502663139034,2610.862740785581,355.6944104360791,0.8881938738589742,0.5559208927489798
10_130,0.3,42,301,0.05862157366042571,-1.6209773822174962,0.20172907543031376,2768.181530157205,347.2828142485158,0.8926123456914918,0.5559208927489798
10_130,0.3,42,302,0.058487492812378764,-1.769593371202765,0.16655014839649931,2689.5162289050495,366.53587137018957,0.9349201890916552,0.5559208927489798
10_130,0.3,42,303,0.05835549716066848,-2.90031952200881,0.17578835692025316,2780.105138566913,454.68931678487286,1.2126017267931664,0.5559208927489798
10_130,0.3,42,304,0.05822555427677263,-1888.6568503311837,0.22562694427310825,152672.21213123933,150323.17477163608,472.5283703847978,0.5559208927489798
10_130,0.3,42,305,0.05809763223649032,-1.4752414649906076,0.21492259541053915,2837.6344742448355,331.5259705830925,0.8589322125386158,0.5559208927489798
10_130,0.3,42,306,0.057971699612098956,-1.5997548694639223,0.21058273052019832,2535.702837940644,364.40377352448996,0.8999605636569445,0.5559208927489798
10_130,0.3,42,307,0.05784772546463305,-1.3180717902640589,0.23718407325292165,2777.3509448201685,321.837781270946,0.8190397938569787,0.5559208927489798
10_130,0.3,42,308,0.05772567933628324,-1.9267179536278358,0.1835345526579784,2762.526283961613,372.8910980564742,0.9673224885440768,0.5559208927489798
10_130,0.3,42,309,0.05760553124291343,-2.0177287894576432,0.1995883998753562,2719.2381218158366,384.14492272619344,0.9925540436553748,0.5559208927489798
10_130,0.3,42,310,0.05748725166669427,-1.9120394582446696,0.17383658807972696,2636.2683021940024,381.8407340235525,0.9702817108521313,0.5559208927489798
10_130,0.3,42,311,0.05737081154885137,-0.9913296673346462,0.18127857842624684,2301.9735467851133,328.09830543936306,0.7490106733810358,0.5559208927489798
10_130,0.3,42,312,0.057256182282526054,-1.8031201555921335,0.15820662419624243,2671.5420463112287,370.7033919645449,0.9439018851889973,0.5559208927489798
10_130,0.3,42,313,0.057143335705747374,-1.9678536578364074,0.2016971305236417,2582.3844916997878,390.8208083009803,0.9868125334773385,0.5559208927489798
10_130,0.3,42,314,0.05703224409451321,-1.3577918316526418,0.1735365389086084,2870.7519538254433,318.1857688817372,0.8256334405677608,0.5559208927489798
10_130,0.3,42,315,0.056922880155979176,-1.769593371202765,0.2203894963588126,2689.5162289050495,366.53587137018957,0.9349201890916552,0.5559208927489798
10_130,0.3,42,316,0.05681521702175326,-1.915664110136746,0.2092313668734668,2617.1692863543813,383.88463552525536,0.9727710289053644,0.5559208927489798
10_130,0.3,42,317,0.05670922824129488,-2.153599189793795,0.24826928350707558,2850.7677417316186,384.72157148436264,1.0187608594256872,0.5559208927489798
10_130,0.3,42,318,0.05660488777541653,-2.0199486726402194,0.1572047196005307,2677.329005684868,387.18376135523545,0.9937379737270369,0.5559208927489798
10_130,0.3,42,319,0.056502169989886525,-1886.9275116407716,0.22559724108444595,152238.12255455554,150209.14247730275,472.11013897217015,0.5559208927489798
10_130,0.3,42,320,0.056401049649131195,-2.0199486726402194,0.2042084752773193,2677.329005684868,387.18376135523545,0.9937379737270369,0.5559208927489798
10_130,0.5,42,1,1.0,-2.613207480828544,,2861.0537729985845,398.50884737688705,1.0674709119497072,1.0674709119497072
10_130,0.5,42,2,0.9852258055592246,-1.5928378930704552,0.2754422832372488,2568.0848255791066,328.78289517433876,0.8291671993650458,0.8291671993650458
10_130,0.5,42,3,0.9706813761935793,-2.896048591687494,0.2951089878461805,2813.651764354576,439.31293294926274,1.1389839604230978,0.8291671993650458
10_130,0.5,42,4,0.9563631386463322,-1.7007067017357422,0.2893122875291996,2738.0729371313773,308.39314541753225,0.8388528668895388,0.8291671993650458
10_130,0.5,42,5,0.9422675752312664,-1.4135157162982281,0.2933076460173316,2610.5224487133332,295.9585994017354,0.7729762435248126,0.7729762435248126
10_130,0.5,42,6,0.9283912229684601,-1.4143564853921824,0.2664608445204422,2076.594303681512,389.11985286712275,0.8040867217868225,0.7729762435248126
10_130,0.5,42,7,0.9147306727335057,-1.312894551306245,0.27477443440743876,2709.164985994494,269.53018320875844,0.7477507602139778,0.7477507602139778
10_130,0.5,42,8,0.9012825684199611,-2.4866607887446692,0.2550246506145391,2565.430307199342,429.94747125557075,1.0421296542976832,0.7477507602139778
10_130,0.5,42,9,0.888043606114825,-2.772866996885246,0.2984084634468721,2724.67189360142,438.119783583456,1.1088378903350997,0.7477507602139778
10_130,0.5,42,10,0.8750105332868364,-2.1437465503242903,0.2857973275050106,2787.445070002204,353.31122868222315,0.949104288557547,0.7477507602139778
10_130,0.5,42,11,0.8621801479873967,-2.820965422025677,0.23936345925585992,3178.219165964546,367.568596857522,1.1005532543918475,0.7477507602139778
10_130,0.5,42,12,0.8495492980639193,-2.10494650647557,0.28003816566256967,2473.9190222505877,404.32938983903574,0.9595815659932436,0.7477507602139778
10_130,0.5,42,13,0.837114880385412,-2.290061428604348,0.2810764121493171,2984.748500024801,338.3250080509479,0.9786892910603151,0.7477507602139778
10_130,0.5,42,14,0.8248738400801048,-1.3649533334559516,0.25474887704703725,2625.260754774661,292.8956730696792,0.7710791445136226,0.7477507602139778
10_130,0.5,42,15,0.8128231697849323,-2.158838634645437,0.2690544016394731,2604.940856288014,388.9273467350678,0.967710082257371,0.7477507602139778
10_130,0.5,42,16,0.8009599089066888,-2.37836518060972,0.26521523836110744,2762.0716087983837,387.8523938731454,1.0142211579367046,0.7477507602139778
10_130,0.5,42,17,0.7892811428946735,-3.39143870801417,0.248256376867151,2902.328353543988,481.67087746963995,1.2560275948699897,0.7477507602139778
10_130,0.5,42,18,0.7777840025246476,-1651.408907714101,0.27584911016000246,173104.39989763492,170371.57491802733,413.1176053442272,0.7477507602139778
10_130,0.5,42,19,0.7664656631939266,-2.309884744303936,0.32841097015175824,2812.984544626409,368.2782883979069,0.9886624776275696,0.7477507602139778
10_130,0.5,42,20,0.7553233442274359,-1.8108084275833338,0.24392765272775346,2738.474483475147,322.7598798101189,0.8693381081494818,0.7477507602139778
10_130,0.5,42,21,0.7443543081945577,-2.029929340610935,0.2624963432928299,2507.4053952306185,387.47898873328984,0.9343685273918672,0.7477507602139778
10_130,0.5,42,22,0.7335558602366034,-3.9748948683201015,0.24057894109696712,2720.2764243473002,579.7913880383927,1.4068615424899096,0.7477507602139778
10_130,0.5,42,23,0.7229253474047432,-2.1381494729113246,0.26430351052745477,2529.6218588383913,396.0712128604665,0.9594234013123937,0.7477507602139778
10_130,0.5,42,24,0.7124601580082336,-1.7946713526458096,0.2782893303139931,3095.7193884704643,262.8396858559936,0.8536214947989326,0.7477507602139778
10_130,0.5,42,25,0.7021577209727804,-2.1163077771933247,0.28832590004147984,2564.58479344013,387.7992508045281,0.9527972068788878,0.7477507602139778
10_130,0.5,42,26,0.6920155052088806,-1.182436162673155,0.2638958438401169,2567.0840161058445,281.99849803350116,0.7299891140263033,0.7299891140263033
10_130,0.5,42,27,0.6820310189899872,-2.1867095143551207,0.2588998672086067,2768.1328029677456,363.15843672508635,0.9639182773958554,0.7299891140263033
10_130,0.5,42,28,0.6722018093403456,-1.4017265085185961,0.25466105293217733,2777.6532891793768,267.8658616924501,0.7654964642533096,0.7299891140263033
10_130,0.5,42,29,0.6625254614323491,-2.3779510965189092,0.26545869166429353,2933.850168871521,355.8598355109554,0.9999429904820025,0.7299891140263033
10_130,0.5,42,30,0.6529995979932678,-1.693007824702301,0.23225122555975936,2638.5168297095724,327.7795302126403,0.8489131136455562,0.7299891140263033
10_130,0.5,42,31,0.6436218787212026,-2.240714761771074,0.22816954829864144,2929.18170754674,342.18180497448867,0.969588452249589,0.7299891140263033
10_130,0.5,42,32,0.634389999710123,-3.069280266951002,0.266288548783208,3009.8757260814427,423.54954397828334,1.166591476700337,0.7299891140263033
10_130,0.5,42,33,0.6253016928838472,-1.291669148561569,0.28684732070399666,2372.3170217216616,323.24437004569825,0.7566849190183182,0.7299891140263033
10_130,0.5,42,34,0.6163547254388225,-1.7333957130827395,0.2681973908708103,2154.862117473712,409.14855552854686,0.870711465243516,0.7299891140263033
10_130,0.5,42,35,0.607546899295575,-2.576106658105123,0.22899539480034964,2647.7787923421956,430.42157224828304,1.0686974153440905,0.7299891140263033
10_130,0.5,42,36,0.5988760505586863,-2.2003937742111375,0.2340255240685841,2927.7101549019744,338.47440244990094,0.9612969068541888,0.7299891140263033
10_130,0.5,42,37,0.5903400489851716,-2.8183041121322696,0.25252200325454555,3397.748119708203,331.5320908703477,1.0925537537387342,0.7299891140263033
10_130,0.5,42,38,0.581936797461124,-1.1391564695710854,0.2649211000192281,1975.5830301425626,373.8820239540882,0.7405253958202263,0.7299891140263033
10_130,0.5,42,39,0.5736642314864987,-1.3471368901898695,0.2555646777666296,2361.826033245077,334.64529677941806,0.777520961298912,0.7299891140263033
10_130,0.5,42,40,0.5655203186679085,-2.2145692929928718,0.22496706800436908,2560.3425329402694,402.23291053046546,0.9819821647792359,0.7299891140263033
10_130,0.5,42,41,0.5575030582193081,-2.442009675966852,0.24744019240192783,2520.6843585681095,435.771604986014,1.0405457335203216,0.7299891140263033
10_130,0.5,42,42,0.5496104804704447,-0.9015850252281498,0.26038568412050717,2193.7112101095786,310.59160030094336,0.6744965261352485,0.6744965261352485
10_130,0.5,42,43,0.5418406463829504,-1.7570907554209794,0.2681929383689078,2612.5446819738877,338.79659599446313,0.8641316876995377,0.6744965261352485
10_130,0.5,42,44,0.5341916470739625,-1456.3149709629336,0.24466977737814818,152544.50400318095,150329.59413529004,364.38076972600305,0.6744965261352485
10_130,0.5,42,45,0.5266616033471518,-1.3336783622922077,0.24526591354167726,2497.334188530449,308.1648292233416,0.7636307593062794,0.6744965261352485
10_130,0.5,42,46,0.519248665231044,-2.9837970436862467,0.30694466450912516,2955.0406135941116,423.1549848675423,1.1487335942353067,0.6744965261352485
10_130,0.5,42,47,0.5119510115245198,-1455.426694285542,0.2729051665355851,152311.96018863763,150262.95206702634,364.16774260039574,0.6744965261352485
10_130,0.5,42,48,0.504766849349387,-2.5084834570202634,0.28842674854302064,2323.763089810198,475.3545639050462,1.0630585638104124,0.6744965261352485
10_130,0.5,42,49,0.49769441370990625,-3.1694395237886277,0.26362788192916353,2768.555158956165,479.8752587141352,1.210701842906766,0.6744965261352485
10_130,0.5,42,50,0.4907319670591703,-2.7003225430108375,0.26622698327472144,2889.663643244245,406.29501181262873,1.0928072694131665,0.6744965261352485
10_130,0.5,42,51,0.4838777988722253,-3.0521372822812363,0.2460805716346844,2831.1930405316007,458.6152430494289,1.185220524072689,0.6744965261352485
10_130,0.5,42,52,0.47713022522583176,-1.1831645271863258,0.2525269272489178,2246.6906154172348,332.66288793911565,0.7375867479451388,0.6744965261352485
10_130,0.5,42,53,0.47048758838475946,-3.3521512642235383,0.21795856006498324,2636.523823125366,521.4841280486279,1.2576416313582293,0.6744965261352485
10_130,0.5,42,54,0.4639482563945182,-2.0862545053752726,0.2615038597545515,2442.0658843981246,404.94292134360035,0.9509890073353756,0.6744965261352485
10_130,0.5,42,55,0.4575106226804207,-1.956545770676978,0.23270183114927723,2920.309062901268,308.8779003004128,0.8964542033399463,0.6744965261352485
10_130,0.5,42,56,0.45117310565288166,-1.760385108177758,0.24127575727099443,2600.705957705952,341.54212488333707,0.8662582474269981,0.6744965261352485
10_130,0.5,42,57,0.44493414831885486,-1650.8559795306044,0.2540579713821621,171980.53758765708,170499.22678246003,413.0384526577192,0.6744965261352485
10_130,0.5,42,58,0.438792217899313,-1.31874204113409,0.25261828905180383,2531.1573461559756,299.99731354243585,0.7568714322047385,0.6744965261352485
10_130,0.5,42,59,0.43274580545267627,-3.574176745338024,0.24014645082478445,3240.4000083525966,445.2369899631578,1.283991026259287,0.6744965261352485
10_130,0.5,42,60,0.4267934255040983,-1.752057457765397,0.2757014631689943,2540.2773109558507,351.40699525500935,0.8683445930362836,0.6744965261352485
10_130,0.5,42,61,0.42093361568051574,-1.965507374084806,0.21626041103054128,2711.1949330961193,347.39125316765427,0.9129212941685932,0.6744965261352485
10_130,0.5,42,62,0.4151649363513749,-1.9739663922620265,0.20367875603491864,2610.04831912718,365.0390523650679,0.91881367794641,0.6744965261352485
10_130,0.5,42,63,0.40948597027494477,-2.514515212484976,0.24869379785937937,2868.279261460727,382.4056419033519,1.0356839489558016,0.6744965261352485
10_130,0.5,42,64,0.4038953222501312,-2.642777588546224,0.2943626455479037,2742.8498782160636,422.29703740951277,1.0810439152654858,0.6744965261352485
10_130,0.5,42,65,0.3983916187737056,-1.3218337059382064,0.3278620037744423,2713.8761886882417,272.5776470968927,0.7556534667384154,0.6744965261352485
10_130,0.5,42,66,0.3929735077028642,-1.7774025735467107,0.2728469785694105,2366.107226283347,381.59505469066875,0.8780669222058977,0.6744965261352485
10_130,0.5,42,67,0.38763965792303584,-2.5350780578088234,0.2734214441147072,3393.812725589349,299.0058509450312,1.0225957250063575,0.6744965261352485
10_130,0.5,42,68,0.38238875902085495,-1.7650040737100983,0.26425287997953995,2421.8097723488277,372.81038405504364,0.8767960518254991,0.6744965261352485
10_130,0.5,42,69,0.37721952096222106,-2.6875604151083787,0.2689394091453739,2553.0154608794305,457.90738985568987,1.097361793851726,0.6744965261352485
10_130,0.5,42,70,0.372130673775365,-1.459440071827529,0.26424392138619607,2550.839507526119,317.3479486952275,0.799648266473072,0.6744965261352485
10_130,0.5,42,71,0.3671209672388437,-2.5014583505696733,0.22303037366248352,2926.3724719248285,373.14032648101556,1.0341395577703296,0.6744965261352485
10_130,0.5,42,72,0.3621891705743874,-2.363974446767878,0.21211049377792487,2793.95715542456,378.0581999737608,1.0034226948636997,0.6744965261352485
10_130,0.5,42,73,0.35733407214452373,-2.0692084819494854,0.25217941061384,3142.660289862391,284.9924505729981,0.9150091879297328,0.6744965261352485
10_130,0.5,42,74,0.35255447915490423,-2.1441250170686827,0.24573135659634399,2826.4158827583155,346.69164481603343,0.9472142746781322,0.6744965261352485
10_130,0.5,42,75,0.3478492173612599,-2.532466873825914,0.22380777606882543,3067.566022306273,355.61304687596515,1.0409348121275133,0.6744965261352485
10_130,0.5,42,76,0.3432171307809146,-1.2135458889904636,0.2444618387927613,2232.6222877414493,339.89500512306375,0.7485024126797328,0.6744965261352485
10_130,0.5,42,77,0.3386570814087846,-2.688377330646274,0.2602010151434352,2788.66337090687,422.7714024599112,1.0962696010206603,0.6744965261352485
10_130,0.5,42,78,0.3341679489377949,-2.3180138015784046,0.19796517506594863,2968.55167924329,345.9912622485937,0.9898615873556793,0.6744965261352485
10_130,0.5,42,79,0.32974863048364406,-1.9413556991186591,0.24232610012455308,2998.2139837472623,297.0934689108283,0.8957370095380436,0.6744965261352485
10_130,0.5,42,80,0.3253980403138483,-1.3522569524598373,0.22058938512291432,2233.825326498714,355.7413628661033,0.7823633066934397,0.6744965261352485
10_130,0.5,42,81,0.32111510958100054,-1.4357288906174557,0.18129309467812033,2406.0319756171093,336.25033613618285,0.7946369713370538,0.6744965261352485
10_130,0.5,42,82,0.3168987860601775,-1.3205422166869245,0.298422483457374,2649.5607187136593,280.84449765247507,0.7531560875599116,0.6744965261352485
10_130,0.5,42,83,0.31274803389043004,-1.84953848157703,0.23385740395123408,2730.609460355942,330.5762316674964,0.8834142843577449,0.6744965261352485
10_130,0.5,42,84,0.30866183332029457,-2.1122446001514024,0.2302200905813249,2498.184529638988,397.91958144089966,0.9535694603549845,0.6744965261352485
10_130,0.5,42,85,0.3046391804572615,-2.6940228302071842,0.24902401177870054,3167.651448040646,356.7076782078433,1.0743205128445426,0.6744965261352485
10_130,0.5,42,86,0.3006790870211401,-2.0065125117935096,0.3072605587814785,2793.92804963876,338.7649193635957,0.920376925719234,0.6744965261352485
10_130,0.5,42,87,0.29678058010125963,-2.072442399798039,0.21454729957961058,2431.680102456313,406.2540571617758,0.9505354079846119,0.6744965261352485
10_130,0.5,42,88,0.2929427019174456,-2.0224512009768425,0.22347131044499297,2701.5267048375786,357.0685824292957,0.9303703686561907,0.6744965261352485
10_130,0.5,42,89,0.28916450958471324,-2.105256129738922,0.21941516040975256,2886.35094741971,333.392264686826,0.9377166959476881,0.6744965261352485
10_130,0.5,42,90,0.28544507488162135,-1.3304777935846834,0.21926128270128648,2586.957812544514,294.2131893403719,0.7619718827265464,0.6744965261352485
10_130,0.5,42,91,0.28178348402222775,-2.138379969424724,0.2828416743804706,2646.3179365500555,373.96693492735955,0.9489408180990655,0.6744965261352485
10_130,0.5,42,92,0.27817883743159105,-2.2937199387622553,0.2699630218643818,2681.152311170476,390.8677570308152,0.9954712302097506,0.6744965261352485
10_130,0.5,42,93,0.27463024952476534,-1.719995042632671,0.20142475542627736,2610.6854692902157,333.5732464103891,0.8525162064476723,0.6744965261352485
10_130,0.5,42,94,0.27113684848922975,-1.3055614605516532,0.2611801215438177,2805.5411013664198,255.64047227429774,0.7483191300005017,0.6744965261352485
10_130,0.5,42,95,0.2676977760707032,-2.4837639955981223,0.19305789365679568,2986.406176920152,363.34651809997814,1.0320807708922437,0.6744965261352485
10_130,0.5,42,96,0.2643121873622896,-1.7666978309648158,0.21503037745942244,2928.190325447379,288.25234321659127,0.8553139481527532,0.6744965261352485
10_130,0.5,42,97,0.2609792505969018,-1.633457405408031,0.22460602726366613,3065.6432173004473,248.62300398825406,0.8142405854120653,0.6744965261352485
10_130,0.5,42,98,0.25769814694291476,-1.7784719715963144,0.21866482306750465,2520.4912370739944,355.3062572809301,0.8704419557009826,0.6744965261352485
10_130,0.5,42,99,0.25446807030299534,-1.7604348433767836,0.23771093003735536,2860.0284971240726,295.8424015567794,0.8501921959865045,0.6744965261352485
10_130,0.5,42,100,0.2512882271160621,-1.9992646424765272,0.23132425214121763,2509.6587249434288,382.4740955754935,0.9244914779488609,0.6744965261352485
10_130,0.5,42,101,0.2481578361623234,-1.6055497795200109,0.1938194373599793,2679.3244111674117,309.39406210230476,0.8227290248686415,0.6744965261352485
10_130,0.5,42,102,0.2450761283713493,-1.2006881882643903,0.1882967836801887,2481.7732449699633,295.43321652861243,0.7318945696415613,0.6744965261352485
10_130,0.5,42,103,0.24204234663312607,-1.437784089953679,0.21882174735708096,2763.8995998365003,275.793275703578,0.7779791511244896,0.6744965261352485
10_130,0.5,42,104,0.23905574561205173,-1.3306955819032782,0.2630293113049865,2631.176696391467,286.71580087048505,0.7598561568419044,0.6744965261352485
10_130,0.5,42,105,0.23611559156382206,-1.968040856197095,0.18820503243672634,2681.713235738025,350.90852656826655,0.911201319512438,0.6744965261352485
10_130,0.5,42,106,0.2332211621551653,-1.5172092583070689,0.2269491029937742,2665.0468600627532,301.56509513246954,0.8017518185042123,0.6744965261352485
10_130,0.5,42,107,0.23037174628638085,-1.6191947037013623,0.2592989530444287,2907.6577649142237,270.7194756948574,0.8118879959190723,0.6744965261352485
10_130,0.5,42,108,0.2275666439166364,-2.9139733288401084,0.21606839375274928,2557.149186397579,485.26231384173303,1.1564530856918394,0.6744965261352485
10_130,0.5,42,109,0.2248051658919834,-1.9099029725474412,0.215077360483779,2616.667762535999,355.5879089754096,0.9008960679101262,0.6744965261352485
10_130,0.5,42,110,0.22208663377604637,-2.480449438302058,0.19701973603415707,2597.2276406296032,425.0142081538786,1.041576192311406,0.6744965261352485
10_130,0.5,42,111,0.21941037968334542,-2.5435570811664463,0.2032088262146951,2990.437840763773,366.5396660383067,1.0400803757547759,0.6744965261352485
10_130,0.5,42,112,0.21677574611521144,-1.624906705116734,0.20273022561079107,2504.1769470889803,341.0356690322855,0.8352196343015533,0.6744965261352485
10_130,0.5,42,113,0.21418208579825188,-1.41163473785154,0.207758286047128,2841.8125447619122,258.27579047709037,0.7651490421444191,0.6744965261352485
10_130,0.5,42,114,0.21162876152533033,-1.1070682215420544,0.2164002829077095,2653.0871883096443,255.1312217068171,0.6999121970085964,0.6744965261352485
10_130,0.5,42,115,0.20911514599901782,-2.317643883542833,0.2137108060358913,2921.520926578626,352.7741883253727,0.9895945005912967,0.6744965261352485
10_130,0.5,42,116,0.20664062167747893,-1.4929971071402233,0.16749363656057292,2828.856839192322,273.59896276923246,0.793508595897316,0.6744965261352485
10_130,0.5,42,117,0.20420458062275576,-3.1564747338600476,0.20132316538392567,3381.271963053793,377.6077461094424,1.184808197382467,0.6744965261352485
10_130,0.5,42,118,0.2018064243514096,-0.9631382256852716,0.20750314817953758,2556.7827007671153,256.032981588873,0.6719192085339112,0.6719192085339112
10_130,0.5,42,119,0.1994455636874869,-1.4769100006365385,0.23637872988370773,2639.025970045059,302.6495768390799,0.7959651742497499,0.6719192085339112
10_130,0.5,42,120,0.19712141861777083,-2.0960421138561203,0.20443367687342612,2683.7571689131482,367.33774981160207,0.9465550207364635,0.6719192085339112
10_130,0.5,42,121,0.19483341814928484,-1.263735356413923,0.19669395602083556,2609.13281922551,282.5971900377429,0.7443087509563338,0.6719192085339112
10_130,0.5,42,122,0.19258100016901147,-1454.59324466015,0.2204725325050564,152032.45376612814,150213.58229054298,363.9766362517155,0.6719192085339112
10_130,0.5,42,123,0.19036361130579338,-1358.682608967856,0.2855997088226735,142454.05547803972,140267.00328399238,339.98327140956104,0.6719192085339112
10_130,0.5,42,124,0.18818070679438154,-1.8097404499265943,0.24201373870424198,2839.930756586686,307.17766429288406,0.8679069666079144,0.6719192085339112
10_130,0.5,42,125,0.1860317503415984,-1.5851629245188286,0.22516856038515604,3075.4144911993344,242.87885107195012,0.8051353081213429,0.6719192085339112
10_130,0.5,42,126,0.1839162139945818,-1.9607980901703237,0.15567703493997104,2830.964060399864,326.727805522458,0.9064376104350805,0.6719192085339112
10_130,0.5,42,127,0.18183357801107813,-1359.600713228156,0.16781026534480556,142960.98730215622,140287.09232745992,340.1831064573201,0.6719192085339112
10_130,0.5,42,128,0.17978333073175307,-1.9805267363466548,0.21524687056153327,2750.869050760076,341.2638884819862,0.9122898127227335,0.6719192085339112
10_130,0.5,42,129,0.17776496845448742,-1.980945916253975,0.21386110320373647,2777.0454564784127,338.9021723566912,0.9154256159070424,0.6719192085339112
10_130,0.5,42,130,0.17577799531062827,-1.325300851705254,0.23230662236755836,2415.6495067575333,320.6078687729242,0.7645662978218102,0.6719192085339112
10_130,0.5,42,131,0.1738219231431649,-1360.119680681435,0.24738198873346073,142925.96835227916,140352.52504546434,340.3105105309785,0.6719192085339112
10_130,0.5,42,132,0.17189627138679878,-0.8126735061212002,0.14717991719054788,2322.1361249134948,277.1319670655973,0.6436585064983712,0.6436585064983712
10_130,0.5,42,133,0.1700005669498786,-1359.3779407479547,0.2109958183670023,142583.90180690621,140324.00278195692,340.1440379185708,0.6436585064983712
10_130,0.5,42,134,0.16813434409817252,-1.105414332092647,0.20123872410942073,2683.137078058598,252.22312542271908,0.703095919118439,0.6436585064983712
10_130,0.5,42,135,0.16629714434044632,-2.2549220094597624,0.24343087822664994,3037.2370202786683,324.9573115909764,0.9667354924728718,0.6436585064983712
10_130,0.5,42,136,0.16448851631582245,-1.990631416086539,0.18731243251498256,2499.8410439026825,387.1146193388801,0.9312500975624077,0.6436585064983712
10_130,0.5,42,137,0.16270801568288995,-0.9374687979407408,0.24887807855784425,2294.488251163101,292.83837204933235,0.6682666064507686,0.6436585064983712
10_130,0.5,42,138,0.16095520501053945,-2.6906609118052893,0.23933160283298696,3421.598723842111,315.5105856245174,1.0661008682913744,0.6436585064983712
10_130,0.5,42,139,0.1592296536704954,-0.7381946038869249,0.18376091557277924,2365.5380001583135,261.8183287445307,0.624771401260658,0.624771401260658
10_130,0.5,42,140,0.15753093773152022,-1.7626058728591805,0.2004624478533464,2463.3145764595847,365.3098725758914,0.8738311145488532,0.624771401260658
10_130,0.5,42,141,0.15585863985526294,-2.0889025082330037,0.18482620125357227,3046.6109477122445,305.60791823746916,0.928755508941074,0.624771401260658
10_130,0.5,42,142,0.15421234919372853,-1.747492003473072,0.14791682760251615,3066.7105268225046,261.28077605720796,0.8413210454707244,0.624771401260658
10_130,0.5,42,143,0.152591661288341,-1.8122621700317534,0.21102482364547068,2779.8345295955996,318.27848436365537,0.8727083923051999,0.624771401260658
10_130,0.5,42,144,0.15099617797057668,-1359.3880221880218,0.2204766800587022,142600.68355388995,140324.63166853346,340.15057696823123,0.624771401260658
10_130,0.5,42,145,0.14942550726414244,-1.4827071216319352,0.15806764294237768,2718.1580401585775,289.8996703155921,0.7935886650919273,0.624771401260658
10_130,0.5,42,146,0.14787926328867598,-2.057095989537725,0.20614533248734918,2997.92553576077,310.5327029637315,0.9240479905481302,0.624771401260658
10_130,0.5,42,147,0.1463570661649425,-1.8901242891555556,0.2551080508463148,2989.6623296334215,292.5646817719054,0.8835115844238128,0.624771401260658
10_130,0.5,42,148,0.1448585419215072,-1.3800731389194099,0.18896414306434234,2613.9288530347612,294.77657982121553,0.7715358847768643,0.624771401260658
10_130,0.5,42,149,0.14338332240285795,-1.7034374770242067,0.18712824441451031,2784.3288388441874,304.26174218718097,0.8444827385338327,0.624771401260658
10_130,0.5,42,150,0.1419310451789575,-1.362785084902563,0.19656554245144034,2660.4932169114213,285.05604632624886,0.765450262332573,0.624771401260658
10_130,0.5,42,151,0.14050135345620207,-1.4609083929602171,0.16225622397252862,2510.5687998522258,322.7381620766965,0.7985367420276392,0.624771401260658
10_130,0.5,42,152,0.13909389598976496,-1.3740166237462605,0.16810369984819618,2435.4786749765262,325.8619685805336,0.7818257044860548,0.624771401260658
10_130,0.5,42,153,0.13770832699730284,-1.6600239322269932,0.18310640507694204,2947.86667181515,271.7973054944599,0.8266489601776665,0.624771401260658
10_130,0.5,42,154,0.13634430607400466,-1.6756699517406228,0.21201297959185528,2503.734201394218,349.3423052546001,0.8526362226318316,0.624771401260658
10_130,0.5,42,155,0.13500149810896128,-2.684710972288001,0.18868055045555743,3072.8124609417387,369.2921811077937,1.0714711212624373,0.624771401260658
10_130,0.5,42,156,0.13367957320283602,-1.4173988680778886,0.19535825469050103,2751.6659925254717,276.96599183417845,0.7766593608070571,0.624771401260658
10_130,0.5,42,157,0.13237820658681518,-0.8231781940731187,0.2092502592925288,2333.0251984163046,276.28676850089573,0.6452530018296742,0.624771401260658
10_130,0.5,42,158,0.13109707854281938,-2.4987265794990385,0.21210226734947227,3100.723804188702,344.29215037319796,1.0273050141525406,0.624771401260658
10_130,0.5,42,159,0.12983587432495577,-1.4646632657728893,0.1868078537785339,2656.8504492567513,297.33757164311913,0.7902733290286761,0.624771401260658
10_130,0.5,42,160,0.12859428408219134,-1.4380033890711024,0.21535524869584521,2650.921962653527,294.91368874911814,0.7833104910553605,0.624771401260658
10_130,0.5,42,161,0.1273720027822294,-0.9711135841284322,0.1808006612927543,2498.0372194901925,268.773115006249,0.6806042735859268,0.624771401260658
10_130,0.5,42,162,0.12616873013656954,-1.6895236194902539,0.18864902881230733,2591.231318548114,332.724024413811,0.8446818588205762,0.624771401260658
10_130,0.5,42,163,0.12498417052673307,-1.274273103323774,0.2087361908638524,2267.6206366527717,341.2243199304416,0.7621771620427709,0.624771401260658
10_130,0.5,42,164,0.12381803293163596,-2.063961303494721,0.18821143226407025,2917.6566269185287,326.4627550578549,0.932792016829783,0.624771401260658
10_130,0.5,42,165,0.12267003085609117,-2.9152274937423335,0.17205027064227066,2951.0712543221493,416.2405222498736,1.1328892444958956,0.624771401260658
10_130,0.5,42,166,0.1215398822604227,-1.7617964823779122,0.2007735611221882,2772.5524071601467,313.2627446092095,0.8598480500963487,0.624771401260658
10_130,0.5,42,167,0.1204273094911746,-1.481181394312022,0.20317386875577204,2762.8264617620002,281.4523208567428,0.7896049923655905,0.624771401260658
10_130,0.5,42,168,0.11933203921289748,-1.56947396786316,0.15590100260186152,2571.599229040834,324.81222914138203,0.8218672481116049,0.624771401260658
10_130,0.5,42,169,0.11825380234099556,-1.065249264617841,0.19598336274492412,2531.1562073205478,271.85901676827893,0.6974076742277595,0.624771401260658
10_130,0.5,42,170,0.11719233397561858,-2.2231274211441177,0.20754186465285424,2785.8236414859166,363.0121251693043,0.969101371554075,0.624771401260658
10_130,0.5,42,171,0.11614737333658141,-1.3945188178533592,0.2070634338813777,2676.2567261567838,285.4954106558382,0.7712726815842581,0.624771401260658
10_130,0.5,42,172,0.11511866369929591,-1.237897193069858,0.18525845711785266,2545.4177551773764,289.18318985687046,0.7384457067609318,0.624771401260658
10_130,0.5,42,173,0.11410595233169919,-1.3269127348523373,0.18023172582419228,2471.347711336716,310.13534803773604,0.7597272214400632,0.624771401260658
10_130,0.5,42,174,0.11310899043216277,-1.6677822887094014,0.14730317337668147,2641.215784598213,322.7644776066457,0.8391529432376625,0.624771401260658
10_130,0.5,42,175,0.1121275330683672,-1.6194661238300487,0.18536046602697948,2698.917899620264,308.77307504925164,0.8274997041568618,0.624771401260658
10_130,0.5,42,176,0.11116133911712744,-1.040570280652301,0.1931967509428554,2189.656532766246,328.4564377637065,0.7109906754891218,0.624771401260658
10_130,0.5,42,177,0.1102101712051541,-1.8920641056172716,0.179036491616126,2778.345180865407,327.48449954939844,0.8917006701919028,0.624771401260658
10_130,0.5,42,178,0.10927379565073586,-1.193492748773163,0.20300726045229736,2641.9541527294346,266.81240545126457,0.721141164314209,0.624771401260658
10_130,0.5,42,179,0.10835198240632873,-1.5068174003445354,0.16646268481005927,2786.484474529887,281.7835645303524,0.7976498482154555,0.624771401260658
10_130,0.5,42,180,0.1074445050020384,-1.5969677687303347,0.21775796616971982,2652.998619247357,313.923227150362,0.8241272162222695,0.624771401260658
10_130,0.5,42,181,0.10655114048998136,-1.7124560368540434,0.1512545718855534,2687.0933262397443,320.6624584419971,0.8489539560313988,0.624771401260658
10_130,0.5,42,182,0.10567166938951125,-0.6633231663947504,0.19577946309482994,2264.018398459388,270.92744577643134,0.6125035722494094,0.6125035722494094
10_130,0.5,42,183,0.10480587563329734,-1359.1850700068167,0.17883530791090319,142648.94584235048,140289.79739293523,340.09194673423633,0.6125035722494094
10_130,0.5,42,184,0.10395354651424124,-1.294714626395645,0.19294137821333807,2606.7189902215723,286.34919552527884,0.7514883003864962,0.6125035722494094
10_130,0.5,42,185,0.10311447263321932,-0.8130433895114428,0.17495507892638576,2297.395794010399,281.71987375109785,0.6456730552680098,0.6125035722494094
10_130,0.5,42,186,0.10228844784763778,-1.6139826193219986,0.14710144356118,2647.3298091996953,315.37182983938175,0.8254285479178045,0.6125035722494094
10_130,0.5,42,187,0.10147526922078795,-1.4434629954525988,0.18168752199730837,2686.895067074912,289.562612470779,0.7831704906899504,0.6125035722494094
10_130,0.5,42,188,0.10067473697198882,-1.4274174722560236,0.20511135769614058,2745.1935424730186,277.44586015505854,0.7756640118515908,0.6125035722494094
10_130,0.5,42,189,0.09988665442750533,-1.1032120821059983,0.23243512843763367,2348.001806676061,307.85419600796627,0.7166126643140845,0.6125035722494094
10_130,0.5,42,190,0.09911082797222981,-1.5206949813380395,0.1936883783136077,2645.5876970557974,305.49640694997214,0.804018403127697,0.6125035722494094
10_130,0.5,42,191,0.09834706700211487,-1.1803733162420236,0.1922817856501815,2627.8776228495994,269.1533430945007,0.7217179715748543,0.6125035722494094
10_130,0.5,42,192,0.09759518387734595,-1.5212497273671173,0.1684650804008783,2700.4089984466214,296.03617952092344,0.8010463180536067,0.6125035722494094
10_130,0.5,42,193,0.09685499387624241,-1.748285491859057,0.15522491916332784,2885.632198543369,291.36831113136907,0.848686211557544,0.6125035722494094
10_130,0.5,42,194,0.09612631514987509,-1.5796942282134891,0.1767057840010457,2855.5321156151517,278.3109659190267,0.8117478528556092,0.6125035722494094
10_130,0.5,42,195,0.09540896867739013,-1.4645547274342687,0.2234896547252659,2716.251598486991,286.5643105624159,0.7859483256461521,0.6125035722494094
10_130,0.5,42,196,0.0947027782220271,-1.3444007255358614,0.1928797498412442,2249.4548408693568,352.3021508288312,0.7799477039594291,0.6125035722494094
10_130,0.5,42,197,0.09400757028782174,-1.2205553851470445,0.13687183972737932,2247.588324388376,340.04708095390697,0.7534701350959911,0.6125035722494094
10_130,0.5,42,198,0.09332317407698135,-1.2381122103254827,0.12172222781829292,2449.407854071773,305.3305112053571,0.7427619387931981,0.6125035722494094
10_130,0.5,42,199,0.09264942144792357,-1.3969445758075822,0.19144570463968053,2407.1430286575805,329.00326642412534,0.7796669998606927,0.6125035722494094
10_130,0.5,42,200,0.09198614687396757,-1.315465107060263,0.20228455698405953,2500.731039901193,305.75850333487944,0.7596001629768931,0.6125035722494094
10_130,0.5,42,201,0.0913331874026676,-1.3004940198220272,0.14680098632977662,2455.2800595998374,311.551894308013,0.7577323911673342,0.6125035722494094
10_130,0.5,42,202,0.09069038261577916,-0.835352388519888,0.1436320868600931,2473.3064734474438,252.79073397279217,0.6391515287963448,0.6125035722494094
10_130,0.5,42,203,0.09005757458984752,-1.228721251275639,0.19285792188831075,2427.2968469501843,307.29044059103387,0.7400391990307371,0.6125035722494094
10_130,0.5,42,204,0.08943460785740934,-0.8776396130006345,0.18700064838078972,2466.371026165152,262.224274333084,0.6569338327520293,0.6125035722494094
10_130,0.5,42,205,0.08882132936879764,-1.3114616571401507,0.17371500680734242,2670.8718175041367,276.8784116548664,0.7513909671635317,0.6125035722494094
10_130,0.5,42,206,0.08821758845454078,-1.6056778556628069,0.12556142775534776,2651.604008917482,314.80726362659425,0.82556244103662,0.6125035722494094
10_130,0.5,42,207,0.08762323678834613,-1.2277064462621006,0.18201912782143495,2509.6214166309983,293.3437794556019,0.7361247834916382,0.6125035722494094
10_130,0.5,42,208,0.08703812835065944,-1.5124514658766663,0.15608979982727497,2815.6111193447455,275.3781795959319,0.7931562764905178,0.6125035722494094
10_130,0.5,42,209,0.08646211939279098,-1.5909930625734476,0.16289292780251433,2451.7258422861787,346.7178962283117,0.8309436903167278,0.6125035722494094
10_130,0.5,42,210,0.08589506840159955,-1.223734389882797,0.1388547921376197,2603.728323131134,277.87467779788375,0.7326510001660431,0.6125035722494094
10_130,0.5,42,211,0.08533683606472567,-1.0861408621544015,0.17500686577764918,2453.2161862170256,287.7851784920315,0.7068665043478304,0.6125035722494094
10_130,0.5,42,212,0.08478728523636561,-0.8645936901237239,0.1357819010125773,2408.3191264270686,268.77074945588913,0.6527454456058952,0.6125035722494094
10_130,0.5,42,213,0.08424628090357741,-1.1449183813871429,0.204563631547715,2418.4902492192755,300.57153208266635,0.7231063387014702,0.6125035722494094
10_130,0.5,42,214,0.08371369015311121,-0.8076607200294121,0.17699884714280664,2309.702990256165,280.317335237995,0.6465300186001328,0.6125035722494094
10_130,0.5,42,215,0.08318938213875532,-1.2670068978413713,0.1433576525264494,2530.0098218359262,297.1214816688416,0.7504378055361298,0.6125035722494094
10_130,0.5,42,216,0.08267322804918986,-1.2699783493856833,0.15988546427059355,2288.367854402912,336.76636456378077,0.7591975339096615,0.6125035722494094
10_130,0.5,42,217,0.08216510107634088,-1.1845483158656775,0.19288838330746286,2565.190333052843,280.76481987335853,0.726794125351407,0.6125035722494094
10_130,0.5,42,218,0.08166487638422609,-1.520976656166313,0.1455965198553873,2459.818698241431,336.4355484290813,0.8117269680023234,0.6125035722494094
10_130,0.5,42,219,0.08117243107828538,-1.1219999459499004,0.13508288359002613,2494.2402276488415,285.6993473753646,0.7151949116603414,0.6125035722494094
10_130,0.5,42,220,0.08068764417518824,-1.3016783007256767,0.15881658549455152,2501.9845257685624,303.0829913138944,0.7543352795750647,0.6125035722494094
10_130,0.5,42,221,0.08021039657311081,-1.1449183813871429,0.14007867312504274,2418.4902492192755,300.57153208266635,0.7231063387014702,0.6125035722494094
10_130,0.5,42,222,0.07974057102247495,-1.0509319159435866,0.10619004876591295,2339.9160445001653,303.3622442626977,0.7046097223405812,0.6125035722494094
10_130,0.5,42,223,0.0792780520971426,-1.0917248344947916,0.17649358020558759,2372.536154050135,301.3847305443747,0.7105579519783825,0.6125035722494094
10_130,0.5,42,224,0.07882272616605801,-1.4539216151997112,0.1396179332916018,2448.7491632331858,332.38040994492246,0.7997207835182487,0.6125035722494094
10_130,0.5,42,225,0.0783744813653311,-1.282659948263104,0.15307538236089918,2269.1323996034725,342.8309536956293,0.7660417304204605,0.6125035722494094
10_130,0.5,42,226,0.07793320757075473,-1.1449183813871429,0.1387828790241723,2418.4902492192755,300.57153208266635,0.7231063387014702,0.6125035722494094
10_130,0.5,42,227,0.07749879637074959,-1.306557986028188,0.11992178865537872,2518.705222495014,301.59098274052405,0.7563733827188743,0.6125035722494094
10_130,0.5,42,228,0.07707114103972987,-0.9625815286823036,0.1590334908491903,2292.380196327498,301.7618263835001,0.6864696779728129,0.6125035722494094
10_130,0.5,42,229,0.0766501365118829,-1.0397002449828492,0.13464204132904828,2342.7043127860134,300.9356053994487,0.7003472591458514,0.6125035722494094
10_130,0.5,42,230,0.07623567935535681,-1.0637696002444772,0.14259566445267033,2160.926792851617,334.7542023661096,0.7153800408517013,0.6125035722494094
10_130,0.5,42,231,0.07582766774684957,-1.2085714179333542,0.13967011170119656,2445.9208866144754,303.0240862624128,0.7368053121237373,0.6125035722494094
10_130,0.5,42,232,0.07542600144659303,-1.1288180255380897,0.15083986547202793,2374.0387953305744,303.5889029864838,0.7156824402153974,0.6125035722494094
10_130,0.5,42,233,0.07503058177372629,-1.6211987837918553,0.13949309234639823,2422.667177921519,355.05476027834754,0.8395400756662847,0.6125035722494094
10_130,0.5,42,234,0.0746413115820518,-2.3061783794906683,0.15430796706844968,2750.7146953764404,380.59704693097484,0.9953628966689101,0.6125035722494094
10_130,0.5,42,235,0.07425809523616868,-1.9117454656727393,0.14809105923096572,2626.9626194144253,354.67707932776483,0.9021673878477356,0.6125035722494094
10_130,0.5,42,236,0.0738808385879771,-1.7209584805087719,0.1282968241058125,2372.013183844412,377.630937033108,0.8715232898888039,0.6125035722494094
10_130,0.5,42,237,0.0735094489535481,-1.4539216151997112,0.1547355552377297,2448.7491632331858,332.38040994492246,0.7997207835182487,0.6125035722494094
10_130,0.5,42,238,0.07314383509035316,-1.4722189947042823,0.15681274861432734,2456.818755702007,333.48689930181735,0.8045643591636222,0.6125035722494094
10_130,0.5,42,239,0.07278390717484776,-1.4597482406785147,0.1484932164926971,2430.399530501599,336.1724804015117,0.8020375797480894,0.6125035722494094
10_130,0.5,42,240,0.07242957678040378,-1.4539216151997112,0.13911092793220484,2448.7491632331858,332.38040994492246,0.7997207835182487,0.6125035722494094
10_130,0.5,42,241,0.07208075685558483,-1.5246046511984794,0.13099675438910047,2586.260067080988,316.55204746491705,0.8089629710893693,0.6125035722494094
10_130,0.5,42,242,0.0717373617027597,-1.7040360342549399,0.16165768001217592,2597.917429589364,335.88608410520544,0.8534398644725321,0.6125035722494094
10_130,0.5,42,243,0.07139930695704806,-0.8897251865740762,0.15724120373865852,2227.5689009408943,303.19818767841286,0.6693837975739612,0.6125035722494094
10_130,0.5,42,244,0.0710665095655941,-1.4539216151997112,0.11182163922786792,2448.7491632331858,332.38040994492246,0.7997207835182487,0.6125035722494094
10_130,0.5,42,245,0.07073888776716195,-1.5822283696673798,0.12980183215854954,2332.3485372115733,368.6339396153803,0.8401960735337672,0.6125035722494094
10_130,0.5,42,246,0.07041636107204882,-1.5500212535874853,0.17024772785630896,2135.0409554099106,397.28907721373605,0.8394956931151922,0.6125035722494094
10_130,0.5,42,247,0.07009885024231037,-1.603224849677058,0.1379397806663485,2537.0392928097453,333.80154278344145,0.8301345042254975,0.6125035722494094
10_130,0.5,42,248,0.0697862772722936,-1.6553464707222387,0.1222844962588399,2486.819624566379,348.51461933438213,0.8456358209282924,0.6125035722494094
10_130,0.5,42,249,0.0694785653694726,-1.6593541905867832,0.14440643736736344,2256.286838391043,390.7368288367362,0.8632910485771379,0.6125035722494094
10_130,0.5,42,250,0.06917563893558212,-1.4986004808005224,0.1474902768252815,2517.473312485452,325.5754440113268,0.8066762142041658,0.6125035722494094
10_130,0.5,42,251,0.06887742354804487,-1.2754522056931614,0.1481104273838091,2533.0807774070126,296.97834353169856,0.7510887252592583,0.6125035722494094
10_130,0.5,42,252,0.06858384594168729,-1.0662625997157325,0.16751711305112194,2329.6098633182355,308.37871663189594,0.7120111578523822,0.6125035722494094
10_130,0.5,42,253,0.06829483399074003,-1.5178003690067763,0.15018197549162088,2497.503857559093,332.38040994492246,0.8148571386366816,0.6125035722494094
10_130,0.5,42,254,0.06801031669111803,-1.3191768633612482,0.16452298049681596,2580.7334080253063,294.28975587910423,0.7602012622252996,0.6125035722494094
10_130,0.5,42,255,0.06773022414297643,-1.4001653725980951,0.14711086964279133,2450.9495785968156,324.83736377727627,0.7844635410496629,0.6125035722494094
10_130,0.5,42,256,0.06745448753353762,-1.585168904650505,0.12497653336387375,2509.796045009028,338.30771477784566,0.8311992725476138,0.6125035722494094
10_130,0.5,42,257,0.06718303912018544,-1.3246816874244458,0.11829169587531767,2590.0658836227535,293.33334084078143,0.761077468241099,0.6125035722494094
10_130,0.5,42,258,0.0669158122138222,-1.7111757792641076,0.12287987190947121,2620.2090619257056,332.49817303829576,0.8532009912010144,0.6125035722494094
10_130,0.5,42,259,0.06665274116248465,-2.3567975293368937,0.14704499439006663,2883.9693428947276,362.78933873262724,0.9991008264783146,0.6125035722494094
10_130,0.5,42,260,0.06639376133521471,-1.441009036387181,0.10768144238884973,2637.7840751560166,298.9661850650092,0.7877956691181465,0.6125035722494094
10_130,0.5,42,261,0.06613880910618089,-1.0942671674447886,0.1254424789988613,2714.77275708356,245.95063933203983,0.6996621499344964,0.6125035722494094
10_130,0.5,42,262,0.06588782183904693,-1454.2776349703927,0.1092750164582951,152046.23683060956,150176.96014669279,363.9035233951025,0.6125035722494094
10_130,0.5,42,263,0.06564073787158327,-1.5186328047400575,0.13627101119951007,2526.4731050082123,325.2598446841511,0.8088033428080972,0.6125035722494094
10_130,0.5,42,264,0.06539749650051803,-1.739319455407495,0.11226446263169872,2389.569352488211,376.730182342568,0.8750702435701947,0.6125035722494094
10_130,0.5,42,265,0.06515803796662348,-1.7044184931818425,0.13995582116506927,2329.2248958532086,383.674886298902,0.8710116696804482,0.6125035722494094
10_130,0.5,42,266,0.06492230344003448,-1.3897165971240284,0.14683228898202447,2493.499380267411,317.86828484785025,0.7829460857758848,0.6125035722494094
10_130,0.5,42,267,0.06469023500579518,-1.8221389352412136,0.12437077355390118,2355.871816284407,391.3748746658682,0.8955564988100095,0.6125035722494094
10_130,0.5,42,268,0.06446177564963067,-1.7044184931818425,0.12915096043916857,2329.2248958532086,383.674886298902,0.8710116696804482,0.6125035722494094
10_130,0.5,42,269,0.06423686924393959,-1.807947872907263,0.12977909201884236,2361.726122699152,390.33934325659055,0.89518568127847,0.6125035722494094
10_130,0.5,42,270,0.064015460534005,-1.7044184931818425,0.11593454266182364,2329.2248958532086,383.674886298902,0.8710116696804482,0.6125035722494094
10_130,0.5,42,271,0.0637974951244193,-1.7044184931818425,0.15832219673143927,2329.2248958532086,383.674886298902,0.8710116696804482,0.6125035722494094
10_130,0.5,42,272,0.06358291946572056,-1.9961433960074033,0.14753634707481716,2460.5204632567993,392.20095614132833,0.9297913802353233,0.6125035722494094
10_130,0.5,42,273,0.06337168084123639,-1455.220668974731,0.14555566645126766,152162.2495901519,150266.05646301247,364.1278239129939,0.6125035722494094
10_130,0.5,42,274,0.06316372735413278,-1.7848935587522727,0.1583128369226548,2351.873281022648,389.3946691774216,0.8901304360730558,0.6125035722494094
10_130,0.5,42,275,0.06295900791466405,-1.7830913441872795,0.10748613513768354,2456.0032334979596,368.8750962338246,0.8790954668473918,0.6125035722494094
10_130,0.5,42,276,0.06275747222762111,-1454.8550733106467,0.12011475289825516,151995.18455439396,150251.00666873055,364.04415293814924,0.6125035722494094
10_130,0.5,42,277,0.06255907077997513,-1455.3051036235563,0.14851019464306486,152328.0636798921,150248.6525785282,364.1425236116147,0.6125035722494094
10_130,0.5,42,278,0.062363754828713217,-1454.9846995480018,0.1493351767401269,152105.92649494426,150249.26402319572,364.07485116415467,0.6125035722494094
10_130,0.5,42,279,0.06217147638886324,-1455.1369139379974,0.1329844500669588,152204.00137159828,150249.05754530538,364.1048630949869,0.6125035722494094
10_130,0.5,42,280,0.06198218822170495,-1455.0275479908184,0.12234837300615435,152190.44790561078,150240.57520428934,364.0827299415255,0.6125035722494094
10_130,0.5,42,281,0.06179584382316449,-1455.2620199840378,0.12489529618848771,152219.5472512173,150260.70231125562,364.13429782328024,0.6125035722494094
10_130,0.5,42,282,0.06161239741238927,-1454.7000138598657,0.1381059596838498,152127.40656262086,150212.27670711928,364.0033562127089,0.6125035722494094
10_130,0.5,42,283,0.06143180392050065,-1455.2682733724148,0.1514849194403074,152344.83030436045,150241.55029008177,364.1327200198583,0.6125035722494094
10_130,0.5,42,284,0.06125401897952138,-1454.9361755061313,0.15788410808388492,152030.27976537865,150254.3579064944,364.06213059863427,0.6125035722494094
10_130,0.5,42,285,0.06107899891147547,-1455.1040667930024,0.13106564012670135,152219.41030841434,150244.46559205442,364.0999429754048,0.6125035722494094
10_130,0.5,42,286,0.060906700717657275,-1454.9757924269695,0.13900171461792105,152123.90067753807,150245.09650260137,364.0716243838966,0.6125035722494094
10_130,0.5,42,287,0.060737082068067785,-1.3930792509868917,0.14716588465841107,2316.6734873802284,348.1638540998015,0.7920710899009412,0.6125035722494094
10_130,0.5,42,288,0.06057010129101494,-1455.9805942130604,0.14691401374348884,152198.60331528532,150348.84724927647,364.31406833691284,0.6125035722494094
10_130,0.5,42,289,0.06040571736287584,-1454.9855792983494,0.16978605313398182,152071.78897694577,150253.13264958982,364.0724282445987,0.6125035722494094
10_130,0.5,42,290,0.06024388989801807,-1454.7587872215915,0.12870957158973187,152088.79951226717,150225.96713283547,364.0203016539807,0.6125035722494094
10_130,0.5,42,291,0.06008457913887785,-1455.1374320316108,0.18179985588678335,152224.11565081382,150246.11595325923,364.1048914279141,0.6125035722494094
10_130,0.5,42,292,0.05992774594619241,-1455.1374320316108,0.1637144033935315,152224.11565081382,150246.11595325923,364.1048914279141,0.6125035722494094
10_130,0.5,42,293,0.05977335178938433,-2.5694705525856993,0.156681314620509,2518.0407367465814,452.3756800466278,1.0748136455703734,0.6125035722494094
10_130,0.5,42,294,0.059621358737095426,-1.7103818722273514,0.16029249130026,2507.6150978281235,353.31681277960564,0.8622402326060141,0.6125035722494094
10_130,0.5,42,295,0.05947172944786773,-1455.142891983099,0.1344499394070008,152206.9293651557,150248.87266350494,364.1053814157861,0.6125035722494094
10_130,0.5,42,296,0.059324427160969605,-1.475214301088179,0.1337218596924588,2351.8558499942765,350.98803195010345,0.808961995283406,0.6125035722494094
10_130,0.5,42,297,0.05917941568736433,-1455.1169643589112,0.14121687254446832,152176.27396130614,150251.51172949004,364.10144117640584,0.6125035722494094
10_130,0.5,42,298,0.05903665940081926,-1.8893835964718955,0.1293943938820039,2421.465686535126,388.861857551115,0.9106100883601043,0.6125035722494094
10_130,0.5,42,299,0.058896123229153184,-1454.9681427149785,0.10895871712395988,151995.95688660737,150263.43644568988,364.0706600078469,0.6125035722494094
10_130,0.5,42,300,0.05875777264561992,-1455.0115503023417,0.19535300214083895,152285.81434691747,150221.296943115,364.07159746618504,0.6125035722494094
10_130,0.5,42,301,0.05862157366042571,-1.5939295891891352,0.16420489964065818,2399.515442268524,357.49810754958565,0.837515817308645,0.6125035722494094
10_130,0.5,42,302,0.058487492812378764,-1455.1374320316108,0.1284329465887914,152224.11565081382,150246.11595325923,364.1048914279141,0.6125035722494094
10_130,0.5,42,303,0.05835549716066848,-2.085866013546315,0.13965040312742233,2425.9055179538723,411.2297292969552,0.9592574991555156,0.6125035722494094
10_130,0.5,42,304,0.05822555427677263,-2.5670576708659003,0.16674795716955348,2635.8459446736297,431.71323890606385,1.06772237152737,0.6125035722494094
10_130,0.5,42,305,0.05809763223649032,-1.4913872277658364,0.1725434300977347,2378.024618245052,349.67369095813234,0.8143087983813917,0.6125035722494094
10_130,0.5,42,306,0.057971699612098956,-1454.903700538885,0.18428385444004586,152073.90067753807,150245.09650260137,364.0561014118755,0.6125035722494094
10_130,0.5,42,307,0.05784772546463305,-1.7627834682614778,0.20620136232238084,2396.1550154871315,378.6771606764703,0.8812292870767306,0.6125035722494094
10_130,0.5,42,308,0.05772567933628324,-1455.3647596920337,0.17129839624576035,152284.98325689163,150261.86926125956,364.1570791122505,0.6125035722494094
10_130,0.5,42,309,0.05760553124291343,-1455.2146443657082,0.16738996175869553,152250.775177547,150249.440862378,364.1201945114384,0.6125035722494094
10_130,0.5,42,310,0.05748725166669427,-1455.0711319547918,0.1539808539357105,152167.80535792516,150247.13667367536,364.08956640870935,0.6125035722494094
10_130,0.5,42,311,0.05737081154885137,-1454.3811379587478,0.14817427245619957,151874.96766244012,150216.6124309276,363.9341466642771,0.6125035722494094
10_130,0.5,42,312,0.057256182282526054,-1455.1463391526427,0.13368331779751774,152206.14146822,150250.28347385357,364.108118208172,0.6125035722494094
10_130,0.5,42,313,0.057143335705747374,-1455.1893092439277,0.18197352850336368,152116.98391360856,150270.40089019,364.1229516400842,0.6125035722494094
10_130,0.5,42,314,0.05703224409451321,-1.6646365815576434,0.21299222615483054,2474.6292545879505,353.1930954856256,0.8517380199462266,0.6125035722494094
10_130,0.5,42,315,0.056922880155979176,-1455.1374320316108,0.22859466838199402,152224.11565081382,150246.11595325923,364.1048914279141,0.6125035722494094
10_130,0.5,42,316,0.05681521702175326,-1455.114632183104,0.16560631939270917,152195.56933367948,150249.07509437556,364.1022823748783,0.6125035722494094
10_130,0.5,42,317,0.05670922824129488,-2.269872017626951,0.20706195230438507,2601.5641515739626,401.6279760374177,0.9935014244180989,0.6125035722494094
10_130,0.5,42,318,0.05660488777541653,-1.8184598054769472,0.23369271028819522,2539.6247922195053,360.76487541288964,0.8879176021498287,0.6125035722494094
10_130,0.5,42,319,0.056502169989886525,-1454.7259767479075,0.19494422568693173,152235.37842785992,150194.76052841378,363.9998609403216,0.6125035722494094
10_130,0.5,42,320,0.056401049649131195,-1455.5343730571733,0.21929664533840748,152461.40365748908,150252.34781687032,364.1917292484073,0.6125035722494094
10_130,0.7,42,1,1.0,-2.9238922199441415,,2861.0537729985845,398.50884737688705,1.073474480031578,1.073474480031578
10_130,0.7,42,2,0.9852258055592246,-1.9774145457620245,0.29202309700475176,2568.0848255791066,328.78289517433876,0.8577282720989653,0.8577282720989653
10_130,0.7,42,3,0.9706813761935793,-3.0353044030081135,0.3146016193364766,2813.651764354576,439.31293294926274,1.1046091882527629,0.8577282720989653
10_130,0.7,42,4,0.9563631386463322,-2.3322622679808838,0.3031243225716584,2753.402433245551,321.05789347461916,0.9284803727776738,0.8577282720989653
10_130,0.7,42,5,0.9422675752312664,-2.022350278650309,0.311850110609268,2608.776413482224,318.83092163179765,0.8627959583327306,0.8577282720989653
10_130,0.7,42,6,0.9283912229684601,-1.2831966584481138,0.28645235716911543,2062.8263938582077,391.0498656704911,0.7170727248752946,0.7170727248752946
10_130,0.7,42,7,0.9147306727335057,-2.039379389073846,0.28957288004887716,2731.628289649269,273.1024408527779,0.8582111207009113,0.7170727248752946
10_130,0.7,42,8,0.9012825684199611,-2.5030710982360724,0.2739940500796876,2565.430307199342,429.94747125557075,0.9848464488259276,0.7170727248752946
10_130,0.7,42,9,0.888043606114825,-2.85859659530127,0.3133276155086846,2724.67189360142,438.119783583456,1.0644218334935904,0.7170727248752946
10_130,0.7,42,10,0.8750105332868364,-2.5514876080654445,0.29974965202919157,2787.445070002204,353.31122868222315,0.9841724926022458,0.7170727248752946
10_130,0.7,42,11,0.8621801479873967,-3.324716117321768,0.2555267572819414,3107.656534078903,377.60364758989846,1.1541518829474133,0.7170727248752946
10_130,0.7,42,12,0.8495492980639193,-2.03277386213791,0.29721839838928155,2354.215011135378,423.26741641878476,0.8845731564318154,0.7170727248752946
10_130,0.7,42,13,0.837114880385412,-2.7714616179389893,0.29483779412869604,2804.0286059375553,391.2361924443417,1.0394674921030114,0.7170727248752946
10_130,0.7,42,14,0.8248738400801048,-1.7623345753477864,0.276580727922742,2555.784514976994,292.42062192020114,0.806276365820845,0.7170727248752946
10_130,0.7,42,15,0.8128231697849323,-2.106735423796122,0.2838598299674868,2415.485473834792,416.33296112341924,0.9024113828339104,0.7170727248752946
10_130,0.7,42,16,0.8009599089066888,-2.4936872904642318,0.2800840390764351,2659.754026234678,393.73430386951327,0.9799270130138954,0.7170727248752946
10_130,0.7,42,17,0.7892811428946735,-3.1586743653317075,0.2648202215926826,2807.1292647900714,465.61694605100536,1.135126484909938,0.7170727248752946
10_130,0.7,42,18,0.7777840025246476,-1161.5698050756,0.28563233439738833,173104.39989763492,170371.57491802733,290.58647831832116,0.7170727248752946
10_130,0.7,42,19,0.7664656631939266,-2.8603530888722997,0.33405985106834585,2652.288996873779,469.775331909907,1.0730988513448305,0.7170727248752946
10_130,0.7,42,20,0.7553233442274359,-2.2982739155716114,0.2565252607680912,2738.474483475147,322.7598798101189,0.9241500796450919,0.7170727248752946
10_130,0.7,42,21,0.7443543081945577,-1.9591576513703508,0.2670036523965654,2367.8463865328004,403.4936044242928,0.8654256736406132,0.7170727248752946
10_130,0.7,42,22,0.7335558602366034,-3.2151758993323205,0.24274684035468752,2640.598465266593,543.3602346300981,1.1613198518971926,0.7170727248752946
10_130,0.7,42,23,0.7229253474047432,-2.0934160168824825,0.2544202772341303,2398.370712958317,418.4081464160195,0.8976038058895399,0.7170727248752946
10_130,0.7,42,24,0.7124601580082336,-2.7107038411657065,0.2777801924026547,3095.7193884704643,262.8396858559936,1.0034481542739146,0.7170727248752946
10_130,0.7,42,25,0.7021577209727804,-1.8817241374352467,0.27971463128518204,2362.8128524775575,389.3031181218884,0.8452450100889639,0.7170727248752946
10_130,0.7,42,26,0.6920155052088806,-1.3602220664499187,0.2486247672120961,2485.2946319576326,241.2713704067677,0.7107835606272884,0.7107835606272884
10_130,0.7,42,27,0.6820310189899872,-2.553279224510105,0.2460078724345589,2768.1328029677456,363.15843672508635,0.9882643454117714,0.7107835606272884
10_130,0.7,42,28,0.6722018093403456,-2.0433388408505704,0.24369424641834986,2723.823527250018,275.6693959200549,0.858073612486839,0.7107835606272884
10_130,0.7,42,29,0.6625254614323491,-2.4834472343873495,0.2512631685553207,2779.798518914005,341.7855407024172,0.9662349384082025,0.7107835606272884
10_130,0.7,42,30,0.6529995979932678,-2.1095619444519897,0.2333235055922896,2631.107620318275,330.6098382532485,0.8874371805949861,0.7107835606272884
10_130,0.7,42,31,0.6436218787212026,-2.5683974031813377,0.2293624692579371,2779.31345334124,358.89384484397397,0.9877166364508554,0.7107835606272884
10_130,0.7,42,32,0.634389999710123,-3.3661860685034233,0.2559030042200968,3009.8757260814427,423.54954397828334,1.1699093631034077,0.7107835606272884
10_130,0.7,42,33,0.6253016928838472,-1.559023817973521,0.2793265359500701,2372.3170217216616,323.24437004569825,0.7656165336201358,0.7107835606272884
10_130,0.7,42,34,0.6163547254388225,-2.1574861639392404,0.26092846518855606,2279.0190553771126,475.964552336,0.9187072449866905,0.7107835606272884
10_130,0.7,42,35,0.607546899295575,-2.231878798049209,0.22800355217439022,2442.504733371759,428.7285524128469,0.9298721500029881,0.7107835606272884
10_130,0.7,42,36,0.5988760505586863,-2.0247132967544923,0.22062210972241356,2664.498995241115,300.9138574705467,0.8642974021694658,0.7107835606272884
10_130,0.7,42,37,0.5903400489851716,-2.6900959744117774,0.23947766508515317,3000.8892404104763,297.3281482863157,1.0059606290263445,0.7107835606272884
10_130,0.7,42,38,0.581936797461124,-0.8760991766664078,0.24791649354778475,1910.029271245799,372.9348979402432,0.6276915612230749,0.6276915612230749
10_130,0.7,42,39,0.5736642314864987,-1.1393768042574994,0.24468415781778274,2198.142717791057,315.3420345049856,0.6798930624970598,0.6276915612230749
10_130,0.7,42,40,0.5655203186679085,-2.255587275062488,0.20883110483145942,2508.2943620195065,407.7763258482023,0.9319007236842328,0.6276915612230749
10_130,0.7,42,41,0.5575030582193081,-2.308443457528792,0.22770323608027124,2444.0584279955906,444.0598759168046,0.9499868530993631,0.6276915612230749
10_130,0.7,42,42,0.5496104804704447,-0.8964232482873353,0.243411244308451,2221.987160426683,254.04603324447694,0.612536428514215,0.612536428514215
10_130,0.7,42,43,0.5418406463829504,-2.197492009905992,0.24937584598634377,2624.921221613241,348.93866768794044,0.9079884017830737,0.612536428514215
10_130,0.7,42,44,0.5341916470739625,-2.6244955979319853,0.2286663410822932,2734.511251517992,390.7940690332002,1.0086916537875152,0.612536428514215
10_130,0.7,42,45,0.5266616033471518,-1.6011472096658532,0.23236721496342883,2406.44882453744,316.7112888119307,0.7721680491109453,0.612536428514215
10_130,0.7,42,46,0.519248665231044,-2.5236619802036255,0.25910414365936724,2783.1966184885573,350.64671916407764,0.9789474586755171,0.612536428514215
10_130,0.7,42,47,0.5119510115245198,-1022.6051441478627,0.23258999803793104,152042.5152944031,150251.80933339475,255.9211524543718,0.612536428514215
10_130,0.7,42,48,0.504766849349387,-1.7896263021386378,0.2589613527980382,2175.9115394916666,446.0278304475165,0.8359339011502204,0.612536428514215
10_130,0.7,42,49,0.49769441370990625,-1.953207092534798,0.24725403261050888,2377.926977765387,401.20050958840415,0.8668995973682885,0.612536428514215
10_130,0.7,42,50,0.4907319670591703,-2.650705304772621,0.24181779120647823,2695.86553291272,412.9657820650502,1.0200072482123126,0.612536428514215
10_130,0.7,42,51,0.4838777988722253,-2.793493784928148,0.22386082823207265,2731.732540746869,428.059847752587,1.054735168333465,0.612536428514215
10_130,0.7,42,52,0.47713022522583176,-1.736617558902315,0.2109688811133997,2402.2726982419185,345.5938163547002,0.8069746165575703,0.612536428514215
10_130,0.7,42,53,0.47048758838475946,-2.384876584413216,0.19644268050537256,2457.111633508277,452.8766111695622,0.9668395477604703,0.612536428514215
10_130,0.7,42,54,0.4639482563945182,-2.0795090067225424,0.21275598983100794,2248.4370424465633,475.6841380454594,0.9050594283275182,0.612536428514215
10_130,0.7,42,55,0.4575106226804207,-2.043010440834114,0.19057688410200285,2654.543795544696,305.3124584496755,0.8655476622153452,0.612536428514215
10_130,0.7,42,56,0.45117310565288166,-1.6106360052342923,0.20865216050530577,2365.0988433150555,338.51281602154216,0.7818388758458006,0.612536428514215
10_130,0.7,42,57,0.44493414831885486,-1159.9666641004972,0.23054334416847944,171986.8534565296,170502.7979529651,290.26712900185345,0.612536428514215
10_130,0.7,42,58,0.438792217899313,-1.6493650959714228,0.21684046086153944,2510.6937347460657,285.80244404313225,0.7782864244306532,0.612536428514215
10_130,0.7,42,59,0.43274580545267627,-3.8595214559504094,0.2099584692768645,3141.640416334755,469.8269367400048,1.285857558851562,0.612536428514215
10_130,0.7,42,60,0.4267934255040983,-1.9472402573442453,0.2547375529317915,2567.944155421564,325.8243971387646,0.8539158938007143,0.612536428514215
10_130,0.7,42,61,0.42093361568051574,-1.9604309358196468,0.17965866978911987,2533.722795262402,339.68706050162166,0.8566190197279622,0.612536428514215
10_130,0.7,42,62,0.4151649363513749,-1.614953300499686,0.18365467679111822,2316.4278086142544,357.8814303867389,0.7852428367897273,0.612536428514215
10_130,0.7,42,63,0.40948597027494477,-2.982279142981142,0.22642646378951287,2956.692167578562,370.9726279354908,1.0801284226965695,0.612536428514215
10_130,0.7,42,64,0.4038953222501312,-1.9652388213886745,0.25995555553504246,2472.935358747794,366.7574929064233,0.8645222134273237,0.612536428514215
10_130,0.7,42,65,0.3983916187737056,-1.4192945131051111,0.2843620246084851,2481.625121470534,252.865151325471,0.7238890040769477,0.612536428514215
10_130,0.7,42,66,0.3929735077028642,-1.3824960083107227,0.239167319358813,2097.139911537037,397.0130389260481,0.7395478870162715,0.612536428514215
10_130,0.7,42,67,0.38763965792303584,-2.963060199284376,0.24030818238837037,3105.198717006912,308.70916626082527,1.0657286332964422,0.612536428514215
10_130,0.7,42,68,0.38238875902085495,-1.6556858472421287,0.23535117034821487,2274.915524522106,380.7462613040609,0.7961913389921741,0.612536428514215
10_130,0.7,42,69,0.37721952096222106,-2.2698646040399586,0.2363890526720227,2422.18696034337,443.7309069236564,0.9400634507690542,0.612536428514215
10_130,0.7,42,70,0.372130673775365,-1.2459945881883794,0.23299132591827704,2313.056443271084,287.1507644085991,0.6940943234295359,0.612536428514215
10_130,0.7,42,71,0.3671209672388437,-2.0671211095806044,0.20696363183674987,2595.4418212119235,333.5142860490819,0.8756179867446252,0.612536428514215
10_130,0.7,42,72,0.3621891705743874,-2.4735232024640954,0.20035450518463765,2669.1929828109805,384.11932658812515,0.971838250519062,0.612536428514215
10_130,0.7,42,73,0.35733407214452373,-2.6244470890894793,0.2311085091560599,2969.1036540408804,294.62683726458727,0.9887201036468777,0.612536428514215
10_130,0.7,42,74,0.35255447915490423,-2.331794195853633,0.22882657410247492,2693.735159109278,346.85692541929166,0.9352583612099852,0.612536428514215
10_130,0.7,42,75,0.3478492173612599,-2.260771200007215,0.1963752342076802,2618.3833487909765,365.76649458725865,0.9264836562044246,0.612536428514215
10_130,0.7,42,76,0.3432171307809146,-1.3172535602755138,0.21573443272286844,2187.4229959223667,350.2522597551766,0.7194983389435332,0.612536428514215
10_130,0.7,42,77,0.3386570814087846,-2.173146197555857,0.22288170051608258,2388.5185149205595,441.88700684906553,0.9230917104044194,0.612536428514215
10_130,0.7,42,78,0.3341679489377949,-1.9094287122367484,0.18261064571639893,2681.5207381914893,269.986346108815,0.8324811511449249,0.612536428514215
10_130,0.7,42,79,0.32974863048364406,-2.4393242050621984,0.212210838414983,2960.973397914355,263.1243224542859,0.9452426293933042,0.612536428514215
10_130,0.7,42,80,0.3253980403138483,-0.6639737166414841,0.19900295677321517,1778.3219963218917,383.44497331193645,0.5837721710067599,0.5837721710067599
10_130,0.7,42,81,0.32111510958100054,-1.59300421856514,0.1558584977180794,2378.0509933004814,327.7423676011654,0.7738120157390108,0.5837721710067599
10_130,0.7,42,82,0.3168987860601775,-1.6047478492209664,0.26730590885300487,2520.1714881255234,273.90652044195474,0.7673223915818473,0.5837721710067599
10_130,0.7,42,83,0.31274803389043004,-2.2900151744998842,0.1975796340484251,2708.201672842048,334.425076077031,0.925783130464602,0.5837721710067599
10_130,0.7,42,84,0.30866183332029457,-2.2498871668011393,0.1984093305121982,2480.0044254984764,416.7864030283265,0.9310290506178378,0.5837721710067599
10_130,0.7,42,85,0.3046391804572615,-3.0063114321837294,0.21662567035351996,3035.8593812843237,346.4282089644146,1.0834167412215803,0.5837721710067599
10_130,0.7,42,86,0.3006790870211401,-2.459299923567325,0.26837760065079086,2786.7232509395108,337.4770377188838,0.9637817461853613,0.5837721710067599
10_130,0.7,42,87,0.29678058010125963,-2.0603876331598694,0.18974976952168326,2499.8919261994142,371.2905513898703,0.881986408495644,0.5837721710067599
10_130,0.7,42,88,0.2929427019174456,-2.3853991413382065,0.1931039695744489,2748.2950722394216,338.8254651031,0.9487889417663551,0.5837721710067599
10_130,0.7,42,89,0.28916450958471324,-2.277594256846676,0.2048536023148889,2721.8449474080367,325.45914603791647,0.920344707773989,0.5837721710067599
10_130,0.7,42,90,0.28544507488162135,-1.668876869116418,0.18462703046696038,2423.331662880649,326.00670785869727,0.7912922163388683,0.5837721710067599
10_130,0.7,42,91,0.28178348402222775,-2.556195061850748,0.25449342825621113,2746.8966431526414,371.3160699143698,0.9893776894798463,0.5837721710067599
10_130,0.7,42,92,0.27817883743159105,-2.0876671972310605,0.23433769752949832,2494.2431904106234,380.67176393308364,0.8914261620038926,0.5837721710067599
10_130,0.7,42,93,0.27463024952476534,-2.507012360027445,0.18344705338701278,2826.633828719776,330.9215042697703,0.9728164986570347,0.5837721710067599
10_130,0.7,42,94,0.27113684848922975,-1.9227608384497064,0.23502382127852997,2693.0260376484075,268.0664148112229,0.8350474685299797,0.5837721710067599
10_130,0.7,42,95,0.2676977760707032,-2.242538423092474,0.1667770719173436,2767.2909268513313,303.30336958577016,0.9120050074302849,0.5837721710067599
10_130,0.7,42,96,0.2643121873622896,-2.7251995445415416,0.18235707466645948,3039.7285544427,291.60373102418305,1.015583580382315,0.5837721710067599
10_130,0.7,42,97,0.2609792505969018,-2.300526378771728,0.19297429397011362,2867.0574452151895,273.08804894221595,0.9170562362278676,0.5837721710067599
10_130,0.7,42,98,0.25769814694291476,-2.0634212157575162,0.19265929574102522,2498.747299108046,369.76113964408376,0.8795496816205215,0.5837721710067599
10_130,0.7,42,99,0.25446807030299534,-1.9736268217635238,0.21125109162178948,2691.9465273981923,277.2466184043582,0.8462183349878046,0.5837721710067599
10_130,0.7,42,100,0.2512882271160621,-1.6721773753906404,0.2131402855852933,2360.8360078276255,349.1294328833914,0.7934474363433996,0.5837721710067599
10_130,0.7,42,101,0.2481578361623234,-2.004976745251508,0.16739225206264363,2609.7119592010727,317.0142515227698,0.8608991343060604,0.5837721710067599
10_130,0.7,42,102,0.2450761283713493,-1.8036238916358998,0.18190666609212391,2567.6958069144166,292.76445038452215,0.8118894864542532,0.5837721710067599
10_130,0.7,42,103,0.24204234663312607,-2.089306594148728,0.19896056002619195,2738.0198961663546,281.27098905394774,0.8713465257188239,0.5837721710067599
10_130,0.7,42,104,0.23905574561205173,-2.122714481158718,0.2447504067708885,2737.1382969679566,289.8475143879835,0.8818379771093304,0.5837721710067599
10_130,0.7,42,105,0.23611559156382206,-2.60380408791837,0.17225588037096645,2812.5153849479484,354.803401195769,0.9969611398029457,0.5837721710067599
10_130,0.7,42,106,0.2332211621551653,-1.8708504936645995,0.20637579518218266,2568.0169903368956,306.02029054368313,0.8288368712271624,0.5837721710067599
10_130,0.7,42,107,0.23037174628638085,-2.485506875829369,0.2275644448575469,2963.9680578028688,269.6987552787455,0.9548803109535813,0.5837721710067599
10_130,0.7,42,108,0.2275666439166364,-1.663276468772702,0.20567202823342473,2277.931203673084,380.3061320787976,0.7969440202313138,0.5837721710067599
10_130,0.7,42,109,0.2248051658919834,-1.9582507660252437,0.1922775363994762,2621.261580490166,303.1835514596013,0.848382418837803,0.5837721710067599
10_130,0.7,42,110,0.22208663377604637,-2.7509750798441575,0.1834595328812383,2725.367374519251,416.39023507715643,1.0371720696025744,0.5837721710067599
10_130,0.7,42,111,0.21941037968334542,-3.028241197036732,0.18628931536773094,2990.437840763773,366.5396660383067,1.0891749625370815,0.5837721710067599
10_130,0.7,42,112,0.21677574611521144,-955.7205468696822,0.18018271605368463,142531.2218823917,140298.78842154442,239.16716885587033,0.5837721710067599
10_130,0.7,42,113,0.21418208579825188,-1.6264208620411698,0.1977754825387576,2516.185211306833,278.62579767749276,0.7715736059433888,0.5837721710067599
10_130,0.7,42,114,0.21162876152533033,-1.7052005193967925,0.2145938737965339,2606.33107730579,260.23014738592036,0.787430071965905,0.5837721710067599
10_130,0.7,42,115,0.20911514599901782,-2.327902079369907,0.2134534624130658,2643.820384084744,366.90687315382985,0.9389856376658299,0.5837721710067599
10_130,0.7,42,116,0.20664062167747893,-2.1405035512179875,0.15409329823405274,2791.933546875425,272.320935329401,0.8834314792718531,0.5837721710067599
10_130,0.7,42,117,0.20420458062275576,-3.592266469657791,0.18645658074084442,3234.650965946955,384.36575189576547,1.217923182907778,0.5837721710067599
10_130,0.7,42,118,0.2018064243514096,-1.5851664210277918,0.19144186454183595,2556.7827007671153,256.032981588873,0.7605723965245039,0.5837721710067599
10_130,0.7,42,119,0.1994455636874869,-1.9142058414048813,0.22938021048674484,2619.3018692830174,295.8774050012397,0.8382667920783168,0.5837721710067599
10_130,0.7,42,120,0.19712141861777083,-2.304310419213171,0.19101728843251592,2696.1890294038753,343.0048466574294,0.9314406638031165,0.5837721710067599
10_130,0.7,42,121,0.19483341814928484,-1.8255329826095892,0.17448374359584093,2609.13281922551,282.5971900377429,0.8170081927641091,0.5837721710067599
10_130,0.7,42,122,0.19258100016901147,-1022.3366862298147,0.20017502372197357,152022.38592914972,150207.77241303874,255.8565666094605,0.5837721710067599
10_130,0.7,42,123,0.19036361130579338,-955.3894217405231,0.2653047149864152,142454.05547803972,140267.00328399238,239.09332693568902,0.5837721710067599
10_130,0.7,42,124,0.18818070679438154,-2.419226913866039,0.22740281425473746,2839.930756586686,307.17766429288406,0.9484898409422693,0.5837721710067599
10_130,0.7,42,125,0.1860317503415984,-2.2038981873474714,0.19851393034367074,2899.7490312378013,242.61274195808357,0.8926241501747065,0.5837721710067599
10_130,0.7,42,126,0.1839162139945818,-2.494553352474335,0.15932444080187305,2830.964060399864,326.727805522458,0.9693811908540835,0.5837721710067599
10_130,0.7,42,127,0.18183357801107813,-956.5255059621369,0.15535322832763537,142960.98730215622,140287.09232745992,239.33913338070286,0.5837721710067599
10_130,0.7,42,128,0.17978333073175307,-2.4140185341850238,0.2010462036659108,2750.869050760076,341.2638884819862,0.9529995107278978,0.5837721710067599
10_130,0.7,42,129,0.17776496845448742,-2.4450755213985667,0.20954523939430603,2777.0454564784127,338.9021723566912,0.9613823624557708,0.5837721710067599
10_130,0.7,42,130,0.17577799531062827,-1.7569420395095428,0.21223077474593222,2451.206515825749,329.8493803148941,0.8082801608146837,0.5837721710067599
10_130,0.7,42,131,0.1738219231431649,-956.7908961506384,0.23551424491720557,142925.96835227916,140352.52504546434,239.40687825403148,0.5837721710067599
10_130,0.7,42,132,0.17189627138679878,-1.2029723658562497,0.1430525688298009,2363.013892376875,257.7419479010167,0.6785189876267232,0.5837721710067599
10_130,0.7,42,133,0.1700005669498786,-955.5417113959498,0.20833600833123184,142428.65137810138,140303.89287344515,239.12905948793676,0.5837721710067599
10_130,0.7,42,134,0.16813434409817252,-1.7690911158977634,0.18421925825149912,2673.069241080208,246.41324791843797,0.7989181806316072,0.5837721710067599
10_130,0.7,42,135,0.16629714434044632,-2.8736274226036693,0.2565984072217472,3027.662680770666,320.9980496006502,1.047609849715676,0.5837721710067599
10_130,0.7,42,136,0.16448851631582245,-2.129092495502439,0.19182415653805726,2499.8410439026825,387.1146193388801,0.9020284700000736,0.5837721710067599
10_130,0.7,42,137,0.16270801568288995,-1.0060276611305368,0.25907436057006855,2047.2272330589292,343.41967666288974,0.649899806215231,0.5837721710067599
10_130,0.7,42,138,0.16095520501053945,-2.384852095284554,0.2118187931130307,2923.437128038563,268.589711192633,0.9358576013024806,0.5837721710067599
10_130,0.7,42,139,0.1592296536704954,-1.3880067203047246,0.1766073304949466,2421.7152543777843,269.2582989359549,0.7186353302495372,0.5837721710067599
10_130,0.7,42,140,0.15753093773152022,-2.112609636750435,0.1824171872827661,2618.165548794275,334.0391447021902,0.8861601969880436,0.5837721710067599
10_130,0.7,42,141,0.15585863985526294,-2.7264316925426315,0.18003258490397683,2938.97933979789,327.9418961603691,1.0178687094082088,0.5837721710067599
10_130,0.7,42,142,0.15421234919372853,-2.0826469839064927,0.14288127234587464,2805.2499427079692,254.3911203287231,0.8664851945868365,0.5837721710067599
10_130,0.7,42,143,0.152591661288341,-1.9432702547454257,0.19991421411859922,2649.7993977216547,289.24679919321943,0.8431150382705958,0.5837721710067599
10_130,0.7,42,144,0.15099617797057668,-955.5645130122566,0.19031503199096295,142404.61017733088,140319.61300547243,239.13854253437108,0.5837721710067599
10_130,0.7,42,145,0.14942550726414244,-1.718273263094944,0.1523624766345343,2503.0743061260464,303.55718781947786,0.7974868751555306,0.5837721710067599
10_130,0.7,42,146,0.14787926328867598,-2.1523974537400195,0.19644485889372043,2818.44385217367,264.25856199835016,0.8847312918007568,0.5837721710067599
10_130,0.7,42,147,0.1463570661649425,-1.9166183733823798,0.25215146885573353,2683.5112471677953,271.288610374355,0.8349975224752888,0.5837721710067599
10_130,0.7,42,148,0.1448585419215072,-2.0228556107464337,0.17175336153086632,2689.0641376490344,289.9118644354888,0.8610244627148156,0.5837721710067599
10_130,0.7,42,149,0.14338332240285795,-2.164207658266527,0.17899153626746017,2714.132316505519,307.6502748980787,0.8944116504190147,0.5837721710067599
10_130,0.7,42,150,0.1419310451789575,-1.6745853252288736,0.18472408791031375,2524.294879239542,286.141958380905,0.7846285579041509,0.5837721710067599
10_130,0.7,42,151,0.14050135345620207,-1.6241190070392788,0.15459420645221159,2413.130111438956,322.412782634456,0.782301252318085,0.5837721710067599
10_130,0.7,42,152,0.13909389598976496,-1.904136845499349,0.17624963510679564,2519.586455513429,334.4442682668595,0.8438271405045311,0.5837721710067599
10_130,0.7,42,153,0.13770832699730284,-2.0614356532011255,0.15961893339793753,2803.0909075526047,251.53898759736762,0.8619304138585466,0.5837721710067599
10_130,0.7,42,154,0.13634430607400466,-1.8225069908652147,0.20184966182323422,2431.9941136542566,352.6531264804683,0.8288437028200235,0.5837721710067599
10_130,0.7,42,155,0.13500149810896128,-956.9158797913768,0.19859426000639316,143007.999118281,140344.16457820404,239.43193168904418,0.5837721710067599
10_130,0.7,42,156,0.13367957320283602,-1.9585349281283613,0.18333210811224762,2681.469470186804,280.35452454507623,0.8456052325903556,0.5837721710067599
10_130,0.7,42,157,0.13237820658681518,-1.3024318225851297,0.19299559639122948,2253.2697727275668,321.15630427689416,0.7112258847759763,0.5837721710067599
10_130,0.7,42,158,0.13109707854281938,-2.554303665568643,0.1982816547103262,2880.364353138222,317.40802857239726,0.9790356522445436,0.5837721710067599
10_130,0.7,42,159,0.12983587432495577,-2.1547220074938322,0.1777200477516066,2735.1041919218937,295.5691599498814,0.8882086457883667,0.5837721710067599
10_130,0.7,42,160,0.12859428408219134,-1.7334798454184543,0.2104513378477245,2546.047617605198,289.5003030973236,0.7983414619128788,0.5837721710067599
10_130,0.7,42,161,0.1273720027822294,-1.455836933350914,0.18157133059773156,2393.1887878215307,296.6734454205335,0.7409976170128769,0.5837721710067599
10_130,0.7,42,162,0.12616873013656954,-1.6560445059853774,0.201952334209704,2422.130127588914,320.88620012431284,0.7842774131508663,0.5837721710067599
10_130,0.7,42,163,0.12498417052673307,-955.096434619256,0.19810699906058443,142146.36317445047,140329.9938892101,239.03945970082682,0.5837721710067599
10_130,0.7,42,164,0.12381803293163596,-2.50733436325314,0.18853783350206701,2840.6174435359776,327.29829293262543,0.974300319672661,0.5837721710067599
10_130,0.7,42,165,0.12267003085609117,-2.9833853820963987,0.1715020375722771,2830.673401092161,419.57557568471185,1.0869814824460013,0.5837721710067599
10_130,0.7,42,166,0.1215398822604227,-2.0946515926925304,0.20326070302859547,2617.7946296091113,330.36876746267865,0.8813451130171122,0.5837721710067599
10_130,0.7,42,167,0.1204273094911746,-1.9199976826234884,0.21295977325328738,2645.1079645586,285.45721329822817,0.8362709212141374,0.5837721710067599
10_130,0.7,42,168,0.11933203921289748,-1.9460522194320835,0.15267401890471483,2550.687107767936,327.55716889596897,0.8486123085455098,0.5837721710067599
10_130,0.7,42,169,0.11825380234099556,-1.6432111344813953,0.18701212246444857,2518.3120551654765,281.27729486155897,0.7758599984643284,0.5837721710067599
10_130,0.7,42,170,0.11719233397561858,-2.2833428413094206,0.22310268122844795,2628.175243202574,362.943485370754,0.9271601931974263,0.5837721710067599
10_130,0.7,42,171,0.11614737333658141,-1.7636703465465526,0.17659348442837913,2574.1545377162033,284.00415620677,0.8035890871949034,0.5837721710067599
10_130,0.7,42,172,0.11511866369929591,-1.4329008636755527,0.18350083321826136,2397.991652977025,288.24145068404243,0.7323937753006828,0.5837721710067599
10_130,0.7,42,173,0.11410595233169919,-1.4335529682467378,0.17155850618495738,2335.1192939335738,312.3012099295042,0.7355733789835861,0.5837721710067599
10_130,0.7,42,174,0.11310899043216277,-955.2655581300816,0.1542253448509136,142305.73575573132,140299.0935029695,239.0695496694423,0.5837721710067599
10_130,0.7,42,175,0.1121275330683672,-1.7426606865427043,0.18816469475017983,2543.2571687709356,293.68198559345996,0.8024307898410001,0.5837721710067599
10_130,0.7,42,176,0.11116133911712744,-1.030046647750679,0.18550119991371675,2113.127638548235,323.9750209958617,0.6538880576008301,0.5837721710067599
10_130,0.7,42,177,0.1102101712051541,-2.0408273931978003,0.19017634465949754,2610.1827497013555,325.09782186336713,0.8713533488577153,0.5837721710067599
10_130,0.7,42,178,0.10927379565073586,-955.4016508340831,0.2126300118657743,142492.04943831367,140251.16551950836,239.08975920907903,0.5837721710067599
10_130,0.7,42,179,0.10835198240632873,-2.3860053701811363,0.19186125188587896,2885.208509521134,284.30547284620803,0.9391686414228771,0.5837721710067599
10_130,0.7,42,180,0.1074445050020384,-2.251376775184429,0.24017859910058564,2749.5750671325777,310.873838813819,0.9139039296484902,0.5837721710067599
10_130,0.7,42,181,0.10655114048998136,-1.8499676505453337,0.15964100098386722,2456.887224380031,347.69889815175947,0.8333815950127805,0.5837721710067599
10_130,0.7,42,182,0.10567166938951125,-1.0680247727482297,0.20468683467067658,2264.018398459388,270.92744577643134,0.6522098615774905,0.5837721710067599
10_130,0.7,42,183,0.10480587563329734,-956.0174447782513,0.19568999193838385,142698.94584235048,140289.79739293523,239.2286687340821,0.5837721710067599
10_130,0.7,42,184,0.10395354651424124,-1.6322558631473085,0.205276640879085,2508.047582347128,285.40745635245077,0.7766354663450924,0.5837721710067599
10_130,0.7,42,185,0.10311447263321932,-1.330286728135833,0.1736525024386356,2409.548577027196,265.329993801815,0.7083662595153004,0.5837721710067599
10_130,0.7,42,186,0.10228844784763778,-2.237576610861841,0.14171693672235963,2626.139775314909,355.1400981392633,0.9163811612951158,0.5837721710067599
10_130,0.7,42,187,0.10147526922078795,-1.9239040566044405,0.18488837916461218,2565.108458740945,319.18328269607315,0.8442627553510866,0.5837721710067599
10_130,0.7,42,188,0.10067473697198882,-1.9620694606681879,0.22149602463004497,2678.0588490534647,282.9303582170991,0.8473888657253122,0.5837721710067599
10_130,0.7,42,189,0.09988665442750533,-1.3595784621971876,0.2366100008430608,2322.6495252705636,305.0410488006947,0.7209479342893803,0.5837721710067599
10_130,0.7,42,190,0.09911082797222981,-1.8451691068923468,0.1867880623205469,2512.1179375047172,324.91558165440864,0.828499071398999,0.5837721710067599
10_130,0.7,42,191,0.09834706700211487,-1.7911714998859984,0.2014314182166173,2664.6426715015637,253.67852502692298,0.8044676604801086,0.5837721710067599
10_130,0.7,42,192,0.09759518387734595,-1.9094279788180408,0.1832463958202035,2642.5185349310086,285.80233450248977,0.8355830407173209,0.5837721710067599
10_130,0.7,42,193,0.09685499387624241,-2.4295902975328483,0.15717758040577293,2922.3972471953334,275.8934930637914,0.9446664775388799,0.5837721710067599
10_130,0.7,42,194,0.09612631514987509,-2.4199069244048697,0.16491579786779814,2924.3415974565087,274.20552251778076,0.9433713085825596,0.5837721710067599
10_130,0.7,42,195,0.09540896867739013,-1.9262003772434741,0.2156297517339258,2659.475036893428,282.2284845343376,0.8384215948691338,0.5837721710067599
10_130,0.7,42,196,0.0947027782220271,-955.2887812950331,0.20412017474373143,142228.83572768603,140335.34401971448,239.08208955158926,0.5837721710067599
10_130,0.7,42,197,0.09400757028782174,-1.596013161682253,0.16121835944060997,2365.15250055564,335.941637552661,0.7786020637061013,0.5837721710067599
10_130,0.7,42,198,0.09332317407698135,-1.6160021020071356,0.12160053008687004,2509.48016456322,281.1595846277599,0.7718720260600491,0.5837721710067599
10_130,0.7,42,199,0.09264942144792357,-1.5491167962637378,0.19882209038750664,2419.428722236554,301.6943366276151,0.7587688814423815,0.5837721710067599
10_130,0.7,42,200,0.09198614687396757,-1.6002895596819178,0.20239307459453465,2491.5059819693997,285.3271052221152,0.7693438904787447,0.5837721710067599
10_130,0.7,42,201,0.0913331874026676,-1.6951460107207077,0.17271826014254435,2538.043663103171,283.96752114214917,0.7878472889527279,0.5837721710067599
10_130,0.7,42,202,0.09069038261577916,-955.1955668389962,0.14339444704268592,142438.65860690517,140231.61608827361,239.0417654830346,0.5837721710067599
10_130,0.7,42,203,0.09005757458984752,-1.6131831124267189,0.1997954555302322,2495.5721974231146,286.1402545125027,0.772142278664945,0.5837721710067599
10_130,0.7,42,204,0.08943460785740934,-1.4312459481220858,0.18949207372743807,2466.371026165152,262.224274333084,0.7291258447316439,0.5837721710067599
10_130,0.7,42,205,0.08882132936879764,-1.5967804876878353,0.16849474053642582,2545.1580741030252,262.6355843235047,0.7638916224802241,0.5837721710067599
10_130,0.7,42,206,0.08821758845454078,-1.8535414202948033,0.1514864174309138,2593.6242566597816,294.37586551383015,0.8252023101774206,0.5837721710067599
10_130,0.7,42,207,0.08762323678834613,-1.6774474522361518,0.1831906723298868,2551.8566376490357,273.93183200069564,0.7811262207601604,0.5837721710067599
10_130,0.7,42,208,0.08703812835065944,-2.203486118020309,0.16228149882455506,2857.846340362783,255.96623214102544,0.8913430300633426,0.5837721710067599
10_130,0.7,42,209,0.08646211939279098,-1.8219018936578988,0.1905625296048576,2493.9610633042157,327.3059487734053,0.8236381827639487,0.5837721710067599
10_130,0.7,42,210,0.08589506840159955,-1.6511749679864276,0.1596427764500214,2509.0875833906357,287.0045181390961,0.7791124953021249,0.5837721710067599
10_130,0.7,42,211,0.08533683606472567,-1.497351166284393,0.18932613452571384,2503.917272394035,258.7079764086473,0.7409865648566363,0.5837721710067599
10_130,0.7,42,212,0.08478728523636561,-1.4365046903906027,0.16953482156773156,2426.1129161042254,277.1962222792859,0.7306116591699019,0.5837721710067599
10_130,0.7,42,213,0.08424628090357741,-1.5221631045113047,0.22095050925655654,2418.5157174183214,296.29856039680055,0.7515304585042732,0.5837721710067599
10_130,0.7,42,214,0.08371369015311121,-1.1948070155920654,0.1643727377306988,2351.9382112742023,260.90538778308866,0.6777161115991388,0.5837721710067599
10_130,0.7,42,215,0.08318938213875532,-1.7392895666846542,0.14675516238780162,2530.0098218359262,297.1214816688416,0.8010340403166357,0.5837721710067599
10_130,0.7,42,216,0.08267322804918986,-1.4905901115154254,0.15851492874169384,2446.42212695803,280.6937126344612,0.7438735738916671,0.5837721710067599
10_130,0.7,42,217,0.08216510107634088,-1.7295652073431151,0.20513633890915517,2565.190333052843,280.76481987335853,0.7955855296667713,0.5837721710067599
10_130,0.7,42,218,0.08166487638422609,-1.631219058651026,0.15801378815635367,2371.017717817045,338.5049021237902,0.7844014400461966,0.5837721710067599
10_130,0.7,42,219,0.08117243107828538,-1.2318175964870997,0.15104014271236324,2348.1253650279127,269.560288521759,0.6870328926870332,0.5837721710067599
10_130,0.7,42,220,0.08068764417518824,-1.5913469759576362,0.16790356232368045,2416.3368287926055,312.00082821646237,0.7704931596325894,0.5837721710067599
10_130,0.7,42,221,0.08021039657311081,-1.3486066367291483,0.13893734071827488,2286.0199125989016,317.43276987419125,0.7207392436566362,0.5837721710067599
10_130,0.7,42,222,0.07974057102247495,-1.1981536258508378,0.1405687474923007,2207.4457078797914,320.2234820542226,0.6901259909370586,0.5837721710067599
10_130,0.7,42,223,0.0792780520971426,-1.4686309219973335,0.1715125414810867,2382.061303772429,301.1473054055216,0.7418337765121441,0.5837721710067599
10_130,0.7,42,224,0.07882272616605801,-1.6129120086348852,0.14443016814974835,2281.370426395937,371.94219022252713,0.7878337684512523,0.5837721710067599
10_130,0.7,42,225,0.0783744813653311,-1.4415074496564957,0.14828000339502953,2269.1323996034725,342.8309536956293,0.7456029084269347,0.5837721710067599
10_130,0.7,42,226,0.07793320757075473,-1.3486066367291483,0.14685504997449658,2286.0199125989016,317.43276987419125,0.7207392436566362,0.5837721710067599
10_130,0.7,42,227,0.07749879637074959,-1.5611509899945009,0.12946573110079684,2386.2348858746395,318.45222053204895,0.7655896176872601,0.5837721710067599
10_130,0.7,42,228,0.07707114103972987,-1.2864702875606262,0.18501209344795386,2299.9582778408917,300.09355682292687,0.7048121493714987,0.5837721710067599
10_130,0.7,42,229,0.0766501365118829,-1.3486066367291483,0.1473262357903858,2286.0199125989016,317.43276987419125,0.7207392436566362,0.5837721710067599
10_130,0.7,42,230,0.07623567935535681,-1.2086560014173062,0.1714011566262163,2156.709656372,341.105700026723,0.6945515848286757,0.5837721710067599
10_130,0.7,42,231,0.07582766774684957,-1.4188499797326175,0.13865675892152843,2313.4505499941015,319.8853240539377,0.7357715079789321,0.5837721710067599
10_130,0.7,42,232,0.07542600144659303,-1.2148570352469168,0.16110139576483049,2235.649672359531,308.6125680766699,0.6876625575717926,0.5837721710067599
10_130,0.7,42,233,0.07503058177372629,-1022.7514009164097,0.14253056321683283,152117.5300518399,150253.14202823493,255.95544690448588,0.5837721710067599
10_130,0.7,42,234,0.0746413115820518,-1.6653292854651265,0.18947801663813807,2274.238392645728,382.38364383867815,0.7979731525938776,0.5837721710067599
10_130,0.7,42,235,0.07425809523616868,-1.4340838318538192,0.16025030912945004,2313.2272213019046,322.4315441021957,0.7389029274645419,0.5837721710067599
10_130,0.7,42,236,0.0738808385879771,-1.2403487098164454,0.15795309709197985,2283.3578119453196,297.8811530099459,0.6947916450453436,0.5837721710067599
10_130,0.7,42,237,0.0735094489535481,-1022.4217579668119,0.16492630788605075,152086.6324264112,150200.1508086126,255.87482707617735,0.5837721710067599
10_130,0.7,42,238,0.07314383509035316,-1.5550404110796525,0.1843874842075707,2426.5598416880966,301.67802143956123,0.7618476872442623,0.5837721710067599
10_130,0.7,42,239,0.07278390717484776,-1022.3963102324539,0.1700890162072536,152060.70471216622,150205.61114862977,255.8704812265039,0.5837721710067599
10_130,0.7,42,240,0.07242957678040378,-1022.4217579668119,0.1689240343771678,152086.6324264112,150200.1508086126,255.87482707617735,0.5837721710067599
10_130,0.7,42,241,0.07208075685558483,-1.2301103640218645,0.16720357289292104,2233.6332236147123,314.17179065059736,0.6938349556995955,0.5837721710067599
10_130,0.7,42,242,0.0717373617027597,-1022.5314764937857,0.19401152207350342,152135.58571949165,150202.63703211502,255.89925670792078,0.5837721710067599
10_130,0.7,42,243,0.07139930695704806,-1022.2486919660308,0.1428463640346799,151972.38490376697,150211.75824300927,255.83988784870934,0.5837721710067599
10_130,0.7,42,244,0.0710665095655941,-1022.4217579668119,0.13039308323922932,152086.6324264112,150200.1508086126,255.87482707617735,0.5837721710067599
10_130,0.7,42,245,0.07073888776716195,-1022.4803980305827,0.1855871058986208,152098.11471838356,150208.0745539256,255.88986471449766,0.5837721710067599
10_130,0.7,42,246,0.07041636107204882,-1022.1042036630901,0.20507144565710447,151892.4484859679,150213.76499952743,255.80768850024685,0.5837721710067599
10_130,0.7,42,247,0.07009885024231037,-1.5551346960455066,0.15767536499283355,2326.783731035438,341.78456433178377,0.7693338958483632,0.5837721710067599
10_130,0.7,42,248,0.0697862772722936,-1.6059621626114242,0.13610380362494162,2372.7836978275063,333.41355318741205,0.7787134192448523,0.5837721710067599
10_130,0.7,42,249,0.0694785653694726,-1022.6838433848419,0.1769942116866196,152096.5594835915,150248.73110076814,255.94073933977575,0.5837721710067599
10_130,0.7,42,250,0.06917563893558212,-1022.5280406811179,0.15981843338659144,152155.35657566346,150193.34584267903,255.89606918332527,0.5837721710067599
10_130,0.7,42,251,0.06887742354804487,-1.2847655327428296,0.19005123213113911,2363.621975959352,274.1359737681099,0.6995701441306448,0.5837721710067599
10_130,0.7,42,252,0.06858384594168729,-1022.3728281879572,0.19513017048893072,152058.33557063516,150202.22354301627,255.8651561699252,0.5837721710067599
10_130,0.7,42,253,0.06829483399074003,-1022.4217579668119,0.16103698603406913,152086.6324264112,150200.1508086126,255.87482707617735,0.5837721710067599
10_130,0.7,42,254,0.06801031669111803,-1.227409120166797,0.21267367517947972,2282.846739971846,295.29100055797835,0.6912853190615029,0.5837721710067599
10_130,0.7,42,255,0.06773022414297643,-1022.3836808920947,0.1799788991627979,152080.74567185147,150193.56417748326,255.86391689840713,0.5837721710067599
10_130,0.7,42,256,0.06745448753353762,-1022.4759910102377,0.16621620261686643,152098.92461386113,150206.07811344555,255.8876853370338,0.5837721710067599
10_130,0.7,42,257,0.06718303912018544,-1.2754024522633094,0.16334960220996014,2286.024100327429,303.23440144693535,0.7027381975401765,0.5837721710067599
10_130,0.7,42,258,0.0669158122138222,-1.5711756799856416,0.16481518920426502,2298.460510707981,356.1197041694855,0.7751996862889414,0.5837721710067599
10_130,0.7,42,259,0.06665274116248465,-1.9026916255927393,0.20846148147112592,2556.5090515554652,316.4303096557621,0.837034440452366,0.5837721710067599
10_130,0.7,42,260,0.06639376133521471,-1.4404111391435868,0.12368953694455787,2336.5460027317044,316.8873909669377,0.7420085510784277,0.5837721710067599
10_130,0.7,42,261,0.06613880910618089,-1.125499339615921,0.1604379750790482,2377.9518434336583,237.53766979358673,0.6593935882094982,0.5837721710067599
10_130,0.7,42,262,0.06588782183904693,-1022.3900378353334,0.12215114173189127,152114.9984756962,150183.15580730516,255.86560732126503,0.5837721710067599
10_130,0.7,42,263,0.06564073787158327,-1.3801723310955785,0.18227990625052842,2355.5570325349,293.9385609353637,0.7211735243911009,0.5837721710067599
10_130,0.7,42,264,0.06539749650051803,-1022.3731553450109,0.1440340335593488,152096.37136600498,150186.53402997684,255.86179460254527,0.5837721710067599
10_130,0.7,42,265,0.06515803796662348,-1022.4217579668119,0.18609160255334276,152086.6324264112,150200.1508086126,255.87482707617735,0.5837721710067599
10_130,0.7,42,266,0.06492230344003448,-1.4822381987621371,0.21508453801632643,2458.653047627121,274.5908604196448,0.7414515297692791,0.5837721710067599
10_130,0.7,42,267,0.06469023500579518,-1022.7073011865086,0.1836855007360368,152094.45313829105,150252.2387157804,255.94427132265997,0.5837721710067599
10_130,0.7,42,268,0.06446177564963067,-1022.5047162579857,0.13709890230832222,152115.08164798457,150204.4682485151,255.8926666489708,0.5837721710067599
10_130,0.7,42,269,0.06423686924393959,-1022.4346057373583,0.18501095069403145,152069.2385915746,150208.2323806969,255.87751401881394,0.5837721710067599
10_130,0.7,42,270,0.064015460534005,-1022.5047162579857,0.17070696140316735,152115.08164798457,150204.4682485151,255.8926666489708,0.5837721710067599
10_130,0.7,42,271,0.0637974951244193,-1022.5047162579857,0.22644570844062734,152115.08164798457,150204.4682485151,255.8926666489708,0.5837721710067599
10_130,0.7,42,272,0.06358291946572056,-1022.9487814199322,0.22661045149796047,152313.44612268233,150210.15269192724,255.98609203036648,0.5837721710067599
10_130,0.7,42,273,0.06337168084123639,-1.7189735156802775,0.2105152240085145,2311.8766628915746,379.48549957378674,0.8106576602269977,0.5837721710067599
10_130,0.7,42,274,0.06316372735413278,-1022.5787017932837,0.2566561069760227,152137.730033154,150210.18803139363,255.9097630327953,0.5837721710067599
10_130,0.7,42,275,0.06295900791466405,-1.6406632337168825,0.13884322540164562,2322.9842442466165,359.30908286678743,0.7899027435529204,0.5837721710067599
10_130,0.7,42,276,0.06275747222762111,-1022.5070433448317,0.18289377398442067,152085.80882558625,150214.44045521106,255.89258770639657,0.5837721710067599
10_130,0.7,42,277,0.06255907077997513,-1.9114251529697301,0.18980372012642865,2475.1843355913647,352.73921135520357,0.8477251913981004,0.5837721710067599
10_130,0.7,42,278,0.062363754828713217,-1022.7181006475171,0.17758237027070964,152199.5690966805,150212.14872666638,255.93912703206792,0.5837721710067599
10_130,0.7,42,279,0.06217147638886324,-1023.075965542437,0.19505425049902314,152374.1812864027,150212.67888814842,256.0156932557979,0.5837721710067599
10_130,0.7,42,280,0.06198218822170495,-1022.8644691835588,0.18323102175887493,152289.30516993048,150206.0672390517,255.97041916607833,0.5837721710067599
10_130,0.7,42,281,0.06179584382316449,-1023.3445953584037,0.13993670373727773,152358.41901328982,150271.82660166326,256.08383882167766,0.5837721710067599
10_130,0.7,42,282,0.06161239741238927,-1022.6327959143539,0.1915871355574396,152224.1454180552,150185.80529928248,255.91640673113005,0.5837721710067599
10_130,0.7,42,283,0.06143180392050065,-2.2265976081336523,0.1909880800528521,2541.141571730924,389.0284740010481,0.9224061423519181,0.5837721710067599
10_130,0.7,42,284,0.06125401897952138,-1022.7296875847254,0.2064791948433899,152150.43793785447,150232.7311320377,255.94387003333833,0.5837721710067599
10_130,0.7,42,285,0.06107899891147547,-1022.9380670431196,0.1840283100443496,152317.9207070448,150208.91585828635,255.98646863096855,0.5837721710067599
10_130,0.7,42,286,0.060906700717657275,-1022.7338131898421,0.19346876644870128,152217.5432792743,150207.981206072,255.94165516764917,0.5837721710067599
10_130,0.7,42,287,0.060737082068067785,-1.567746468476012,0.22349122966441146,2413.77425337177,308.23495001536236,0.764604396398547,0.5837721710067599
10_130,0.7,42,288,0.06057010129101494,-1023.3639092048821,0.259673898002181,152378.04572191255,150268.10242294622,256.08764735322734,0.5837721710067599
10_130,0.7,42,289,0.06040571736287584,-1023.0123291648057,0.21710422157793108,152229.5003826963,150258.99048293114,256.0115296159355,0.5837721710067599
10_130,0.7,42,290,0.06024388989801807,-1022.5913298494926,0.13815960527595678,152183.3603167701,150193.36326016285,255.90826290399036,0.5837721710067599
10_130,0.7,42,291,0.06008457913887785,-1022.9701367956766,0.20328923361685813,152324.6707719344,150211.54495240207,255.9927360691078,0.5837721710067599
10_130,0.7,42,292,0.05992774594619241,-1022.9701367956766,0.15904312910787793,152324.6707719344,150211.54495240207,255.9927360691078,0.5837721710067599
10_130,0.7,42,293,0.05977335178938433,-2.4201100200748327,0.23754567271883875,2567.5484196885927,416.07460529710704,0.9681769276548955,0.5837721710067599
10_130,0.7,42,294,0.059621358737095426,-1.7939208941635305,0.18761226355670443,2505.883919723261,317.7855096566722,0.8167489004522066,0.5837721710067599
10_130,0.7,42,295,0.05947172944786773,-1022.9531387037589,0.21386557588201888,152307.48448627628,150214.30166264778,255.98876154612836,0.5837721710067599
10_130,0.7,42,296,0.059324427160969605,-1.6903808365761461,0.17532862939349503,2452.4109711148617,316.41703109292746,0.7917720793326715,0.5837721710067599
10_130,0.7,42,297,0.05917941568736433,-1022.9141552422585,0.16790784220123411,152296.15223562383,150211.54495240207,255.98034068075327,0.5837721710067599
10_130,0.7,42,298,0.05903665940081926,-2.0762656980492245,0.1928784858358022,2519.030144768698,367.4276728204617,0.8854067562394026,0.5837721710067599
10_130,0.7,42,299,0.058896123229153184,-1022.7429205658515,0.20915563682233812,152169.53670923275,150228.32668889224,255.94658655710606,0.5837721710067599
10_130,0.7,42,300,0.05875777264561992,-2.033955296352053,0.22219105585386817,2553.664845036056,346.1134348828634,0.8734350381680508,0.5837721710067599
10_130,0.7,42,301,0.05862157366042571,-1.8562548450579288,0.22086494013573485,2508.3469068912214,327.52258876073563,0.8301655814531171,0.5837721710067599
10_130,0.7,42,302,0.058487492812378764,-1022.9701367956766,0.17924094317327763,152324.6707719344,150211.54495240207,255.9927360691078,0.5837721710067599
10_130,0.7,42,303,0.05835549716066848,-1023.0056843928028,0.18251394631149223,152306.1586637589,150226.1256225624,256.00317751384387,0.5837721710067599
10_130,0.7,42,304,0.05822555427677263,-2.42035254476891,0.22017955490826888,2681.626503724537,370.73344629142804,0.9602697266605826,0.5837721710067599
10_130,0.7,42,305,0.05809763223649032,-1.733537897958679,0.22035291952668618,2463.7137351613555,321.5108615465728,0.8031434875354475,0.5837721710067599
10_130,0.7,42,306,0.057971699612098956,-1022.5939617494596,0.2021366748630639,152146.29971280386,150208.9184544725,255.91187802183924,0.5837721710067599
10_130,0.7,42,307,0.05784772546463305,-1022.9544242533516,0.22259745416213553,152306.6965893406,150215.71247299644,255.99020793352653,0.5837721710067599
10_130,0.7,42,308,0.05772567933628324,-2.200975270090305,0.22880079051596153,2579.2108200026482,367.55134395822114,0.9117206877112112,0.5837721710067599
10_130,0.7,42,309,0.05760553124291343,-1023.0423152202844,0.2305693745451153,152330.4830309643,150222.60083956044,256.00928067525973,0.5837721710067599
10_130,0.7,42,310,0.05748725166669427,-1022.8507016087951,0.17257327136455863,152250.38629645194,150216.73319341254,255.9670272723874,0.5837721710067599
10_130,0.7,42,311,0.05737081154885137,-1022.2777942311088,0.18901026807986684,151933.14630969407,150232.35413039953,255.84894768071308,0.5837721710067599
10_130,0.7,42,312,0.057256182282526054,-1022.9544242533516,0.19376328935728365,152306.6965893406,150215.71247299644,255.99020793352653,0.5837721710067599
10_130,0.7,42,313,0.057143335705747374,-1022.7538300971103,0.22833729444193746,152181.62849255835,150226.41161123957,255.94941393992076,0.5837721710067599
10_130,0.7,42,314,0.05703224409451321,-1022.8477906398675,0.21817365897051033,152274.95700768929,150207.43907420864,255.96592225742825,0.5837721710067599
10_130,0.7,42,315,0.056922880155979176,-1022.9544242533516,0.2720893447425177,152306.6965893406,150215.71247299644,255.99020793352653,0.5837721710067599
10_130,0.7,42,316,0.05681521702175326,-1022.94832158893,0.23137871631221704,152301.97887981555,150217.43130602612,255.99033681287568,0.5837721710067599
10_130,0.7,42,317,0.05670922824129488,-2.098906207222913,0.2575622398816178,2546.321717853246,360.84980264299423,0.8889284219943632,0.5837721710067599
10_130,0.7,42,318,0.05660488777541653,-1.896196640683965,0.23712307365920857,2522.7148191562305,331.0732496723193,0.8409125688211646,0.5837721710067599
10_130,0.7,42,319,0.056502169989886525,-1022.8069836615197,0.24182014180396952,152253.31478743692,150208.3463271014,255.95766596738673,0.5837721710067599
10_130,0.7,42,320,0.056401049649131195,-2.439836631935952,0.2520841116333704,2626.65601967467,396.60351157477965,0.9691792099908048,0.5837721710067599
10_130,0.9,42,1,1.0,-3.2345769590597397,,2861.0537729985845,398.50884737688705,1.0794780481134492,1.0794780481134492
10_130,0.9,42,2,0.9852258055592246,-2.3619911984535937,0.3154107297795128,2568.0848255791066,328.78289517433876,0.8862893448328848,0.8862893448328848
10_130,0.9,42,3,0.9706813761935793,-3.1745602143287326,0.34008104940579614,2813.651764354576,439.31293294926274,1.070234416082428,0.8862893448328848
10_130,0.9,42,4,0.9563631386463322,-2.8324529766690474,0.32264236404364793,2753.402433245551,321.05789347461916,0.9865848460947462,0.8862893448328848
10_130,0.9,42,5,0.9422675752312664,-2.4470129100048323,0.3331618497428093,2608.776413482224,318.83092163179765,0.9048226903912592,0.8862893448328848
10_130,0.9,42,6,0.9283912229684601,-1.1473199027822825,0.30651918538101885,2062.8263938582077,391.0498656704911,0.6302544957833259,0.6302544957833259
10_130,0.9,42,7,0.9147306727335057,-2.6987720787048377,0.30413351069472616,2731.628289649269,273.1024408527779,0.9541484441536927,0.6302544957833259
10_130,0.9,42,8,0.9012825684199611,-2.3455239917901407,0.29162180986850494,2495.3046361876036,434.6765824879456,0.8903738893698383,0.6302544957833259
10_130,0.9,42,9,0.888043606114825,-2.944326193717294,0.32379172877372453,2724.67189360142,438.119783583456,1.0200057766520811,0.6302544957833259
10_130,0.9,42,10,0.8750105332868364,-2.959228665806599,0.3100365746077617,2787.445070002204,353.31122868222315,1.0192406966469447,0.6302544957833259
10_130,0.9,42,11,0.8621801479873967,-3.837839085982145,0.26891001424196237,3107.656534078903,377.60364758989846,1.2084507227011934,0.6302544957833259
10_130,0.9,42,12,0.8495492980639193,-1.7687478473710274,0.3099861472891365,2278.8127527823976,427.86515806580456,0.7665135254752028,0.6302544957833259
10_130,0.9,42,13,0.837114880385412,-2.0987751812129782,0.2987978059601109,2451.409888275423,356.0068911582235,0.8325944911759993,0.6302544957833259
10_130,0.9,42,14,0.8248738400801048,-1.9261077564149178,0.28567840664140204,2428.553027199887,293.1794368417694,0.7932673702412194,0.6302544957833259
10_130,0.9,42,15,0.8128231697849323,-1.8940296702472001,0.29185023121160664,2338.1030909227784,413.8347338064683,0.7937165931900932,0.6302544957833259
10_130,0.9,42,16,0.8009599089066888,-2.5107488351803715,0.27812882748394435,2588.5106091391194,393.73430386951327,0.925155605594372,0.6302544957833259
10_130,0.9,42,17,0.7892811428946735,-3.083916554536733,0.2624770105126126,2774.1820095963635,446.153973454241,1.051069024728481,0.6302544957833259
10_130,0.9,42,18,0.7777840025246476,-671.6569341644969,0.2833095534405163,173078.97923281192,170367.38789950192,168.03937589093127,0.6302544957833259
10_130,0.9,42,19,0.7664656631939266,-2.7983946056314517,0.3315716944843572,2652.288996873779,469.775331909907,0.9929355111167815,0.6302544957833259
10_130,0.9,42,20,0.7553233442274359,-2.1782572186226523,0.24737724779916742,2511.5496765220314,310.57042276124884,0.8469984567780504,0.6302544957833259
10_130,0.9,42,21,0.7443543081945577,-669.3592198279583,0.2560899610391032,172204.4276111123,170347.4483754902,167.5422253772556,0.6302544957833259
10_130,0.9,42,22,0.7335558602366034,-2.7235786685690315,0.27423085573776185,2586.2378809649567,528.407360719928,0.980805253614609,0.6302544957833259
10_130,0.9,42,23,0.7229253474047432,-1.6329936367115012,0.2503683643340767,2269.338778799945,362.52760079259934,0.7336042254204562,0.6302544957833259
10_130,0.9,42,24,0.7124601580082336,-3.4201547332767444,0.293593438338791,3019.456338922316,257.174929813091,1.1082627479800153,0.6302544957833259
10_130,0.9,42,25,0.7021577209727804,-1.92354174552491,0.2861805230387458,2362.8128524775575,389.3031181218884,0.7971567616246116,0.6302544957833259
10_130,0.9,42,26,0.6920155052088806,-1.7509493291515377,0.2874647550128416,2382.839574058084,253.30327972140682,0.7508677587241932,0.6302544957833259
10_130,0.9,42,27,0.6820310189899872,-2.91984893466509,0.2467378145436546,2768.1328029677456,363.15843672508635,1.0126104134276877,0.6302544957833259
10_130,0.9,42,28,0.6722018093403456,-2.68729620830307,0.2685930711145451,2728.563395202525,273.07688757822655,0.9524248982883784,0.6302544957833259
10_130,0.9,42,29,0.6625254614323491,-1.9691606599760068,0.2613135484727312,2384.6496852236205,384.1233820067333,0.8071705522538007,0.6302544957833259
10_130,0.9,42,30,0.6529995979932678,-2.518392446489652,0.2325440360192112,2631.107620318275,330.6098382532485,0.9222803431164092,0.6302544957833259
10_130,0.9,42,31,0.6436218787212026,-2.6408717479161554,0.2375298182319959,2675.9599814603257,329.068788432146,0.946693726875417,0.6302544957833259
10_130,0.9,42,32,0.634389999710123,-3.4952951890023134,0.280977782692862,2941.5694808397593,429.51712245271034,1.1375780792430956,0.6302544957833259
10_130,0.9,42,33,0.6253016928838472,-1.876943543227521,0.29192306362841597,2419.461763343318,275.6598846102686,0.7807822693253226,0.6302544957833259
10_130,0.9,42,34,0.6163547254388225,-668.2812316352139,0.27417651858182934,171808.93714719845,170320.12173769358,167.3096649982826,0.6302544957833259
10_130,0.9,42,35,0.607546899295575,-1.994012923549851,0.27720890310133484,2395.737012304321,381.39283435270806,0.8122123810510247,0.6302544957833259
10_130,0.9,42,36,0.5988760505586863,-2.0903250276672303,0.2554850437426368,2510.686771201816,256.4695164935597,0.8236504367565756,0.6302544957833259
10_130,0.9,42,37,0.5903400489851716,-3.265120864472763,0.2966556462154128,2919.384050548233,324.58074617015245,1.0808287915623545,0.6302544957833259
10_130,0.9,42,38,0.581936797461124,-1.1816417982315066,0.2947702439902936,2088.184786153467,371.9381351011915,0.6363478567585191,0.6302544957833259
10_130,0.9,42,39,0.5736642314864987,-1.159009532017965,0.27462361542129077,2124.017661660419,311.280773525216,0.6307353368153862,0.6302544957833259
10_130,0.9,42,40,0.5655203186679085,-1.6999965884217563,0.23873125615350924,2346.874151560161,281.4900289150103,0.7426824691755258,0.6302544957833259
10_130,0.9,42,41,0.5575030582193081,-1.216813760591257,0.23500115702734722,2119.329724393404,350.92275985651304,0.6448703183676336,0.6302544957833259
10_130,0.9,42,42,0.5496104804704447,-1.1283225366200325,0.24726963343491343,2130.0077812844443,275.4629007975179,0.6189443155716307,0.6189443155716307
10_130,0.9,42,43,0.5418406463829504,-2.33678057839833,0.27200344428062867,2548.7592449374074,348.8740346995637,0.8839812300827268,0.6189443155716307
10_130,0.9,42,44,0.5341916470739625,-670.1175676915947,0.24239631796813538,172457.56133782765,170409.475949241,167.7098993561517,0.6189443155716307
10_130,0.9,42,45,0.5266616033471518,-1.9707114003133972,0.24348734415139556,2420.234141499465,333.3277639186016,0.8055872852510197,0.6189443155716307
10_130,0.9,42,46,0.519248665231044,-3.237905270981824,0.2834182735749161,2880.5069353102713,385.6644581499475,1.0849203056203263,0.6189443155716307
10_130,0.9,42,47,0.5119510115245198,-590.0500871692351,0.2825163821464992,151934.1062358344,150292.57420126238,147.7384088665091,0.6189443155716307
10_130,0.9,42,48,0.504766849349387,-1.686120499243632,0.28688948819472626,2237.3395407754047,443.9996489847253,0.7501564347754532,0.6189443155716307
10_130,0.9,42,49,0.49769441370990625,-1.261753310005338,0.2731592093016106,2101.0299430263617,408.94951216676697,0.6591689747952171,0.6189443155716307
10_130,0.9,42,50,0.4907319670591703,-2.0240509941057345,0.26445509344257706,2378.987971954457,427.4752470582478,0.8223293456547955,0.6189443155716307
10_130,0.9,42,51,0.4838777988722253,-630.1469415804387,0.2210187015108696,162272.1843110137,160270.09026363556,157.73261366145118,0.6189443155716307
10_130,0.9,42,52,0.47713022522583176,-1.4527033758127543,0.21655803092891018,2190.2162845813023,378.0936207632309,0.6959674347153676,0.6189443155716307
10_130,0.9,42,53,0.47048758838475946,-1.5136876333716094,0.21864428949487716,2220.8656078207887,368.76515175087553,0.7091524165601752,0.6189443155716307
10_130,0.9,42,54,0.4639482563945182,-1.6801332225620618,0.24262581411994733,2224.31747522644,469.27190283531917,0.7535606978561429,0.6189443155716307
10_130,0.9,42,55,0.4575106226804207,-1.9469718237606881,0.23053671103539575,2423.7859220339897,305.94064562547396,0.7959969215823729,0.6189443155716307
10_130,0.9,42,56,0.45117310565288166,-1.299630881447257,0.2168069456627421,2151.6946318157034,348.5612027176895,0.6619585876317992,0.6189443155716307
10_130,0.9,42,57,0.44493414831885486,-1.621535218810235,0.2535308350623248,2173.008969215986,508.14990499981843,0.7413199484607613,0.6189443155716307
10_130,0.9,42,58,0.438792217899313,-2.0018169798866348,0.22914197584905605,2457.2476341142496,288.3571185640713,0.8072645332128292,0.6189443155716307
10_130,0.9,42,59,0.43274580545267627,-3.130214559820747,0.211311251118536,2767.858371225824,488.0749935162372,1.0652531683679505,0.6189443155716307
10_130,0.9,42,60,0.4267934255040983,-2.142078488381464,0.2970976766991832,2486.99540398542,333.46650104315677,0.8429539181914268,0.6189443155716307
10_130,0.9,42,61,0.42093361568051574,-1.6558730096343015,0.210032643055242,2296.505697221256,333.51629214211516,0.7365241724689071,0.6189443155716307
10_130,0.9,42,62,0.4151649363513749,-1.5752858889056316,0.2030649297160739,2272.4427942905504,322.5975859116354,0.7184623700540704,0.6189443155716307
10_130,0.9,42,63,0.40948597027494477,-2.3351418135873043,0.21233292186187,2551.6062852645414,345.1039335707644,0.883978795838698,0.6189443155716307
10_130,0.9,42,64,0.4038953222501312,-1.0928273399250577,0.25096069122424813,2081.7035119223756,339.5779485790481,0.6190488787218376,0.6189443155716307
10_130,0.9,42,65,0.3983916187737056,-1.8953869112037052,0.2778187298850261,2441.286176271476,245.22256316545798,0.7801139742799374,0.6189443155716307
10_130,0.9,42,66,0.3929735077028642,-0.6689968423669369,0.228540489018095,1863.7206619046024,420.542229854852,0.5314538172595762,0.5314538172595762
10_130,0.9,42,67,0.38763965792303584,-3.156385656466845,0.2996735493690749,2891.932292898021,308.9915164721963,1.058899203973913,0.5314538172595762
10_130,0.9,42,68,0.38238875902085495,-668.5419455965683,0.20416087337594155,171844.43007022704,170422.9544148405,167.37296174144683,0.5314538172595762
10_130,0.9,42,69,0.37721952096222106,-1.6847962841266364,0.22702966015036327,2227.7919222462847,456.62743498369383,0.7501581149289382,0.5314538172595762
10_130,0.9,42,70,0.372130673775365,-1.3681922050855735,0.25171121039695044,2193.878215475518,333.20276127665676,0.6790406513184052,0.5314538172595762
10_130,0.9,42,71,0.3671209672388437,-2.5669681232960055,0.20090857896774636,2624.871542102427,367.49602094738736,0.9343854383968208,0.5314538172595762
10_130,0.9,42,72,0.3621891705743874,-2.637988100867167,0.1945860808991418,2670.528155897789,338.1270581851882,0.9474867634197652,0.5314538172595762
10_130,0.9,42,73,0.35733407214452373,-2.4678751807453083,0.23313188687997127,2635.5130627904946,287.1896750431914,0.906390645394942,0.5314538172595762
10_130,0.9,42,74,0.35255447915490423,-1.9561269786392832,0.1964406920796276,2423.2249935181967,318.7566725659053,0.8011001669238313,0.5314538172595762
10_130,0.9,42,75,0.3478492173612599,-2.0900027622373596,0.20862303501879334,2446.100769749783,354.7086893029394,0.8290789260493401,0.5314538172595762
10_130,0.9,42,76,0.3432171307809146,-1.0545135123090488,0.2282620583169316,2037.9768837659162,384.24072362574964,0.6134900277021471,0.5314538172595762
10_130,0.9,42,77,0.3386570814087846,-1.8046469163934526,0.21566187237266124,2296.8569456677005,426.8176059854702,0.7761543585277573,0.5314538172595762
10_130,0.9,42,78,0.3341679489377949,-1.9464072760193594,0.18525697713023037,2432.54092571068,291.43115533661364,0.794757002546788,0.5314538172595762
10_130,0.9,42,79,0.32974863048364406,-2.0027933336435293,0.21383774274816209,2439.358714946496,318.04155580956376,0.8098138810984888,0.5314538172595762
10_130,0.9,42,80,0.3253980403138483,-0.5551501769043393,0.18239914551877914,1867.540973316968,346.1887901313108,0.5021631504825734,0.5021631504825734
10_130,0.9,42,81,0.32111510958100054,-1.1313784399765754,0.14618895743603422,2096.1873881289403,330.5962813189805,0.6233467485418707,0.5021631504825734
10_130,0.9,42,82,0.3168987860601775,-2.2429540149797536,0.22794053907668546,2547.028625383938,295.36199753369533,0.860397194074217,0.5021631504825734
10_130,0.9,42,83,0.31274803389043004,-1.6605349270809453,0.1992417096395512,2298.1113971994346,336.0294321296515,0.7384836622319315,0.5021631504825734
10_130,0.9,42,84,0.30866183332029457,-1.9233060083882871,0.20803001727231588,2336.737660477579,435.96324975558423,0.8023061944635288,0.5021631504825734
10_130,0.9,42,85,0.3046391804572615,-3.0042000889258587,0.19388850999336324,2752.7627634545906,434.1028276218583,1.0340059422917964,0.5021631504825734
10_130,0.9,42,86,0.3006790870211401,-2.0497731871902105,0.25169243342630176,2427.9490307055503,366.087643913427,0.8237445715032391,0.5021631504825734
10_130,0.9,42,87,0.29678058010125963,-1.5141795658221566,0.21579769439826818,2184.5996499860616,431.50345471202513,0.715402430485137,0.5021631504825734
10_130,0.9,42,88,0.2929427019174456,-2.2435215571983584,0.19753398440738537,2506.108078083548,361.8522305982563,0.8656318549907611,0.5021631504825734
10_130,0.9,42,89,0.28916450958471324,-1.9092892206680983,0.2045514952254437,2394.1942815952248,333.25225670559024,0.7910035954453737,0.5021631504825734
10_130,0.9,42,90,0.28544507488162135,-1.3749935628358503,0.18953665142433182,2185.0891655569576,343.4655302073294,0.6784666631228232,0.5021631504825734
10_130,0.9,42,91,0.28178348402222775,-1.9943955424604751,0.22379440513953686,2414.4341900500026,356.460372603612,0.8121231373437823,0.5021631504825734
10_130,0.9,42,92,0.27817883743159105,-1.1776936647207006,0.23780203864354332,2085.7072053748425,375.6928329153471,0.6365502447437684,0.5021631504825734
10_130,0.9,42,93,0.27463024952476534,-1.6324298530676984,0.16938919860621,2262.0545872512703,371.8484128574306,0.7334730736369467,0.5021631504825734
10_130,0.9,42,94,0.27113684848922975,-2.269805923732441,0.20242441179620937,2537.9658295396043,323.10900502028596,0.8670599611783553,0.5021631504825734
10_130,0.9,42,95,0.2676977760707032,-669.5796635132034,0.16724346522385594,172300.64417741206,170330.57101557357,167.5888605576411,0.5021631504825734
10_130,0.9,42,96,0.2643121873622896,-1.9227021677500535,0.16220126546129263,2400.7905651603846,333.29280836601447,0.7947069159556521,0.5021631504825734
10_130,0.9,42,97,0.2609792505969018,-1.8878856561291233,0.22188794416952246,2434.7578824922293,261.0251780583462,0.7831447793924108,0.5021631504825734
10_130,0.9,42,98,0.25769814694291476,-1.7049289718405598,0.22122504791139405,2320.4974008548293,327.68899427814193,0.7474684704581321,0.5021631504825734
10_130,0.9,42,99,0.25446807030299534,-2.7564266364767804,0.2220697244335026,2761.578744194296,265.8719490154039,0.9678295915788923,0.5021631504825734
10_130,0.9,42,100,0.2512882271160621,-1.5061087929682557,0.23104341564186726,2234.410648506054,337.6663938491279,0.7035778280044584,0.5021631504825734
10_130,0.9,42,101,0.2481578361623234,-1.910340078962062,0.16685036735502953,2391.412934041916,335.47148396979054,0.7903872621059932,0.5021631504825734
10_130,0.9,42,102,0.2450761283713493,-1.483498715632566,0.15206527644350235,2251.079699561279,297.51221431566296,0.6959217372419646,0.5021631504825734
10_130,0.9,42,103,0.24204234663312607,-1.5901794945493806,0.184144537773468,2290.9000082092193,303.74410922322886,0.7208083175463772,0.5021631504825734
10_130,0.9,42,104,0.23905574561205173,-1.699283173440608,0.2122541990079128,2367.5730765629637,241.5385770485778,0.7373640638151872,0.5021631504825734
10_130,0.9,42,105,0.23611559156382206,-2.319291654663947,0.18673287167935748,2528.654816240262,366.58828502092183,0.8802332792807641,0.5021631504825734
10_130,0.9,42,106,0.2332211621551653,-1.6398275482500475,0.19101367950296488,2306.60148429452,303.8012081935956,0.7296068591492486,0.5021631504825734
10_130,0.9,42,107,0.23037174628638085,-2.174651217973356,0.21123154152945256,2531.7278808622605,271.9273160724448,0.841942032128449,0.5021631504825734
10_130,0.9,42,108,0.2275666439166364,-1.1872425560431412,0.20250393538973963,2121.7246944728345,322.7174098496659,0.6342876712922294,0.5021631504825734
10_130,0.9,42,109,0.2248051658919834,-2.0292849790240126,0.2044787156348408,2467.866076643419,291.0244696030617,0.8143257642561108,0.5021631504825734
10_130,0.9,42,110,0.22208663377604637,-1.6366821725539948,0.1673373277615616,2264.622164088255,370.8144170147219,0.7344708854432528,0.5021631504825734
10_130,0.9,42,111,0.21941037968334542,-2.4787913825666434,0.24777842396903024,2637.473362693503,294.71614792340966,0.9106671856154126,0.5021631504825734
10_130,0.9,42,112,0.21677574611521144,-0.970561601452518,0.14931821829698463,2066.6211328556333,279.3297526789063,0.585156474485086,0.5021631504825734
10_130,0.9,42,113,0.21418208579825188,-1.4032181833152615,0.16790636571337458,2221.5095095447714,301.0487871546774,0.680891853129358,0.5021631504825734
10_130,0.9,42,114,0.21162876152533033,-668.6972184833869,0.2072288040930439,171999.34917691015,170270.29623201743,167.3950135775763,0.5021631504825734
10_130,0.9,42,115,0.20911514599901782,-1.3108964241020136,0.16825070601578368,2141.2412256723146,367.4122450598059,0.6640843550901643,0.5021631504825734
10_130,0.9,42,116,0.20664062167747893,-1.4859586373806837,0.1281990101643821,2264.1995599939683,278.9162233987322,0.6953938541699539,0.5021631504825734
10_130,0.9,42,117,0.20420458062275576,-2.8442650616828797,0.1601120963895561,2769.6734278303456,311.8252496072926,0.991775330375373,0.5021631504825734
10_130,0.9,42,118,0.2018064243514096,-550.7455026863964,0.21593050404959158,141947.71325405035,140242.41073016662,137.9100306905997,0.5021631504825734
10_130,0.9,42,119,0.1994455636874869,-1.0206580516213064,0.22560124411018895,2061.452332168283,318.073669628687,0.5986431666045685,0.5021631504825734
10_130,0.9,42,120,0.19712141861777083,-1.813525816906081,0.17122489211716,2386.4289655917705,282.936185864045,0.7653979867136409,0.5021631504825734
10_130,0.9,42,121,0.19483341814928484,-0.8970432298600167,0.16940222253266463,2016.9589234342989,315.1017629943678,0.5725229693227543,0.5021631504825734
10_130,0.9,42,122,0.19258100016901147,-0.8378261080385734,0.1796741295731466,1975.245508928951,347.6223952767829,0.5629572669559715,0.5021631504825734
10_130,0.9,42,123,0.19036361130579338,-550.7792796316868,0.24615595934059434,141949.8030151435,140259.80237538327,137.91854910274648,0.5021631504825734
10_130,0.9,42,124,0.18818070679438154,-1.8216026931515192,0.20275514877999892,2387.336894760292,286.71367204752505,0.7675019205700093,0.5021631504825734
10_130,0.9,42,125,0.1860317503415984,-2.870188784445859,0.20444631297146126,2809.400466621104,261.2892086735756,0.9926167608604413,0.5021631504825734
10_130,0.9,42,126,0.1839162139945818,-2.0168861430948866,0.13853062733800126,2456.143393342949,301.3123584666763,0.8121229995060677,0.5021631504825734
10_130,0.9,42,127,0.18183357801107813,-552.9162373324622,0.1495386591361449,142780.81951601384,140246.89133054993,138.3774866881135,0.5021631504825734
10_130,0.9,42,128,0.17978333073175307,-2.1448834508257417,0.23204548077736514,2485.037857115567,339.1112056394886,0.8442457285268894,0.5021631504825734
10_130,0.9,42,129,0.17776496845448742,-552.4060011122483,0.19134275242053717,142559.19462586753,140286.48598255008,138.27037143876413,0.5021631504825734
10_130,0.9,42,130,0.17577799531062827,-1.642512030391628,0.18693101129488893,2285.03344430936,344.9435044630329,0.734942891243673,0.5021631504825734
10_130,0.9,42,131,0.1738219231431649,-552.2196926564317,0.23537316573296918,142508.32611072593,140253.3720166343,138.22794908671472,0.5021631504825734
10_130,0.9,42,132,0.17189627138679878,-1.5747682949172104,0.13319753212673335,2321.34546598168,242.2756986842989,0.7118423724501894,0.5021631504825734
10_130,0.9,42,133,0.1700005669498786,-552.0044357356522,0.20142177958608953,142385.722824452,140315.48255793695,138.18568614689616,0.5021631504825734
10_130,0.9,42,134,0.16813434409817252,-2.3991760070426364,0.18807751423951333,2596.3706308084093,311.62756834242487,0.8948454992827448,0.5021631504825734
10_130,0.9,42,135,0.16629714434044632,-1.7777719520093815,0.2427179814870458,2361.4697662839126,306.74332776059333,0.7615122261171716,0.5021631504825734
10_130,0.9,42,136,0.16448851631582245,-1.9999969726234412,0.22016367799372824,2399.1608668451067,376.22363045806316,0.8119409538961004,0.5021631504825734
10_130,0.9,42,137,0.16270801568288995,-1.0007401753598355,0.23307304732190864,2020.2706343163948,375.56889821285307,0.5999301413894682,0.5021631504825734
10_130,0.9,42,138,0.16095520501053945,-1.928043704699663,0.19899517552778495,2421.6810316785654,300.1835836336039,0.7923874236970014,0.5021631504825734
10_130,0.9,42,139,0.1592296536704954,-1.8833843405876765,0.17044928045448876,2406.889098316192,293.70231542087674,0.7813819771960464,0.5021631504825734
10_130,0.9,42,140,0.15753093773152022,-1.3655623377340333,0.21769032436259642,2177.098348590326,342.58690040999693,0.6736298250948078,0.5021631504825734
10_130,0.9,42,141,0.15585863985526294,-2.3557062940507207,0.1471047999533913,2576.860484504875,310.54947450128856,0.8834870453937402,0.5021631504825734
10_130,0.9,42,142,0.15421234919372853,-2.026416803216023,0.16276673221191051,2492.2224156954567,245.9418564046574,0.8088825298279229,0.5021631504825734
10_130,0.9,42,143,0.152591661288341,-1.9291853616631438,0.18803001900585598,2433.2657082204587,277.79653710280814,0.7893993447643785,0.5021631504825734
10_130,0.9,42,144,0.15099617797057668,-1.4267071297667964,0.20041137457245223,2183.7949390565755,372.1762481715426,0.6898780297238287,0.5021631504825734
10_130,0.9,42,145,0.14942550726414244,-1.9588439737286483,0.1244283843550383,2409.95819511116,332.42955927503834,0.7994651818907622,0.5021631504825734
10_130,0.9,42,146,0.14787926328867598,-2.1962082090941464,0.1982505497160384,2531.645416662772,284.33168627188024,0.8471386690880945,0.5021631504825734
10_130,0.9,42,147,0.1463570661649425,-2.4230907761487748,0.21510804402145692,2606.6150908762793,304.2999805893474,0.8974733673834553,0.5021631504825734
10_130,0.9,42,148,0.1448585419215072,-2.4516950692527244,0.16255223641363084,2622.3399400040603,298.2197939855542,0.9036910402363364,0.5021631504825734
10_130,0.9,42,149,0.14338332240285795,-2.225534926728963,0.17173019511673004,2525.3754077281983,312.0467393265619,0.8553486153280067,0.5021631504825734
10_130,0.9,42,150,0.1419310451789575,-1.548803587776129,0.1903941009285971,2238.8340600883844,358.8242938987376,0.7149921586235292,0.5021631504825734
10_130,0.9,42,151,0.14050135345620207,-2.5108232335817644,0.1421174832815288,2626.4366518435786,328.3334144976159,0.9187079469431678,0.5021631504825734
10_130,0.9,42,152,0.13909389598976496,-2.3006557650199437,0.1502638737202954,2544.9691621030106,327.0921600023279,0.87265709711873,0.5021631504825734
10_130,0.9,42,153,0.13770832699730284,-2.934007538592713,0.18746473300637195,2787.3662670033686,333.06693395373736,1.0106403868322686,0.5021631504825734
10_130,0.9,42,154,0.13634430607400466,-2.044708861560613,0.15937403127825583,2395.298078406442,409.6276462889109,0.8239005660590921,0.5021631504825734
10_130,0.9,42,155,0.13500149810896128,-2.610737842366286,0.18798819918266343,2641.2186541366477,361.2238582423256,0.9408697096562323,0.5021631504825734
10_130,0.9,42,156,0.13367957320283602,-2.10843592605482,0.19172281073589453,2477.7329236805417,315.49550141395395,0.8301823321826438,0.5021631504825734
10_130,0.9,42,157,0.13237820658681518,-1.3171626663273404,0.15609580301060214,2146.719674667007,360.378916193432,0.6641732163849731,0.5021631504825734
10_130,0.9,42,158,0.13109707854281938,-2.3426412255820583,0.18257411307250987,2553.2521597544046,339.7322811244552,0.8826282203443109,0.5021631504825734
10_130,0.9,42,159,0.12983587432495577,-2.1293016663429647,0.1554885996996726,2474.748032036881,339.15295074877986,0.8385131401367,0.5021631504825734
10_130,0.9,42,160,0.12859428408219134,-2.397112888444982,0.21739033086713233,2580.691667436184,330.397314273514,0.8940167242953359,0.5021631504825734
10_130,0.9,42,161,0.1273720027822294,-1.5805602243453765,0.17060288312218724,2266.5251859052455,332.13809593514435,0.7191877574046336,0.5021631504825734
10_130,0.9,42,162,0.12616873013656954,-2.321954961437223,0.15194511468007094,2557.2482413637517,319.7168533722689,0.8764017969105976,0.5021631504825734
10_130,0.9,42,163,0.12498417052673307,-1.5747195609147502,0.14646984382728326,2269.107551222238,324.4280180803973,0.7173721802915658,0.5021631504825734
10_130,0.9,42,164,0.12381803293163596,-2.9386420618203664,0.12654175743065044,2820.2704774115787,282.6839644080689,1.0077337324341908,0.5021631504825734
10_130,0.9,42,165,0.12267003085609117,-2.4486287261008686,0.12001826371502082,2598.5197896694076,332.33544685029756,0.9047987140123379,0.5021631504825734
10_130,0.9,42,166,0.1215398822604227,-2.230525757499247,0.20295033894521483,2467.6661735144667,407.249318405344,0.8633366082255688,0.5021631504825734
10_130,0.9,42,167,0.1204273094911746,-2.70878306234403,0.17911055267174997,2711.301956756778,312.2778961755836,0.9593470882829184,0.5021631504825734
10_130,0.9,42,168,0.11933203921289748,-2.4801755439690822,0.1367990800677532,2564.387468904688,407.95864692811034,0.9176868773146736,0.5021631504825734
10_130,0.9,42,169,0.11825380234099556,-2.0696380462351645,0.16550734470206466,2470.3492632743746,306.28362079233455,0.8221627323576001,0.5021631504825734
10_130,0.9,42,170,0.11719233397561858,-2.331716333611756,0.1601215124941925,2531.0178072248477,372.60286832213427,0.8840958524182374,0.5021631504825734
10_130,0.9,42,171,0.11614737333658141,-2.1511356092682923,0.19539133751609464,2489.513729594502,324.226044604797,0.8404557378344968,0.5021631504825734
10_130,0.9,42,172,0.11511866369929591,-1.815162132871067,0.17000825760179672,2375.7689271703916,300.7693022827993,0.7669780550097003,0.5021631504825734
10_130,0.9,42,173,0.11410595233169919,-2.076559420785574,0.16166807890704638,2474.2347031436075,301.7735210750529,0.8224278226211257,0.5021631504825734
10_130,0.9,42,174,0.11310899043216277,-1.9472184306016023,0.13508806576731935,2398.434484652684,344.52913985639043,0.798139321955703,0.5021631504825734
10_130,0.9,42,175,0.1121275330683672,-2.199534394041807,0.17477452844236452,2500.3617510751706,336.6134930610423,0.8517534732435618,0.5021631504825734
10_130,0.9,42,176,0.11116133911712744,-1.4044493964654725,0.17239943171346353,2175.264126422297,372.7836916147242,0.6853675179671251,0.5021631504825734
10_130,0.9,42,177,0.1102101712051541,-1.9185702380482201,0.13810511086361338,2376.1486359598066,366.26655196987855,0.7948727283628121,0.5021631504825734
10_130,0.9,42,178,0.10927379565073586,-2.489046915281737,0.17450838086760725,2623.1693401422053,319.0920474022589,0.9129762113966816,0.5021631504825734
10_130,0.9,42,179,0.10835198240632873,-2.6066764959089763,0.15390376794035185,2668.575206061315,318.03024666170353,0.9379014636963485,0.5021631504825734
10_130,0.9,42,180,0.1074445050020384,-2.132064080976019,0.16705699370272958,2468.3934100110546,347.9478334392135,0.8386791722880391,0.5021631504825734
10_130,0.9,42,181,0.10655114048998136,-2.3547114618271716,0.14555495914810512,2518.99945336368,401.11058591115284,0.8894284888530045,0.5021631504825734
10_130,0.9,42,182,0.10567166938951125,-2.110217427973631,0.14288179346589366,2487.5919093760544,305.00881517877605,0.831259590485406,0.5021631504825734
10_130,0.9,42,183,0.10480587563329734,-2.583294406420972,0.16035292819955185,2663.8204948639996,313.1936239356076,0.9332001990274287,0.5021631504825734
10_130,0.9,42,184,0.10395354651424124,-1.940411450998226,0.14869319969827086,2408.3870764786107,324.6709916980536,0.7953080316003135,0.5021631504825734
10_130,0.9,42,185,0.10311447263321932,-1.7717572806860873,0.16179694338731498,2349.872265927552,315.7837676087134,0.7588521813299711,0.5021631504825734
10_130,0.9,42,186,0.10228844784763778,-2.315860358717117,0.13488800475991086,2486.1772388693894,430.14685959304734,0.8833587612038332,0.5021631504825734
10_130,0.9,42,187,0.10147526922078795,-1.6624872306170846,0.17059427264978835,2314.035991500447,303.4842772712756,0.7336275112643864,0.5021631504825734
10_130,0.9,42,188,0.10067473697198882,-2.3875247558152637,0.16082404700288144,2583.9311155988994,320.44270950090186,0.8916196911379063,0.5021631504825734
10_130,0.9,42,189,0.09988665442750533,-1.4328432041607013,0.2391241812412528,2204.186784765082,340.6902896807777,0.6879659698909324,0.5021631504825734
10_130,0.9,42,190,0.09911082797222981,-2.372486081279338,0.17320030820315271,2569.795566331653,334.97439942035163,0.8898621987590423,0.5021631504825734
10_130,0.9,42,191,0.09834706700211487,-2.288706482525872,0.1843552527097892,2591.145403575478,249.48277995574605,0.8656599407427292,0.5021631504825734
10_130,0.9,42,192,0.09759518387734595,-2.3698207101576454,0.20010476456207113,2591.0148035824072,297.60054627843965,0.8859239827538048,0.5021631504825734
10_130,0.9,42,193,0.09685499387624241,-3.274875802670055,0.14069260960458138,2965.840371503585,257.89405934120407,1.0786046389987902,0.5021631504825734
10_130,0.9,42,194,0.09612631514987509,-2.8844455371102726,0.13538783353148703,2809.2793340559538,267.3283499597834,0.9951015181632903,0.5021631504825734
10_130,0.9,42,195,0.09540896867739013,-2.5620207762292013,0.19185096240350327,2692.4086387567413,253.47913976515102,0.92393763563533,0.5021631504825734
10_130,0.9,42,196,0.0947027782220271,-1.1581014937526075,0.15050761000603105,2102.2692482297057,334.2272683876949,0.6282800966561104,0.5021631504825734
10_130,0.9,42,197,0.09400757028782174,-1.751939227012721,0.12006835482113391,2340.2082956680642,317.6447593106194,0.7542382440022056,0.5021631504825734
10_130,0.9,42,198,0.09332317407698135,-2.333022918768389,0.10854347846607862,2590.6003894467794,277.79486449893295,0.8773215046034604,0.5021631504825734
10_130,0.9,42,199,0.09264942144792357,-1.9968662942331266,0.16361972970423216,2465.9524465529107,267.1891391026231,0.8031823484696448,0.5021631504825734
10_130,0.9,42,200,0.09198614687396757,-2.607739966832603,0.1635328384677021,2708.9052366018686,258.3161957340164,0.9352007666195138,0.5021631504825734
10_130,0.9,42,201,0.0913331874026676,-2.516568485815411,0.1432680486650703,2669.715746723956,264.42590367699614,0.9158828963652158,0.5021631504825734
10_130,0.9,42,202,0.09069038261577916,-2.8156531464754426,0.15046673692975215,2755.8436879196774,311.7454060329926,0.9840131524393146,0.5021631504825734
10_130,0.9,42,203,0.09005757458984752,-2.300998844427449,0.19281931951571646,2565.8319235239605,295.071374948486,0.8707821526848921,0.5021631504825734
10_130,0.9,42,204,0.08943460785740934,-2.371443993804216,0.17611277775363132,2576.8195287008557,320.8725246919316,0.88782720626285,0.5021631504825734
10_130,0.9,42,205,0.08882132936879764,-2.790427418196228,0.15356940407769337,2765.41822105105,279.1352966683982,0.9755809627937535,0.5021631504825734
10_130,0.9,42,206,0.08821758845454078,-2.9497930568369,0.10850037357119795,2826.116996266976,281.0946288630706,1.0103291906357397,0.5021631504825734
10_130,0.9,42,207,0.08762323678834613,-2.17823186340044,0.17855314843294784,2513.6315840330176,304.3152158004431,0.8455181130558453,0.5021631504825734
10_130,0.9,42,208,0.08703812835065944,-2.7177939510452744,0.15682273978357006,2730.7606163765477,290.4436235286793,0.9609928341012531,0.5021631504825734
10_130,0.9,42,209,0.08646211939279098,-2.612259046166,0.1331068250345364,2668.950393053533,326.0538939493241,0.941502331324658,0.5021631504825734
10_130,0.9,42,210,0.08589506840159955,-2.2678499361397497,0.17169635216227905,2561.053761227798,283.5467210420386,0.8632410794591211,0.5021631504825734
10_130,0.9,42,211,0.08533683606472567,-2.657406272537032,0.189772044672799,2669.5293641543653,350.7406683069283,0.9522597672880453,0.5021631504825734
10_130,0.9,42,212,0.08478728523636561,-2.6803711252047133,0.10056934788366241,2696.9844147909203,320.7087580868407,0.9549093720633572,0.5021631504825734
10_130,0.9,42,213,0.08424628090357741,-2.281125313918662,0.20301799052827113,2536.0123445295676,332.41896155320495,0.8699031639970892,0.5021631504825734
10_130,0.9,42,214,0.08371369015311121,-1.604052485723087,0.1599750324751997,2310.0135128319716,276.6113097848205,0.720021753484992,0.5021631504825734
10_130,0.9,42,215,0.08318938213875532,-2.7193414421436417,0.16454799860219632,2690.598294368943,362.56850044875785,0.969032699961191,0.5021631504825734
10_130,0.9,42,216,0.08267322804918986,-1.8089605068000116,0.16482991432822044,2358.7164778405827,326.09044571022775,0.7681506940738055,0.5021631504825734
10_130,0.9,42,217,0.08216510107634088,-1.872909878932886,0.17864455623854875,2387.3644480505495,320.569638186826,0.7818265779779179,0.5021631504825734
10_130,0.9,42,218,0.08166487638422609,-3.046168015785086,0.13739989046205908,2847.4929854264783,308.11689007000905,1.0336956576455134,0.5021631504825734
10_130,0.9,42,219,0.08117243107828538,-2.5656725748033637,0.13945938010912884,2662.414043132855,306.92722758779854,0.9297657367940222,0.5021631504825734
10_130,0.9,42,220,0.08068764417518824,-2.569381756127165,0.14739382415067054,2631.6750698087,356.8119986480053,0.9336718200037604,0.5021631504825734
10_130,0.9,42,221,0.08021039657311081,-2.657406272537032,0.13111037937112013,2669.5293641543653,350.7406683069283,0.9522597672880453,0.5021631504825734
10_130,0.9,42,222,0.07974057102247495,-2.4366741897046023,0.10915419684104859,2586.042838510643,351.85625371799483,0.906076746579938,0.5021631504825734
10_130,0.9,42,223,0.0792780520971426,-2.6174046769198815,0.15668536636433578,2646.8208338877703,362.3098828868565,0.9444593683837578,0.5021631504825734
10_130,0.9,42,224,0.07882272616605801,-2.157858874281475,0.1342263349053109,2464.4619995401076,367.64270209257563,0.8448062510574894,0.5021631504825734
10_130,0.9,42,225,0.0783744813653311,-2.7496109463852614,0.11661478869209078,2732.287550539735,308.95152796727996,0.9696685115076784,0.5021631504825734
10_130,0.9,42,226,0.07793320757075473,-2.660860925301278,0.10245733488564426,2704.2258052433053,298.60608785489325,0.9496143395700158,0.5021631504825734
10_130,0.9,42,227,0.07749879637074959,-2.535212501781895,0.12422565537207428,2655.471110917398,298.60608785489325,0.9223689003568368,0.5021631504825734
10_130,0.9,42,228,0.07707114103972987,-2.7943025459285096,0.15578315094488543,2754.4911707629894,301.0088201573702,0.978719499971579,0.5021631504825734
10_130,0.9,42,229,0.0766501365118829,-2.4217873042956626,0.12727913780013697,2592.3271935490825,330.2675281900149,0.9004641161367939,0.5021631504825734
10_130,0.9,42,230,0.07623567935535681,-2.8198720821536956,0.1457040833123562,2727.485487331225,357.8284845842938,0.9876428863588779,0.5021631504825734
10_130,0.9,42,231,0.07582766774684957,-2.6382074260987833,0.14479026620796093,2662.1880815569675,350.5444804187899,0.9480743413927688,0.5021631504825734
10_130,0.9,42,232,0.07542600144659303,-2.5469660079830323,0.12633201032553115,2634.361287573358,344.2142771152166,0.9298485106733549,0.5021631504825734
10_130,0.9,42,233,0.07503058177372629,-2.813710798873527,0.16728460775350926,2679.845801068429,432.093251825048,0.9924086261448963,0.5021631504825734
10_130,0.9,42,234,0.0746413115820518,-2.6295962761751452,0.16458429287105242,2632.6592729523163,388.22000335987696,0.9474964456867512,0.5021631504825734
10_130,0.9,42,235,0.07425809523616868,-3.552088290340187,0.15036953874235093,3013.3407126094526,356.23428897499724,1.1467127138065702,0.5021631504825734
10_130,0.9,42,236,0.0738808385879771,-2.5964856933876637,0.14735411488945588,2653.8065220485996,338.2999519314498,0.9382153367864174,0.5021631504825734
10_130,0.9,42,237,0.0735094489535481,-2.828911261716507,0.13713827113625882,2738.220487429202,346.4576870559019,0.988836014582914,0.5021631504825734
10_130,0.9,42,238,0.07314383509035316,-3.259252591403556,0.1574626943847936,2918.470417812288,322.2221056176654,1.0793213470046763,0.5021631504825734
10_130,0.9,42,239,0.07278390717484776,-2.7700627115188725,0.1611068477395829,2712.411131750742,352.0955649228447,0.9767959050055335,0.5021631504825734
10_130,0.9,42,240,0.07242957678040378,-2.828911261716507,0.1282735567714452,2738.220487429202,346.4576870559019,0.988836014582914,0.5021631504825734
10_130,0.9,42,241,0.07208075685558483,-2.693983341149702,0.13586817559889908,2703.802822072649,315.4101621320669,0.9564802249174034,0.5021631504825734
10_130,0.9,42,242,0.0717373617027597,-2.803438743277186,0.20444344896083405,2729.742278915864,344.7298365521497,0.9833678849730838,0.5021631504825734
10_130,0.9,42,243,0.07139930695704806,-1.8024987094899612,0.15106117141708175,2355.105691457938,326.7643724119425,0.7664177250111261,0.5021631504825734
10_130,0.9,42,244,0.0710665095655941,-2.828911261716507,0.12513132016529332,2738.220487429202,346.4576870559019,0.988836014582914,0.5021631504825734
10_130,0.9,42,245,0.07073888776716195,-2.740627613732892,0.1659089311686917,2695.8115087197475,360.5273356644067,0.9710832844051921,0.5021631504825734
10_130,0.9,42,246,0.07041636107204882,-1.8072627819069589,0.15836326013651814,2329.4090075346658,369.39095504532736,0.770073894630527,0.5021631504825734
10_130,0.9,42,247,0.07009885024231037,-3.4579148249707243,0.1530922549954261,2965.9106690170292,376.2570429444649,1.1286701633150205,0.5021631504825734
10_130,0.9,42,248,0.0697862772722936,-3.0218777974589415,0.11795477882345481,2816.616875965794,342.4963424960833,1.0309717661655815,0.5021631504825734
10_130,0.9,42,249,0.0694785653694726,-2.7740716505384677,0.19998584634828148,2680.8403750894545,409.8531406765956,0.9835646144622011,0.5021631504825734
10_130,0.9,42,250,0.06917563893558212,-3.5253027714414955,0.18107646494025906,2991.7968867037985,375.78844966432126,1.1429380290535924,0.5021631504825734
10_130,0.9,42,251,0.06887742354804487,-3.2812129041566642,0.1545326098601688,2928.5384668683478,326.8918205360066,1.0869213045293034,0.5021631504825734
10_130,0.9,42,252,0.06858384594168729,-2.8701422812705832,0.1660630586107097,2773.202800017747,319.5843419174727,0.9970270273899852,0.5021631504825734
10_130,0.9,42,253,0.06829483399074003,-3.406746499714305,0.1363462211150046,2927.1205257636575,409.9188668880759,1.1212203896932234,0.5021631504825734
10_130,0.9,42,254,0.06801031669111803,-3.3309593373547974,0.1643521007320688,2919.8815594549815,362.3077488285867,1.0970521705319178,0.5021631504825734
10_130,0.9,42,255,0.06773022414297643,-3.151831020268953,0.1625848934821597,2869.874286154936,337.0592679206942,1.0584354592258247,0.5021631504825734
10_130,0.9,42,256,0.06745448753353762,-3.117905677850594,0.13298886824449357,2838.061173217392,373.05075990958187,1.0558692751363865,0.5021631504825734
10_130,0.9,42,257,0.06718303912018544,-3.23577756017064,0.15398709392349064,2894.495429243199,346.8612714136101,1.076337245716398,0.5021631504825734
10_130,0.9,42,258,0.0669158122138222,-3.338104804835556,0.13960247577159263,2914.438005881219,387.81725154983883,1.1047917841553543,0.5021631504825734
10_130,0.9,42,259,0.06665274116248465,-2.869126784062021,0.1791937416545915,2730.049907543544,393.4267793422714,1.0041216105127728,0.5021631504825734
10_130,0.9,42,260,0.06639376133521471,-3.0815703542749047,0.12167080932429024,2835.0021526556507,354.1187349656447,1.0461581715151915,0.5021631504825734
10_130,0.9,42,261,0.06613880910618089,-3.4714833307012514,0.15944510726110422,3000.3630967999743,331.05148982248505,1.1288169351022976,0.5021631504825734
10_130,0.9,42,262,0.06588782183904693,-2.8258741086327945,0.1373552563576427,2731.9437688908897,365.52495970050154,0.993387217781301,0.5021631504825734
10_130,0.9,42,263,0.06564073787158327,-3.265414510244131,0.15182329773922185,2914.2258588526,340.32093955863087,1.0845988641871518,0.5021631504825734
10_130,0.9,42,264,0.06539749650051803,-2.842833879700231,0.12889212128100302,2759.2013958697744,322.9868052444534,0.9906407195381897,0.5021631504825734
10_130,0.9,42,265,0.06515803796662348,-3.0762434125563325,0.13599797130288627,2825.6506272009365,366.94591722687835,1.0463537088128212,0.5021631504825734
10_130,0.9,42,266,0.06492230344003448,-2.8749947867981867,0.17184584256745442,2800.4107725756667,274.9402164918232,0.9933626900591283,0.5021631504825734
10_130,0.9,42,267,0.06469023500579518,-2.6189515835322976,0.12718438725366804,2637.084221370233,376.1985050060848,0.9448883273143882,0.5021631504825734
10_130,0.9,42,268,0.06446177564963067,-3.0762434125563325,0.15928968182485356,2825.6506272009365,366.94591722687835,1.0463537088128212,0.5021631504825734
10_130,0.9,42,269,0.06423686924393959,-2.7969220495137783,0.11742090376720875,2706.115282177686,386.17589387056313,0.9876817013855159,0.5021631504825734
10_130,0.9,42,270,0.064015460534005,-3.0762434125563325,0.13771136428235317,2825.6506272009365,366.94591722687835,1.0463537088128212,0.5021631504825734
10_130,0.9,42,271,0.0637974951244193,-3.0762434125563325,0.1480965026518189,2825.6506272009365,366.94591722687835,1.0463537088128212,0.5021631504825734
10_130,0.9,42,272,0.06358291946572056,-2.709166517090759,0.16278853174673952,2641.897095923995,436.6300157304493,0.9731193334312761,0.5021631504825734
10_130,0.9,42,273,0.06337168084123639,-591.2187723580346,0.1438569346276824,152410.21125065873,150253.7413581997,147.9880564580029,0.5021631504825734
10_130,0.9,42,274,0.06316372735413278,-3.117905677850594,0.16922975265161871,2838.061173217392,373.05075990958187,1.0558692751363865,0.5021631504825734
10_130,0.9,42,275,0.06295900791466405,-3.3491180300414154,0.12016946665248607,2921.6001676879196,383.16262020151936,1.1068269086386373,0.5021631504825734
10_130,0.9,42,276,0.06275747222762111,-2.3492224144757,0.10768079887848887,2527.2134853361763,393.1167914541117,0.8906401259593297,0.5021631504825734
10_130,0.9,42,277,0.06255907077997513,-3.0427090595212722,0.16563872178696257,2800.1931536007896,389.98960370158517,1.0418668238507593,0.5021631504825734
10_130,0.9,42,278,0.062363754828713217,-3.036475920960708,0.13404776997452225,2807.7948031736364,371.29097567101405,1.038211835913915,0.5021631504825734
10_130,0.9,42,279,0.06217147638886324,-3.2145113821794356,0.12450188132862845,2875.464045538524,372.22192351701176,1.076420701218597,0.5021631504825734
10_130,0.9,42,280,0.06198218822170495,-3.1358482392532934,0.14272849513502692,2851.925066516206,361.8629395216326,1.0588882488203948,0.5021631504825734
10_130,0.9,42,281,0.06179584382316449,-2.9561741050408097,0.12440674652603209,2728.679544079936,447.96025887124136,1.0264044472020057,0.5021631504825734
10_130,0.9,42,282,0.06161239741238927,-3.162010019992932,0.11595819772257628,2858.054294662482,368.06125213566696,1.0649331503332902,0.5021631504825734
10_130,0.9,42,283,0.06143180392050065,-3.459118699001135,0.15522319466057077,2946.324038544716,405.9227038062293,1.1302628484393398,0.5021631504825734
10_130,0.9,42,284,0.06125401897952138,-2.452842521548966,0.1754731640309249,2551.684773910011,419.9945368715323,0.9156752500812729,0.5021631504825734
10_130,0.9,42,285,0.06107899891147547,-3.5392470865686496,0.13637064274313407,3008.7333650323467,358.44605563790253,1.1450728091340823,0.5021631504825734
10_130,0.9,42,286,0.060906700717657275,-3.296670081194276,0.15683531137264867,2917.9347837983314,351.4578955603801,1.0913785577904889,0.5021631504825734
10_130,0.9,42,287,0.060737082068067785,-3.6837134882282028,0.15995845538484565,3059.0028470270836,362.1865890143611,1.1747456929714304,0.5021631504825734
10_130,0.9,42,288,0.06057010129101494,-3.0390369369554056,0.1363423105506592,2770.911729274748,431.04188261644805,1.042854362639862,0.5021631504825734
10_130,0.9,42,289,0.06040571736287584,-3.1100122383078372,0.18867237139237164,2819.130824292689,392.44344573083913,1.0534868243416065,0.5021631504825734
10_130,0.9,42,290,0.06024388989801807,-3.185062847575333,0.10054388147474877,2854.6339152365463,388.09128291433217,1.0714874636714673,0.5021631504825734
10_130,0.9,42,291,0.06008457913887785,-3.2273711896944604,0.13319366188076012,2877.325898899942,376.0493829636937,1.079078834915535,0.5021631504825734
10_130,0.9,42,292,0.05992774594619241,-3.2273711896944604,0.12058313919462797,2877.325898899942,376.0493829636937,1.079078834915535,0.5021631504825734
10_130,0.9,42,293,0.05977335178938433,-2.7108541916959608,0.12282952623957137,2691.42585641947,348.9746746014747,0.9637497191057496,0.5021631504825734
10_130,0.9,42,294,0.059621358737095426,-3.338956042019462,0.149926797478924,2961.7853119718434,305.2830764557808,1.0963675804643178,0.5021631504825734
10_130,0.9,42,295,0.05947172944786773,-2.9421330165183455,0.14109097345323737,2762.7720133945163,383.986769709827,1.018417776469991,0.5021631504825734
10_130,0.9,42,296,0.059324427160969605,-3.1522156139676354,0.13864086289310348,2853.5817588851337,369.0186594590025,1.0628384258323136,0.5021631504825734
10_130,0.9,42,297,0.05917941568736433,-2.7570017383563616,0.1331394311884366,2686.764807916981,391.61810483175844,0.9791682902628284,0.5021631504825734
10_130,0.9,42,298,0.05903665940081926,-710.1034787309776,0.17773183273884247,182796.68798754006,180308.43409994422,177.67148753841815,0.5021631504825734
10_130,0.9,42,299,0.058896123229153184,-2.535229655096263,0.12620716687074532,2618.608212502108,362.9015228337512,0.9289434512659857,0.5021631504825734
10_130,0.9,42,300,0.05875777264561992,-2.5478388391939357,0.18574221055109624,2632.9184183926145,347.13504129010124,0.9302766604948464,0.5021631504825734
10_130,0.9,42,301,0.05862157366042571,-3.2273711896944604,0.15585641144052217,2877.325898899942,376.0493829636937,1.079078834915535,0.5021631504825734
10_130,0.9,42,302,0.058487492812378764,-3.2273711896944604,0.12405845252335279,2877.325898899942,376.0493829636937,1.079078834915535,0.5021631504825734
10_130,0.9,42,303,0.05835549716066848,-2.974992945123486,0.1381339906821225,2742.6709291871002,437.1565243452071,1.0296570010455186,0.5021631504825734
10_130,0.9,42,304,0.05822555427677263,-3.4259617796884094,0.1469387851490572,2961.8028874897286,358.17064012642993,1.1187303868429266,0.5021631504825734
10_130,0.9,42,305,0.05809763223649032,-3.3413289588141066,0.13850582090905889,2911.9410968396082,391.7221385978656,1.105046848624018,0.5021631504825734
10_130,0.9,42,306,0.057971699612098956,-2.762475216238908,0.1461702885779319,2690.512846732252,381.01980520643224,0.9767834129802182,0.5021631504825734
10_130,0.9,42,307,0.05784772546463305,-3.4883284714375895,0.1447459269655235,2983.7284355166667,368.42775498440096,1.1353181553513172,0.5021631504825734
10_130,0.9,42,308,0.05772567933628324,-3.396319374047202,0.14177114877918967,2952.61182616615,352.04001973079556,1.1110030604908998,0.5021631504825734
10_130,0.9,42,309,0.05760553124291343,-3.356754013091607,0.130596820910359,2935.214870422244,356.1254278680895,1.1030078740981548,0.5021631504825734
10_130,0.9,42,310,0.05748725166669427,-2.4686164271594446,0.1291703404399523,2572.8264303270016,388.4879299132572,0.9141734776151144,0.5021631504825734
10_130,0.9,42,311,0.05737081154885137,-1.6848465813095,0.16217015930783252,2248.920200535872,432.174481260073,0.7516301004017124,0.5021631504825734
10_130,0.9,42,312,0.057256182282526054,-3.27391705973435,0.1305908864048449,2890.523473717717,381.1236392774107,1.0885986357588406,0.5021631504825734
10_130,0.9,42,313,0.057143335705747374,-2.377288624918351,0.14558663421381227,2563.000231841731,347.8930420507285,0.8915248603881742,0.5021631504825734
10_130,0.9,42,314,0.05703224409451321,-2.748382897966982,0.14279309722563707,2734.319921941143,300.2766817724727,0.9671378225897259,0.5021631504825734
10_130,0.9,42,315,0.056922880155979176,-2.912562283987449,0.1733402567363438,2779.2477772375814,331.38281275159494,1.0053917600039335,0.5021631504825734
10_130,0.9,42,316,0.05681521702175326,-2.856044570476294,0.12150384519001207,2759.7814198746037,328.1107977159016,0.9931305134443267,0.5021631504825734
10_130,0.9,42,317,0.05670922824129488,-2.791626234501412,0.15478240060584156,2728.1058409952166,340.9939296743937,0.980874414299091,0.5021631504825734
10_130,0.9,42,318,0.05660488777541653,-3.3357604248755894,0.1799006837356751,2936.107236833272,349.11867583251757,1.1005451413798149,0.5021631504825734
10_130,0.9,42,319,0.056502169989886525,-2.360947230298907,0.14764899426703576,2566.604019565879,329.49008231535197,0.8857607238545253,0.5021631504825734
10_130,0.9,42,320,0.056401049649131195,-3.280500590471357,0.1408885365933274,2906.8426922732933,351.0819216507204,1.0850210918696659,0.5021631504825734
