Config,Weight,Seed,Episode,Epsilon,Reward,Loss,Cost,Delay,ScalarQ,BestScalarQ
10_150,0.1,42,1,1.0,-0.06488884107112028,,2904.691876932784,406.61857845741,0.5595121330385078,0.5595121330385078
10_150,0.1,42,2,0.9852258055592246,-0.023799231068599436,0.24062996760175626,2629.443458416416,416.15918451526437,0.5641288912223943,0.5595121330385078
10_150,0.1,42,3,0.9706813761935793,-0.5835539495759487,0.2504176588182777,2825.1678076220583,472.7354651904801,0.6945846735607616,0.5595121330385078
10_150,0.1,42,4,0.9563631386463322,0.05732561248703577,0.23048424455299327,2784.141273440518,401.68225865978525,0.5422949364829088,0.5422949364829088
10_150,0.1,42,5,0.9422675752312664,-0.3229031879697495,0.23361932662526913,2701.318700267926,439.5044419955536,0.6174581482325285,0.5422949364829088
10_150,0.1,42,6,0.9283912229684601,-0.6575969178468072,0.22207992063460752,2169.9328283620125,493.6680857371664,0.7018199180610282,0.5422949364829088
10_150,0.1,42,7,0.9147306727335057,0.6370914466173273,0.22669526539501303,2821.201938860782,330.99174103642133,0.3951740610823742,0.3951740610823742
10_150,0.1,42,8,0.9012825684199611,-0.05390498328717894,0.21889213770340263,2691.587138974698,414.21572148993687,0.5635309697356518,0.3951740610823742
10_150,0.1,42,9,0.888043606114825,-1.463722998071918,0.21344756491974382,2823.820565950794,578.595440325573,0.9179537005607448,0.3951740610823742
10_150,0.1,42,10,0.8750105332868364,0.5016924492511807,0.21062526566525336,2941.186697967784,347.95615776052574,0.4377477753135104,0.3951740610823742
10_150,0.1,42,11,0.8621801479873967,-0.24168914804580394,0.18115005383787622,3364.0222954188516,422.5920152528285,0.6191297207541788,0.3951740610823742
10_150,0.1,42,12,0.8495492980639193,-0.6257968227689705,0.18595102936243105,2672.3211906493325,485.55871379542725,0.7130325010346711,0.3951740610823742
10_150,0.1,42,13,0.837114880385412,0.2630456083829078,0.19341368337283224,3154.7630696266547,365.58681858506606,0.48700537230634156,0.3951740610823742
10_150,0.1,42,14,0.8248738400801048,0.28062307949884996,0.18140379757763542,2734.138009337842,381.31658366142887,0.4964882167887788,0.3951740610823742
10_150,0.1,42,15,0.8128231697849323,-0.6393467183428236,0.18047485797197382,2692.297845910195,487.22126485306137,0.7176682245113685,0.3951740610823742
10_150,0.1,42,16,0.8009599089066888,0.721354838859433,0.18434538764885994,2921.9228851371176,325.16295845485257,0.38855052241524074,0.38855052241524074
10_150,0.1,42,17,0.7892811428946735,0.06812801514256836,0.1751614557459299,2974.486106858126,395.64504216236196,0.5402853064582935,0.38855052241524074
10_150,0.1,42,18,0.7777840025246476,0.0013164207885215107,0.1704613605652946,3139.4994737785487,394.20936309034033,0.5465599840418041,0.38855052241524074
10_150,0.1,42,19,0.7664656631939266,-0.6497023913950034,0.1765976253932104,3008.076851972468,479.7955431483117,0.7198009865467402,0.38855052241524074
10_150,0.1,42,20,0.7553233442274359,0.4716610395800498,0.16387408020063265,2737.7840361425515,354.9070907674038,0.44094971475881667,0.38855052241524074
10_150,0.1,42,21,0.7443543081945577,-0.21798161708308741,0.1864377318261499,2661.1354796226356,436.36661713247025,0.6085690340465688,0.38855052241524074
10_150,0.1,42,22,0.7335558602366034,-0.25394786393318025,0.1764869801187674,2848.9894226748024,433.99247030330446,0.6141508043121489,0.38855052241524074
10_150,0.1,42,23,0.7229253474047432,-0.4884228620763869,0.16865860620649126,2737.7058525052407,461.36086141243004,0.6656436633298,0.38855052241524074
10_150,0.1,42,24,0.7124601580082336,-0.2214883855981361,0.17599014082728387,3277.7749485717727,422.37818351683563,0.6138149127163441,0.38855052241524074
10_150,0.1,42,25,0.7021577209727804,-0.4789211819871947,0.17310139178137254,2821.4659296695486,460.0020794616682,0.6674988050058654,0.38855052241524074
10_150,0.1,42,26,0.6920155052088806,0.4439315719051228,0.17233897809609472,2936.894267685462,353.8096156988006,0.44986097120906954,0.38855052241524074
10_150,0.1,42,27,0.6820310189899872,-0.10966037388607425,0.15945180833309178,2777.393949569129,420.32729375778143,0.5812696506790169,0.38855052241524074
10_150,0.1,42,28,0.6722018093403456,0.33387956932112295,0.1622007822678048,2764.7000769519145,370.4761408596027,0.4753300294197958,0.38855052241524074
10_150,0.1,42,29,0.6625254614323491,-0.13559989223520613,0.16247150194740506,3042.161846552275,417.3797126674451,0.5899781923627174,0.38855052241524074
10_150,0.1,42,30,0.6529995979932678,0.6653093661852991,0.15767030751972516,2838.1943600139825,330.46589166881876,0.39502231653553144,0.38855052241524074
10_150,0.1,42,31,0.6436218787212026,-1.043574734524051,0.15217477564941745,2938.960784450924,530.1760576127195,0.822244726396297,0.38855052241524074
10_150,0.1,42,32,0.634389999710123,0.36228707548279004,0.1555738742928019,3179.2688563674174,363.51832765673527,0.4840211580166566,0.38855052241524074
10_150,0.1,42,33,0.6253016928838472,0.44367515181972084,0.14955039694779657,2408.837671117969,363.26551731813714,0.4400431655714196,0.38855052241524074
10_150,0.1,42,34,0.6163547254388225,0.10688870826796307,0.15304012243144438,2287.261280856409,410.25384038439415,0.5323685826377008,0.38855052241524074
10_150,0.1,42,35,0.607546899295575,-0.9741334271803906,0.13743648851028759,2840.6379174530357,522.7548625649167,0.8010359696621068,0.38855052241524074
10_150,0.1,42,36,0.5988760505586863,-0.2803419638740603,0.14492114151534113,2925.723760638677,435.0135341008154,0.6206330499111204,0.38855052241524074
10_150,0.1,42,37,0.5903400489851716,-0.1910180285334832,0.13588126053246014,3660.82240350965,406.060942924008,0.6009730591695699,0.38855052241524074
10_150,0.1,42,38,0.581936797461124,-0.22364976931070893,0.1398568912608858,2627.7634428819074,432.6327347110638,0.5988058659319367,0.38855052241524074
10_150,0.1,42,39,0.5736642314864987,-0.2701255329280152,0.14705532701658755,2737.002751706004,437.8920139859993,0.6160669120994212,0.38855052241524074
10_150,0.1,42,40,0.5655203186679085,-1.798982050534962,0.13894190539854448,2682.101480184763,623.909863071826,1.0056100756249289,0.38855052241524074
10_150,0.1,42,41,0.5575030582193081,-1.3712424635370402,0.15781026542995874,2591.5462154647466,575.7578059089404,0.898866258384175,0.38855052241524074
10_150,0.1,42,42,0.5496104804704447,-0.6112249991175022,0.1579971731482766,2676.575678360837,481.92705258672356,0.7056068451592279,0.38855052241524074
10_150,0.1,42,43,0.5418406463829504,0.08910119854139503,0.1607730506381631,2644.2185519058885,403.7434499353543,0.5387554185628617,0.38855052241524074
10_150,0.1,42,44,0.5341916470739625,-1386.9052000828228,0.15802183683892307,162766.36468474488,160336.67816070563,347.1480283743954,0.38855052241524074
10_150,0.1,42,45,0.5266616033471518,-0.6230820859190305,0.15948961511595122,2672.7212842981226,477.8888865679778,0.6968658979299328,0.38855052241524074
10_150,0.1,42,46,0.519248665231044,-1473.6212420125994,0.18914379301730302,172919.15359343975,170340.3298424885,368.83584841013453,0.38855052241524074
10_150,0.1,42,47,0.5119510115245198,-1906.5250935055979,0.17519686687342978,222486.3749540466,220289.7310524896,477.0621247287623,0.38855052241524074
10_150,0.1,42,48,0.504766849349387,-1.3828120684675593,0.1669960329761932,2862.0909858919063,566.386962494149,0.8943425911651326,0.38855052241524074
10_150,0.1,42,49,0.49769441370990625,-1.4328759779958333,0.18610272674664657,2728.0346607565007,579.5055975150138,0.9144734870652156,0.38855052241524074
10_150,0.1,42,50,0.4907319670591703,-0.21378945707529676,0.19295942199532373,3019.438569212519,431.6161701038496,0.6187465783674191,0.38855052241524074
10_150,0.1,42,51,0.4838777988722253,-0.7132747680391326,0.18480451029365236,3136.426091439349,481.3607394886241,0.7303423132801536,0.38855052241524074
10_150,0.1,42,52,0.47713022522583176,-0.5268566777548493,0.1757817231457055,2537.6591559280505,479.77027978222736,0.6932209567690291,0.38855052241524074
10_150,0.1,42,53,0.47048758838475946,-0.2987109043417546,0.13043448920281436,2907.160207458324,435.790041720226,0.6212252782237029,0.38855052241524074
10_150,0.1,42,54,0.4639482563945182,-0.47873981466899596,0.22409280480757593,2942.891504521185,464.52830448818537,0.6838997292940989,0.38855052241524074
10_150,0.1,42,55,0.4575106226804207,-0.5499575507738663,0.16422912837667397,3047.300338016481,469.7919570961491,0.7008976175441113,0.38855052241524074
10_150,0.1,42,56,0.45117310565288166,0.007538885589712496,0.16744954014833927,2661.907623236453,408.2365263309975,0.5492367054729151,0.38855052241524074
10_150,0.1,42,57,0.44493414831885486,-0.27847435111517704,0.15748413148704543,2451.312435448028,452.229611631058,0.6302201527772633,0.38855052241524074
10_150,0.1,42,58,0.438792217899313,0.05665362667941301,0.15838114592558994,2794.10615965556,403.01415923804944,0.5456681756796857,0.38855052241524074
10_150,0.1,42,59,0.43274580545267627,-0.5850723026590636,0.16491094617784927,3129.9356178723356,469.3571799239017,0.7046396845512355,0.38855052241524074
10_150,0.1,42,60,0.4267934255040983,-0.2842557549838336,0.17075407078698784,2638.274111123562,448.19673538798077,0.632250428726566,0.38855052241524074
10_150,0.1,42,61,0.42093361568051574,-1.2142119484586082,0.16227971562554658,2979.948006501053,548.6351583196894,0.8635187136481804,0.38855052241524074
10_150,0.1,42,62,0.4151649363513749,-1.3749430709444082,0.13728790520348463,2799.989327531367,572.6427211702999,0.9040451032921868,0.38855052241524074
10_150,0.1,42,63,0.40948597027494477,-0.1549985256518819,0.1651235588399168,2822.296591218944,426.2817750365481,0.5963701771211323,0.38855052241524074
10_150,0.1,42,64,0.4038953222501312,-0.4372804975108489,0.1865986916709807,2790.813293297798,455.4180756789967,0.6560945808809613,0.38855052241524074
10_150,0.1,42,65,0.3983916187737056,-0.3128030070906783,0.20194902425037697,2659.414148419585,450.6878561545056,0.638700666718405,0.38855052241524074
10_150,0.1,42,66,0.3929735077028642,-0.5445118819548733,0.1556623806193747,2683.370058651046,472.73266225535747,0.6865828270872282,0.38855052241524074
10_150,0.1,42,67,0.38763965792303584,-1.053450101123605,0.14546107327496002,3137.8336007756425,520.8848374389187,0.8138475659368397,0.38855052241524074
10_150,0.1,42,68,0.38238875902085495,-0.7980679688824514,0.1381197910840529,2662.140509069204,513.6054944751021,0.7716584374626773,0.38855052241524074
10_150,0.1,42,69,0.37721952096222106,-1.1516671855227503,0.14240877301888952,2791.1565408616375,548.0854304053179,0.8517124790262154,0.38855052241524074
10_150,0.1,42,70,0.372130673775365,-0.017819792809528723,0.16409190034815163,3009.5147851064226,410.8257236511513,0.5743033372746102,0.38855052241524074
10_150,0.1,42,71,0.3671209672388437,-0.09978642335824428,0.12997971845272832,2775.0729746142206,420.836703366707,0.5822140130453584,0.38855052241524074
10_150,0.1,42,72,0.3621891705743874,-1.1693895946478838,0.11934124971513634,3070.0525377127237,542.0561241412571,0.8547129176630937,0.38855052241524074
10_150,0.1,42,73,0.35733407214452373,-0.7592772957292416,0.14957531076899255,2985.6817851716846,490.8125997378393,0.741792497817249,0.38855052241524074
10_150,0.1,42,74,0.35255447915490423,-1.6190009103707874,0.1560901202941909,3134.883693211093,590.0240589916696,0.9596175225268648,0.38855052241524074
10_150,0.1,42,75,0.3478492173612599,0.4672473707555115,0.16725585484937375,3082.172661504638,352.4043364079139,0.45508696655141745,0.38855052241524074
10_150,0.1,42,76,0.3432171307809146,-0.6524882310054759,0.15831120119133407,2469.3574544386906,497.90553289033323,0.7276486116927836,0.38855052241524074
10_150,0.1,42,77,0.3386570814087846,-0.9601572223940864,0.16922214021806617,2767.1049948109503,524.1561162484892,0.7998471816234255,0.38855052241524074
10_150,0.1,42,78,0.3341679489377949,-0.8047516769058216,0.11140245067288526,2919.40032389702,502.8451425965264,0.7634527169674141,0.38855052241524074
10_150,0.1,42,79,0.32974863048364406,0.2633430214455678,0.13196789841104942,3120.818155395295,375.8971486170576,0.5068538612139831,0.38855052241524074
10_150,0.1,42,80,0.3253980403138483,0.8166958171955717,0.15135896715256797,2479.9360928370797,329.07402582431246,0.37188235162428607,0.37188235162428607
10_150,0.1,42,81,0.32111510958100054,-1906.047049236647,0.1264207394724581,222374.7713664108,220238.6694075882,476.948052561943,0.37188235162428607
10_150,0.1,42,82,0.3168987860601775,-0.9028420346413765,0.1483465252729078,3014.474568864889,505.56707779481286,0.7745592753735071,0.37188235162428607
10_150,0.1,42,83,0.31274803389043004,0.9659077332230066,0.1711159991159504,2930.8997530673346,299.0452976091766,0.33392861223230164,0.33392861223230164
10_150,0.1,42,84,0.30866183332029457,-0.2059092906515878,0.17445063324891832,3016.590606992835,433.5748916619014,0.6227203737294774,0.33392861223230164
10_150,0.1,42,85,0.3046391804572615,-0.06069081737255477,0.13230369777233858,3083.914910269181,415.1663575041084,0.5876607729308977,0.33392861223230164
10_150,0.1,42,86,0.3006790870211401,-0.34622971607884095,0.21384572880238525,2741.9850837213653,452.83982192609375,0.6478990988050333,0.33392861223230164
10_150,0.1,42,87,0.29678058010125963,0.4867057888872036,0.15187685442706841,2944.812597098522,350.11980774794586,0.44251918439116816,0.33392861223230164
10_150,0.1,42,88,0.2929427019174456,0.2786518333467545,0.14611073942047437,2861.05251980934,380.0640804346646,0.501001152165812,0.33392861223230164
10_150,0.1,42,89,0.28916450958471324,0.4168539527413056,0.14242966740376434,2999.3861069174554,357.7742700083904,0.46175329982542446,0.33392861223230164
10_150,0.1,42,90,0.28544507488162135,-0.11262429026184101,0.16574770787670265,2456.18105511012,437.4440654917986,0.5992859538297068,0.33392861223230164
10_150,0.1,42,91,0.28178348402222775,-0.8243424772717172,0.18824301888515516,2839.045414988652,507.7959588807096,0.7693715139186845,0.33392861223230164
10_150,0.1,42,92,0.27817883743159105,-1907.0004199814896,0.14535847486955927,222622.47669540578,220346.27057507768,477.18914082363085,0.33392861223230164
10_150,0.1,42,93,0.27463024952476534,-0.41282336671987957,0.142611909704098,2788.266658772828,458.61662700389013,0.6627023510529498,0.33392861223230164
10_150,0.1,42,94,0.27113684848922975,0.45946354850677695,0.1539238663638947,2690.2125551180743,369.7884286898021,0.46967810634113827,0.33392861223230164
10_150,0.1,42,95,0.2676977760707032,-1906.8483833137598,0.12232514416128779,222632.6906135697,220332.9058221321,477.16150699776597,0.33392861223230164
10_150,0.1,42,96,0.2643121873622896,-0.452670139141833,0.15132747170501273,2999.204691381225,464.6917987732169,0.6874203092555702,0.33392861223230164
10_150,0.1,42,97,0.2609792505969018,0.33000642514270073,0.1475513595077626,2952.1846160711284,372.1878052167103,0.48951513579577277,0.33392861223230164
10_150,0.1,42,98,0.25769814694291476,-0.7124448708619484,0.1451175178786563,2746.508296310383,499.7746829717869,0.7472223870415171,0.33392861223230164
10_150,0.1,42,99,0.25446807030299534,-0.02079283374732782,0.1542033877278593,3135.469202868302,408.8571884803247,0.5772507617658559,0.33392861223230164
10_150,0.1,42,100,0.2512882271160621,0.12547096090468823,0.1335084738036469,2629.8986897489776,401.78087252096367,0.5338053962348901,0.33392861223230164
10_150,0.1,42,101,0.2481578361623234,-1906.3574184104257,0.13203121933248224,222831.49685139605,220269.0533893947,477.0379404597833,0.33392861223230164
10_150,0.1,42,102,0.2450761283713493,-1906.6432294087613,0.14974966052571803,222535.02452505834,220309.20875884363,477.10598082546625,0.33392861223230164
10_150,0.1,42,103,0.24204234663312607,0.028904788864675013,0.14986762010954968,2793.809100281282,407.1868691121938,0.554459013548299,0.33392861223230164
10_150,0.1,42,104,0.23905574561205173,-1906.3421727454192,0.158335947477735,222583.20003189752,220270.18979322547,477.02633775649053,0.33392861223230164
10_150,0.1,42,105,0.23611559156382206,0.038535469145802276,0.18659163750984692,3003.324943655906,405.01765108996574,0.5616948470332854,0.33392861223230164
10_150,0.1,42,106,0.2332211621551653,-0.675883321733221,0.1601876667872922,2697.4968860043873,497.1993732049833,0.7390227883824768,0.33392861223230164
10_150,0.1,42,107,0.23037174628638085,0.16900940563837863,0.19797334381750084,3089.329207351736,385.1745757900528,0.524660631273357,0.33392861223230164
10_150,0.1,42,108,0.2275666439166364,-1907.1189126239462,0.18236955761714654,222616.97679232803,220362.2281093086,477.2225132102512,0.33392861223230164
10_150,0.1,42,109,0.2248051658919834,-0.9880497534770862,0.18800399285465863,2843.422893222456,526.1668661814128,0.8083949342016126,0.33392861223230164
10_150,0.1,42,110,0.22208663377604637,-0.8456838332948207,0.1381103549663186,2827.276016747287,514.4070547085439,0.7826622776854579,0.33392861223230164
10_150,0.1,42,111,0.21941037968334542,0.3238732319392783,0.13697772027136654,3124.14741627748,369.9642691579453,0.4945187127343993,0.33392861223230164
10_150,0.1,42,112,0.21677574611521144,-1906.3875282963068,0.14735937897451343,222270.3911704235,220285.44469813383,477.0408980064415,0.33392861223230164
10_150,0.1,42,113,0.21418208579825188,-0.5013664561561666,0.14435188449029954,2675.4867438304595,475.43118883286485,0.6918342313288726,0.33392861223230164
10_150,0.1,42,114,0.21162876152533033,0.2291425551822871,0.17810070337793427,2608.7597372635673,390.1099314074722,0.507978822130499,0.33392861223230164
10_150,0.1,42,115,0.20911514599901782,-0.22534768869430766,0.13990429730556805,2813.1516589913244,444.88177593410455,0.6351146345540757,0.33392861223230164
10_150,0.1,42,116,0.20664062167747893,0.09071085598188233,0.11114937267339516,2769.308116529668,398.71969293092246,0.5352052343255582,0.33392861223230164
10_150,0.1,42,117,0.20420458062275576,0.015611901695166575,0.13757191102406732,3274.1387426386864,404.6549415981078,0.5762003587033815,0.33392861223230164
10_150,0.1,42,118,0.2018064243514096,-1906.143579560162,0.1856560511444775,222252.7473656569,220259.97871260007,476.98615049511653,0.33392861223230164
10_150,0.1,42,119,0.1994455636874869,-1.4382240377021833,0.2059721911138201,2564.9241353339203,592.7783451518528,0.9332913205540458,0.33392861223230164
10_150,0.1,42,120,0.19712141861777083,-0.7664345045248557,0.1410846735455456,2712.2842380063476,507.5140925037031,0.761628539035647,0.33392861223230164
10_150,0.1,42,121,0.19483341814928484,-1906.1478111599276,0.1226415688229898,222581.81377765356,220250.31046065953,476.9842990867192,0.33392861223230164
10_150,0.1,42,122,0.19258100016901147,-1906.504999219357,0.19932616106390844,222556.43431701174,220293.42417374096,477.07387064653625,0.33392861223230164
10_150,0.1,42,123,0.19036361130579338,-1906.78625210128,0.22528340984513057,222333.00341539094,220332.63946762343,477.1440455211524,0.33392861223230164
10_150,0.1,42,124,0.18818070679438154,-1906.600342529334,0.1710328291600449,222686.16441548883,220303.1897050917,477.1017987783207,0.33392861223230164
10_150,0.1,42,125,0.1860317503415984,-0.14905549813534263,0.17102318555826648,3218.3255027922987,419.11228973064374,0.6035690594418069,0.33392861223230164
10_150,0.1,42,126,0.1839162139945818,-0.5369779942749809,0.11771109148915948,2866.002035932873,478.38090210394796,0.7088034649893216,0.33392861223230164
10_150,0.1,42,127,0.18183357801107813,-0.4798132580170825,0.12019076615968807,3066.083096967721,463.7203534637698,0.6891410734945064,0.33392861223230164
10_150,0.1,42,128,0.17978333073175307,-0.1576167134440527,0.18317850423337814,3109.228503535208,427.0191430694455,0.6141065836956167,0.33392861223230164
10_150,0.1,42,129,0.17776496845448742,-0.11966963964848887,0.15083750982548463,3060.6936337051297,422.842329132899,0.6025534661159803,0.33392861223230164
10_150,0.1,42,130,0.17577799531062827,-0.7240402909836431,0.23281675505229807,2634.736750574172,498.65433783163525,0.7385548453108072,0.33392861223230164
10_150,0.1,42,131,0.1738219231431649,0.24411699686021476,0.1976067889405107,3171.064827391968,375.79055859153965,0.5094622691736783,0.33392861223230164
10_150,0.1,42,132,0.17189627138679878,-1.6826239694929859,0.14089284775367367,3003.6928702679575,608.1050325157994,0.990384308639024,0.33392861223230164
10_150,0.1,42,133,0.1700005669498786,-0.8736595303787549,0.19895635145816404,3179.62678329488,503.1901592956679,0.7788550520227838,0.33392861223230164
10_150,0.1,42,134,0.16813434409817252,-0.4153472274564676,0.18579100842416774,3180.667357456327,450.8669216150582,0.6684719342754053,0.33392861223230164
10_150,0.1,42,135,0.16629714434044632,-0.5555944127651644,0.19209422385716304,3246.0323259460583,469.1032375705207,0.7106503297928629,0.33392861223230164
10_150,0.1,42,136,0.16448851631582245,-0.6589369673199309,0.1645078414996774,2951.707360648062,488.2825137352238,0.7345362865345042,0.33392861223230164
10_150,0.1,42,137,0.16270801568288995,0.3840628065950823,0.21213272228656582,2593.9923241454026,377.8001262162398,0.48116304839375656,0.33392861223230164
10_150,0.1,42,138,0.16095520501053945,0.19948665348058214,0.19178013518744536,3163.6804164688274,378.2873201454659,0.5143159289137316,0.33392861223230164
10_150,0.1,42,139,0.1592296536704954,0.26789870941469235,0.1572362735631711,2908.4460858323373,373.96329342983165,0.4907963633703088,0.33392861223230164
10_150,0.1,42,140,0.15753093773152022,-0.6176153836974092,0.19839169819957278,2544.951641773406,493.14153673174286,0.7218556916018946,0.33392861223230164
10_150,0.1,42,141,0.15585863985526294,0.013247430689486639,0.12750110184424393,3049.252480840485,408.62831553890254,0.5719059322776164,0.33392861223230164
10_150,0.1,42,142,0.15421234919372853,-0.21770926975744664,0.1429146936778494,2922.5321534930013,436.36152345720024,0.6232983581633436,0.33392861223230164
10_150,0.1,42,143,0.152591661288341,-0.5073404971315069,0.17826443747069184,2695.7841480897937,478.92318104453153,0.700349552888327,0.33392861223230164
10_150,0.1,42,144,0.15099617797057668,0.37341172064130956,0.17597643852163242,2744.575182433218,377.53735695263947,0.48909972523381406,0.33392861223230164
10_150,0.1,42,145,0.14942550726414244,0.2160837140035795,0.10790524738841656,2924.7480012909496,386.4357415668451,0.5180419674267069,0.33392861223230164
10_150,0.1,42,146,0.14787926328867598,-1.024126684930498,0.154000816944325,3228.6855119836973,525.2491907307538,0.8281827786391499,0.33392861223230164
10_150,0.1,42,147,0.1463570661649425,-0.10510644675070113,0.200488481077209,3200.4305937859413,416.7786625950302,0.5976342444573823,0.33392861223230164
10_150,0.1,42,148,0.1448585419215072,0.02606686364990618,0.14272905567924948,3142.1487104112553,402.32272108705814,0.5638347249067661,0.33392861223230164
10_150,0.1,42,149,0.14338332240285795,0.5316428077173544,0.14595201284659423,3104.0001513972693,346.489437453459,0.4438328798758531,0.33392861223230164
10_150,0.1,42,150,0.1419310451789575,0.2519014265026271,0.16982391106275402,3125.617372776697,375.26136970818715,0.5057825108938206,0.33392861223230164
10_150,0.1,42,151,0.14050135345620207,0.22946144665680343,0.12252530894424718,3108.3986008114807,379.85023088714155,0.514497534263401,0.33392861223230164
10_150,0.1,42,152,0.13909389598976496,0.29262844416076106,0.1911850116882361,3044.8938875178533,371.6656175415105,0.4936407694075354,0.33392861223230164
10_150,0.1,42,153,0.13770832699730284,0.33444394384744724,0.1771105316106006,3371.181516039842,356.249015197252,0.4794992783867926,0.33392861223230164
10_150,0.1,42,154,0.13634430607400466,-0.25170238904698206,0.16582857458016434,2790.604272654611,446.8299917275466,0.6379554104825804,0.33392861223230164
10_150,0.1,42,155,0.13500149810896128,-0.27285590302991525,0.1449767141392288,3256.9179727152314,436.0399998712584,0.6414756094797937,0.33392861223230164
10_150,0.1,42,156,0.13367957320283602,-0.12303209663146975,0.14351363453158503,3018.090688620378,425.15503238548143,0.6050326609761575,0.33392861223230164
10_150,0.1,42,157,0.13237820658681518,-0.035777466772748734,0.11985231490868106,2684.5445257421834,422.506834359919,0.5806343881268619,0.33392861223230164
10_150,0.1,42,158,0.13109707854281938,0.4756700718020376,0.17824695092278697,3098.6327341663196,350.1827442979518,0.45132589714832366,0.33392861223230164
10_150,0.1,42,159,0.12983587432495577,0.34387533302879336,0.13346121108119974,3090.468461500047,367.90928477087823,0.4882819883669979,0.33392861223230164
10_150,0.1,42,160,0.12859428408219134,0.23440141949630966,0.12918867265165374,2924.551755567243,385.5281402333099,0.5161151726324718,0.33392861223230164
10_150,0.1,42,161,0.1273720027822294,-1906.491741881962,0.11670874349964229,222475.0112850948,220296.068251811,477.0748602416946,0.33392861223230164
10_150,0.1,42,162,0.12616873013656954,0.104780062573271,0.17363779860393613,2862.8927447016554,401.4073763288292,0.5461554963833553,0.33392861223230164
10_150,0.1,42,163,0.12498417052673307,0.44273801981289573,0.12339201765791388,2740.2504291594664,365.580897895671,0.46361863865239644,0.33392861223230164
10_150,0.1,42,164,0.12381803293163596,-0.09174819340994386,0.17154917794370275,3264.667234239889,407.5798158477693,0.5818399708170183,0.33392861223230164
10_150,0.1,42,165,0.12267003085609117,-0.6211131049998461,0.17934261326975065,3076.585309685141,481.0695343869599,0.7263532464809689,0.33392861223230164
10_150,0.1,42,166,0.1215398822604227,-0.17275204729103916,0.17075182213654103,2766.8139989360143,435.76939798828715,0.6132676260166154,0.33392861223230164
10_150,0.1,42,167,0.1204273094911746,-0.023410891469815676,0.17933775438973293,3223.6747008832685,408.58537692596207,0.5816509129127028,0.33392861223230164
10_150,0.1,42,168,0.11933203921289748,-0.3969470406237704,0.1342353781230321,2747.161501972821,461.24700574193815,0.6659365424170252,0.33392861223230164
10_150,0.1,42,169,0.11825380234099556,0.19363125439938722,0.15009103438230081,2890.7331487489614,389.26638587513474,0.5220986913503114,0.33392861223230164
10_150,0.1,42,170,0.11719233397561858,-0.20997775222064996,0.16695522496620635,2993.2338819692027,435.34568759852317,0.62514102057481,0.33392861223230164
10_150,0.1,42,171,0.11614737333658141,-1906.5008567471148,0.18326167309926902,222703.10117692378,220286.13883780266,477.06676354887173,0.33392861223230164
10_150,0.1,42,172,0.11511866369929591,0.4888270739347895,0.1410395441844749,2972.604218634188,353.7663179844734,0.4517832529499773,0.33392861223230164
10_150,0.1,42,173,0.11410595233169919,-0.0009417832387071945,0.13837012118652572,2936.16743416104,411.5871552522492,0.5717745027279907,0.33392861223230164
10_150,0.1,42,174,0.11310899043216277,0.3154426717223511,0.13164144011332374,2981.0205924803117,371.78696375139117,0.49029510725397996,0.33392861223230164
10_150,0.1,42,175,0.1121275330683672,0.6975198453406456,0.1512699973273984,3055.058324713237,325.1743373504794,0.39608200579987074,0.33392861223230164
10_150,0.1,42,176,0.11116133911712744,-0.06951143182438935,0.13626691493141596,2890.9091015360063,421.2401477097475,0.5895975497194423,0.33392861223230164
10_150,0.1,42,177,0.1102101712051541,-0.1715416490313264,0.17276492628770615,2724.4945799447905,441.61450847890796,0.6232188726055334,0.33392861223230164
10_150,0.1,42,178,0.10927379565073586,0.31577375745967085,0.1815295457891337,3103.9064255006433,368.84396922021745,0.49101264541717327,0.33392861223230164
10_150,0.1,42,179,0.10835198240632873,0.44099056604904985,0.15201277379758854,3135.5372858327546,356.8360898374572,0.4674505485329864,0.33392861223230164
10_150,0.1,42,180,0.1074445050020384,-0.3008598476413815,0.13300999886773673,2769.4655482882454,449.77372982844656,0.6429769290453775,0.33392861223230164
10_150,0.1,42,181,0.10655114048998136,-0.05873132499661704,0.14950847508202453,3202.7292539628706,402.30856353506624,0.5672209593748985,0.33392861223230164
10_150,0.1,42,182,0.10567166938951125,0.2557045751462905,0.1106521017358654,2896.5824850742833,379.0254110684035,0.5008122939366948,0.33392861223230164
10_150,0.1,42,183,0.10480587563329734,0.37384274311166416,0.13188536204416704,3035.5172093268357,365.1758430261093,0.4794136652580449,0.33392861223230164
10_150,0.1,42,184,0.10395354651424124,0.20411417285169386,0.13161036637640983,2912.2387051387955,388.1926001916917,0.5210448790304678,0.33392861223230164
10_150,0.1,42,185,0.10311447263321932,0.18053863453114316,0.1480379190652094,2970.332475403153,389.02896421479556,0.5260861320316581,0.33392861223230164
10_150,0.1,42,186,0.10228844784763778,0.12178120577497376,0.1096075001756783,3089.1300460703915,394.6286312529323,0.5446046424204419,0.33392861223230164
10_150,0.1,42,187,0.10147526922078795,0.23177089448641786,0.14210084004005755,2792.5779538551146,390.57770334279263,0.5193316274143565,0.33392861223230164
10_150,0.1,42,188,0.10067473697198882,0.8415600106829878,0.15130081255972597,3131.5693386439266,310.0582099688797,0.36848992112063195,0.33392861223230164
10_150,0.1,42,189,0.09988665442750533,0.3558649324780535,0.15832635984920615,3270.7062403181726,358.53252886387037,0.47865345864383163,0.33392861223230164
10_150,0.1,42,190,0.09911082797222981,0.4523435006693517,0.15244893993255132,3056.999758951608,349.855525761422,0.44828754707605334,0.33392861223230164
10_150,0.1,42,191,0.09834706700211487,0.29291749257023003,0.12156877494393106,2857.124207635551,378.47837578428044,0.49743259399247464,0.33392861223230164
10_150,0.1,42,192,0.09759518387734595,0.10313959816545148,0.12156806160976785,3039.5677490962535,395.6275150224018,0.5439182440642575,0.33392861223230164
10_150,0.1,42,193,0.09685499387624241,0.2179706030328067,0.12510855489978173,3249.196896698166,378.6844571893004,0.5199764371198645,0.33392861223230164
10_150,0.1,42,194,0.09612631514987509,0.4400923758281836,0.121641222434656,3394.4244419033416,348.0638358939516,0.46353299082504507,0.33392861223230164
10_150,0.1,42,195,0.09540896867739013,0.23440141949630966,0.145363473572183,2924.551755567243,385.5281402333099,0.5161151726324718,0.33392861223230164
10_150,0.1,42,196,0.0947027782220271,0.39403044655118147,0.13089982919041013,2888.904965589447,368.72669019617194,0.47864123332529107,0.33392861223230164
10_150,0.1,42,197,0.09400757028782174,-1906.4047752878882,0.12104047408875049,222647.6538057515,220279.42635954308,477.0494684587904,0.33392861223230164
10_150,0.1,42,198,0.09332317407698135,0.1848818348797151,0.09623616772222061,2998.3586102736426,388.19221110994295,0.5259003319445151,0.33392861223230164
10_150,0.1,42,199,0.09264942144792357,-0.14960030014785808,0.1781231350305384,2907.156588689775,431.61643990840446,0.6124156025435137,0.33392861223230164
10_150,0.1,42,200,0.09198614687396757,0.24790838509947,0.15057372343571718,2894.18440722335,383.9841119492429,0.5111436943895764,0.33392861223230164
10_150,0.1,42,201,0.0913331874026676,-0.2628210687905421,0.12938817940972233,2820.055740147751,446.57828711742917,0.6390848813914912,0.33392861223230164
10_150,0.1,42,202,0.09069038261577916,-0.12170272180216413,0.09328027497598985,2940.4517994968323,425.92869637442965,0.6022876475855732,0.33392861223230164
10_150,0.1,42,203,0.09005757458984752,0.7267988634184536,0.1487364304231626,2850.5924115687762,329.86977525442535,0.3944631800729884,0.33392861223230164
10_150,0.1,42,204,0.08943460785740934,0.032278627210456046,0.17507340257239842,2806.872540811452,411.2795934921361,0.563834415595576,0.33392861223230164
10_150,0.1,42,205,0.08882132936879764,0.283254948380224,0.12004757050171629,3033.348700047122,375.11278219905705,0.5002658770987997,0.33392861223230164
10_150,0.1,42,206,0.08821758845454078,0.14332270655179957,0.08054114995634873,3053.6715994971014,391.9015498291683,0.5368489375559058,0.33392861223230164
10_150,0.1,42,207,0.08762323678834613,-0.18427605068672426,0.15043536463820523,2904.483308689192,436.2941528456662,0.6221383863320764,0.33392861223230164
10_150,0.1,42,208,0.08703812835065944,0.1560694254462821,0.12384780578700802,3029.0424564012815,392.438228573928,0.5365929079870839,0.33392861223230164
10_150,0.1,42,209,0.08646211939279098,0.4065717745345896,0.11454198986959767,3032.317962505944,361.20277973246374,0.47084707780002727,0.33392861223230164
10_150,0.1,42,210,0.08589506840159955,0.37537980785970104,0.11764760223015262,2924.825491974194,369.95205816385106,0.4832532380803236,0.33392861223230164
10_150,0.1,42,211,0.08533683606472567,-0.29292141174482444,0.08620537880806414,2906.75796436425,447.799246056255,0.64655114360065,0.33392861223230164
10_150,0.1,42,212,0.08478728523636561,0.08557073620888234,0.09714941853200557,2940.100742485196,400.32915749330584,0.548233369770118,0.33392861223230164
10_150,0.1,42,213,0.08424628090357741,-0.38459846573325385,0.1416920992439327,2910.0421725372526,460.02868980134326,0.672549759324478,0.33392861223230164
10_150,0.1,42,214,0.08371369015311121,-0.23448029867167286,0.15484098626843118,2636.089520274809,446.1859573681456,0.62788297059552,0.33392861223230164
10_150,0.1,42,215,0.08318938213875532,-0.3794302952926918,0.17251657243262683,2865.6455455648443,455.23859504423245,0.6599355073447597,0.33392861223230164
10_150,0.1,42,216,0.08267322804918986,0.3261217754637465,0.13528823420179725,2757.5381121682026,374.0235398231165,0.482413876210272,0.33392861223230164
10_150,0.1,42,217,0.08216510107634088,1.0093713443138908,0.13057829322605635,2878.2575821955525,293.47843336982925,0.3192098227178394,0.3192098227178394
10_150,0.1,42,218,0.08166487638422609,0.15005213469152134,0.12295487129583646,2989.8653779190754,390.05835760288977,0.5293603885705109,0.3192098227178394
10_150,0.1,42,219,0.08117243107828538,0.2734972152452414,0.1204934299598007,2916.5381494324383,379.1243798415258,0.5021464868531336,0.3192098227178394
10_150,0.1,42,220,0.08068764417518824,-0.22393533151812728,0.1595266520725071,2788.7043793379385,439.8087655425318,0.6230281529557404,0.3192098227178394
10_150,0.1,42,221,0.08021039657311081,0.2473265886818785,0.09022005895617874,2990.0827056043786,379.92764617242875,0.5079891434939743,0.3192098227178394
10_150,0.1,42,222,0.07974057102247495,0.07669128136528591,0.10938278711062188,2855.1594927986803,403.44972248633866,0.5500303232642989,0.3192098227178394
10_150,0.1,42,223,0.0792780520971426,0.4137691499592312,0.1170567531570597,2947.3824941685452,361.7192478850328,0.4671477339438669,0.3192098227178394
10_150,0.1,42,224,0.07882272616605801,-0.21466527961311554,0.13799707410182283,2735.849726417909,441.67475832807787,0.6239863586880235,0.3192098227178394
10_150,0.1,42,225,0.0783744813653311,0.6294555448135108,0.09393992136847894,2974.3116107085325,336.5580004258937,0.4155569044610662,0.3192098227178394
10_150,0.1,42,226,0.07793320757075473,0.35025382556777607,0.12168907767312272,3014.6371691138934,368.49102739991514,0.4852338048607352,0.3192098227178394
10_150,0.1,42,227,0.07749879637074959,-0.25842304110382186,0.08204438367992606,2928.745952945654,441.84665619606704,0.6352265509403994,0.3192098227178394
10_150,0.1,42,228,0.07707114103972987,0.12053560429993915,0.1427172341466929,2995.2453553414343,393.6699126439692,0.5372868895894591,0.3192098227178394
10_150,0.1,42,229,0.0766501365118829,0.2466284822976338,0.10307060193065487,2912.0207291145125,381.8656696825628,0.5076779558043212,0.3192098227178394
10_150,0.1,42,230,0.07623567935535681,0.458876742057134,0.1280141535766008,2817.6872934629905,360.6839387448865,0.45764897357121304,0.3192098227178394
10_150,0.1,42,231,0.07582766774684957,-0.034945568544785366,0.14104518714129613,3041.4913708369013,409.760086605313,0.5738571828006402,0.3192098227178394
10_150,0.1,42,232,0.07542600144659303,0.23206803205419602,0.09171123943820092,2915.0413028256626,379.19279948101,0.5022064975830216,0.3192098227178394
10_150,0.1,42,233,0.07503058177372629,0.02299852841976785,0.14926337637285347,3462.2169920746414,394.1731880253301,0.5646815657993209,0.3192098227178394
10_150,0.1,42,234,0.0746413115820518,-0.02087428250444806,0.11036113840695223,3396.092398599604,400.4091326606143,0.5741154032052975,0.3192098227178394
10_150,0.1,42,235,0.07425809523616868,0.1328276838615078,0.1213633667953872,3571.0758002132147,377.2813449583752,0.5351654534094742,0.3192098227178394
10_150,0.1,42,236,0.0738808385879771,0.185555612525067,0.09256771950463401,3100.6421831072394,384.9862795854565,0.5249011183024079,0.3192098227178394
10_150,0.1,42,237,0.0735094489535481,0.4018283189213766,0.1742030427722067,3438.5435070838757,350.533131716791,0.4712329417033305,0.3192098227178394
10_150,0.1,42,238,0.07314383509035316,0.13566833544680498,0.15552077660425428,3356.802956302981,382.6053185799177,0.534320305993026,0.3192098227178394
10_150,0.1,42,239,0.07278390717484776,-0.0709483597039085,0.10985438199577827,3230.3050484881264,411.1722224555866,0.5874850060964939,0.3192098227178394
10_150,0.1,42,240,0.07242957678040378,0.2278147009716884,0.11206350521955466,3299.0966663947374,373.14983297572553,0.5111080061097809,0.3192098227178394
10_150,0.1,42,241,0.07208075685558483,0.13370389099585553,0.11707354027251995,3229.6400352617748,385.7953771269261,0.5338830770247918,0.3192098227178394
10_150,0.1,42,242,0.0717373617027597,0.15655172363631967,0.10065429500690586,3374.7886467763633,378.33884587584186,0.5263290136015178,0.3192098227178394
10_150,0.1,42,243,0.07139930695704806,-0.03968023297071971,0.13444809921926743,3088.0485170936054,410.9508898320345,0.5789960253096686,0.3192098227178394
10_150,0.1,42,244,0.0710665095655941,0.2278147009716884,0.08125011223002135,3299.0966663947374,373.14983297572553,0.5111080061097809,0.3192098227178394
10_150,0.1,42,245,0.07073888776716195,-0.014550372572618653,0.11462134308269331,3253.043373250547,401.52763351961113,0.5684098008116472,0.3192098227178394
10_150,0.1,42,246,0.07041636107204882,0.42202721614253835,0.1280522543534491,2831.239238276537,363.47895509059725,0.4643127720539105,0.3192098227178394
10_150,0.1,42,247,0.07009885024231037,0.16993839546881812,0.09755292217493908,3228.4125797200923,378.67150754850434,0.5187770824854985,0.3192098227178394
10_150,0.1,42,248,0.0697862772722936,0.24168515439600782,0.11854152595415371,3268.848677163473,371.60444701206217,0.506140392753701,0.3192098227178394
10_150,0.1,42,249,0.0694785653694726,-0.20665632314308757,0.13205860990413892,2987.598447235833,431.25221636625554,0.6161829049956178,0.3192098227178394
10_150,0.1,42,250,0.06917563893558212,0.2278147009716884,0.12001834917194407,3299.0966663947374,373.14983297572553,0.5111080061097809,0.3192098227178394
10_150,0.1,42,251,0.06887742354804487,0.2659575029978103,0.0944569408106733,3242.3690746187385,369.13032430026084,0.4994249371821978,0.3192098227178394
10_150,0.1,42,252,0.06858384594168729,0.12190416549271774,0.13332480995625154,3273.984704796816,385.36992898092103,0.5354856399795236,0.3192098227178394
10_150,0.1,42,253,0.06829483399074003,0.4843546457033375,0.12896016156071852,3199.148313850264,344.20234786838535,0.44437075748342975,0.3192098227178394
10_150,0.1,42,254,0.06801031669111803,0.17890997832601294,0.1154244777641165,3009.1063284460715,384.21740924228754,0.5181165397123763,0.3192098227178394
10_150,0.1,42,255,0.06773022414297643,0.6741438878479762,0.11866883339297027,3050.486736095061,326.4096158377303,0.39843159174365017,0.3192098227178394
10_150,0.1,42,256,0.06745448753353762,0.24479706971291657,0.10857584106021294,3255.106749938735,371.49987663545835,0.5051447668656504,0.3192098227178394
10_150,0.1,42,257,0.06718303912018544,0.23066013907517433,0.08616100549441848,3081.2560178466333,378.6241449636755,0.5103789995250859,0.3192098227178394
10_150,0.1,42,258,0.0669158122138222,-0.04291660025808988,0.07047652214644301,3334.0590373478767,401.1295028836055,0.5721378902407549,0.3192098227178394
10_150,0.1,42,259,0.06665274116248465,0.17755462723643375,0.1320216881586778,3240.8712941268827,381.3626126566949,0.5251599023716489,0.3192098227178394
10_150,0.1,42,260,0.06639376133521471,0.33495631731832265,0.08242261059786313,3281.1018941362313,361.1428808688355,0.48474949277942486,0.3192098227178394
10_150,0.1,42,261,0.06613880910618089,0.3786156944418678,0.11755096235045008,3210.1516070792277,356.1406456305081,0.47019011068341254,0.3192098227178394
10_150,0.1,42,262,0.06588782183904693,0.3658900220912181,0.09740430853606694,2893.0390485594035,362.28466872347985,0.4652767919289697,0.3192098227178394
10_150,0.1,42,263,0.06564073787158327,0.3378538570266844,0.09365723122652432,3044.254687549311,366.2058991123829,0.4820805700372084,0.3192098227178394
10_150,0.1,42,264,0.06539749650051803,0.4511734306622835,0.08569563377738423,2711.351085522055,363.9264612193911,0.4584968951157036,0.3192098227178394
10_150,0.1,42,265,0.06515803796662348,0.32801075373992217,0.12947688414728423,3139.937836604414,364.34175221307197,0.48354134585889896,0.3192098227178394
10_150,0.1,42,266,0.06492230344003448,0.12788756165435364,0.11419351807507465,3581.663269851848,375.9761091593742,0.5330074379979381,0.3192098227178394
10_150,0.1,42,267,0.06469023500579518,0.18424075634706794,0.0832234246884653,3133.936753965918,379.73249402004404,0.5156891083650073,0.3192098227178394
10_150,0.1,42,268,0.06446177564963067,0.32801075373992217,0.10787226827541249,3139.937836604414,364.34175221307197,0.48354134585889896,0.3192098227178394
10_150,0.1,42,269,0.06423686924393959,0.29590282677862645,0.07582868838776986,3130.022923844058,367.4536330412632,0.48955068054039935,0.3192098227178394
10_150,0.1,42,270,0.064015460534005,0.12483816636369341,0.09626313384973853,2989.1403294147663,395.1602335691635,0.5400883388568023,0.3192098227178394
10_150,0.1,42,271,0.0637974951244193,0.5813128437110899,0.10885459302736847,2995.7586958551883,343.3789978859803,0.431163787167012,0.3192098227178394
10_150,0.1,42,272,0.06358291946572056,-0.07859867647515117,0.11224169075792827,2787.409213566733,426.3903975274841,0.5946321649511288,0.3192098227178394
10_150,0.1,42,273,0.06337168084123639,-1905.928329543127,0.09591683349008565,222577.79205822462,220223.63065701394,476.92775764179504,0.3192098227178394
10_150,0.1,42,274,0.06316372735413278,-0.06110421221078827,0.12148800477352158,2898.501020487633,421.4379478632252,0.5904431642696535,0.3192098227178394
10_150,0.1,42,275,0.06295900791466405,0.3438104050381964,0.09068820931875868,2987.442655875305,367.92679981522986,0.48250936587548304,0.3192098227178394
10_150,0.1,42,276,0.06275747222762111,0.35014132470069764,0.102153717515762,2805.072987356004,372.72330994370594,0.4823498795892933,0.3192098227178394
10_150,0.1,42,277,0.06255907077997513,-0.4122355841358576,0.07166034781652823,2900.0332674847014,460.5836634419357,0.67315677648169,0.3192098227178394
10_150,0.1,42,278,0.062363754828713217,-0.4053032960230809,0.0912326540446476,2847.7523305344184,461.58818154842425,0.6723289676113906,0.3192098227178394
10_150,0.1,42,279,0.06217147638886324,-0.03975182322466597,0.07622222674210062,2860.4656949747105,419.30425923895825,0.5837946597833039,0.3192098227178394
10_150,0.1,42,280,0.06198218822170495,-1906.3180842831973,0.08762902628653257,222690.32918321344,220267.36626793176,477.026418951247,0.3192098227178394
10_150,0.1,42,281,0.06179584382316449,-0.305108240516945,0.10029948126840864,2818.511879032838,451.1405058245191,0.6486275721559093,0.3192098227178394
10_150,0.1,42,282,0.06161239741238927,-0.6952806015373019,0.09542931448448876,2954.487918073913,494.45075957844585,0.7477127676741564,0.3192098227178394
10_150,0.1,42,283,0.06143180392050065,-0.3947994078183063,0.1282283143638016,2964.1792144108776,456.8995810103922,0.6689977324023022,0.3192098227178394
10_150,0.1,42,284,0.06125401897952138,-0.0830798827501486,0.1153208827134274,2794.7405493450665,425.1242837091428,0.5923731142931575,0.3192098227178394
10_150,0.1,42,285,0.06107899891147547,-0.3281461343069698,0.08662376423939289,2896.0892703255445,451.86644215581657,0.6545344140244681,0.3192098227178394
10_150,0.1,42,286,0.060906700717657275,-0.42357665370940334,0.0742678692414788,2870.4860539456154,462.8584012059943,0.6762920438750765,0.3192098227178394
10_150,0.1,42,287,0.060737082068067785,0.38460833146807094,0.060300036072357246,2853.863644161484,370.11486940669704,0.4795953774126407,0.3192098227178394
10_150,0.1,42,288,0.06057010129101494,-0.62596631371815,0.10912051804460794,3002.717178335987,482.8622374547465,0.7259718118184396,0.3192098227178394
10_150,0.1,42,289,0.06040571736287584,0.3582726443676721,0.13458041115669558,2721.7955180486756,377.48571809635354,0.4877061899440429,0.3192098227178394
10_150,0.1,42,290,0.06024388989801807,-0.33216506638856264,0.06981843384970432,2722.714800074287,454.98440184209187,0.6513391470448663,0.3192098227178394
10_150,0.1,42,291,0.06008457913887785,-0.3281461343069698,0.11590766179670056,2896.0892703255445,451.86644215581657,0.6545344140244681,0.3192098227178394
10_150,0.1,42,292,0.05992774594619241,-0.3281461343069698,0.07126167157662405,2896.0892703255445,451.86644215581657,0.6545344140244681,0.3192098227178394
10_150,0.1,42,293,0.05977335178938433,-0.04635291084741017,0.15769105396677835,3189.521328244434,409.02955992887894,0.5806625787478135,0.3192098227178394
10_150,0.1,42,294,0.059621358737095426,0.3463556769647616,0.11168731485091139,2825.784069934324,374.14042523812185,0.48650896120653525,0.3192098227178394
10_150,0.1,42,295,0.05947172944786773,-0.3533206779212117,0.07177276558825907,2989.922088678124,452.41660254642534,0.6609868734574403,0.3192098227178394
10_150,0.1,42,296,0.059324427160969605,-0.742005551720694,0.11382879569695858,3065.016113003326,496.51095956004474,0.7582940052200045,0.3192098227178394
10_150,0.1,42,297,0.05917941568736433,-0.376137127570732,0.0802265497444385,2872.0360109113917,457.4375953622658,0.6649374254983034,0.3192098227178394
10_150,0.1,42,298,0.05903665940081926,-0.04276484322027185,0.08071381401338056,3002.5486043195096,412.9475066952152,0.5783890912527936,0.3192098227178394
10_150,0.1,42,299,0.058896123229153184,-0.2959525869153891,0.07817360489444883,2728.3194569268285,451.09669934163355,0.6434491850713098,0.3192098227178394
10_150,0.1,42,300,0.05875777264561992,-0.5667494338596091,0.17037745579454916,2937.444534837152,475.5161301461512,0.7067852389126279,0.3192098227178394
10_150,0.1,42,301,0.05862157366042571,-0.09684450990846666,0.10303152966629717,2994.3731543950425,418.21910636946154,0.5890551617709961,0.3192098227178394
10_150,0.1,42,302,0.058487492812378764,-0.3281461343069698,0.062122769703253235,2896.0892703255445,451.86644215581657,0.6545344140244681,0.3192098227178394
10_150,0.1,42,303,0.05835549716066848,-0.33755511461948073,0.1216194067279408,2925.3628166444687,452.1040433428744,0.6566866591025958,0.3192098227178394
10_150,0.1,42,304,0.05822555427677263,-1906.6764772235467,0.0942038958065202,222787.46919520196,220303.0419936086,477.1071995392756,0.3192098227178394
10_150,0.1,42,305,0.05809763223649032,-0.0971327814348108,0.12943893122108177,2802.8309251873034,425.549676289398,0.5937272296525822,0.3192098227178394
10_150,0.1,42,306,0.057971699612098956,-1906.2548640116715,0.09620656144088735,222560.54181750782,220263.0140916604,477.00991388336564,0.3192098227178394
10_150,0.1,42,307,0.05784772546463305,0.09716603524661671,0.10125501814568709,2863.6377714363707,401.0574999801348,0.5454590032150188,0.3192098227178394
10_150,0.1,42,308,0.05772567933628324,-1906.4022419307119,0.09958559212624876,222835.69557168664,220271.6306423519,477.0436171866551,0.3192098227178394
10_150,0.1,42,309,0.05760553124291343,-0.14768980195121806,0.11359806531871763,2911.339473779341,429.68712548649523,0.6085791544649419,0.3192098227178394
10_150,0.1,42,310,0.05748725166669427,0.1078716656114253,0.0800279467443191,2820.2561834825087,400.3100024833935,0.5414349414204349,0.3192098227178394
10_150,0.1,42,311,0.05737081154885137,-0.2612186275779727,0.08286817729514939,2692.095536283435,444.76331898288845,0.6280382839485537,0.3192098227178394
10_150,0.1,42,312,0.057256182282526054,-0.014159475515583275,0.07794424574913564,3093.792090207068,408.75323808003645,0.5746811882406486,0.3192098227178394
10_150,0.1,42,313,0.057143335705747374,-0.3413553662368085,0.09258684932598185,2807.2891631530456,451.43761898454306,0.6486218613258132,0.3192098227178394
10_150,0.1,42,314,0.05703224409451321,-0.14768980195121806,0.10369134297260363,2911.339473779341,429.68712548649523,0.6085791544649419,0.3192098227178394
10_150,0.1,42,315,0.056922880155979176,-0.14768980195121806,0.09335138529774872,2911.339473779341,429.68712548649523,0.6085791544649419,0.3192098227178394
10_150,0.1,42,316,0.05681521702175326,-0.09625573607128812,0.09766545175471822,2818.036357052778,427.58453019814664,0.5988797473067003,0.3192098227178394
10_150,0.1,42,317,0.05670922824129488,0.7025056064702454,0.17206280861735634,2974.1259883407756,327.7358707798736,0.3969250392016813,0.3192098227178394
10_150,0.1,42,318,0.05660488777541653,-0.12573045897722135,0.1027949994962015,3035.190771379117,423.4458799650541,0.6023893187214427,0.3192098227178394
10_150,0.1,42,319,0.056502169989886525,-0.06824816343405299,0.12865382167019124,2800.6934885670535,423.7550831079275,0.5898187448356507,0.3192098227178394
10_150,0.1,42,320,0.056401049649131195,-0.26085218889180795,0.1353857517031222,2974.082987788923,438.25327302231995,0.6301983226286608,0.3192098227178394
10_150,0.3,42,1,1.0,-0.7366591874659192,,2904.691876932784,406.61857845741,0.6589458479103791,0.6589458479103791
10_150,0.3,42,2,0.9852258055592246,-0.542734636257846,0.2251819351649551,2629.443458416416,416.15918451526437,0.6280451684185405,0.6280451684185405
10_150,0.3,42,3,0.9706813761935793,-1.0939823867090228,0.24240009172726068,2825.1678076220583,472.7354651904801,0.7540370748069691,0.6280451684185405
10_150,0.3,42,4,0.9563631386463322,-0.5714007427274589,0.22452707594909285,2784.141273440518,401.68225865978525,0.6304484498188285,0.6280451684185405
10_150,0.3,42,5,0.9422675752312664,-0.8131756882623028,0.231695793729407,2701.318700267926,439.5044419955536,0.6785301952523133,0.6280451684185405
10_150,0.3,42,6,0.9283912229684601,-0.7600292026001199,0.21652927526085858,2169.9328283620125,493.6680857371664,0.6775567251161727,0.6280451684185405
10_150,0.3,42,7,0.9147306727335057,-0.3803877371428798,0.2213581932374704,3116.59610738184,332.873629274093,0.5737262402051188,0.5737262402051188
10_150,0.3,42,8,0.9012825684199611,-0.9544233079654307,0.2160263257129856,2944.7680936181528,436.9939603020404,0.7155928344799132,0.5737262402051188
10_150,0.3,42,9,0.888043606114825,-1.7623557752251005,0.22130564173922823,2786.7841298766907,580.8181132699959,0.9249832652055501,0.5737262402051188
10_150,0.3,42,10,0.8750105332868364,-0.19552088025363323,0.21656956792052012,2834.460884970804,342.15525306356375,0.5412353548838682,0.5412353548838682
10_150,0.3,42,11,0.8621801479873967,-1.7496787725551362,0.1835239534602734,3327.9507442997788,516.5273413298046,0.9109856056576378,0.5412353548838682
10_150,0.3,42,12,0.8495492980639193,-1.036002645261852,0.1987766722442055,2672.3211906493325,485.55871379542725,0.749232113248463,0.5412353548838682
10_150,0.3,42,13,0.837114880385412,-0.7672166305246827,0.20569022112043206,3148.4437017873115,389.31337742189896,0.6717711259569625,0.5412353548838682
10_150,0.3,42,14,0.8248738400801048,-0.3682167730577868,0.19362462424547672,2734.138009337842,381.31658366142887,0.5885550717804955,0.5412353548838682
10_150,0.3,42,15,0.8128231697849323,-0.9828193995181461,0.19226828555839745,2622.0937807941564,482.92397080709327,0.7364097267020604,0.5412353548838682
10_150,0.3,42,16,0.8009599089066888,-0.08771053275106405,0.1957866595951048,2819.8454145154,326.7204573882912,0.5134235316821165,0.5134235316821165
10_150,0.3,42,17,0.7892811428946735,-0.7246771143325054,0.1832967204193562,2858.6482124421455,414.7377886115006,0.6644860100800436,0.5134235316821165
10_150,0.3,42,18,0.7777840025246476,-0.8233059927861188,0.1872231109566876,3139.4994737785487,394.20936309034033,0.678295789826812,0.5134235316821165
10_150,0.3,42,19,0.7664656631939266,-0.5054107534684136,0.18903035429803078,2716.0536543834064,402.23254984094297,0.6198335462433173,0.5134235316821165
10_150,0.3,42,20,0.7553233442274359,-0.22234812229814307,0.1677204045388654,2737.7840361425515,354.9070907674038,0.5458153441941807,0.5134235316821165
10_150,0.3,42,21,0.7443543081945577,-0.7132062968240214,0.18798618851190652,2661.1354796226356,436.36661713247025,0.6665810640316252,0.5134235316821165
10_150,0.3,42,22,0.7335558602366034,-0.923603594061469,0.1817335568125294,2873.7371051433374,442.3519254291856,0.7123727727711424,0.5134235316821165
10_150,0.3,42,23,0.7229253474047432,-0.7855674840714639,0.17204252449372218,2610.6999399349024,448.9714423910204,0.678742301014426,0.5134235316821165
10_150,0.3,42,24,0.7124601580082336,-0.7825296766227429,0.1846304233116936,3200.6460863565057,387.37662526493386,0.677422583480525,0.5134235316821165
10_150,0.3,42,25,0.7021577209727804,-0.9578537311888703,0.18308408308022323,2838.917946382094,450.0545284612964,0.7191278290820473,0.5134235316821165
10_150,0.3,42,26,0.6920155052088806,-0.36238448950211344,0.17871179118860803,2936.894267685462,353.8096156988006,0.5776969056308008,0.5134235316821165
10_150,0.3,42,27,0.6820310189899872,-0.6961189147429465,0.1696679307570888,2777.393949569129,420.32729375778143,0.6599166065137909,0.5134235316821165
10_150,0.3,42,28,0.6722018093403456,-0.31887475617288025,0.17261311893411405,2680.3364023046406,376.85550310219463,0.5721297392932796,0.5134235316821165
10_150,0.3,42,29,0.6625254614323491,-0.9453764978323086,0.1716987665407974,2871.808342745562,444.84036287004284,0.7161317590800771,0.5134235316821165
10_150,0.3,42,30,0.6529995979932678,-0.10822827028525978,0.16850546946942146,2770.148542169276,335.66278489368455,0.5196969977134123,0.5134235316821165
10_150,0.3,42,31,0.6436218787212026,-1.4563313367769102,0.16382024439510917,2778.9308144984248,538.7148120469909,0.8545336452338931,0.5134235316821165
10_150,0.3,42,32,0.634389999710123,-0.5659510709368537,0.16311660885889787,3164.700841698205,363.7792356603403,0.632601874267515,0.5134235316821165
10_150,0.3,42,33,0.6253016928838472,-0.04812220095123307,0.16245736794984694,2408.837671117969,363.26551731813714,0.5038898474249692,0.5038898474249692
10_150,0.3,42,34,0.6163547254388225,-0.2329946028394592,0.16306648029825763,2230.601819357475,415.50346999546633,0.5594970193690694,0.5038898474249692
10_150,0.3,42,35,0.607546899295575,-1.4028540212301561,0.14689312496987,2840.6379174530357,522.7548625649167,0.8387710930929906,0.5038898474249692
10_150,0.3,42,36,0.5988760505586863,-0.9156647830714352,0.1520362663101466,2925.723760638677,435.0135341008154,0.7091198527232185,0.5038898474249692
10_150,0.3,42,37,0.5903400489851716,-1.230284088749752,0.14548940936702573,3549.09548117207,410.2894380479094,0.7739854515489262,0.5038898474249692
10_150,0.3,42,38,0.581936797461124,-0.5013179715487465,0.1515271800817291,2359.0321415780977,434.8447104716007,0.6129760118996499,0.5038898474249692
10_150,0.3,42,39,0.5736642314864987,-0.8119615056676934,0.1562959131998473,2757.1749490292514,437.9781126476231,0.6854735655360258,0.5038898474249692
10_150,0.3,42,40,0.5655203186679085,-1.9507156662266325,0.1483170013942719,2682.101480184763,623.909863071826,0.9780180211053602,0.5038898474249692
10_150,0.3,42,41,0.5575030582193081,-1.3651764895657559,0.1630683737417875,2551.9338169028615,550.245992839928,0.8350635436822225,0.5038898474249692
10_150,0.3,42,42,0.5496104804704447,-0.9589100007432704,0.16434109186808607,2519.2884253059096,487.9087829638633,0.7272018194681864,0.5038898474249692
10_150,0.3,42,43,0.5418406463829504,-0.6151941273388215,0.16676629201403864,2656.8761324867173,424.6737165928904,0.6466642538320063,0.5038898474249692
10_150,0.3,42,44,0.5341916470739625,-1159.5777691940227,0.16147563551375782,162692.0327061182,160337.01947303486,290.24810879581986,0.5038898474249692
10_150,0.3,42,45,0.5266616033471518,-1.037592394221056,0.1619051944851916,2715.7795215323076,477.84022097695635,0.7439124511789046,0.5038898474249692
10_150,0.3,42,46,0.519248665231044,-1232.3204592610996,0.1984220353648983,172865.68450680806,170367.4466836824,308.4361501808381,0.5038898474249692
10_150,0.3,42,47,0.5119510115245198,-1593.5531008048988,0.1795393935379127,222384.46854613328,220282.5820228148,398.75898311580755,0.5038898474249692
10_150,0.3,42,48,0.504766849349387,-1.2730485235142266,0.17479952804584853,2770.126278722051,506.7253978360844,0.8005270987280446,0.5038898474249692
10_150,0.3,42,49,0.49769441370990625,-1.8267219943945308,0.19170435687826518,2838.3491453291426,586.4726580013214,0.9429895483723884,0.5038898474249692
10_150,0.3,42,50,0.4907319670591703,-1.1491964484087096,0.19573734671025197,2773.4053266064825,493.0302761790481,0.778598500845529,0.5038898474249692
10_150,0.3,42,51,0.4838777988722253,-1159.3936550997882,0.18797797486038298,162887.4406719099,160291.90351827745,290.2070988137129,0.5038898474249692
10_150,0.3,42,52,0.47713022522583176,-0.6749859644492204,0.18714663903344822,2531.16111651322,451.2444752135979,0.6690184368136626,0.5038898474249692
10_150,0.3,42,53,0.47048758838475946,-0.7955562996563367,0.13387779786750345,2782.2930286850205,431.80089502408526,0.6795816154660674,0.5038898474249692
10_150,0.3,42,54,0.4639482563945182,-0.9740330892518486,0.24514417007664413,2819.2595247171307,465.02258266447456,0.7403753200227343,0.5038898474249692
10_150,0.3,42,55,0.4575106226804207,-1.1214740072443192,0.1841416651939693,3103.7857990963957,453.90261282348945,0.7702526805838035,0.5038898474249692
10_150,0.3,42,56,0.45117310565288166,-0.49102390892732056,0.17836390188676324,2587.795835795544,408.51274235169296,0.6084464987845808,0.5038898474249692
10_150,0.3,42,57,0.44493414831885486,-0.5477087553750324,0.1757388495238717,2438.456129643939,444.4246603107535,0.6421395171759007,0.5038898474249692
10_150,0.3,42,58,0.438792217899313,-0.4863061973183366,0.16319197798033308,2699.9380802978117,400.9301195591752,0.6149690872354348,0.5038898474249692
10_150,0.3,42,59,0.43274580545267627,-1.2565019477533785,0.17100732307178274,3154.502509854611,465.28234891060833,0.7975145160722654,0.5038898474249692
10_150,0.3,42,60,0.4267934255040983,-0.5530275325322839,0.2104023714572048,2537.79299133558,432.98199666554024,0.6401587936408638,0.5038898474249692
10_150,0.3,42,61,0.42093361568051574,-1.6809023791026148,0.18213807749263763,2910.7832613587943,558.2838946766815,0.9089656043017313,0.5038898474249692
10_150,0.3,42,62,0.4151649363513749,-1.7490456133926342,0.15112625794145854,2759.8465516903,588.4782948790926,0.9330019976695578,0.5038898474249692
10_150,0.3,42,63,0.40948597027494477,-0.6818160935496572,0.16766930976478225,2754.504440926505,425.56104442432627,0.6646366700493179,0.5038898474249692
10_150,0.3,42,64,0.4038953222501312,-0.7174679195494308,0.19821115811150852,2708.5162503411725,429.9762124907447,0.6641052826578586,0.5038898474249692
10_150,0.3,42,65,0.3983916187737056,-0.4587465862399511,0.21838509355121555,2508.907023565396,419.725402779257,0.6135088026288931,0.5038898474249692
10_150,0.3,42,66,0.3929735077028642,-0.8589206834017251,0.1781320019608539,2596.3773877232193,466.46556243649525,0.7050395037603834,0.5038898474249692
10_150,0.3,42,67,0.38763965792303584,-1.1399660486644017,0.17956498489738057,3052.2558147950294,459.4675552996425,0.7706713803886931,0.5038898474249692
10_150,0.3,42,68,0.38238875902085495,-0.9485281812700818,0.14198457782810647,2664.6994199847204,480.28420857883464,0.7392835787514068,0.5038898474249692
10_150,0.3,42,69,0.37721952096222106,-1.7208817728353374,0.17720742743013163,2695.1453849575328,588.6403798462907,0.9223226580218851,0.5038898474249692
10_150,0.3,42,70,0.372130673775365,-0.5941484830500987,0.1762307079738307,2872.4371032061204,398.9886913064816,0.6409633359989566,0.5038898474249692
10_150,0.3,42,71,0.3671209672388437,-0.6815522656092533,0.1353200953874862,2759.782183005734,422.5085854171675,0.6605182720068223,0.5038898474249692
10_150,0.3,42,72,0.3621891705743874,-1.674694622728964,0.12295596236153968,3041.59696000986,541.0753410684672,0.9028439131509505,0.5038898474249692
10_150,0.3,42,73,0.35733407214452373,-1.0536566454220893,0.15335794990928747,2907.5665840760316,460.4211524574108,0.7477599632660301,0.5038898474249692
10_150,0.3,42,74,0.35255447915490423,-1.5311051430800091,0.1610374572400818,3016.898499189927,519.5063490577529,0.8632558364566737,0.5038898474249692
10_150,0.3,42,75,0.3478492173612599,-0.7640230474567286,0.16808557795403062,2691.269120673433,446.5244335169412,0.6883548529176076,0.5038898474249692
10_150,0.3,42,76,0.3432171307809146,-0.9336954223656845,0.1672146384912215,2469.3574544386906,497.90553289033323,0.735166730879188,0.5038898474249692
10_150,0.3,42,77,0.3386570814087846,-1.351789528640383,0.1735083609602507,2758.6558531317464,524.9315454088872,0.8284757301794654,0.5038898474249692
10_150,0.3,42,78,0.3341679489377949,-1.246752218000521,0.11632549139115458,2858.993737023102,499.2940578109055,0.8033606749653204,0.5038898474249692
10_150,0.3,42,79,0.32974863048364406,-0.6145881155963533,0.1485010951783618,3120.818155395295,375.8971486170576,0.6450722862354912,0.5038898474249692
10_150,0.3,42,80,0.3253980403138483,0.1965897167371736,0.1546509253796982,2479.9360928370797,329.07402582431246,0.45978525320040137,0.45978525320040137
10_150,0.3,42,81,0.32111510958100054,-1593.1893239325384,0.12550010408140572,222300.81925855132,220240.0868619503,398.6750678464089,0.45978525320040137
10_150,0.3,42,82,0.3168987860601775,-1.45498377112792,0.15387145078109815,3014.474568864889,505.56707779481286,0.8399616502255512,0.45978525320040137
10_150,0.3,42,83,0.31274803389043004,0.22419801528495012,0.17125341715699255,2749.914709604098,291.6223667853835,0.4439728083694957,0.4439728083694957
10_150,0.3,42,84,0.30866183332029457,-0.6793551606459105,0.1766775749729144,2750.359112266752,429.073421617047,0.6697016860890794,0.4439728083694957
10_150,0.3,42,85,0.3046391804572615,-0.8418947697560147,0.1481560513425611,3083.914910269181,415.1663575041084,0.7032977457850385,0.4439728083694957
10_150,0.3,42,86,0.3006790870211401,-0.8579244499643459,0.22410559727114604,2741.9850837213653,452.83982192609375,0.7073024112130044,0.4439728083694957
10_150,0.3,42,87,0.29678058010125963,-0.2548060801773089,0.17237763433015102,2836.8372526723283,350.25300247685306,0.5549314557433032,0.4439728083694957
10_150,0.3,42,88,0.2929427019174456,-0.4265686930447173,0.14789297891158135,2842.625863111468,379.41866214080176,0.6037920369853464,0.4439728083694957
10_150,0.3,42,89,0.28916450958471324,-0.2406729331770949,0.14913060285811242,3007.333330335548,331.8397365762181,0.5535450161261649,0.4439728083694957
10_150,0.3,42,90,0.28544507488162135,-0.5089744641469736,0.16892096370142426,2456.18105511012,437.4440654917986,0.6336779681311574,0.4439728083694957
10_150,0.3,42,91,0.28178348402222775,-0.5386450432524619,0.1908753366809132,2679.0813424151984,409.24877083259645,0.6250975207691897,0.4439728083694957
10_150,0.3,42,92,0.27817883743159105,-1593.7836067323694,0.15985248694896806,222500.3497571162,220305.8093737567,398.8167190231998,0.4439728083694957
10_150,0.3,42,93,0.27463024952476534,-1593.1959519678976,0.14670541988817695,222520.4655631123,220219.63445092164,398.678648434937,0.4439728083694957
10_150,0.3,42,94,0.27113684848922975,-0.019499188217288056,0.16853397423163416,2836.9880082803566,325.0477257944081,0.5135774008488763,0.4439728083694957
10_150,0.3,42,95,0.2676977760707032,-1593.6941520910686,0.12629284519377013,222619.25923959044,220282.06697334317,398.79785687646245,0.4439728083694957
10_150,0.3,42,96,0.2643121873622896,-1.0289359920347156,0.15297073797564445,2977.79908577099,456.66576409553386,0.7534758995196207,0.4439728083694957
10_150,0.3,42,97,0.2609792505969018,-0.4622126516709031,0.1505842756525263,2952.1846160711284,372.1878052167103,0.6104550734255186,0.4439728083694957
10_150,0.3,42,98,0.25769814694291476,-1.142386102836114,0.16216075383081882,2728.095879387694,499.2614842092248,0.781163332620727,0.4439728083694957
10_150,0.3,42,99,0.25446807030299534,-0.8983841456630435,0.17072496561573786,3222.3360342113856,408.2892118790866,0.7154240907144034,0.4439728083694957
10_150,0.3,42,100,0.2512882271160621,-0.43856259381491886,0.16355964243875085,2596.307030718619,405.44697949131813,0.6048532599220687,0.4439728083694957
10_150,0.3,42,101,0.2481578361623234,-0.81825283221579,0.14135669819447477,2720.5869890801346,455.35778438139545,0.7078162603679905,0.4439728083694957
10_150,0.3,42,102,0.2450761283713493,-1593.3663134898975,0.16950176415222465,222407.4550934206,220259.40079515177,398.7248150558117,0.4439728083694957
10_150,0.3,42,103,0.24204234663312607,-0.6408252531433314,0.18496833917036218,2786.114129199894,411.5171409959196,0.6469281438804189,0.4439728083694957
10_150,0.3,42,104,0.23905574561205173,-1593.4157906681712,0.17239456824644864,222576.4485842625,220243.15953093808,398.72674020494867,0.4439728083694957
10_150,0.3,42,105,0.23611559156382206,-0.6904229541683661,0.1755322076400478,3148.1703974181423,383.34044965219715,0.6619191226811723,0.4439728083694957
10_150,0.3,42,106,0.2332211621551653,-1.0893556954492878,0.16726933598809893,2697.4968860043873,497.1993732049833,0.7726015578227887,0.4439728083694957
10_150,0.3,42,107,0.23037174628638085,-0.773166882860547,0.20062283726138616,3078.1074058521845,400.6490256741493,0.6784821602377744,0.4439728083694957
10_150,0.3,42,108,0.2275666439166364,-1.3892889677804787,0.18676618406493542,2675.512911051741,541.9701698567236,0.8423828648447519,0.4439728083694957
10_150,0.3,42,109,0.2248051658919834,-1.033622562870595,0.16453821326933588,2851.9770995901167,468.42320567765535,0.7514929313424007,0.4439728083694957
10_150,0.3,42,110,0.22208663377604637,-0.9425718940854013,0.1433793892191997,2939.632180363463,443.69970228209576,0.7257328282486664,0.4439728083694957
10_150,0.3,42,111,0.21941037968334542,-0.7211729669839768,0.14846109217719733,3139.878794692138,389.74460455687256,0.6710301552968396,0.4439728083694957
10_150,0.3,42,112,0.21677574611521144,-1593.357299282951,0.12832108055030442,222266.33173537417,220270.58423255352,398.71930122517267,0.4439728083694957
10_150,0.3,42,113,0.21418208579825188,-0.6118041245584837,0.15767649774716877,2688.716575812272,421.66233388547374,0.6471068777697709,0.4439728083694957
10_150,0.3,42,114,0.21162876152533033,-0.21071073353709863,0.17702579235446245,2545.082780928502,379.6123160039952,0.5537748784836369,0.4439728083694957
10_150,0.3,42,115,0.20911514599901782,-0.5675494281611566,0.13541061342241933,2909.370848635879,392.6387768010898,0.6367867140300486,0.4439728083694957
10_150,0.3,42,116,0.20664062167747893,-0.5388883353885642,0.12013149655754343,2769.308116529668,398.71969293092246,0.6230754880968301,0.4439728083694957
10_150,0.3,42,117,0.20420458062275576,-0.9135014202630779,0.15123499224745224,3401.802676672475,390.85086885892076,0.7171557260535708,0.4439728083694957
10_150,0.3,42,118,0.2018064243514096,0.04625035168608701,0.19629786825315354,2621.9189844867533,330.40851043954405,0.48599519038548256,0.4439728083694957
10_150,0.3,42,119,0.1994455636874869,-1.4907714940407106,0.19368697615871677,2670.3405399435146,559.5741069616738,0.8704082819407564,0.4439728083694957
10_150,0.3,42,120,0.19712141861777083,-0.6852440665452433,0.13893221532738517,2905.1344196693394,406.4346837765244,0.6587188121431775,0.4439728083694957
10_150,0.3,42,121,0.19483341814928484,-1593.4484727389438,0.12280558646724656,222581.81377765356,220250.31046065953,398.73938752664276,0.4439728083694957
10_150,0.3,42,122,0.19258100016901147,-0.7518668931870087,0.1848220286657533,2762.518374775357,436.8683654341516,0.6845556333547025,0.4439728083694957
10_150,0.3,42,123,0.19036361130579338,-0.8299257145777277,0.2211511981347023,2607.787789015744,464.7473582223343,0.7041490108730049,0.4439728083694957
10_150,0.3,42,124,0.18818070679438154,-1.0125866563899195,0.1568495851892596,2992.6965001134895,449.3480232786537,0.7439825297797852,0.4439728083694957
10_150,0.3,42,125,0.1860317503415984,-1.073265854685146,0.17551228523050924,3501.4305538255926,394.9474382295318,0.7407350262920163,0.4439728083694957
10_150,0.3,42,126,0.1839162139945818,-0.6396215637359839,0.13164947948823874,2992.0380819720986,392.6488605439955,0.6507880058423074,0.4439728083694957
10_150,0.3,42,127,0.18183357801107813,-0.8219959535854876,0.13012677209781895,3272.252624974203,384.02713670989795,0.684037330858863,0.4439728083694957
10_150,0.3,42,128,0.17978333073175307,-0.512847844750594,0.16234496966187179,2654.452392288091,414.7779325339142,0.6300083015861561,0.4439728083694957
10_150,0.3,42,129,0.17776496845448742,-0.7928364115861161,0.14969521851960294,3328.260648781037,374.00146253372264,0.6770529837147132,0.4439728083694957
10_150,0.3,42,130,0.17577799531062827,-1593.3700981376617,0.2311574542462104,222377.22692735685,220258.73899875014,398.71861491307703,0.4439728083694957
10_150,0.3,42,131,0.1738219231431649,-0.7650340101269957,0.22029490237666788,3283.0182359571854,376.8789214698178,0.6741232983826129,0.4439728083694957
10_150,0.3,42,132,0.17189627138679878,-0.9792477860862963,0.12222297609070698,2944.8486281577834,448.4144599260344,0.7343555177422351,0.4439728083694957
10_150,0.3,42,133,0.1700005669498786,-1.1669161280544929,0.21153048562246476,3110.080246057799,455.9325256208562,0.7746500184918852,0.4439728083694957
10_150,0.3,42,134,0.16813434409817252,-1.044074525608435,0.1485052925677313,3175.008690813068,431.5634575947672,0.7456271493031963,0.4439728083694957
10_150,0.3,42,135,0.16629714434044632,-0.8579943909227318,0.1613526479635219,3110.7004431230193,413.8952802536176,0.7057422986118451,0.4439728083694957
10_150,0.3,42,136,0.16448851631582245,-0.6587246007662133,0.1714885185587974,2958.8192721625246,397.4436364427441,0.6530400054745572,0.4439728083694957
10_150,0.3,42,137,0.16270801568288995,-0.27974343354934705,0.17924868101947528,2567.529267810349,388.87659809561245,0.5727813215928619,0.4439728083694957
10_150,0.3,42,138,0.16095520501053945,-0.8446416787717091,0.21394037532623425,3044.8876654623386,416.47995297563085,0.6988520764365964,0.4439728083694957
10_150,0.3,42,139,0.1592296536704954,-0.6348052674188881,0.14321949512159332,3035.0954913822147,382.44887987886165,0.6413266562212379,0.4439728083694957
10_150,0.3,42,140,0.15753093773152022,-0.83557103893141,0.16117483094349055,2790.2287036438747,443.518765380643,0.7001613395534447,0.4439728083694957
10_150,0.3,42,141,0.15585863985526294,-0.4078560039091281,0.10037291208152846,3136.199277762832,340.61201569204263,0.5897466158855935,0.4439728083694957
10_150,0.3,42,142,0.15421234919372853,-0.86934979220795,0.13950551331323463,3131.404227660477,410.04331439092704,0.7029209573531439,0.4439728083694957
10_150,0.3,42,143,0.152591661288341,-0.9127581889078962,0.16158827784349125,2991.900602441466,434.4197661337909,0.7193401359914947,0.4439728083694957
10_150,0.3,42,144,0.15099617797057668,-1593.4236829980637,0.16263339679713873,222520.1779268167,220254.25947570254,398.7354437549934,0.4439728083694957
10_150,0.3,42,145,0.14942550726414244,-0.8049160990589234,0.1059082126073165,2806.13184095597,441.0803350658174,0.6988484817783055,0.4439728083694957
10_150,0.3,42,146,0.14787926328867598,-1.5903277563931761,0.16228834653658303,3291.6140254731813,498.89461370170625,0.8758908697960792,0.4439728083694957
10_150,0.3,42,147,0.1463570661649425,-1.1258888832770424,0.20522773349384202,3187.6727617422935,443.54792646598344,0.7674444470106818,0.4439728083694957
10_150,0.3,42,148,0.1448585419215072,-1.229896504016023,0.14592328951917466,3325.6644403646424,441.53477093367104,0.7874833662993141,0.4439728083694957
10_150,0.3,42,149,0.14338332240285795,-0.2517589567656353,0.1573767848641358,2982.772243773022,336.2584025660347,0.5566441741097756,0.4439728083694957
10_150,0.3,42,150,0.1419310451789575,-0.47904620860311564,0.14035973094141468,2865.6424723536416,379.7655845437784,0.6082552781702015,0.4439728083694957
10_150,0.3,42,151,0.14050135345620207,-0.8361995442100134,0.1150438909048394,2924.722906569228,431.16799970066955,0.7026373169222871,0.4439728083694957
10_150,0.3,42,152,0.13909389598976496,-0.8613387493550244,0.1725048129359256,2945.553615062589,431.5381692427957,0.7067689362339957,0.4439728083694957
10_150,0.3,42,153,0.13770832699730284,-0.7816054658264899,0.16991094506429266,3391.3054302194196,362.54012715269647,0.6689021100199047,0.4439728083694957
10_150,0.3,42,154,0.13634430607400466,-0.8283389344034016,0.15799641348518342,3009.3190451445203,419.5867013504827,0.697935322365371,0.4439728083694957
10_150,0.3,42,155,0.13500149810896128,-0.9653456658956796,0.1545327926352016,2868.293434980345,453.67162343979595,0.7300354453432274,0.4439728083694957
10_150,0.3,42,156,0.13367957320283602,-1.0981778216101856,0.16757392511210867,2899.708014983319,474.0599375016936,0.7688213599565408,0.4439728083694957
10_150,0.3,42,157,0.13237820658681518,-0.7708910403265241,0.1280430961467262,2970.33045116493,414.69427942693824,0.6833077591554846,0.4439728083694957
10_150,0.3,42,158,0.13109707854281938,-0.5858129258487347,0.15895707812160267,2984.942897277696,385.7450172097997,0.6382536654279427,0.4439728083694957
10_150,0.3,42,159,0.12983587432495577,-0.07391454012440979,0.15846568053795984,3036.7320483525127,303.17930672629785,0.5114664786975839,0.4439728083694957
10_150,0.3,42,160,0.12859428408219134,-0.8423229445364381,0.1457745144010608,3050.5695533539447,417.3437204056505,0.7012313248986302,0.4439728083694957
10_150,0.3,42,161,0.1273720027822294,-1.1859114895772493,0.10638951667127436,3270.591089150197,443.4710507433299,0.7813454546228853,0.4439728083694957
10_150,0.3,42,162,0.12616873013656954,-0.6132180175293815,0.17570627794463792,2769.0013301052495,413.44648973639147,0.6472006039827793,0.4439728083694957
10_150,0.3,42,163,0.12498417052673307,-0.471953432274381,0.1222961861155265,2670.579195775911,403.8061670694093,0.6147240861520014,0.4439728083694957
10_150,0.3,42,164,0.12381803293163596,-0.9184846061873676,0.13616421848455648,3362.441896770081,386.1737404285719,0.7028186483053294,0.4439728083694957
10_150,0.3,42,165,0.12267003085609117,-1.4113273872757612,0.12915796532930926,3304.295756177388,472.16977646162223,0.8341620021469285,0.4439728083694957
10_150,0.3,42,166,0.1215398822604227,-0.7000274745557487,0.18328316173723036,2949.7606599190294,406.85453251938264,0.6669574574034578,0.4439728083694957
10_150,0.3,42,167,0.1204273094911746,-0.9940800480238788,0.13769169943702778,3000.7731899313503,446.005555630098,0.7398615192431426,0.4439728083694957
10_150,0.3,42,168,0.11933203921289748,-1.0498125214458003,0.13481978758185903,3322.163633871921,410.2633262182249,0.7355527387338139,0.4439728083694957
10_150,0.3,42,169,0.11825380234099556,-0.5986123228996272,0.14819518269315451,3111.8452758077806,373.064306433901,0.6389036694894275,0.4439728083694957
10_150,0.3,42,170,0.11719233397561858,-1.136892258436393,0.1573061360782244,2753.223647897569,500.126509254163,0.7868342868577818,0.4439728083694957
10_150,0.3,42,171,0.11614737333658141,-0.5295684054201871,0.17147143863347775,3001.795812066169,374.4384800465377,0.6225426901195674,0.4439728083694957
10_150,0.3,42,172,0.11511866369929591,-0.42519463489178794,0.12915569671646698,2782.5297900291825,384.4681895631621,0.6019154616654465,0.4439728083694957
10_150,0.3,42,173,0.11410595233169919,-0.8263584785860442,0.148165742877433,3048.6781369221603,412.7070608097135,0.6932993415379667,0.4439728083694957
10_150,0.3,42,174,0.11310899043216277,-0.8582773573590441,0.11319104574516219,3139.417135938584,407.01962612331374,0.6993124977637244,0.4439728083694957
10_150,0.3,42,175,0.1121275330683672,-0.396868993515902,0.1516042693722269,2848.7073803665794,372.2775420267704,0.593097248908202,0.4439728083694957
10_150,0.3,42,176,0.11116133911712744,-0.7627833920289164,0.13223617365757248,2733.8437409836783,441.4559255752674,0.6872361803614934,0.4439728083694957
10_150,0.3,42,177,0.1102101712051541,-0.6155646730270626,0.1399210618485895,2735.9832358506046,421.73283775940246,0.6552186800982094,0.4439728083694957
10_150,0.3,42,178,0.10927379565073586,-0.7852883090206934,0.20180538500944714,3171.1417505129275,393.31546103793266,0.6821811627517201,0.4439728083694957
10_150,0.3,42,179,0.10835198240632873,-0.9735164679356494,0.13979818822786888,3233.448563850347,417.1663835168903,0.7318776589648073,0.4439728083694957
10_150,0.3,42,180,0.1074445050020384,-0.7133876488906611,0.14290096618645798,2938.8491244506827,411.4948161427945,0.6727295271309768,0.4439728083694957
10_150,0.3,42,181,0.10655114048998136,-0.6532260320292702,0.16300466922446552,3057.5177437818743,383.91904267179285,0.6475333768385207,0.4439728083694957
10_150,0.3,42,182,0.10567166938951125,-0.5042797443640743,0.14053960380136127,2987.3837391079855,370.7715322260333,0.6140845771431209,0.4439728083694957
10_150,0.3,42,183,0.10480587563329734,-0.9852529076226193,0.15133276363146578,3324.033480590293,408.11893733736287,0.7323486109918129,0.4439728083694957
10_150,0.3,42,184,0.10395354651424124,-0.7709857579642925,0.1738031711895561,2950.0995395110276,418.3946284368003,0.6859601861503306,0.4439728083694957
10_150,0.3,42,185,0.10311447263321932,-0.8304265078855947,0.113909743512034,2956.411651997892,425.53917361902563,0.6987572157359193,0.4439728083694957
10_150,0.3,42,186,0.10228844784763778,-0.796957041646854,0.11819006342204257,2884.8695702060486,433.05760891941713,0.6989975414839265,0.4439728083694957
10_150,0.3,42,187,0.10147526922078795,-0.7201419794481931,0.12351375831531705,2540.9028039735394,461.32743085088174,0.6872196392350471,0.4439728083694957
10_150,0.3,42,188,0.10067473697198882,-0.07930128412877457,0.12084997628731231,2895.9532503398086,319.79749862179676,0.51493318533851,0.4439728083694957
10_150,0.3,42,189,0.09988665442750533,-0.7373692878359999,0.15245889308102162,2951.895559133796,411.4822727945139,0.6749159876465975,0.4439728083694957
10_150,0.3,42,190,0.09911082797222981,0.07300713672154116,0.11935610680604176,2744.9114497688397,311.7448338293841,0.4761615099901844,0.4439728083694957
10_150,0.3,42,191,0.09834706700211487,-0.31683347665250344,0.12063475347699978,2849.928109485531,360.7429872938287,0.5743674546596726,0.4439728083694957
10_150,0.3,42,192,0.09759518387734595,-0.44449094748170925,0.11744835978707661,2832.476428417366,381.3990457067018,0.6053262668114185,0.4439728083694957
10_150,0.3,42,193,0.09685499387624241,-0.7185540656768977,0.1528230748879021,3315.358390397525,368.35312324880846,0.6655974299171472,0.4439728083694957
10_150,0.3,42,194,0.09612631514987509,-0.2996070748632073,0.11270757918148264,2942.3945259115544,348.05459926525367,0.5691793559720268,0.4439728083694957
10_150,0.3,42,195,0.09540896867739013,-0.814875525582134,0.1413951668540722,2902.491781829353,429.80931361719075,0.6966459407482894,0.4439728083694957
10_150,0.3,42,196,0.0947027782220271,-0.34795859620855496,0.140042158824168,2548.524412262701,400.92110722670935,0.5893397853279716,0.4439728083694957
10_150,0.3,42,197,0.09400757028782174,-0.7910006348010584,0.10408567375025528,2752.2623134137684,443.9491665309999,0.6944451919092297,0.4439728083694957
10_150,0.3,42,198,0.09332317407698135,-0.7160416262461132,0.11861868879839806,2804.9097682791244,427.14312426340956,0.6757609953260489,0.4439728083694957
10_150,0.3,42,199,0.09264942144792357,-1.0250724935994644,0.14257376388729845,2796.296889214183,475.63836877554866,0.7539187121643868,0.4439728083694957
10_150,0.3,42,200,0.09198614687396757,-0.7230394608327906,0.11366851172207845,2805.87907828246,427.6072474062264,0.6766869245609536,0.4439728083694957
10_150,0.3,42,201,0.0913331874026676,-0.7712451488590528,0.11143782413987698,2897.1621082618026,425.16359076949465,0.6881174315348394,0.4439728083694957
10_150,0.3,42,202,0.09069038261577916,-0.7036974606494947,0.07915160027369053,2980.130196267384,402.2308697524946,0.6645043656916002,0.4439728083694957
10_150,0.3,42,203,0.09005757458984752,-0.41369924497269756,0.13884962534514989,2808.737405027793,380.79106901517326,0.6003122421129582,0.4439728083694957
10_150,0.3,42,204,0.08943460785740934,-0.768023730233958,0.15193996292129874,3163.008022037613,390.4776241625688,0.6761463046047439,0.4439728083694957
10_150,0.3,42,205,0.08882132936879764,-0.49391032141410424,0.11467854609358386,2740.562397988724,403.68182075320647,0.626358938348816,0.4439728083694957
10_150,0.3,42,206,0.08821758845454078,-0.4172474268421674,0.0912548518687872,2846.5328399301375,376.9413543412805,0.6003859748868272,0.4439728083694957
10_150,0.3,42,207,0.08762323678834613,-0.9298978824285828,0.1533524045748347,2670.2717393716784,474.3701910277625,0.730517187126952,0.4439728083694957
10_150,0.3,42,208,0.08703812835065944,-0.4417012163666742,0.0928245024673316,3012.2189286044445,361.57244758832724,0.6031837651009035,0.4439728083694957
10_150,0.3,42,209,0.08646211939279098,-0.5473065763671437,0.12555586450851278,2878.966917685299,394.4316261076072,0.6345866345657083,0.4439728083694957
10_150,0.3,42,210,0.08589506840159955,-0.5717177225966203,0.09878231135323232,2741.0462966725167,414.61355415157755,0.644387449754233,0.4439728083694957
10_150,0.3,42,211,0.08533683606472567,-0.7160416262461132,0.10482464191160872,2804.9097682791244,427.14312426340956,0.6757609953260489,0.4439728083694957
10_150,0.3,42,212,0.08478728523636561,-0.5013062129714492,0.11385450044174514,2849.9859599418055,387.2355408192075,0.6178701244635233,0.4439728083694957
10_150,0.3,42,213,0.08424628090357741,-0.9249982966239286,0.11527234853610162,2492.822451414465,497.5769970162035,0.738596924054106,0.4439728083694957
10_150,0.3,42,214,0.08371369015311121,-0.7847318497045435,0.12415038374583134,2728.4685066404995,444.9141985576452,0.6920043114245746,0.4439728083694957
10_150,0.3,42,215,0.08318938213875532,-0.5818295507167303,0.13680645714468928,2808.522303352021,405.7238022353091,0.6412079764437032,0.4439728083694957
10_150,0.3,42,216,0.08267322804918986,-1593.103507734392,0.12090651439103357,222175.04691926803,220245.0223042274,398.6618935857109,0.4439728083694957
10_150,0.3,42,217,0.08216510107634088,-0.08347068406585802,0.10648082869012868,2673.9495374940557,347.59866237806506,0.5230182597809852,0.4439728083694957
10_150,0.3,42,218,0.08166487638422609,-0.20859961320035494,0.10077995239749886,2826.564482865965,350.1373906821167,0.5530038208995172,0.4439728083694957
10_150,0.3,42,219,0.08117243107828538,-0.2029006733975415,0.129708565226899,2836.0186233297354,346.89899544614326,0.5492866882879951,0.4439728083694957
10_150,0.3,42,220,0.08068764417518824,-0.6500390010416256,0.1251693681242423,2624.9577557085076,440.3351582829528,0.6669760755759577,0.4439728083694957
10_150,0.3,42,221,0.08021039657311081,-0.44126508523005487,0.10171665880850748,2643.1702542988724,407.98727488929006,0.6169514754566497,0.4439728083694957
10_150,0.3,42,222,0.07974057102247495,-0.7656819035077818,0.09907995585580037,2668.688223805256,450.8630385285479,0.6916575614264149,0.4439728083694957
10_150,0.3,42,223,0.0792780520971426,-0.6774100666945538,0.12668581331585277,2766.2979481307643,426.16561605044063,0.6676242930225046,0.4439728083694957
10_150,0.3,42,224,0.07882272616605801,-0.5471902955958088,0.15518968291847682,2681.6300247330496,417.9168562735667,0.6397590938375619,0.4439728083694957
10_150,0.3,42,225,0.0783744813653311,-0.14318617994013583,0.1214933607629902,2650.002150136105,361.9481763349104,0.5425247315903103,0.4439728083694957
10_150,0.3,42,226,0.07793320757075473,-1593.202989955213,0.1169945188241622,222411.56241759678,220234.47276087606,398.6845854793301,0.4439728083694957
10_150,0.3,42,227,0.07749879637074959,-0.5909842270062292,0.12395246103586319,2768.2641932979254,415.75338133078526,0.6508631322457226,0.4439728083694957
10_150,0.3,42,228,0.07707114103972987,-0.8146444612588756,0.13844698308463615,2898.9283020957023,433.64268272115197,0.7023363607435247,0.4439728083694957
10_150,0.3,42,229,0.0766501365118829,-0.6141889827627468,0.10472917404233444,2772.2279948641813,416.71280067196824,0.6531087656292964,0.4439728083694957
10_150,0.3,42,230,0.07623567935535681,0.30685480995299536,0.12351377021565982,2556.5334735575343,302.77082097078676,0.4295611301438593,0.4295611301438593
10_150,0.3,42,231,0.07582766774684957,-0.6002257841566893,0.13970019334433126,2816.4745131176555,411.27918088011114,0.6516735215333376,0.4295611301438593
10_150,0.3,42,232,0.07542600144659303,-0.47522424625677506,0.10640886255057494,2818.0018736823195,386.3541208488558,0.611012377882894,0.4295611301438593
10_150,0.3,42,233,0.07503058177372629,-0.7255462033303168,0.13734095945036215,2742.1074537659892,438.221719362824,0.6833245413594242,0.4295611301438593
10_150,0.3,42,234,0.0746413115820518,-0.7039997801206896,0.13931231587798876,3013.7920439415498,401.67020165744003,0.6692784584328344,0.4295611301438593
10_150,0.3,42,235,0.07425809523616868,-0.5429192671745717,0.09490464502690767,2693.035821648611,415.1953802484277,0.6372207484969585,0.4295611301438593
10_150,0.3,42,236,0.0738808385879771,-0.2642068923533806,0.09925475240570622,2920.979835217269,346.7828372372819,0.5634687985825104,0.4295611301438593
10_150,0.3,42,237,0.0735094489535481,-0.45992861248707484,0.14825556766418138,2643.261467671014,409.9223195838803,0.6201436730603784,0.4295611301438593
10_150,0.3,42,238,0.07314383509035316,-0.5072784564242959,0.12354182948553576,2856.2286949132013,389.94700899986253,0.6233776252727539,0.4295611301438593
10_150,0.3,42,239,0.07278390717484776,-0.5335284808275176,0.10762375272579394,2591.734328040521,425.29207048632,0.6366594296191733,0.4295611301438593
10_150,0.3,42,240,0.07242957678040378,-0.5229976080092102,0.1159190220712846,2716.977109005272,410.65134576592305,0.6338109219409123,0.4295611301438593
10_150,0.3,42,241,0.07208075685558483,-0.368907373688067,0.11360183892923074,2806.3225200403117,376.1858585132554,0.5923433341208604,0.4295611301438593
10_150,0.3,42,242,0.0717373617027597,-0.48808482096551176,0.1511376088450397,2693.481068505872,409.019070611011,0.627156409390514,0.4295611301438593
10_150,0.3,42,243,0.07139930695704806,-0.45466823024875114,0.15735550632655632,2637.5565051871317,410.1804003334195,0.6196022617113238,0.4295611301438593
10_150,0.3,42,244,0.0710665095655941,-0.5229976080092102,0.0813540045950851,2716.977109005272,410.65134576592305,0.6338109219409123,0.4295611301438593
10_150,0.3,42,245,0.07073888776716195,-0.5460005446330307,0.11005017544911104,2685.7091399429714,416.69767481828234,0.6384476210091481,0.4295611301438593
10_150,0.3,42,246,0.07041636107204882,-0.5573270570950273,0.13804185832152913,2554.2217345105305,430.6286981063143,0.639074613100197,0.4295611301438593
10_150,0.3,42,247,0.07009885024231037,-0.34303156045948957,0.09062369320093122,2858.8189696227205,364.5690346622144,0.5821527433868154,0.4295611301438593
10_150,0.3,42,248,0.0697862772722936,-0.6247593277740805,0.12892068281889957,2671.2082531700185,431.09328369088325,0.6596278224703651,0.4295611301438593
10_150,0.3,42,249,0.0694785653694726,-0.6007858377440493,0.14018191517025208,2777.841743975922,414.51967522783866,0.650457979374622,0.4295611301438593
10_150,0.3,42,250,0.06917563893558212,-0.4379507760831478,0.11857781582446311,2911.812567606626,375.4983646677709,0.6090603250705078,0.4295611301438593
10_150,0.3,42,251,0.06887742354804487,-0.2462969829025364,0.14520044979441388,2617.7272047297024,379.0710043805348,0.565175394147216,0.4295611301438593
10_150,0.3,42,252,0.06858384594168729,-0.5754692401544841,0.14452333913808868,2663.4256879501045,423.6074918676712,0.6460218124333711,0.4295611301438593
10_150,0.3,42,253,0.06829483399074003,-0.5543822253642956,0.10177961897933666,2604.416062994837,425.0447601110766,0.6383987766845419,0.4295611301438593
10_150,0.3,42,254,0.06801031669111803,-0.4274207908488064,0.13820120165911548,2782.6005059363515,385.16047338147627,0.6030639484729647,0.4295611301438593
10_150,0.3,42,255,0.06773022414297643,-0.21022880982988196,0.08900219893890167,2615.7762629949884,374.3984728721965,0.5571744499502598,0.4295611301438593
10_150,0.3,42,256,0.06745448753353762,-0.5229976080092102,0.16139399077839064,2716.977109005272,410.65134576592305,0.6338109219409123,0.4295611301438593
10_150,0.3,42,257,0.06718303912018544,-0.4139719334055131,0.08587612806456649,2793.6660088707044,383.5897869145855,0.602357289667697,0.4295611301438593
10_150,0.3,42,258,0.0669158122138222,-0.6061998439880729,0.0833834446414439,2941.4783484981717,392.7151425430534,0.6423436790780428,0.4295611301438593
10_150,0.3,42,259,0.06665274116248465,-0.6192805820550926,0.11551516416092081,2569.269587970977,444.04996231226954,0.6636539630893864,0.4295611301438593
10_150,0.3,42,260,0.06639376133521471,-0.22830389858603858,0.12004350929042154,2780.1100703519946,357.22891296793244,0.5567873397863577,0.4295611301438593
10_150,0.3,42,261,0.06613880910618089,-0.395738778588144,0.10656259989992359,3023.061672241164,353.38586183501246,0.591578085930675,0.4295611301438593
10_150,0.3,42,262,0.06588782183904693,-0.5199571809631847,0.13291118840999255,2449.8652616022664,438.33124741580326,0.6340660198577684,0.4295611301438593
10_150,0.3,42,263,0.06564073787158327,-0.5782910613475101,0.09885363984809781,2736.4868409414407,417.5102922001685,0.648371712176072,0.4295611301438593
10_150,0.3,42,264,0.06539749650051803,-0.01882869581734844,0.08851930824500973,2776.626363796794,328.20731272810866,0.508553179617061,0.4295611301438593
10_150,0.3,42,265,0.06515803796662348,-0.46976945551136007,0.11783261734601216,2863.372497500624,385.1685389029405,0.6167413107170345,0.4295611301438593
10_150,0.3,42,266,0.06492230344003448,-0.6103679265830791,0.13008897231499267,2917.446691826491,400.5280013261415,0.6511046539751604,0.4295611301438593
10_150,0.3,42,267,0.06469023500579518,-0.44145605004913624,0.08386747722521579,2671.9297328239986,402.3438391351834,0.6125518482403675,0.4295611301438593
10_150,0.3,42,268,0.06446177564963067,-0.46976945551136007,0.13912574868138602,2863.372497500624,385.1685389029405,0.6167413107170345,0.4295611301438593
10_150,0.3,42,269,0.06423686924393959,-0.16142157730753146,0.09431539188391486,2811.8712942624497,343.74927935621423,0.5400308117543127,0.4295611301438593
10_150,0.3,42,270,0.064015460534005,-0.46976945551136007,0.09278758159495933,2863.372497500624,385.1685389029405,0.6167413107170345,0.4295611301438593
10_150,0.3,42,271,0.0637974951244193,-0.33770847969946516,0.09037499788875837,2810.848005787995,372.46462619401126,0.5869997509745871,0.4295611301438593
10_150,0.3,42,272,0.06358291946572056,-0.8740577449808841,0.13659872497793862,2867.67849566662,445.81699751024513,0.7170364600074924,0.4295611301438593
10_150,0.3,42,273,0.06337168084123639,-0.6502941459531408,0.09919119647592722,2689.940167411823,430.9643005734291,0.6625849307355928,0.4295611301438593
10_150,0.3,42,274,0.06316372735413278,-0.6198549704432519,0.15517049479749406,2965.611640255828,397.3974848366716,0.6541132967374569,0.4295611301438593
10_150,0.3,42,275,0.06295900791466405,-0.17489151964751118,0.13032418223623643,2766.948897267414,350.897310639245,0.5441662711955167,0.4295611301438593
10_150,0.3,42,276,0.06275747222762111,-0.06546788908797514,0.07718426421146891,2736.5285565277413,337.47295914110913,0.5169813037265729,0.4295611301438593
10_150,0.3,42,277,0.06255907077997513,-0.633369094200079,0.11374483749721243,2762.0097366256405,422.15089686587424,0.660307887055881,0.4295611301438593
10_150,0.3,42,278,0.062363754828713217,-0.46976945551136007,0.07383147248292843,2863.372497500624,385.1685389029405,0.6167413107170345,0.4295611301438593
10_150,0.3,42,279,0.06217147638886324,-0.16142157730753146,0.07804059401051087,2811.8712942624497,343.74927935621423,0.5400308117543127,0.4295611301438593
10_150,0.3,42,280,0.06198218822170495,-0.5099354563467116,0.07219166573524635,2893.184326139764,387.664887812485,0.6258828109258724,0.4295611301438593
10_150,0.3,42,281,0.06179584382316449,-0.38138051321053357,0.0820985840019733,2836.807561448749,375.62574330911417,0.5965809172470911,0.4295611301438593
10_150,0.3,42,282,0.06161239741238927,-0.41775972832740305,0.092712576260002,2861.230824680773,379.62992255588074,0.6072862473420979,0.4295611301438593
10_150,0.3,42,283,0.06143180392050065,-0.688067723200853,0.08544464940273147,2814.7652568950803,423.17628950676965,0.6709158776394077,0.4295611301438593
10_150,0.3,42,284,0.06125401897952138,-0.1150877121033766,0.14468728427263147,2381.940035780493,384.5921739012298,0.5343516189575475,0.4295611301438593
10_150,0.3,42,285,0.06107899891147547,-0.5782910613475101,0.0604322081701252,2736.4868409414407,417.5102922001685,0.648371712176072,0.4295611301438593
10_150,0.3,42,286,0.060906700717657275,-0.4843949292071226,0.07264365031851308,2856.7390868652683,387.6934809264238,0.6197643458076418,0.4295611301438593
10_150,0.3,42,287,0.060737082068067785,-0.3021738703599788,0.07247273191974478,2720.9241192116597,377.64343434927844,0.5802894732527186,0.4295611301438593
10_150,0.3,42,288,0.06057010129101494,-1.0039483743901123,0.09508762755736387,2882.9747686969813,461.84959346541956,0.7459448639661344,0.4295611301438593
10_150,0.3,42,289,0.06040571736287584,-0.7274864219849893,0.09609594610424675,2718.1854188377774,439.84713261413685,0.6819461179463016,0.4295611301438593
10_150,0.3,42,290,0.06024388989801807,-0.6024775345096769,0.0701990402849656,2596.1793395169334,434.60235848857906,0.6526961082443915,0.4295611301438593
10_150,0.3,42,291,0.06008457913887785,-0.5782910613475101,0.1318065727222853,2736.4868409414407,417.5102922001685,0.648371712176072,0.4295611301438593
10_150,0.3,42,292,0.05992774594619241,-0.5782910613475101,0.07839277088298155,2736.4868409414407,417.5102922001685,0.648371712176072,0.4295611301438593
10_150,0.3,42,293,0.05977335178938433,-1.1018486847941271,0.09946773635788303,2810.026466255151,488.47665891717327,0.7773179807828243,0.4295611301438593
10_150,0.3,42,294,0.059621358737095426,-0.6499914759356159,0.09192655839462867,2617.8858499153553,441.1875910657158,0.667179168764275,0.4295611301438593
10_150,0.3,42,295,0.05947172944786773,-0.6169796888439842,0.08295817399176397,2799.5092746036667,415.1269014954681,0.6551203396384259,0.4295611301438593
10_150,0.3,42,296,0.059324427160969605,-0.6456815680039896,0.1056399160511017,2927.8266574626914,405.3760337886371,0.6608196484377151,0.4295611301438593
10_150,0.3,42,297,0.05917941568736433,-0.49206371678175215,0.10935386544118261,2588.5312813259325,422.3666329571755,0.6313148760346325,0.4295611301438593
10_150,0.3,42,298,0.05903665940081926,-0.3325342271972128,0.08717678569300107,2795.7211186973614,372.3805239841457,0.5843026790770942,0.4295611301438593
10_150,0.3,42,299,0.058896123229153184,-0.6259328156854664,0.08291535224515201,2569.107412801737,442.82638486672226,0.6616177782909255,0.4295611301438593
10_150,0.3,42,300,0.05875777264561992,-0.5011829439152536,0.15780477819114275,2617.1115265724657,418.599256191967,0.6299648582566044,0.4295611301438593
10_150,0.3,42,301,0.05862157366042571,-1.063874227411006,0.11238182246168246,2968.9284003654234,459.63481712314217,0.7568495549739973,0.4295611301438593
10_150,0.3,42,302,0.058487492812378764,-0.6956067137530592,0.08411993375516186,2788.302380860915,427.62752377753316,0.6737467791236131,0.4295611301438593
10_150,0.3,42,303,0.05835549716066848,-0.8169648656272355,0.07522847210651805,2739.762756849698,452.60226946503343,0.7065364718909188,0.4295611301438593
10_150,0.3,42,304,0.05822555427677263,-1.099048064091939,0.09097467545812246,3040.259923749309,454.1158474165788,0.7598561363161762,0.4295611301438593
10_150,0.3,42,305,0.05809763223649032,-1.0651822776956676,0.07393340731883957,2995.561811000779,457.1098750996589,0.757209900878496,0.4295611301438593
10_150,0.3,42,306,0.057971699612098956,-0.6068954968071061,0.10471664910558773,2506.536802450872,446.424103591395,0.6569391503257214,0.4295611301438593
10_150,0.3,42,307,0.05784772546463305,-0.3442817472474363,0.08267517644056895,2903.551572476501,361.2224767387036,0.5842260638129969,0.4295611301438593
10_150,0.3,42,308,0.05772567933628324,-0.6985806944342309,0.08238288005816542,2899.877313570864,412.9974541220808,0.6686035869874045,0.4295611301438593
10_150,0.3,42,309,0.05760553124291343,-0.5661535650834225,0.11399136637450628,2783.2595648389606,409.06547473839527,0.6424203340614671,0.4295611301438593
10_150,0.3,42,310,0.05748725166669427,-0.3517302079615602,0.0778790561097274,2706.3126884616686,384.01855779085514,0.5882837255502323,0.4295611301438593
10_150,0.3,42,311,0.05737081154885137,-0.5366718325605091,0.07070149419715974,2363.3310121482064,450.46004075009955,0.6393389697566497,0.4295611301438593
10_150,0.3,42,312,0.057256182282526054,-0.38165417143012065,0.06579752362203295,2729.84555582823,385.7849914741356,0.5951647164173725,0.4295611301438593
10_150,0.3,42,313,0.057143335705747374,-0.8235498034894113,0.08060646189994448,2624.611756078188,465.92109110316517,0.7089220252419117,0.4295611301438593
10_150,0.3,42,314,0.05703224409451321,-0.5326812580571103,0.0915882481419064,2624.634883724003,423.60301380927115,0.6394522573048891,0.4295611301438593
10_150,0.3,42,315,0.056922880155979176,-0.5918689273591824,0.09924967885310507,2697.1054522012887,423.86928629284694,0.6521491746304071,0.4295611301438593
10_150,0.3,42,316,0.05681521702175326,-0.538708437179286,0.10440725337100912,2615.965969342876,425.148035001244,0.6405222099801698,0.4295611301438593
10_150,0.3,42,317,0.05670922824129488,-0.5389567712199294,0.14223902195373606,2849.908919488954,396.13101537133053,0.6324608117089542,0.4295611301438593
10_150,0.3,42,318,0.05660488777541653,-0.6223549796036953,0.08939568124332756,3018.786604207197,389.8211002770683,0.6506706876915354,0.4295611301438593
10_150,0.3,42,319,0.056502169989886525,-0.4696842173371918,0.0914582133142882,2792.48198002454,393.241968980096,0.6180029971249095,0.4295611301438593
10_150,0.3,42,320,0.056401049649131195,-0.7246804210309639,0.11277906857466183,2893.924998058226,417.6605462707467,0.6752520480483525,0.4295611301438593
10_150,0.5,42,1,1.0,-1.4084295338607187,,2904.691876932784,406.61857845741,0.7583795627822506,0.7583795627822506
10_150,0.5,42,2,0.9852258055592246,-1.162715634624204,0.24096491779402046,2592.5426399120634,447.33181768536235,0.7181117327978535,0.7181117327978535
10_150,0.5,42,3,0.9706813761935793,-1.6044108238420973,0.261797051914538,2825.1678076220583,472.7354651904801,0.8134894760531768,0.7181117327978535
10_150,0.5,42,4,0.9563631386463322,-1.561930858949697,0.2365079684074137,2812.9717615739864,469.0215860805169,0.8056957605495413,0.7181117327978535
10_150,0.5,42,5,0.9422675752312664,-1.608787184103052,0.24315865784448168,2710.8711327636506,501.7270420356518,0.8152605205709117,0.7181117327978535
10_150,0.5,42,6,0.9283912229684601,-0.74508017739508,0.23214508083600532,2122.77426978888,481.2932932223783,0.6254860198077795,0.6254860198077795
10_150,0.5,42,7,0.9147306727335057,-1.1958178148773926,0.22966657574558696,3013.902603452358,334.7002532917226,0.7048367310567338,0.6254860198077795
10_150,0.5,42,8,0.9012825684199611,-1.5955168789582794,0.2239470008695495,2944.7680936181528,436.9939603020404,0.8052985108028238,0.6254860198077795
10_150,0.5,42,9,0.888043606114825,-2.0479410335810195,0.2443229333358536,2786.7841298766907,580.8181132699959,0.9294097736804513,0.6254860198077795
10_150,0.5,42,10,0.8750105332868364,-1.0239231790023557,0.2362253406390002,2862.6058291999448,345.6285581763418,0.6749938609757294,0.6254860198077795
10_150,0.5,42,11,0.8621801479873967,-1.9435398201822578,0.2008745187612301,3264.650585692326,425.52676102824773,0.8820419255260643,0.6254860198077795
10_150,0.5,42,12,0.8495492980639193,-1.4462084677547347,0.2217548470670061,2672.3211906493325,485.55871379542725,0.785431725462255,0.6254860198077795
10_150,0.5,42,13,0.837114880385412,-1.5453533268772004,0.22636695661836664,3041.8230746374725,404.94314333352514,0.7950787971362361,0.6254860198077795
10_150,0.5,42,14,0.8248738400801048,-0.8618516689582938,0.2145379824151151,2600.463127398939,384.941514713618,0.6471832607075949,0.6254860198077795
10_150,0.5,42,15,0.8128231697849323,-1.35728223622668,0.21072820805939382,2614.3545465918487,484.05435370593943,0.7673240425013299,0.6254860198077795
10_150,0.5,42,16,0.8009599089066888,-0.8503483945446165,0.21278306839193856,2749.835276117882,339.3180967369446,0.6357984547035473,0.6254860198077795
10_150,0.5,42,17,0.7892811428946735,-1.3621979084068205,0.20202893841996863,2858.6482124421455,414.7377886115006,0.7549185710280746,0.6254860198077795
10_150,0.5,42,18,0.7777840025246476,-1.6884923108290806,0.20841797782210292,3162.051781452573,396.1108406889414,0.818619940149953,0.6254860198077795
10_150,0.5,42,19,0.7664656631939266,-1.0923531807220503,0.21449532857276205,2707.527229917761,402.23254984094297,0.6976460508063796,0.6254860198077795
10_150,0.5,42,20,0.7553233442274359,-0.8857521758541256,0.18281352529422365,2754.5045041685307,343.5092737757751,0.642029696548992,0.6254860198077795
10_150,0.5,42,21,0.7443543081945577,-1.132132000151227,0.19586437265560047,2456.89045692953,477.51047083336147,0.7152536440308965,0.6254860198077795
10_150,0.5,42,22,0.7335558602366034,-1.2586596731675508,0.1877000849649761,2686.6126427223558,437.81788570741577,0.7334781618079176,0.6254860198077795
10_150,0.5,42,23,0.7229253474047432,-1.1793854240906994,0.1783396484181469,2627.9334188165885,435.8858799123355,0.7146680917345034,0.6254860198077795
10_150,0.5,42,24,0.7124601580082336,-1.663922901846228,0.1934210934229197,3200.6460863565057,387.37662526493386,0.8192594142650136,0.6254860198077795
10_150,0.5,42,25,0.7021577209727804,-1222.9324876714843,0.19765135171802495,212659.37984155462,210295.20889464338,306.0230670748812,0.6254860198077795
10_150,0.5,42,26,0.6920155052088806,-0.7728566569767952,0.22506127103256088,2808.6672138984554,307.93829200682165,0.6155886732920824,0.6155886732920824
10_150,0.5,42,27,0.6820310189899872,-1.2825774555998197,0.2074062224092615,2777.393949569129,420.32729375778143,0.7385635623485651,0.6155886732920824
10_150,0.5,42,28,0.6722018093403456,-0.8670354368022696,0.21064427731370777,2757.972351198306,341.111166727717,0.6401953236648956,0.6155886732920824
10_150,0.5,42,29,0.6625254614323491,-1.3836961520258875,0.18840931790814838,2906.5497250827634,406.5068381274641,0.7587723484507576,0.6155886732920824
10_150,0.5,42,30,0.6529995979932678,-0.9458027996711382,0.19750686369872686,2772.513938818684,352.751785520402,0.6579456080024759,0.6155886732920824
10_150,0.5,42,31,0.6436218787212026,-1.817822149903281,0.19125195022278563,2865.507718314256,515.6302950685559,0.8751636331297363,0.6155886732920824
10_150,0.5,42,32,0.634389999710123,-1.5144759566280257,0.22241311195485247,3222.1852983840045,350.79795658722196,0.7824385890617457,0.6155886732920824
10_150,0.5,42,33,0.6253016928838472,-0.5737228083022538,0.19369688214676745,2380.2320701304616,376.3097982303777,0.5749675286820495,0.5749675286820495
10_150,0.5,42,34,0.6163547254388225,-0.5452872105396203,0.19941591135273676,2316.918579266767,393.0039869209095,0.5766927375135799,0.5749675286820495
10_150,0.5,42,35,0.607546899295575,-1.6639004215620459,0.1608951374404793,2626.063194272054,546.9017807946445,0.8443229622120525,0.5749675286820495
10_150,0.5,42,36,0.5988760505586863,-0.9883430256399026,0.1619254418109169,2821.805723660455,346.12090476964414,0.6640676833237911,0.5749675286820495
10_150,0.5,42,37,0.5903400489851716,-1.602824487808675,0.16746468778337112,3046.883620080833,414.42818687471254,0.8076281933448284,0.5749675286820495
10_150,0.5,42,38,0.581936797461124,-0.7801951988762796,0.17320563531764516,2319.8786109353678,436.7167180418208,0.6287868042326162,0.5749675286820495
10_150,0.5,42,39,0.5736642314864987,-1.0230859915926778,0.19932545049283418,2477.7197477056825,447.65052077980084,0.6861113255971303,0.5749675286820495
10_150,0.5,42,40,0.5655203186679085,-2.0498674199031623,0.16699529393903903,2808.8558734309363,575.8273713112889,0.9297805010820064,0.5749675286820495
10_150,0.5,42,41,0.5575030582193081,-0.9915486612512571,0.18622704227463008,2425.514943325132,456.7289722055002,0.6820380591386307,0.5749675286820495
10_150,0.5,42,42,0.5496104804704447,-0.5121419977332491,0.18234676292330598,2253.2715340271775,401.7580476146832,0.5690129543829034,0.5690129543829034
10_150,0.5,42,43,0.5418406463829504,-1.143164491855936,0.21231535623971154,2725.9079886430122,409.8344727590035,0.7117428291525323,0.5690129543829034
10_150,0.5,42,44,0.5341916470739625,-1.9929613189632442,0.18320583553765413,2704.003071895557,586.9770510168046,0.9132920295030371,0.5690129543829034
10_150,0.5,42,45,0.5266616033471518,-1.3484096468341131,0.1762974867229381,2615.578385599832,476.02004337149765,0.7582477127439222,0.5690129543829034
10_150,0.5,42,46,0.519248665231044,-1.5026537941805904,0.21663033001522197,2901.18146015463,434.447174066822,0.7900228538457293,0.5690129543829034
10_150,0.5,42,47,0.5119510115245198,-1280.6571493310535,0.19410808453165165,222334.5475340987,220295.67845690367,320.4779601686994,0.5690129543829034
10_150,0.5,42,48,0.504766849349387,-1.4869608542119428,0.19136323384388368,2733.0023609771624,475.51912898325116,0.7907678221672816,0.5690129543829034
10_150,0.5,42,49,0.49769441370990625,-1.4553396538949595,0.19936233486705537,2689.4368983627282,484.3797706548208,0.7888749910432292,0.5690129543829034
10_150,0.5,42,50,0.4907319670591703,-1.3577224207459295,0.1809855178850564,2585.516732424008,494.7781909545205,0.7717685144392523,0.5690129543829034
10_150,0.5,42,51,0.4838777988722253,-1.6813341329947846,0.20019310253102796,2860.256344469904,486.6828261051238,0.8397379284750728,0.5690129543829034
10_150,0.5,42,52,0.47713022522583176,-1.004093514763639,0.1617413544619007,2464.050864250524,454.1342229509017,0.6898604827633079,0.5690129543829034
10_150,0.5,42,53,0.47048758838475946,-0.670024439955598,0.12890324861350871,2424.009787201487,384.07340492204463,0.5964145367874192,0.5690129543829034
10_150,0.5,42,54,0.4639482563945182,-1.1502947213114887,0.1779927659984233,2674.5066911151207,426.5704478844801,0.7168756626592663,0.5690129543829034
10_150,0.5,42,55,0.4575106226804207,-1.7819175088846146,0.1388720566849933,3122.3489428366256,438.7246620653973,0.8573966477730991,0.5690129543829034
10_150,0.5,42,56,0.45117310565288166,-0.87436037748828,0.17395014601098907,2528.753970104754,400.2705344399926,0.644940466909749,0.5690129543829034
10_150,0.5,42,57,0.44493414831885486,-0.9204262411070158,0.16731897298639503,2438.456129643939,444.4246603107535,0.6712582233711415,0.5690129543829034
10_150,0.5,42,58,0.438792217899313,-1.2512956990449664,0.16567863722093717,2758.6036821908156,419.40744077424245,0.7321870157466236,0.5690129543829034
10_150,0.5,42,59,0.43274580545267627,-1.971594276504734,0.14761589534996947,3154.502509854611,465.28234891060833,0.8976050185075555,0.5690129543829034
10_150,0.5,42,60,0.4267934255040983,-1280.2072901547829,0.1758050698902162,222241.30646083446,220228.53291218466,320.37293314704164,0.5690129543829034
10_150,0.5,42,61,0.42093361568051574,-1.5464615022585784,0.17609623885756423,2742.7538220835113,488.9990666331134,0.8093244049253767,0.5690129543829034
10_150,0.5,42,62,0.4151649363513749,-1.5974732906346936,0.15800455388888485,2745.906685031324,501.0436723283963,0.8243373893676782,0.5690129543829034
10_150,0.5,42,63,0.40948597027494477,-1.146623611637252,0.17040786266976132,2679.6897064262093,423.31323854928576,0.7145174572476475,0.5690129543829034
10_150,0.5,42,64,0.4038953222501312,-1.2000217853492747,0.2190969836667059,2595.9630754339964,451.0630642106317,0.7234515446146863,0.5690129543829034
10_150,0.5,42,65,0.3983916187737056,-0.6371261217271136,0.21114183084103258,2450.368793418994,379.94685427297924,0.5990074402288956,0.5690129543829034
10_150,0.5,42,66,0.3929735077028642,-1280.3124511406743,0.15882160359208788,222174.6090486652,220264.52436889624,320.3963330983951,0.5690129543829034
10_150,0.5,42,67,0.38763965792303584,-1.7637223158604707,0.1716955806617003,3172.764402411702,414.23188079865946,0.8428898833346388,0.5690129543829034
10_150,0.5,42,68,0.38238875902085495,-0.8154431808181254,0.1433587846216655,2421.0308197567592,428.58725914299015,0.6477735446497885,0.5690129543829034
10_150,0.5,42,69,0.37721952096222106,-1.5730853868140418,0.17922337682233236,2594.323521067201,537.2363055955304,0.8240398460060655,0.5690129543829034
10_150,0.5,42,70,0.372130673775365,-1.0340294198255782,0.15948078490865286,2837.2325647934194,355.87633462869206,0.6798569071929437,0.5690129543829034
10_150,0.5,42,71,0.3671209672388437,-1.2608227412127375,0.1489548705913411,2759.782183005734,422.5085854171675,0.736155832163548,0.5690129543829034
10_150,0.5,42,72,0.3621891705743874,-1.8374322537663152,0.14409800842661968,2938.6781460215952,495.8703526936385,0.8726225330620856,0.5690129543829034
10_150,0.5,42,73,0.35733407214452373,-1.406731792134377,0.20092149213872296,2757.6487968680867,454.30655347515665,0.7728420373103305,0.5690129543829034
10_150,0.5,42,74,0.35255447915490423,-1.673547770099301,0.2097525940362573,2843.635146504166,485.7156451309791,0.8339174486544025,0.5690129543829034
10_150,0.5,42,75,0.3478492173612599,-1.094756343314416,0.1646762709413269,2697.9294885781105,408.5172909624615,0.7023097494786794,0.5690129543829034
10_150,0.5,42,76,0.3432171307809146,-1.1031121310798535,0.15942101218532084,2431.495431578439,484.85912365083936,0.7167109136146089,0.5690129543829034
10_150,0.5,42,77,0.3386570814087846,-1.5941204022238593,0.1766058127356303,2719.2879524472164,507.4063174507909,0.8242934002078094,0.5690129543829034
10_150,0.5,42,78,0.3341679489377949,-1.6347841424829455,0.13397062637426516,2764.0753712849532,501.9627929433274,0.830537823347973,0.5690129543829034
10_150,0.5,42,79,0.32974863048364406,-1.1921879819360857,0.16140461612960783,2971.2337265293177,353.2044118795625,0.714505107203743,0.5690129543829034
10_150,0.5,42,80,0.3253980403138483,-0.6252954071729036,0.17625106968476092,2461.254349511353,375.6557579492058,0.5970446753453188,0.5690129543829034
10_150,0.5,42,81,0.32111510958100054,-1280.3256218426773,0.12870766745094947,222290.9415394876,220238.81787301297,320.39898828084193,0.5690129543829034
10_150,0.5,42,82,0.3168987860601775,-1.0750587583049283,0.157687044613868,2659.8319501752417,408.4041826617673,0.6914355730443291,0.5690129543829034
10_150,0.5,42,83,0.31274803389043004,-0.5838851957666586,0.1691925461835649,2726.300597945452,292.38306486775974,0.5741247859775046,0.5690129543829034
10_150,0.5,42,84,0.30866183332029457,-0.9457513539736289,0.18801867916927373,2776.8879008422346,358.75370114509246,0.6662169525681869,0.5690129543829034
10_150,0.5,42,85,0.3046391804572615,-1.5004310984267928,0.13545470316446181,2992.5456292200574,415.09647064999814,0.7930913421227734,0.5690129543829034
10_150,0.5,42,86,0.3006790870211401,-1280.7052931365727,0.20574195836358128,222405.72195559062,220286.88575563024,320.48771697198265,0.5690129543829034
10_150,0.5,42,87,0.29678058010125963,-0.7687417661565035,0.1475813014464376,2621.3238031028345,360.969907268863,0.6249547233409154,0.5690129543829034
10_150,0.5,42,88,0.2929427019174456,-0.983160808363388,0.1393565228117056,2681.587541988022,390.24511554245447,0.6762753988686134,0.5690129543829034
10_150,0.5,42,89,0.28916450958471324,-1.1374441413216472,0.17902716998396165,3007.333330335548,331.8397365762181,0.6996301659246198,0.5690129543829034
10_150,0.5,42,90,0.28544507488162135,-0.7725705984992534,0.17811223478041271,2364.0369558664793,436.06223848240137,0.6404697078435124,0.5690129543829034
10_150,0.5,42,91,0.28178348402222775,-1.0442573072062682,0.21044014327052302,2817.5542754764338,358.17921286546783,0.6770091020125961,0.5690129543829034
10_150,0.5,42,92,0.27817883743159105,-1.1812398301922746,0.19301158299623525,2527.5230083163437,472.49646146401966,0.7292887298937141,0.5690129543829034
10_150,0.5,42,93,0.27463024952476534,-0.7365147148258324,0.17321477291527745,2546.775777327547,373.6247031988751,0.6187756014431641,0.5690129543829034
10_150,0.5,42,94,0.27113684848922975,-0.9089366361201155,0.13442991212206845,2831.818507330584,337.03398777727756,0.6562350492646652,0.5690129543829034
10_150,0.5,42,95,0.2676977760707032,-1.423945626055442,0.13909836397366987,2819.9040427910063,443.9230808762016,0.7782186840402556,0.5690129543829034
10_150,0.5,42,96,0.2643121873622896,-1.0689609694275655,0.17385019226452492,2761.6634710699163,383.9262036997496,0.6914428435053129,0.5690129543829034
10_150,0.5,42,97,0.2609792505969018,-1.0069220606628533,0.15770696764705253,2754.185864338096,375.2619512947954,0.6791744568449491,0.5690129543829034
10_150,0.5,42,98,0.25769814694291476,-1.4651590864260542,0.14493586406543266,2787.7319392550553,457.2348366736327,0.7847577666317841,0.5690129543829034
10_150,0.5,42,99,0.25446807030299534,-1.3069705775944171,0.15105774216840645,2926.6869007949103,391.64238961212,0.7470192805591414,0.5690129543829034
10_150,0.5,42,100,0.2512882271160621,-0.6579668048740333,0.1240010595498842,2422.3661940944303,390.0851003193781,0.603000709410179,0.5690129543829034
10_150,0.5,42,101,0.2481578361623234,-0.9882266644930952,0.14436362100572026,2600.556644724824,418.1337997227108,0.6861323757593549,0.5690129543829034
10_150,0.5,42,102,0.2450761283713493,-1.0595923161670584,0.126995912680331,2683.014883162583,406.8828804186788,0.6961880176892884,0.5690129543829034
10_150,0.5,42,103,0.24204234663312607,-1.0174718106439262,0.12673991161782178,2825.6458255060425,352.98398675231147,0.6731983487870433,0.5690129543829034
10_150,0.5,42,104,0.23905574561205173,-1.2761569845693246,0.1500433435311918,2773.460115944877,420.41604407876605,0.737558496757557,0.5690129543829034
10_150,0.5,42,105,0.23611559156382206,-0.7606803481407537,0.12993814261401426,2655.164660885254,347.6577198457677,0.6188856372228748,0.5690129543829034
10_150,0.5,42,106,0.2332211621551653,-1.2706480971916738,0.15426293167129285,2734.923744421246,436.0312152933818,0.745004271318184,0.5690129543829034
10_150,0.5,42,107,0.23037174628638085,-1.178860164357944,0.1746254982096123,2843.313692390304,383.6415936094772,0.7141302476579433,0.5690129543829034
10_150,0.5,42,108,0.2275666439166364,-1281.0625838065623,0.1732790613548792,222360.61748809644,220376.1375275763,320.57966043165663,0.5690129543829034
10_150,0.5,42,109,0.2248051658919834,-1.0723900648122076,0.21066688268596384,2772.562563600034,377.76596685593364,0.6872920579873769,0.5690129543829034
10_150,0.5,42,110,0.22208663377604637,-1.4725829865586972,0.1479215778675526,2929.8437113512637,421.32905485193953,0.7827212408049518,0.5690129543829034
10_150,0.5,42,111,0.21941037968334542,-1.2417878264030329,0.17016929619349214,2979.8456876283044,360.016287163681,0.7249211435764932,0.5690129543829034
10_150,0.5,42,112,0.21677574611521144,-0.8593686678374248,0.14499361820200213,2516.1669450228737,405.21610164598417,0.6471909669381871,0.5690129543829034
10_150,0.5,42,113,0.21418208579825188,-1.0572260562275633,0.1358976121144368,2674.1735529005473,404.4534874543471,0.690846404506998,0.5690129543829034
10_150,0.5,42,114,0.21162876152533033,-0.8653660171867783,0.1543837280793085,2623.7657296800858,378.08287701913514,0.6457106492556228,0.5690129543829034
10_150,0.5,42,115,0.20911514599901782,-1.0399779475869244,0.1531206519830342,2503.797409531024,450.53512996252795,0.6968465019267647,0.5690129543829034
10_150,0.5,42,116,0.20664062167747893,-1.5770724290392182,0.10895271297670572,2968.776518851265,433.40552524838034,0.8078596899117587,0.5690129543829034
10_150,0.5,42,117,0.20420458062275576,-1.5865811127166864,0.14012915717596405,3113.551843888045,399.95995012090276,0.8094590962840114,0.5690129543829034
10_150,0.5,42,118,0.2018064243514096,-0.7184633310337136,0.1587214833992176,2550.3878065900517,368.70182379700725,0.614021220284559,0.5690129543829034
10_150,0.5,42,119,0.1994455636874869,-0.9551610365327026,0.2098379739603086,2453.9487126980275,447.1692012949293,0.6788447033130068,0.5690129543829034
10_150,0.5,42,120,0.19712141861777083,-1.2646929038781827,0.13991472504020078,2864.951195564435,390.5942374750708,0.7283838864820638,0.5690129543829034
10_150,0.5,42,121,0.19483341814928484,-1.0315621640715464,0.11585955958258745,2668.9581070320432,404.46002301149366,0.6893835816889459,0.5690129543829034
10_150,0.5,42,122,0.19258100016901147,-0.9178315858483785,0.15522647059310782,2589.4039264788926,399.5132162507658,0.6611525611025797,0.5690129543829034
10_150,0.5,42,123,0.19036361130579338,-1.1478381078860178,0.18443921611239483,2633.6720165266415,434.53753896725726,0.7147049557773048,0.5690129543829034
10_150,0.5,42,124,0.18818070679438154,-1.0282053398175477,0.13982511012283455,2536.004032886711,437.0142821506922,0.6900719615586048,0.5690129543829034
10_150,0.5,42,125,0.1860317503415984,-1.591770181485677,0.15032063556381886,3366.414648868277,323.4292826067658,0.7910101030287602,0.5690129543829034
10_150,0.5,42,126,0.1839162139945818,-0.9923469102596634,0.10706942216624973,2715.6238856583145,378.81304929127947,0.6724661432988207,0.5690129543829034
10_150,0.5,42,127,0.18183357801107813,-1.9165387478877582,0.14193170545153388,3450.7014990810812,369.51295824154346,0.8688144123033676,0.5690129543829034
10_150,0.5,42,128,0.17978333073175307,-0.9478629034884829,0.149910181272011,2664.7285384424977,383.56577304603337,0.6636895357739492,0.5690129543829034
10_150,0.5,42,129,0.17776496845448742,-1.3954495887843843,0.14770725647726796,2989.8490374924477,386.7508072091978,0.7590916581312394,0.5690129543829034
10_150,0.5,42,130,0.17577799531062827,-1280.314679213802,0.18066081979644366,222184.63078787646,220263.82767350005,320.3983417359212,0.5690129543829034
10_150,0.5,42,131,0.1738219231431649,-1.402713053939715,0.16910130211219307,3123.041732146447,352.3494108873867,0.7563045218155214,0.5690129543829034
10_150,0.5,42,132,0.17189627138679878,-1.300002010395566,0.10395295066207147,2979.4776392520794,370.7929493297237,0.7374545657356172,0.5690129543829034
10_150,0.5,42,133,0.1700005669498786,-1.4246635986107998,0.1501779822573177,2819.753511881494,439.90230092641417,0.7734612968939176,0.5690129543829034
10_150,0.5,42,134,0.16813434409817252,-1.2393500954559,0.14746689721170242,2839.621516536886,396.6867123029922,0.7283865302411547,0.5690129543829034
10_150,0.5,42,135,0.16629714434044632,-1.3858689029894096,0.12041190471520494,3029.4383447060195,378.31967708261135,0.7603670828561878,0.5690129543829034
10_150,0.5,42,136,0.16448851631582245,-1.2367800092995513,0.1301186877363454,2778.304540492642,410.98168399023564,0.7278612248192837,0.5690129543829034
10_150,0.5,42,137,0.16270801568288995,-0.1826877932056195,0.17567224855344152,2159.7102526545823,363.01094382944444,0.4971969240136871,0.4971969240136871
10_150,0.5,42,138,0.16095520501053945,-1.4156307345834636,0.15884486077337195,2823.6989585958395,439.6322192895854,0.7742569996205688,0.4971969240136871
10_150,0.5,42,139,0.1592296536704954,-0.8662652917651168,0.1228552024269626,2642.6844506795956,369.56003188089016,0.6410504858372068,0.4971969240136871
10_150,0.5,42,140,0.15753093773152022,-0.9078638677430307,0.14051450106811608,2397.382038277282,448.8255769514818,0.6648381587274541,0.4971969240136871
10_150,0.5,42,141,0.15585863985526294,-0.9599525428287733,0.12367991609122683,2846.032594177213,336.2291704525263,0.6592989239901178,0.4971969240136871
10_150,0.5,42,142,0.15421234919372853,-1.1380314980185238,0.09919443894991084,2802.3585548983147,387.11444906330917,0.706655436093369,0.4971969240136871
10_150,0.5,42,143,0.152591661288341,-1.1458398981242375,0.12941915199231713,2672.6989046682766,423.11280890667683,0.7123113790604825,0.4971969240136871
10_150,0.5,42,144,0.15099617797057668,-1280.2872379182913,0.11883303142334131,222112.39374379508,220280.92031499746,320.3980182065184,0.4971969240136871
10_150,0.5,42,145,0.14942550726414244,-0.9457437062047505,0.1269265350745134,2566.712828188462,413.5799807103431,0.6712501548065923,0.4971969240136871
10_150,0.5,42,146,0.14787926328867598,-1.3455644875567387,0.12915960482891645,2792.975905855692,431.6898278088633,0.7562810824618078,0.4971969240136871
10_150,0.5,42,147,0.1463570661649425,-1223.5407853942852,0.1645559358534755,212849.10075902994,210381.106069722,306.1772854306279,0.4971969240136871
10_150,0.5,42,148,0.1448585419215072,-1.2827226373931062,0.12959949760573647,2846.5990735867717,403.44539528808554,0.7382793733277955,0.4971969240136871
10_150,0.5,42,149,0.14338332240285795,-0.795863738495551,0.1230391302029703,2672.696758252375,350.1135486109649,0.6267085982210405,0.4971969240136871
10_150,0.5,42,150,0.1419310451789575,-0.8817149483857325,0.14839675022077362,2527.8138169596814,403.82191502186987,0.648839898862084,0.4971969240136871
10_150,0.5,42,151,0.14050135345620207,-1.0854199092658345,0.12363968070668019,2679.8131588673027,411.0477481911946,0.7001692055718634,0.4971969240136871
10_150,0.5,42,152,0.13909389598976496,-1.09602433155838,0.12792149221919982,2634.612704409741,423.248287857085,0.701731903852258,0.4971969240136871
10_150,0.5,42,153,0.13770832699730284,-1.3773927466516471,0.12772735408682592,3139.0902255044057,338.9362454438074,0.7451004954136725,0.4971969240136871
10_150,0.5,42,154,0.13634430607400466,-1.1358748528988147,0.17663993367874392,2696.6727793398604,414.8653879401415,0.7093994828334919,0.4971969240136871
10_150,0.5,42,155,0.13500149810896128,-1.3064984101406747,0.14860293715321268,2684.2792044754365,456.1011143013264,0.7542599786829287,0.4971969240136871
10_150,0.5,42,156,0.13367957320283602,-1.1827252247695155,0.11577541156497384,2654.71141523827,439.4662334887624,0.7264165870793625,0.4971969240136871
10_150,0.5,42,157,0.13237820658681518,-1.1791867525280346,0.13216890187687924,2703.2373241378878,423.44141962166685,0.7213069815881226,0.4971969240136871
10_150,0.5,42,158,0.13109707854281938,-1.0201632389729447,0.16251772167028428,2804.551953598757,361.6083921502963,0.6773643259243375,0.4971969240136871
10_150,0.5,42,159,0.12983587432495577,-0.3934125761316986,0.13620628940534213,2602.03917881941,285.46273536012274,0.530974389832189,0.4971969240136871
10_150,0.5,42,160,0.12859428408219134,-1.1781334270894268,0.14121945992932053,2803.566532934118,396.3459308443554,0.7178212692382877,0.4971969240136871
10_150,0.5,42,161,0.1273720027822294,-1.5852369390470153,0.11509325502788596,2980.897624540791,434.3587410854666,0.8123949997020079,0.4971969240136871
10_150,0.5,42,162,0.12616873013656954,-0.9859488889050033,0.16160178588857566,2600.0160926522326,410.9640051453029,0.6775723483144729,0.4971969240136871
10_150,0.5,42,163,0.12498417052673307,-0.6345097378950407,0.11774151864672514,2345.4989303196458,405.4394541846911,0.599333303596038,0.4971969240136871
10_150,0.5,42,164,0.12381803293163596,-1.7666522977525179,0.10581918436733309,3140.2535548545193,423.27268666301336,0.8443251519546962,0.4971969240136871
10_150,0.5,42,165,0.12267003085609117,-1.730548220330013,0.14576784410383664,3116.4063565976044,425.6501265743639,0.840389363833264,0.4971969240136871
10_150,0.5,42,166,0.1215398822604227,-1.1157529729634836,0.1521601394719536,2775.2375408718153,389.7829572683768,0.7021379204126843,0.4971969240136871
10_150,0.5,42,167,0.1204273094911746,-1.154866458165144,0.13407148737152477,2746.9754837091978,406.6313155969966,0.71392661163054,0.4971969240136871
10_150,0.5,42,168,0.11933203921289748,-1.6992708304457176,0.0932300269155412,3138.2965718612572,405.1835590196468,0.8225612690035976,0.4971969240136871
10_150,0.5,42,169,0.11825380234099556,-1.1821276141559898,0.13076293950005008,2964.109299048149,351.5310278625718,0.7105341017192142,0.4971969240136871
10_150,0.5,42,170,0.11719233397561858,-1.409057958139886,0.13177419562779713,2623.9342631382137,500.65082771461647,0.789486791141174,0.4971969240136871
10_150,0.5,42,171,0.11614737333658141,-1.0994795604666705,0.12862554761160566,2621.907422128201,429.6442560430732,0.7056498660746622,0.4971969240136871
10_150,0.5,42,172,0.11511866369929591,-0.9166935472836417,0.12354175959312826,2619.0755310641143,391.5721682283173,0.6602063973260571,0.4971969240136871
10_150,0.5,42,173,0.11410595233169919,-0.798015844030209,0.14204267835309725,2591.226999937428,373.8863764049659,0.631615402885248,0.4971969240136871
10_150,0.5,42,174,0.11310899043216277,-1.201917443396666,0.13987602291891396,2804.12590836628,399.3283075233835,0.7214762516432709,0.4971969240136871
10_150,0.5,42,175,0.1121275330683672,-0.6900446131243386,0.12804275004050722,2596.4921756515655,348.67366031788146,0.6035343598646628,0.4971969240136871
10_150,0.5,42,176,0.11116133911712744,-1.2479710606450416,0.14096480829668162,2669.678866777965,448.0355857799691,0.7406854395319533,0.4971969240136871
10_150,0.5,42,177,0.1102101712051541,-1.1550614083790278,0.11412012025214162,2674.6184429558884,429.7125386196024,0.7205917260991496,0.4971969240136871
10_150,0.5,42,178,0.10927379565073586,-1.2516394649736577,0.17375188317922044,2829.9198288491084,402.545396494384,0.7325213081211102,0.4971969240136871
10_150,0.5,42,179,0.10835198240632873,-1.420414653344571,0.11293876219082463,2988.707914455552,397.2997794681108,0.7711401138137697,0.4971969240136871
10_150,0.5,42,180,0.1074445050020384,-1.007677830897837,0.12365952092429502,2609.3708231513974,411.8815056051039,0.6812858015629393,0.4971969240136871
10_150,0.5,42,181,0.10655114048998136,-1.528053774339476,0.1373109625100414,3088.951931722001,384.73990824922737,0.7846754927500141,0.4971969240136871
10_150,0.5,42,182,0.10567166938951125,-1.0791747338329638,0.14251764919543702,2840.8698433537797,361.62821924794133,0.6876273475581589,0.4971969240136871
10_150,0.5,42,183,0.10480587563329734,-1.4183162551081392,0.11591683495758032,2961.304028222452,404.600386287597,0.7719746473815967,0.4971969240136871
10_150,0.5,42,184,0.10395354651424124,-1.0575705812516611,0.12906884986964165,2705.7338377148926,398.40686779477005,0.6926542419893726,0.4971969240136871
10_150,0.5,42,185,0.10311447263321932,-1.0963841525317513,0.1264556544587966,2709.4086315780655,404.5413840577305,0.7008839505988689,0.4971969240136871
10_150,0.5,42,186,0.10228844784763778,-1.2197861168802442,0.11841690501759654,2691.4153112409804,440.1615875845723,0.7375805955321459,0.4971969240136871
10_150,0.5,42,187,0.10147526922078795,-0.9943753664442838,0.11971884955805952,2444.1750917268732,462.0871674079216,0.693582516163213,0.4971969240136871
10_150,0.5,42,188,0.10067473697198882,-0.6603981160179081,0.13213560180466966,2790.162798188915,289.0431220411485,0.588214066857405,0.4971969240136871
10_150,0.5,42,189,0.09988665442750533,-1.3966281057410377,0.1586235323437093,2887.730684928083,418.0619329992156,0.767016367472619,0.4971969240136871
10_150,0.5,42,190,0.09911082797222981,-0.5294072347590141,0.1272038286356873,2579.3885292358104,317.814481710559,0.5625251700720932,0.4971969240136871
10_150,0.5,42,191,0.09834706700211487,-1.0901107050447159,0.12429455812954893,2857.729792540308,362.3694888958261,0.6932502292499858,0.4971969240136871
10_150,0.5,42,192,0.09759518387734595,-1.0695483858177162,0.12565615373426955,2895.233029380352,347.3939661514067,0.6862632442144777,0.4971969240136871
10_150,0.5,42,193,0.09685499387624241,-1.612576285810796,0.10884893016683059,3317.791169308299,345.5965163154168,0.8032950730139172,0.4971969240136871
10_150,0.5,42,194,0.09612631514987509,-1.2015712655771214,0.10031978937570765,3020.7869728151786,340.95477781203385,0.714112101409231,0.4971969240136871
10_150,0.5,42,195,0.09540896867739013,-1.3582181685355412,0.12964917137033338,2962.48766226934,390.28279301589794,0.7555189251880516,0.4971969240136871
10_150,0.5,42,196,0.0947027782220271,-0.7086123679480267,0.10286951329764296,2393.1765119027145,409.9695068979661,0.6180880632764671,0.4971969240136871
10_150,0.5,42,197,0.09400757028782174,-1.057732403552044,0.1146305742341153,2607.374436174017,424.5767254867882,0.6956099022428309,0.4971969240136871
10_150,0.5,42,198,0.09332317407698135,-1.0438333780570148,0.10435772160950196,2660.021891039373,407.77068321919774,0.6907462569801848,0.4971969240136871
10_150,0.5,42,199,0.09264942144792357,-1.0186195494572974,0.15315728696618053,2608.0903935677534,416.09340981424316,0.6858638524618343,0.4971969240136871
10_150,0.5,42,200,0.09198614687396757,-1.0499319227253388,0.1001481623811546,2661.1280869771726,408.303249329247,0.6916826578531481,0.4971969240136871
10_150,0.5,42,201,0.0913331874026676,-1.1541453825617713,0.1152766770535906,2752.274231022051,405.7911497252828,0.714435369217485,0.4971969240136871
10_150,0.5,42,202,0.09069038261577916,-1.0886351924356354,0.0875038399764224,2759.1702085159973,386.78631819664804,0.6940937693983693,0.4971969240136871
10_150,0.5,42,203,0.09005757458984752,-0.8331023987086941,0.1143152802778971,2663.9864137225063,361.4870709381938,0.6375898279325782,0.4971969240136871
10_150,0.5,42,204,0.08943460785740934,-1.0836378995170592,0.13643032252456044,2871.350842613644,355.8455438370002,0.6894403949395966,0.4971969240136871
10_150,0.5,42,205,0.08882132936879764,-1.0769473533917115,0.1297505264596027,2679.2232822037304,412.4111479354453,0.701601673890782,0.4971969240136871
10_150,0.5,42,206,0.08821758845454078,-0.7473110405735519,0.08514436181870126,2672.5471480808023,345.35301136120466,0.6210839984011742,0.4971969240136871
10_150,0.5,42,207,0.08762323678834613,-1.3944910754887463,0.13773635473860543,2701.449735936523,472.0295312965851,0.7777795522333043,0.4971969240136871
10_150,0.5,42,208,0.08703812835065944,-1.1948368562131342,0.1305909324023725,2902.055740966618,373.52099518841095,0.7188246118993316,0.4971969240136871
10_150,0.5,42,209,0.08646211939279098,-1.194321695354831,0.11845196609081707,2731.956032034183,424.6863724581568,0.7308640628003653,0.4971969240136871
10_150,0.5,42,210,0.08589506840159955,-0.8852438232896921,0.10164859797197576,2651.087841894822,382.6502503997123,0.6587699804579182,0.4971969240136871
10_150,0.5,42,211,0.08533683606472567,-0.9651503317301751,0.109745085598415,2581.8311385138786,416.71660207152877,0.6791908800138594,0.4971969240136871
10_150,0.5,42,212,0.08478728523636561,-0.5703395557435561,0.11811152674245037,2625.648371268949,315.70331993614894,0.5730924171833554,0.4971969240136871
10_150,0.5,42,213,0.08424628090357741,-0.8473535836155828,0.10445718129931887,2384.8208223306747,442.08923180735576,0.6533972062026441,0.4971969240136871
10_150,0.5,42,214,0.08371369015311121,-0.827057663636583,0.08015987754314151,2525.099863594949,399.7736253671612,0.6433274997121676,0.4971969240136871
10_150,0.5,42,215,0.08318938213875532,-0.8245946951001616,0.1435794409530649,2585.1786956456795,382.5064355813949,0.6400183574109779,0.4971969240136871
10_150,0.5,42,216,0.08267322804918986,-1280.012411648887,0.1018709405396954,222129.25487317322,220217.30465837143,320.3281736301176,0.4971969240136871
10_150,0.5,42,217,0.08216510107634088,-0.606905449382879,0.11189973173141596,2628.34072021404,322.9261402705754,0.582321320706932,0.4971969240136871
10_150,0.5,42,218,0.08166487638422609,-0.7409445878640301,0.08394428169484072,2743.756998499024,319.1516799026085,0.6104366576696142,0.4971969240136871
10_150,0.5,42,219,0.08117243107828538,-0.7676275630018461,0.10200861713050344,2789.6490390316303,312.078128900464,0.6150810856645945,0.4971969240136871
10_150,0.5,42,220,0.08068764417518824,-0.8099818091488931,0.1353350027837902,2641.0113685314764,365.939690547175,0.6363333898914147,0.4971969240136871
10_150,0.5,42,221,0.08021039657311081,-0.7876178567663528,0.1016909668817162,2596.7349070624427,373.0020009977994,0.6321312906846686,0.4971969240136871
10_150,0.5,42,222,0.07974057102247495,-0.6507029581644446,0.08208023727935516,2533.123713665702,362.66879294013376,0.6020790366224268,0.4971969240136871
10_150,0.5,42,223,0.0792780520971426,-0.971048203689516,0.1071345370365732,2602.274371086026,409.0160220729675,0.6759247748513568,0.4971969240136871
10_150,0.5,42,224,0.07882272616605801,-0.9300756687662267,0.11930411650202208,2571.3117408700714,407.85715326285595,0.6658359692485468,0.4971969240136871
10_150,0.5,42,225,0.0783744813653311,-0.5616410197934073,0.12108283684952911,2437.7561001607596,371.00902424016095,0.5849704147747655,0.4971969240136871
10_150,0.5,42,226,0.07793320757075473,-1280.11303285197,0.09758232608866182,222244.97250403106,220209.2858348694,320.3513968041915,0.4971969240136871
10_150,0.5,42,227,0.07749879637074959,-0.9375211266002512,0.10671018797135154,2651.67427973223,390.56645532419964,0.6682182192542543,0.4971969240136871
10_150,0.5,42,228,0.07707114103972987,-0.9287841836009765,0.13425076777984885,2643.555419601648,389.56622563281496,0.6647562057266578,0.4971969240136871
10_150,0.5,42,229,0.0766501365118829,-1.049689727215808,0.08813798131922243,2825.005486325425,364.4325577155608,0.6864429090906832,0.4971969240136871
10_150,0.5,42,230,0.07623567935535681,-0.6036148754916618,0.09660093045331553,2640.4428719595853,321.0239602156671,0.5835029223869796,0.4971969240136871
10_150,0.5,42,231,0.07582766774684957,-0.8879023957576179,0.11407693023125302,2593.1794137949023,393.3418224305261,0.6549802032102626,0.4971969240136871
10_150,0.5,42,232,0.07542600144659303,-0.6488969562856723,0.13578148812062843,2539.7475450035754,356.40798318493694,0.5966049117183446,0.4971969240136871
10_150,0.5,42,233,0.07503058177372629,-1.0218198467184418,0.11155145804998619,2756.3547461463095,378.9241964336095,0.6840804809831483,0.4971969240136871
10_150,0.5,42,234,0.0746413115820518,-1.1804955239946435,0.12297413593441338,2874.431959622884,376.41695603407703,0.7144320628408984,0.4971969240136871
10_150,0.5,42,235,0.07425809523616868,-0.9339482261247654,0.09723472904396943,2719.750852950337,367.29125537808494,0.6601187677851936,0.4971969240136871
10_150,0.5,42,236,0.0738808385879771,-0.6625648793779015,0.09282247183793127,2722.7608579552348,308.8862734554571,0.5924791574486669,0.4971969240136871
10_150,0.5,42,237,0.0735094489535481,-0.7041804460995076,0.11307047312630525,2590.4414205381495,356.49001197280904,0.6109941602401795,0.4971969240136871
10_150,0.5,42,238,0.07314383509035316,-0.7598661945780609,0.13303362404402885,2680.419610156419,342.86773536328894,0.6203892815703441,0.4971969240136871
10_150,0.5,42,239,0.07278390717484776,-0.9519735159153155,0.09297667977319948,2739.96910516236,365.1521387163702,0.663310848746763,0.4971969240136871
10_150,0.5,42,240,0.07242957678040378,-0.824630627044151,0.09223154928425398,2669.8852856005983,360.0831500189473,0.6376067054763404,0.4971969240136871
10_150,0.5,42,241,0.07208075685558483,-0.9097333079580396,0.11013886629188652,2732.80109587128,358.99982045110767,0.6540753581609529,0.4971969240136871
10_150,0.5,42,242,0.0717373617027597,-0.9351291772540868,0.1795307645121032,2723.223787243977,368.6841643316158,0.6627313430288243,0.4971969240136871
10_150,0.5,42,243,0.07139930695704806,-0.8373807313690824,0.15143092187476936,2667.5519212953805,363.1796800991611,0.6405799458432875,0.4971969240136871
10_150,0.5,42,244,0.0710665095655941,-0.824630627044151,0.1073978205871228,2669.8852856005983,360.0831500189473,0.6376067054763404,0.4971969240136871
10_150,0.5,42,245,0.07073888776716195,-0.9684019623724124,0.11873437746252206,2717.5476231360844,376.62631490921206,0.6704442761505109,0.4971969240136871
10_150,0.5,42,246,0.07041636107204882,-0.6412751784812492,0.11195749194714752,2456.3601699047326,377.0866886968556,0.59734274212104,0.4971969240136871
10_150,0.5,42,247,0.07009885024231037,-0.751091753915097,0.12676186930848582,2682.6047458785883,340.1151239950525,0.6177775427496324,0.4971969240136871
10_150,0.5,42,248,0.0697862772722936,-0.7376002615296366,0.11005771374966662,2640.3369753626375,349.6366572476244,0.617025584685947,0.4971969240136871
10_150,0.5,42,249,0.0694785653694726,-0.8997251374478187,0.10722292358411614,2751.767663815035,350.5575667567473,0.6495231902201144,0.4971969240136871
10_150,0.5,42,250,0.06917563893558212,-0.824630627044151,0.12208403332054933,2669.8852856005983,360.0831500189473,0.6376067054763404,0.4971969240136871
10_150,0.5,42,251,0.06887742354804487,-0.7676487806301688,0.12629526457377255,2589.2746837764894,370.3543704809016,0.6269231633774888,0.4971969240136871
10_150,0.5,42,252,0.06858384594168729,-0.862548553349168,0.1446308884323802,2742.895393715977,348.76491138296916,0.6449195203859279,0.4971969240136871
10_150,0.5,42,253,0.06829483399074003,-0.7325206155268882,0.09347083931557917,2601.9252953931964,357.3436622020833,0.6152330487508708,0.4971969240136871
10_150,0.5,42,254,0.06801031669111803,-0.442385895828379,0.10622013064657243,2349.9733606254786,368.16796655224135,0.5568886599272993,0.4971969240136871
10_150,0.5,42,255,0.06773022414297643,-0.7569164050348893,0.10033913757361637,2685.2762149744613,342.7991351709347,0.6216781499740249,0.4971969240136871
10_150,0.5,42,256,0.06745448753353762,-0.7884097618341119,0.13944465525331967,2667.4931353629972,353.362653029989,0.6290514891738306,0.4971969240136871
10_150,0.5,42,257,0.06718303912018544,-0.588919891975255,0.08558436889416349,2600.229653589123,330.5670262107854,0.5833554922973516,0.4971969240136871
10_150,0.5,42,258,0.0669158122138222,-1.1306961725119606,0.0783058868603037,3008.240092187026,328.55573218475547,0.6960348565491751,0.4971969240136871
10_150,0.5,42,259,0.06665274116248465,-0.8032026976290416,0.09885467439774671,2379.0580874678985,436.8619199576016,0.6456426341331211,0.4971969240136871
10_150,0.5,42,260,0.06639376133521471,-0.7110243822594046,0.0894014521672071,2786.235232485545,303.27308236157523,0.6037933795742714,0.4971969240136871
10_150,0.5,42,261,0.06613880910618089,-0.7871186112633608,0.0908596674209766,2789.5894107225877,315.86632390189277,0.6195064793089206,0.4971969240136871
10_150,0.5,42,262,0.06588782183904693,-0.6938973658012406,0.09936862101194248,2440.5600576533034,394.74340957601436,0.6135929808088876,0.4971969240136871
10_150,0.5,42,263,0.06564073787158327,-0.7455472125583316,0.07717156794492885,2513.853023171984,387.1349953714151,0.6253358518548855,0.4971969240136871
10_150,0.5,42,264,0.06539749650051803,-0.703960679908063,0.09760045350277079,2634.563428704991,346.0459485846954,0.6111871178519822,0.4971969240136871
10_150,0.5,42,265,0.06515803796662348,-0.7884097618341119,0.10569672510514158,2667.4931353629972,353.362653029989,0.6290514891738306,0.4971969240136871
10_150,0.5,42,266,0.06492230344003448,-0.6262106344963705,0.10307069672154101,2503.9250591831337,365.99485074519913,0.5977468053786109,0.4971969240136871
10_150,0.5,42,267,0.06469023500579518,-0.6830953223953837,0.06893749383651562,2387.1525307269503,407.7926348072228,0.6138369144018678,0.4971969240136871
10_150,0.5,42,268,0.06446177564963067,-0.7670104290591941,0.11090539184714951,2540.607478803814,385.7044063272171,0.6312016559801011,0.4971969240136871
10_150,0.5,42,269,0.06423686924393959,-0.6475783428294315,0.08200957566483158,2559.408673870107,353.514576913246,0.5987553991285428,0.4971969240136871
10_150,0.5,42,270,0.064015460534005,-0.7670104290591941,0.08206216033812257,2540.607478803814,385.7044063272171,0.6312016559801011,0.4971969240136871
10_150,0.5,42,271,0.0637974951244193,-0.6231056383893223,0.07471863279679695,2441.057870961257,383.2242483752372,0.6002254583126332,0.4971969240136871
10_150,0.5,42,272,0.06358291946572056,-0.9306973559315515,0.12817298239854216,2484.9511446412407,434.6064562303338,0.6728541569289597,0.4971969240136871
10_150,0.5,42,273,0.06337168084123639,-1280.4346215719186,0.11904528324756988,222388.4866159153,220236.39427027665,320.4236489364159,0.4971969240136871
10_150,0.5,42,274,0.06316372735413278,-0.885873624875976,0.14549480212829988,2592.8223699157816,397.0148458597756,0.6591866857035273,0.4971969240136871
10_150,0.5,42,275,0.06295900791466405,-0.5259578027027214,0.10284263225973485,2525.933091285274,335.14391444844136,0.5677747567009245,0.4971969240136871
10_150,0.5,42,276,0.06275747222762111,-0.42731830951380295,0.08473554995949636,2397.9971147939473,352.5452098822253,0.5521089428358348,0.4971969240136871
10_150,0.5,42,277,0.06255907077997513,-0.839352728997717,0.09847352783936522,2589.1110322107506,386.90688074128497,0.6462872309647318,0.4971969240136871
10_150,0.5,42,278,0.062363754828713217,-0.7876666955778086,0.10202178863565672,2495.373856056501,401.7919627370179,0.6373130910308074,0.4971969240136871
10_150,0.5,42,279,0.06217147638886324,-0.7441102716714456,0.07883050033483416,2536.2707484238595,383.29460977289165,0.6271530872213993,0.4971969240136871
10_150,0.5,42,280,0.06198218822170495,-0.9094547874720589,0.10794988260265495,2622.999629041415,392.4249033161753,0.6623127455833173,0.4971969240136871
10_150,0.5,42,281,0.06179584382316449,-0.7699356449423158,0.08212258827595562,2559.8621445919302,381.67604594789077,0.6319066441614078,0.4971969240136871
10_150,0.5,42,282,0.06161239741238927,-0.7080125377505575,0.08421548500468737,2460.433199220842,395.7920529129449,0.6204258673634683,0.4971969240136871
10_150,0.5,42,283,0.06143180392050065,-0.968274861977434,0.06517750583680693,2576.2310541546485,418.2665892440755,0.6794295289155434,0.4971969240136871
10_150,0.5,42,284,0.06125401897952138,-0.4620582791734554,0.12881753602324209,2206.5973099664257,409.58558878191064,0.5650321533450031,0.4971969240136871
10_150,0.5,42,285,0.06107899891147547,-0.7670104290591941,0.0779085191349996,2540.607478803814,385.7044063272171,0.6312016559801011,0.4971969240136871
10_150,0.5,42,286,0.060906700717657275,-0.7935663023599007,0.0759240613624127,2560.607478803814,385.7044063272171,0.6368406243052778,0.4971969240136871
10_150,0.5,42,287,0.060737082068067785,-0.6311131482333712,0.10064854214118968,2466.2276967169128,378.42097634217373,0.601689520647595,0.4971969240136871
10_150,0.5,42,288,0.06057010129101494,-1.2407616617612434,0.08806176980728062,2590.816272692168,470.7703515630288,0.7451100523909076,0.4971969240136871
10_150,0.5,42,289,0.06040571736287584,-0.6193066620032293,0.10005204994951003,2483.947784192653,370.08771881936195,0.5969137232658837,0.4971969240136871
10_150,0.5,42,290,0.06024388989801807,-0.7092241444405611,0.06709259903754554,2421.9670598744865,404.18449565333555,0.6194217514921095,0.4971969240136871
10_150,0.5,42,291,0.06008457913887785,-0.7670104290591941,0.10838653139577765,2540.607478803814,385.7044063272171,0.6312016559801011,0.4971969240136871
10_150,0.5,42,292,0.05992774594619241,-0.7670104290591941,0.06943254917121872,2540.607478803814,385.7044063272171,0.6312016559801011,0.4971969240136871
10_150,0.5,42,293,0.05977335178938433,-1.1743093003883847,0.07965092399472318,2671.5925729135583,437.4239034141057,0.7287812757731831,0.4971969240136871
10_150,0.5,42,294,0.059621358737095426,-0.8732966309426629,0.0995499142277608,2458.921978358002,431.6912171506842,0.662096735862733,0.4971969240136871
10_150,0.5,42,295,0.05947172944786773,-0.5904484953349383,0.07202500297583825,2541.33900277137,347.0114741365661,0.5860348567595635,0.4971969240136871
10_150,0.5,42,296,0.059324427160969605,-0.6901378248694063,0.11111890341884893,2585.491150949605,355.5167839409258,0.6084571891431805,0.4971969240136871
10_150,0.5,42,297,0.05917941568736433,-0.653784988195875,0.10674039143562533,2440.2796734215863,389.03189261778334,0.6068163483958503,0.4971969240136871
10_150,0.5,42,298,0.05903665940081926,-0.7535787695026827,0.09603959412444743,2692.213471358652,339.26011996235326,0.6194840919681662,0.4971969240136871
10_150,0.5,42,299,0.058896123229153184,-0.7461256371929079,0.09281216933315137,2377.132924325683,424.6762824411334,0.6308104175276996,0.4971969240136871
10_150,0.5,42,300,0.05875777264561992,-0.7747281588017598,0.07521965843328053,2514.1309436526617,393.8354307522902,0.6332714392929355,0.4971969240136871
10_150,0.5,42,301,0.05862157366042571,-0.820488838392707,0.10489898092679421,2567.8194037343947,386.60454516548555,0.639929557908621,0.4971969240136871
10_150,0.5,42,302,0.058487492812378764,-0.6718443867918407,0.08119055702971087,2466.4990196597823,386.19640229643016,0.6108838296237891,0.4971969240136871
10_150,0.5,42,303,0.05835549716066848,-0.8690336064661318,0.08334781210577628,2552.9684802054935,405.0374487110924,0.6573576051305972,0.4971969240136871
10_150,0.5,42,304,0.05822555427677263,-1.2788395253036455,0.08360126525802951,2790.875015860306,422.8216128318896,0.7452894769968383,0.4971969240136871
10_150,0.5,42,305,0.05809763223649032,-1.0307076689314227,0.0813328608816232,2708.788237023895,391.13172171689155,0.6849842655432999,0.4971969240136871
10_150,0.5,42,306,0.057971699612098956,-0.5467097234198829,0.11398554055109242,2343.128383255321,391.4555893406581,0.5822668304474663,0.4971969240136871
10_150,0.5,42,307,0.05784772546463305,-0.6718443867918407,0.07557514331057683,2466.4990196597823,386.19640229643016,0.6108838296237891,0.4971969240136871
10_150,0.5,42,308,0.05772567933628324,-0.7559053423865134,0.09013936562317751,2666.052047879195,346.7569777303657,0.6208990685224572,0.4971969240136871
10_150,0.5,42,309,0.05760553124291343,-0.812924371819886,0.12645925515630224,2463.2001263310754,416.1813250057125,0.6451153643423388,0.4971969240136871
10_150,0.5,42,310,0.05748725166669427,-0.6335938737179234,0.07861905102714484,2400.90413000902,394.79712807198143,0.6024750475091559,0.4971969240136871
10_150,0.5,42,311,0.05737081154885137,-0.7008009108250288,0.08550078622534243,2337.046248689234,423.1671313866695,0.6177383452474707,0.4971969240136871
10_150,0.5,42,312,0.057256182282526054,-0.700512278940457,0.073170844895706,2483.7373296992237,386.81484284234784,0.6164693546971423,0.4971969240136871
10_150,0.5,42,313,0.057143335705747374,-0.7587402998782734,0.06233053820666381,2419.371107979544,414.59468850135363,0.6308972815796078,0.4971969240136871
10_150,0.5,42,314,0.05703224409451321,-0.6718443867918407,0.06955170435650329,2466.4990196597823,386.19640229643016,0.6108838296237891,0.4971969240136871
10_150,0.5,42,315,0.056922880155979176,-0.6718443867918407,0.07083620934053955,2466.4990196597823,386.19640229643016,0.6108838296237891,0.4971969240136871
10_150,0.5,42,316,0.05681521702175326,-0.5985863473638838,0.07612453927757674,2352.176037607831,401.421730756094,0.5965045424388646,0.4971969240136871
10_150,0.5,42,317,0.05670922824129488,-0.6168476053042338,0.08555708798098378,2503.795204240015,362.08430455708736,0.5931245127943975,0.4971969240136871
10_150,0.5,42,318,0.05660488777541653,-0.7208613902849145,0.06136465865935507,2772.852106031516,309.9200442615043,0.6078145510852928,0.4971969240136871
10_150,0.5,42,319,0.056502169989886525,-0.6605238669889664,0.11678066950276318,2504.649531918765,372.47817185077747,0.6055536996730705,0.4971969240136871
10_150,0.5,42,320,0.056401049649131195,-1.0078550840880525,0.08944296384515169,2676.3664493198976,395.9809045710773,0.6815293610906992,0.4971969240136871
10_150,0.7,42,1,1.0,-2.0801998802555177,,2904.691876932784,406.61857845741,0.857813277654122,0.857813277654122
10_150,0.7,42,2,0.9852258055592246,-1.6015395950675453,0.27176826975170787,2592.5426399120634,447.33181768536235,0.7632445932519678,0.7632445932519678
10_150,0.7,42,3,0.9706813761935793,-2.114839260975172,0.2922730841322462,2825.1678076220583,472.7354651904801,0.8729418772993844,0.7632445932519678
10_150,0.7,42,4,0.9563631386463322,-2.0735475832625356,0.2677396053458931,2812.9717615739864,469.0215860805169,0.8655147233029041,0.7632445932519678
10_150,0.7,42,5,0.9422675752312664,-1.9839426244598122,0.2736078787767185,2710.8711327636506,501.7270420356518,0.8482238908420423,0.7632445932519678
10_150,0.7,42,6,0.9283912229684601,-0.8455168872429528,0.25860694706718335,2122.77426978888,481.2932932223783,0.6017088070861439,0.6017088070861439
10_150,0.7,42,7,0.9147306727335057,-1.464726316134849,0.2538426491224851,2705.6570491571206,324.5565388830757,0.7215109454361437,0.6017088070861439
10_150,0.7,42,8,0.9012825684199611,-1.5402974220881775,0.24523698289441792,2602.466516430818,418.286507188892,0.7467259301599968,0.6017088070861439
10_150,0.7,42,9,0.888043606114825,-2.295187638341102,0.2570395237766146,2779.5112533971073,571.7021686413659,0.9245516187563934,0.6017088070861439
10_150,0.7,42,10,0.8750105332868364,-1.6056644922830974,0.24938479404920075,2711.7798418511143,372.05208667587397,0.7573450154374376,0.6017088070861439
10_150,0.7,42,11,0.8621801479873967,-2.3145371826286314,0.21346090893091657,3035.798722217982,410.12018828486987,0.9120284779454577,0.6017088070861439
10_150,0.7,42,12,0.8495492980639193,-1.7119585534053572,0.2356965088640881,2607.5736947667788,474.7292636375462,0.7884542455707453,0.6017088070861439
10_150,0.7,42,13,0.837114880385412,-2.0231892109927143,0.23758815140305706,2882.0197700338567,409.60491173517636,0.8509651114101049,0.6017088070861439
10_150,0.7,42,14,0.8248738400801048,-1.3666669496626325,0.22593575653752745,2584.777703281426,374.25773864145606,0.7087656101631377,0.6017088070861439
10_150,0.7,42,15,0.8128231697849323,-1.7169291313878268,0.22526829707055973,2568.421796514044,509.86165233284254,0.7977185834400684,0.6017088070861439
10_150,0.7,42,16,0.8009599089066888,-1.4113166408037665,0.2271108044321995,2651.454565986415,345.0803141665382,0.7145559738413776,0.6017088070861439
10_150,0.7,42,17,0.7892811428946735,-2.0161829172152923,0.21453738700193145,2836.1371638053333,434.7052634289214,0.8505142444831741,0.6017088070861439
10_150,0.7,42,18,0.7777840025246476,-2.85515213139872,0.22256693028286012,3279.324770297607,437.87963371663074,1.0276861503152896,0.6017088070861439
10_150,0.7,42,19,0.7664656631939266,-1.6822652364743413,0.2421286630828785,2707.527229917761,402.23254984094297,0.7769009624941056,0.6017088070861439
10_150,0.7,42,20,0.7553233442274359,-1.5162601342083168,0.20047861850431242,2686.6536372784526,355.1288275110381,0.7355200251033556,0.6017088070861439
10_150,0.7,42,21,0.7443543081945577,-0.9780608373652502,0.20643522330618821,2181.380653485345,498.5955568716057,0.637016016789798,0.6017088070861439
10_150,0.7,42,22,0.7335558602366034,-1.7567792607849955,0.19159265052342203,2686.6126427223558,437.81788570741577,0.7936827613058668,0.6017088070861439
10_150,0.7,42,23,0.7229253474047432,-1.5398504588262476,0.18966843282511758,2581.7508075266,429.808601526255,0.746655656133659,0.6017088070861439
10_150,0.7,42,24,0.7124601580082336,-2.658616805690059,0.2067494264947763,3322.8557895624795,345.85452517939507,0.9801214147045887,0.6017088070861439
10_150,0.7,42,25,0.7021577209727804,-924.1895319210699,0.20959406443676376,212516.26197568074,210311.2911039223,231.2834500744736,0.6017088070861439
10_150,0.7,42,26,0.6920155052088806,-1.1721800737594301,0.2285252182359609,2559.6129036108705,317.30664878921107,0.658762337756248,0.6017088070861439
10_150,0.7,42,27,0.6820310189899872,-1.8690359964566925,0.21899349883063618,2777.393949569129,420.32729375778143,0.8172105181833392,0.6017088070861439
10_150,0.7,42,28,0.6722018093403456,-1.5953526519542598,0.21864630319242848,2765.836422389448,329.65679454228933,0.748853887821008,0.6017088070861439
10_150,0.7,42,29,0.6625254614323491,-2.0628421258713514,0.2007150127611088,2910.5598562152045,402.5299832348649,0.8572528510677425,0.6017088070861439
10_150,0.7,42,30,0.6529995979932678,-1.402584057907871,0.20818863827714304,2656.079190828444,336.0490571796256,0.7100271698540984,0.6017088070861439
10_150,0.7,42,31,0.6436218787212026,-2.04439969367181,0.1982296302945406,2725.081862418091,522.4184333741825,0.8683914474769688,0.6017088070861439
10_150,0.7,42,32,0.634389999710123,-2.3356158768780952,0.2345230409009155,3104.165828187988,374.18672843596875,0.9137325712676305,0.6017088070861439
10_150,0.7,42,33,0.6253016928838472,-1.01978988677859,0.21168061022458842,2380.2320701304616,376.3097982303777,0.6294695676585391,0.6017088070861439
10_150,0.7,42,34,0.6163547254388225,-0.9413086095564775,0.21312915989429645,2236.9664614306885,450.3774364837351,0.6250316534608031,0.6017088070861439
10_150,0.7,42,35,0.607546899295575,-1.7236584698452728,0.17223533215464917,2473.4957001230255,575.2050117008356,0.8062233315542429,0.6017088070861439
10_150,0.7,42,36,0.5988760505586863,-1.742165192459284,0.16954295994538907,2821.805723660455,346.12090476964414,0.7825304542631103,0.6017088070861439
10_150,0.7,42,37,0.5903400489851716,-2.3459272103384516,0.18393133377501017,3046.883620080833,414.42818687471254,0.9194350454202087,0.6017088070861439
10_150,0.7,42,38,0.581936797461124,-1.0476832482140797,0.1906019766436307,2319.472120698232,426.20593878886706,0.6405921861902191,0.6017088070861439
10_150,0.7,42,39,0.5736642314864987,-1.2725454764173043,0.21191415633250665,2410.314809441349,452.3433680382348,0.6948402657237026,0.6017088070861439
10_150,0.7,42,40,0.5655203186679085,-1.5733061753385282,0.17368216051307078,2589.6640968818674,435.0284729917736,0.7534518832011479,0.6017088070861439
10_150,0.7,42,41,0.5575030582193081,-1.072007352365479,0.19193913672081514,2359.906166936932,410.0372940171082,0.6451765849131754,0.6017088070861439
10_150,0.7,42,42,0.5496104804704447,-0.8519960702972589,0.1915926758245352,2264.6234690786378,394.40857835355996,0.5965697010703852,0.5965697010703852
10_150,0.7,42,43,0.5418406463829504,-1.7309357857537773,0.2247237847508469,2725.9079886430122,409.8344727590035,0.7895049701515733,0.5965697010703852
10_150,0.7,42,44,0.5341916470739625,-1.8495116069822304,0.18901886694462694,2453.146724897595,624.6239812535464,0.8329615531818406,0.5965697010703852
10_150,0.7,42,45,0.5266616033471518,-1.790568468082311,0.18807168497376986,2642.615319193526,480.97737891883503,0.8066822388182847,0.5965697010703852
10_150,0.7,42,46,0.519248665231044,-2.188639494182344,0.22519278696450842,2908.1311595908337,446.8393189797898,0.887469634372994,0.5965697010703852
10_150,0.7,42,47,0.5119510115245198,-967.6360130105887,0.19785410124343067,222260.6209767085,220309.5706677842,242.16447537526142,0.5965697010703852
10_150,0.7,42,48,0.504766849349387,-1.6517281496570955,0.20507180175767506,2721.373055988075,376.41688568739414,0.7642027379211973,0.5965697010703852
10_150,0.7,42,49,0.49769441370990625,-1.7942264817002331,0.21092050476419458,2652.6064092148686,479.8511615858182,0.8098336081432225,0.5965697010703852
10_150,0.7,42,50,0.4907319670591703,-1.4049595785347715,0.1896323793628921,2553.565668985718,407.5872910320389,0.7198955813618254,0.5965697010703852
10_150,0.7,42,51,0.4838777988722253,-1.6164177683283523,0.20712579141640405,2691.619764227283,389.90276196615224,0.7619467696203909,0.5965697010703852
10_150,0.7,42,52,0.47713022522583176,-1.3351636160736695,0.16638352347653504,2581.6254231012063,364.05969138774276,0.7003461076383269,0.5965697010703852
10_150,0.7,42,53,0.47048758838475946,-1.3402877878479709,0.1401415863232685,2560.970555504043,369.9293704301606,0.6963228853940456,0.5965697010703852
10_150,0.7,42,54,0.4639482563945182,-1.5277438199572528,0.18085979599547355,2677.8814095307507,372.308396481976,0.7441446985677163,0.5965697010703852
10_150,0.7,42,55,0.4575106226804207,-2.160322855480138,0.14256749071141478,3052.718602320643,349.62389622112175,0.8761428409070842,0.5965697010703852
10_150,0.7,42,56,0.45117310565288166,-1.030997887329098,0.18273370313174145,2422.5512197347707,352.3447683509721,0.6293126365313525,0.5965697010703852
10_150,0.7,42,57,0.44493414831885486,-1.6090351933842222,0.17728750804402077,2471.0208121132546,537.2613865754689,0.7785497962026882,0.5965697010703852
10_150,0.7,42,58,0.438792217899313,-1.6529501228139896,0.1757508731382858,2654.8559510778796,421.9691612118248,0.7699965617653148,0.5965697010703852
10_150,0.7,42,59,0.43274580545267627,-2.431867672875166,0.15776512580424396,3120.2658549149432,395.9368406796652,0.9353907878476145,0.5965697010703852
10_150,0.7,42,60,0.4267934255040983,-967.3614718032246,0.19057469994157455,222241.30646083446,220228.53291218466,242.0998343158137,0.5965697010703852
10_150,0.7,42,61,0.42093361568051574,-1.4869162413546189,0.17713031275069652,2513.2872900473676,460.8922261728621,0.7415012271811002,0.5965697010703852
10_150,0.7,42,62,0.4151649363513749,-1.640394274693692,0.16216510960174874,2566.533831797829,484.81770492105653,0.7793527641167826,0.5965697010703852
10_150,0.7,42,63,0.40948597027494477,-1.3234900113976527,0.17824448966092038,2548.8476905770667,379.23298534204866,0.6980835530994727,0.5965697010703852
10_150,0.7,42,64,0.4038953222501312,-1.025692708143057,0.2253642882426738,2372.5883990665147,380.9743047303544,0.62973428285461,0.5965697010703852
10_150,0.7,42,65,0.3983916187737056,-1.0637481028245492,0.22043248674221036,2474.6822838095045,339.36967946776684,0.6407611164760485,0.5965697010703852
10_150,0.7,42,66,0.3929735077028642,-966.971721223397,0.16715711284317808,221964.00927251042,220271.7105360064,242.0207566114322,0.5965697010703852
10_150,0.7,42,67,0.38763965792303584,-2.7024627704399733,0.1773388426773625,3239.6980339965767,411.15209791031054,0.9932392390326109,0.5965697010703852
10_150,0.7,42,68,0.38238875902085495,-1.3016386403643803,0.157819332293866,2457.667048397959,437.1833915963217,0.7028651528955043,0.5965697010703852
10_150,0.7,42,69,0.37721952096222106,-1.720721219288972,0.18434918837339412,2596.9208480589714,489.68020483998663,0.794768553725043,0.5965697010703852
10_150,0.7,42,70,0.372130673775365,-1.2616193976499335,0.16977853673493798,2493.9505829478485,392.5881557237453,0.6858106591857854,0.5965697010703852
10_150,0.7,42,71,0.3671209672388437,-1.7931585674068278,0.15673108531803445,2758.4383009531625,404.65561275848245,0.7987018114158889,0.5965697010703852
10_150,0.7,42,72,0.3621891705743874,-2.084174721134817,0.1575262497187381,2808.3838519821093,479.11076852813795,0.8708023620560084,0.5965697010703852
10_150,0.7,42,73,0.35733407214452373,-1.59982490826144,0.20483208319219184,2674.9042109132206,393.58830257121224,0.7579417735106587,0.5965697010703852
10_150,0.7,42,74,0.35255447915490423,-1.9667753486390227,0.21796546462492145,2799.828644517581,444.02671523106653,0.8427407122660735,0.5965697010703852
10_150,0.7,42,75,0.3478492173612599,-1.693890599965418,0.16579656598172884,2711.7733527134496,407.37898660123176,0.7821979893578703,0.5965697010703852
10_150,0.7,42,76,0.3432171307809146,-1.1714607897277727,0.1720401875025395,2383.954395910966,440.8164976272717,0.6763249259387305,0.5965697010703852
10_150,0.7,42,77,0.3386570814087846,-2.0084680672417003,0.18655352296716782,2741.1474515824902,501.3009418022462,0.8598749966015318,0.5965697010703852
10_150,0.7,42,78,0.3341679489377949,-2.0412553384280088,0.1422021866207317,2917.2880950994986,390.1632352418811,0.8512075950261496,0.5965697010703852
10_150,0.7,42,79,0.32974863048364406,-1.6449845728395722,0.17240199644791093,2798.9221508029027,331.13329376583937,0.7629525891890944,0.5965697010703852
10_150,0.7,42,80,0.3253980403138483,-1.3643592594646035,0.18159237545577975,2597.3805572882543,365.7389496045484,0.7077466004953823,0.5965697010703852
10_150,0.7,42,81,0.32111510958100054,-967.4913146533787,0.1335161205322813,222306.83136014876,220233.51895450687,242.1292069268768,0.5965697010703852
10_150,0.7,42,82,0.3168987860601775,-1.6208562355475071,0.16975075020358413,2659.8319501752417,408.4041826617673,0.762416588967735,0.5965697010703852
10_150,0.7,42,83,0.31274803389043004,-1.4005224339275113,0.17513950826579547,2726.300597945452,292.38306486775974,0.7070227007033818,0.5965697010703852
10_150,0.7,42,84,0.30866183332029457,-2.147833609359903,0.19801840567120857,3024.4625951065336,360.47044017019203,0.872620893409278,0.5965697010703852
10_150,0.7,42,85,0.3046391804572615,-2.2729181310594733,0.14692807888908455,3014.4074282947163,415.28647920585325,0.9072196732745135,0.5965697010703852
10_150,0.7,42,86,0.3006790870211401,-967.6606555749928,0.21830756899432152,222312.23858066654,220288.93804531038,242.17033343978525,0.5965697010703852
10_150,0.7,42,87,0.29678058010125963,-0.8453306149142663,0.15541077238356277,2358.8149588156566,336.48326688239854,0.5929942228096403,0.5929942228096403
10_150,0.7,42,88,0.2929427019174456,-1.4496036891743544,0.1451612954613135,2604.218856281263,388.46159451811513,0.7264332168308367,0.5929942228096403
10_150,0.7,42,89,0.28916450958471324,-1.751379991990108,0.1914741985471625,2856.94947963974,330.63426257508826,0.7855064763540518,0.5929942228096403
10_150,0.7,42,90,0.28544507488162135,-1.1228867630796355,0.1847891856744336,2364.0369558664793,436.06223848240137,0.6651179257011284,0.5929942228096403
10_150,0.7,42,91,0.28178348402222775,-1.7065774138461292,0.2252347754390951,2788.6784309175096,354.1611754244974,0.7751112185881497,0.5929942228096403
10_150,0.7,42,92,0.27817883743159105,-1.5133968743412383,0.21125123345878913,2641.4224092408504,387.2247232724402,0.7402482466985791,0.5929942228096403
10_150,0.7,42,93,0.27463024952476534,-0.8396505470789556,0.1814121469210519,2336.4617429968516,346.9486959762253,0.5915341237450958,0.5915341237450958
10_150,0.7,42,94,0.27113684848922975,-1.527486336164915,0.1525267419904444,2733.3103839887617,337.03398777727756,0.7412054515153439,0.5915341237450958
10_150,0.7,42,95,0.2676977760707032,-1.8404607850450607,0.1521717829130897,2764.1789918483064,425.87807213534927,0.8158996608163179,0.5915341237450958
10_150,0.7,42,96,0.2643121873622896,-924.5035982949406,0.18426292568061214,212608.2218584998,210371.90946151866,231.36239946259758,0.5915341237450958
10_150,0.7,42,97,0.2609792505969018,-1.795511428168512,0.16746946070244215,2723.6487530358204,435.31965617315984,0.8065442220496695,0.5915341237450958
10_150,0.7,42,98,0.25769814694291476,-1.8623603544687526,0.15624406553477538,2798.622178384442,406.03678969329167,0.8155352819171802,0.5915341237450958
10_150,0.7,42,99,0.25446807030299534,-1.9439788716075683,0.1647004601717048,2895.3692979461466,374.59477516314104,0.8316018760688025,0.5915341237450958
10_150,0.7,42,100,0.2512882271160621,-1.056608299080105,0.14662428709306968,2439.200492249368,359.33791000996536,0.6408048481060813,0.5915341237450958
10_150,0.7,42,101,0.2481578361623234,-1.5072767280763948,0.1491013374481505,2600.556644724824,418.1337997227108,0.7458646078007474,0.5915341237450958
10_150,0.7,42,102,0.2450761283713493,-1.6483129786201869,0.14803409109998023,2706.8257469529644,395.95875723809587,0.7722099109247935,0.5915341237450958
10_150,0.7,42,103,0.24204234663312607,-924.4057623526979,0.138283719026778,212620.19458874487,210327.06314097493,231.33557215918344,0.5915341237450958
10_150,0.7,42,104,0.23905574561205173,-1.5044655539380596,0.1835904176409751,2578.94376100466,421.5845048172996,0.7397612721869837,0.5915341237450958
10_150,0.7,42,105,0.23611559156382206,-1.3937718601759705,0.14601141364890474,2619.474271593769,357.68328627457555,0.7107997461369966,0.5915341237450958
10_150,0.7,42,106,0.2332211621551653,-1.3078205204828623,0.17689267910451606,2539.775057185823,382.04101124801406,0.6964780221925241,0.5915341237450958
10_150,0.7,42,107,0.23037174628638085,-1.8838807163951503,0.18573992093231576,2843.313692390304,383.6415936094772,0.817419303039862,0.5915341237450958
10_150,0.7,42,108,0.2275666439166364,-1.3158353706891295,0.18967740300351132,2404.93320203428,476.8319835617979,0.7099458588552738,0.5915341237450958
10_150,0.7,42,109,0.2248051658919834,-1.4848508821321966,0.20424329169838157,2687.9613524497163,343.0158057271689,0.72751365612996,0.5915341237450958
10_150,0.7,42,110,0.22208663377604637,-1.5895006270475265,0.15178578425147582,2636.3339056467444,417.15037627726986,0.7592949630649697,0.5915341237450958
10_150,0.7,42,111,0.21941037968334542,-1.9239368811063153,0.19383235258211345,2901.7837111384383,361.95431067381503,0.8252401610334483,0.5915341237450958
10_150,0.7,42,112,0.21677574611521144,-1.1451920103938276,0.18236441653234528,2438.488029133778,390.2239873972194,0.6622546510068081,0.5915341237450958
10_150,0.7,42,113,0.21418208579825188,-1.4423031465188316,0.14705752147163217,2574.8085220301896,404.2031950921221,0.7258997208997722,0.5915341237450958
10_150,0.7,42,114,0.21162876152533033,-1.296854374513051,0.16504077738805578,2552.9960106741946,370.5245965263493,0.6935939041330315,0.5915341237450958
10_150,0.7,42,115,0.20911514599901782,-1.2469344350406828,0.20010984974635299,2404.5080247716687,451.0594484229815,0.6916448177781909,0.5915341237450958
10_150,0.7,42,116,0.20664062167747893,-1.832475956446327,0.12211665836586427,2789.2218890936374,403.82881319801004,0.8102712237706275,0.5915341237450958
10_150,0.7,42,117,0.20420458062275576,-2.2322186844844865,0.15032601181991034,3016.155302235134,400.55247932638156,0.8975429619840254,0.5915341237450958
10_150,0.7,42,118,0.2018064243514096,-1.1675672959810448,0.1592000156812853,2520.4609272757,346.28092642484614,0.6636938800403513,0.5915341237450958
10_150,0.7,42,119,0.1994455636874869,-1.256632643720577,0.23839260073156027,2429.908720852599,440.9376998068761,0.6945496509674548,0.5915341237450958
10_150,0.7,42,120,0.19712141861777083,-1.83948802516511,0.16699931668492912,2836.018595647871,371.4433810881303,0.8059572261282001,0.5915341237450958
10_150,0.7,42,121,0.19483341814928484,-1.4690648057204074,0.1326656519716249,2637.5050747323053,379.00808566661794,0.7329208493621492,0.5915341237450958
10_150,0.7,42,122,0.19258100016901147,-1.3418523942864962,0.1647218486007221,2560.9228218504873,381.4910980842225,0.7044387208853269,0.5915341237450958
10_150,0.7,42,123,0.19036361130579338,-1.3259433721943295,0.19140482102286846,2503.9328574591,412.118065061715,0.7034919238614743,0.5915341237450958
10_150,0.7,42,124,0.18818070679438154,-1.280069390642213,0.1598649789239954,2438.332365686455,438.315458497559,0.696029723623084,0.5915341237450958
10_150,0.7,42,125,0.1860317503415984,-2.3189028318685123,0.1516854317414133,3113.5891418338865,361.75784583794467,0.9087074190321209,0.5915341237450958
10_150,0.7,42,126,0.1839162139945818,-1.4463079606570122,0.1312665938102066,2584.664161981809,398.58619988983753,0.7258379729379293,0.5915341237450958
10_150,0.7,42,127,0.18183357801107813,-2.6903426938537627,0.1632072204790544,3309.542293417673,365.313231653272,0.9885570940964712,0.5915341237450958
10_150,0.7,42,128,0.17978333073175307,-1.2855299783984786,0.16997602362010839,2542.565571234337,372.9392019732313,0.6911756040701286,0.5915341237450958
10_150,0.7,42,129,0.17776496845448742,-2.0569598633220307,0.17087410002449033,2886.9798239201227,415.9428685159904,0.8573822842963555,0.5915341237450958
10_150,0.7,42,130,0.17577799531062827,-967.1775494433863,0.19226419612420975,222084.82062451728,220264.24352654384,242.063190520329,0.5915341237450958
10_150,0.7,42,131,0.1738219231431649,-2.111122433532609,0.20238111915049783,3062.0095035833665,322.0579514960275,0.8604151869109196,0.5915341237450958
10_150,0.7,42,132,0.17189627138679878,-2.0470307835065915,0.11124892121720273,2958.84465195476,370.43245218254094,0.8537288069121552,0.5915341237450958
10_150,0.7,42,133,0.1700005669498786,-1.713628238790339,0.17029475202672767,2710.381796709524,413.7668536756313,0.7861431215717272,0.5915341237450958
10_150,0.7,42,134,0.16813434409817252,-1.7211574976151414,0.17562777425733714,2762.160113644235,381.2138484758339,0.783677601759505,0.5915341237450958
10_150,0.7,42,135,0.16629714434044632,-1.9673500144434526,0.14612850659901497,2910.1407227248815,374.5999963901137,0.8374362414055762,0.5915341237450958
10_150,0.7,42,136,0.16448851631582245,-1.449914936416909,0.14986669260703783,2540.9767794272534,429.4739050087479,0.7303255264243942,0.5915341237450958
10_150,0.7,42,137,0.16270801568288995,-923.1319084479832,0.21357654793216155,211901.87161890662,210348.0441691374,231.06679209742316,0.5915341237450958
10_150,0.7,42,138,0.16095520501053945,-1.9202320712093721,0.18521753829938462,2780.6797814775023,442.384141298726,0.8340264309165766,0.5915341237450958
10_150,0.7,42,139,0.1592296536704954,-1.137948424411015,0.13356123819573149,2434.2782513635357,388.3545219784628,0.6592776038403103,0.5915341237450958
10_150,0.7,42,140,0.15753093773152022,-1.0864148502966755,0.1695262147926806,2308.293728038841,454.41463697344795,0.6560270276491867,0.5915341237450958
10_150,0.7,42,141,0.15585863985526294,-1.5795000929753895,0.14416561018879892,2746.886808169878,339.3038615322691,0.7481614962136021,0.5915341237450958
10_150,0.7,42,142,0.15421234919372853,-1.7346191039746581,0.10948262075633727,2752.343656987119,395.34222808944133,0.7897433129469074,0.5915341237450958
10_150,0.7,42,143,0.152591661288341,-1.502644796580365,0.1596705972783087,2573.553118660942,426.1874999864195,0.7408720418627451,0.5915341237450958
10_150,0.7,42,144,0.15099617797057668,-967.3501078677119,0.15490997907088247,222170.37403659776,220273.88811161488,242.1037466303399,0.5915341237450958
10_150,0.7,42,145,0.14942550726414244,-1.2255692002030067,0.13639943722752995,2518.201355171435,365.22092702324,0.676127895827524,0.5915341237450958
10_150,0.7,42,146,0.14787926328867598,-1.8657969374893901,0.16933439924538207,2840.157361605069,379.8849247930811,0.8135302695394508,0.5915341237450958
10_150,0.7,42,147,0.1463570661649425,-1.8499141659902938,0.19060109966983652,2910.1865551905607,330.08145502819673,0.8061316811339948,0.5915341237450958
10_150,0.7,42,148,0.1448585419215072,-1.931694531855089,0.1406017173344692,2939.1271091942967,336.3153046926877,0.8219413752833722,0.5915341237450958
10_150,0.7,42,149,0.14338332240285795,-1.2556903069931626,0.13793316133351147,2625.3998133403134,302.3617589763445,0.6742152337301117,0.5915341237450958
10_150,0.7,42,150,0.1419310451789575,-1.3758901940984174,0.15769839499970356,2539.7302545785205,402.44917009463023,0.7108192455839949,0.5915341237450958
10_150,0.7,42,151,0.14050135345620207,-1.436495274998585,0.1458255607775966,2633.26991009546,363.67280662668384,0.7204594145264185,0.5915341237450958
10_150,0.7,42,152,0.13909389598976496,-1.4907300250368856,0.15220441915003413,2567.7134032464287,427.2549660701879,0.7393179988368193,0.5915341237450958
10_150,0.7,42,153,0.13770832699730284,-1.9742844918988784,0.1441633359444281,2990.8923552056485,315.19789139358994,0.8275166258722348,0.5915341237450958
10_150,0.7,42,154,0.13634430607400466,-1.4883012480217819,0.2137922083933756,2652.074636529617,368.64542808031604,0.7313808325942478,0.5915341237450958
10_150,0.7,42,155,0.13500149810896128,-1.567899466433322,0.16813746264393728,2643.0098516977905,404.8528429772955,0.7532777641236119,0.5915341237450958
10_150,0.7,42,156,0.13367957320283602,-1.3976409290024272,0.17221321403142714,2611.4764718507463,366.5743975272613,0.7138984596063265,0.5915341237450958
10_150,0.7,42,157,0.13237820658681518,-1.4936715180017432,0.15136788282850894,2625.088566637089,391.73062052019765,0.7369711143976335,0.5915341237450958
10_150,0.7,42,158,0.13109707854281938,-1.583174492572831,0.16191218163526985,2679.0435695234355,386.27323484624895,0.7544289093224568,0.5915341237450958
10_150,0.7,42,159,0.12983587432495577,-1.2796304576638948,0.15189400031849712,2692.8138443845387,266.07434910239283,0.6752940873857284,0.5915341237450958
10_150,0.7,42,160,0.12859428408219134,-1.3215439227212606,0.13962632859407798,2566.4505699388633,367.82556083301944,0.6970057869834032,0.5915341237450958
10_150,0.7,42,161,0.1273720027822294,-1.7685014256246592,0.12489134727356022,2709.949521263542,435.3097098221184,0.8011297565467879,0.5915341237450958
10_150,0.7,42,162,0.12616873013656954,-0.9127713130377806,0.17098404157410108,2240.292689102718,435.1457617331417,0.615627804841171,0.5915341237450958
10_150,0.7,42,163,0.12498417052673307,-0.8224420186919337,0.14877525796517774,2264.0030787551295,389.2465047553525,0.5926928496757619,0.5915341237450958
10_150,0.7,42,164,0.12381803293163596,-2.3758611352524426,0.11367600356697097,3057.0368886177716,418.86219326414493,0.9265625303230507,0.5915341237450958
10_150,0.7,42,165,0.12267003085609117,-1.831945909144053,0.16155805753043898,2864.023034837331,350.79711833438864,0.8024849213599992,0.5915341237450958
10_150,0.7,42,166,0.1215398822604227,-1.7316605100568867,0.15242710748270702,2755.891813909556,389.86174599311454,0.7872878749937803,0.5915341237450958
10_150,0.7,42,167,0.1204273094911746,-1.3591396946083099,0.17602993560294738,2602.3269461481987,356.300031423217,0.7030579807291593,0.5915341237450958
10_150,0.7,42,168,0.11933203921289748,-1.497196105876688,0.10325228805693856,2648.2572546959045,370.38522593537425,0.7310981044809435,0.5915341237450958
10_150,0.7,42,169,0.11825380234099556,-1.4808359309730468,0.15069529638471799,2729.5805628516396,315.60688011735857,0.7246573604749211,0.5915341237450958
10_150,0.7,42,170,0.11719233397561858,-1.6377498178546988,0.14571810976057278,2564.37162871736,486.6165886489292,0.779764953074455,0.5915341237450958
10_150,0.7,42,171,0.11614737333658141,-1.4091740798853971,0.13890789329906,2581.5021831802983,389.23228785002425,0.7180085643696754,0.5915341237450958
10_150,0.7,42,172,0.11511866369929591,-1.0735313860578273,0.12321032217513253,2416.3503794845774,378.3326390605455,0.6451497116410743,0.5915341237450958
10_150,0.7,42,173,0.11410595233169919,-0.9516570008493055,0.1432517341356847,2325.880807622557,395.28359690145845,0.6213653258652596,0.5915341237450958
10_150,0.7,42,174,0.11310899043216277,-1.4208747898801124,0.13730642976520202,2534.8409492659557,426.3659554389069,0.7257168319464907,0.5915341237450958
10_150,0.7,42,175,0.1121275330683672,-1.1701323347194499,0.14588269887205743,2431.864699438093,401.94670168696155,0.6678881841005976,0.5915341237450958
10_150,0.7,42,176,0.11116133911712744,-1.2708095737696685,0.15810932552796697,2469.212632572226,414.8280963385894,0.6916936283169337,0.5915341237450958
10_150,0.7,42,177,0.1102101712051541,-1.374089436726396,0.13986878668052302,2464.189926147101,457.10907662887587,0.7194593600548228,0.5915341237450958
10_150,0.7,42,178,0.10927379565073586,-1.612391624518438,0.206602410505214,2701.304307742102,382.5805429658561,0.7606177124326975,0.5915341237450958
10_150,0.7,42,179,0.10835198240632873,-1.4704537668212794,0.12597149284260892,2613.223412218014,391.4667871434878,0.7321019786585626,0.5915341237450958
10_150,0.7,42,180,0.1074445050020384,-0.9927626314621865,0.15287987677147225,2364.5853744001247,380.8069569280769,0.6264575229921641,0.5915341237450958
10_150,0.7,42,181,0.10655114048998136,-1.9786613337936116,0.16063309553706204,2982.800558984812,323.5734553521978,0.8302155041239606,0.5915341237450958
10_150,0.7,42,182,0.10567166938951125,-1.3223575813752957,0.16597561473813532,2612.2259809009547,334.513444051029,0.6916366526273041,0.5915341237450958
10_150,0.7,42,183,0.10480587563329734,-924.9544668029347,0.12442887722355986,212841.36599460585,210377.70698700464,231.4585069920729,0.5915341237450958
10_150,0.7,42,184,0.10395354651424124,-1.1780121809288393,0.1840140129948058,2483.8091450190796,373.6843153582947,0.6685070620616137,0.5915341237450958
10_150,0.7,42,185,0.10311447263321932,-1.3353619233676672,0.13482813622302733,2584.7951861260517,361.02237678311394,0.6994602871450049,0.5915341237450958
10_150,0.7,42,186,0.10228844784763778,-1.2951222920234122,0.15375818323681031,2570.884827149376,357.46308881794994,0.6914652144737763,0.5915341237450958
10_150,0.7,42,187,0.10147526922078795,-967.3210076344067,0.11688884955124956,222218.65358440077,220231.8382367027,242.09321817834842,0.5915341237450958
10_150,0.7,42,188,0.10067473697198882,-1.3496578221033928,0.15813231655632087,2662.598640783421,311.49455058202335,0.6953243547081932,0.5915341237450958
10_150,0.7,42,189,0.09988665442750533,-1.724688759211578,0.18930150101438242,2782.7939525503593,368.05423765517384,0.7825634246774111,0.5915341237450958
10_150,0.7,42,190,0.09911082797222981,-1.248056301381056,0.1346152927294804,2614.5752316468943,303.8152834163576,0.6709651509981972,0.5915341237450958
10_150,0.7,42,191,0.09834706700211487,-1.5761621747972576,0.15994767532362625,2726.0047178321433,353.3027599895193,0.7497681931396574,0.5915341237450958
10_150,0.7,42,192,0.09759518387734595,-1.7473409170420875,0.13520882923870775,2852.9057110177996,330.0624612358306,0.7835079767400804,0.5915341237450958
10_150,0.7,42,193,0.09685499387624241,-2.2436919884556197,0.1295045942839895,3154.6379234781293,308.0071422322901,0.8870922358215336,0.5915341237450958
10_150,0.7,42,194,0.09612631514987509,-1.793863643918332,0.1162919669058913,2908.677057833739,309.05874280915685,0.7907445408120828,0.5915341237450958
10_150,0.7,42,195,0.09540896867739013,-1.7839476438334487,0.1481182594589371,2813.7009763568612,369.05234517918524,0.795465540790862,0.5915341237450958
10_150,0.7,42,196,0.0947027782220271,-1.0425106967452387,0.14692275975007207,2426.679066818343,360.0275008045327,0.6363474804893977,0.5915341237450958
10_150,0.7,42,197,0.09400757028782174,-1.6602909998191935,0.12048741949633598,2731.2342728141907,376.93421890777574,0.768459222924553,0.5915341237450958
10_150,0.7,42,198,0.09332317407698135,-1.6963012777328434,0.10950040806716385,2752.3618605718675,377.78167236142394,0.7773951257362989,0.5915341237450958
10_150,0.7,42,199,0.09264942144792357,-1.6517447312648672,0.17734260836028995,2714.0613247606325,388.0601227641644,0.7695086206982522,0.5915341237450958
10_150,0.7,42,200,0.09198614687396757,-1.535674314302291,0.12373517347207086,2668.4303520685125,377.74380552298317,0.7442383848786608,0.5915341237450958
10_150,0.7,42,201,0.0913331874026676,-2.0221614070367147,0.13799141473765936,2876.0771471773783,411.2179079943817,0.8497542757093255,0.5915341237450958
10_150,0.7,42,202,0.09069038261577916,-1.6879787846807046,0.09619214132353697,2781.503061763191,353.99440174612596,0.7721615612967936,0.5915341237450958
10_150,0.7,42,203,0.09005757458984752,-1.6154415114993097,0.14824689406897482,2704.8988189681745,381.6031920656462,0.7613489148280702,0.5915341237450958
10_150,0.7,42,204,0.08943460785740934,-1.7911177083847916,0.15969309166684295,2868.5493627855494,330.4117965232704,0.7899287483631662,0.5915341237450958
10_150,0.7,42,205,0.08882132936879764,-1.8728463243423679,0.12831338635704542,2785.062997538039,420.65981057870044,0.8204716588818927,0.5915341237450958
10_150,0.7,42,206,0.08821758845454078,-1.7583539588905501,0.12749964968899197,2866.962122530571,325.6047698704093,0.7859200607316079,0.5915341237450958
10_150,0.7,42,207,0.08762323678834613,-1.7048253734966523,0.16517541525216486,2760.9365400875677,376.4790207628239,0.7798632616880473,0.5915341237450958
10_150,0.7,42,208,0.08703812835065944,-2.1178473517618492,0.1444864301856001,3054.155639279953,327.16950429360725,0.8609114688049538,0.5915341237450958
10_150,0.7,42,209,0.08646211939279098,-2.013658314743601,0.12338179929103528,2959.9258012321043,354.2725386281003,0.8427856670402702,0.5915341237450958
10_150,0.7,42,210,0.08589506840159955,-1.4910462512392582,0.1334054884648283,2692.8584168415746,346.665878005228,0.7320148056454103,0.5915341237450958
10_150,0.7,42,211,0.08533683606472567,-1.9393438880323455,0.11820456333466536,2896.957700448643,368.9478739247451,0.8282557783111744,0.5915341237450958
10_150,0.7,42,212,0.08478728523636561,-2.195568986405184,0.14125190430966666,3054.680941033521,356.819944358289,0.8819804739570156,0.5915341237450958
10_150,0.7,42,213,0.08424628090357741,-1.461997995614426,0.13282226994731242,2615.5744494659525,385.60186259712054,0.7289035157330104,0.5915341237450958
10_150,0.7,42,214,0.08371369015311121,-1.628911476527537,0.09316879839693486,2710.0831627202588,381.4407236998397,0.7632810087683056,0.5915341237450958
10_150,0.7,42,215,0.08318938213875532,-2.261700291310971,0.1481890774507941,3077.5912700553376,362.7989890860936,0.8952305934165451,0.5915341237450958
10_150,0.7,42,216,0.08267322804918986,-1.0322647258808895,0.11761273417340908,2437.7937903109128,350.1165435512003,0.6337615533841702,0.5915341237450958
10_150,0.7,42,217,0.08216510107634088,-1.3709219382234885,0.11233497173208636,2689.2469912207603,301.68367911542316,0.69894040074907,0.5915341237450958
10_150,0.7,42,218,0.08166487638422609,-1.6218028484168878,0.1234191876862395,2731.8453476916916,363.50914589050757,0.7592547289336258,0.5915341237450958
10_150,0.7,42,219,0.08117243107828538,-1.8583702797320458,0.10388939530436332,2902.8053685621157,333.01311322690054,0.805280797288731,0.5915341237450958
10_150,0.7,42,220,0.08068764417518824,-1.6267029933106882,0.1463716361160313,2751.997302977787,352.11934639670204,0.75919555463076,0.5915341237450958
10_150,0.7,42,221,0.08021039657311081,-1.6150850533973429,0.11471087349710371,2703.918753953805,380.9337844213122,0.7604910696524237,0.5915341237450958
10_150,0.7,42,222,0.07974057102247495,-1.437712410774461,0.09595145437770329,2610.4023071301276,380.8248003009642,0.7235008501731739,0.5915341237450958
10_150,0.7,42,223,0.0792780520971426,-1.9611926454007074,0.11458257017596159,2877.5873351323253,386.4887751537498,0.8329513009865982,0.5915341237450958
10_150,0.7,42,224,0.07882272616605801,-1.8432814376695004,0.12998589883635298,2812.550775709171,386.7441086668771,0.8074592133395108,0.5915341237450958
10_150,0.7,42,225,0.0783744813653311,-1.2813202283200558,0.15054396061888514,2597.216361099267,334.0024747276856,0.685352427485666,0.5915341237450958
10_150,0.7,42,226,0.07793320757075473,-1.19069816062944,0.10200660836648541,2452.8964414551992,397.8264291343055,0.673291028210071,0.5915341237450958
10_150,0.7,42,227,0.07749879637074959,-1.5201127199642575,0.1268773374785837,2690.221594520389,357.00798970400245,0.7382505503967165,0.5915341237450958
10_150,0.7,42,228,0.07707114103972987,-1.80851741195823,0.11462085407205969,2863.363572559519,345.43475130651143,0.7984517233952096,0.5915341237450958
10_150,0.7,42,229,0.0766501365118829,-1.4180115126866428,0.08370444961083401,2648.1745463094776,348.1559689048552,0.7154252485773128,0.5915341237450958
10_150,0.7,42,230,0.07623567935535681,-1.4004761012177482,0.12479206657420046,2651.2662505498324,339.2486329338186,0.7103785474128755,0.5915341237450958
10_150,0.7,42,231,0.07582766774684957,-1.553781266489899,0.12788709840049872,2723.648482389426,348.0386353439145,0.7451343536947935,0.5915341237450958
10_150,0.7,42,232,0.07542600144659303,-1.0125470023710772,0.15396056397967042,2393.032790318489,369.643175615131,0.6298318208475919,0.5915341237450958
10_150,0.7,42,233,0.07503058177372629,-1.7069512189937668,0.11981950945845728,2774.2989048284994,369.12853912970644,0.779966057507035,0.5915341237450958
10_150,0.7,42,234,0.0746413115820518,-1.9753200159315352,0.1457851596414855,2996.4025446766314,317.9846464135047,0.8316523743885359,0.5915341237450958
10_150,0.7,42,235,0.07425809523616868,-1.5808331235224662,0.09746838050415349,2718.4541411364175,358.2097292180039,0.7502402488094885,0.5915341237450958
10_150,0.7,42,236,0.0738808385879771,-1.22423190747639,0.10247990446459107,2626.671638107141,292.40765078118795,0.667713680608083,0.5915341237450958
10_150,0.7,42,237,0.0735094489535481,-1.3813936941375102,0.12284666047090316,2590.876563605975,373.7529720854809,0.7108178527635591,0.5915341237450958
10_150,0.7,42,238,0.07314383509035316,-1.6275390531126785,0.12551283636948596,2745.7635065178783,358.09373636784255,0.760938403033667,0.5915341237450958
10_150,0.7,42,239,0.07278390717484776,-1.6232791701907021,0.10804743047918304,2753.471527616647,348.83011904829385,0.7574632155849066,0.5915341237450958
10_150,0.7,42,240,0.07242957678040378,-1.5104306615298793,0.11138156156029,2661.5764792329846,372.97413541389983,0.7381770946116514,0.5915341237450958
10_150,0.7,42,241,0.07208075685558483,-1.4746779184198266,0.09834610915667326,2674.735548054663,349.6692043232423,0.7269743061509597,0.5915341237450958
10_150,0.7,42,242,0.0717373617027597,-1.6576438920469463,0.13622569519531696,2736.1227547990534,375.59817980189354,0.7694488232935497,0.5915341237450958
10_150,0.7,42,243,0.07139930695704806,-1.4961420220492183,0.15991758539155537,2653.1369717005246,373.0175938804923,0.7348763633129147,0.5915341237450958
10_150,0.7,42,244,0.0710665095655941,-1.5104306615298793,0.10026985457040616,2661.5764792329846,372.97413541389983,0.7381770946116514,0.5915341237450958
10_150,0.7,42,245,0.07073888776716195,-1.6058052546088764,0.0990582071212735,2684.3730333705075,390.4304885323192,0.7594575849866638,0.5915341237450958
10_150,0.7,42,246,0.07041636107204882,-1.1425641947212304,0.13964885901889396,2466.969139826352,365.3676627494937,0.6560083583572148,0.5915341237450958
10_150,0.7,42,247,0.07009885024231037,-1.3329356912114134,0.11847211940318206,2596.8538768142953,352.7549724671061,0.698403352032035,0.5915341237450958
10_150,0.7,42,248,0.0697862772722936,-1.5948178689878079,0.10090802898046687,2712.3229767512594,367.67504652069425,0.7544797788290747,0.5915341237450958
10_150,0.7,42,249,0.0694785653694726,-1.4541397223949875,0.11802777834460802,2638.7922553186086,365.45060683378205,0.7238900741136427,0.5915341237450958
10_150,0.7,42,250,0.06917563893558212,-1.445391987577234,0.12282718837581874,2655.831941417152,355.92983856509085,0.7239174261234901,0.5915341237450958
10_150,0.7,42,251,0.06887742354804487,-1.4313896924419183,0.13561628238564066,2595.019221592322,387.39866732971046,0.7220540040424475,0.5915341237450958
10_150,0.7,42,252,0.06858384594168729,-1.6378815150626789,0.1526315581350978,2740.1213952212283,365.80920823177814,0.7641398079948513,0.5915341237450958
10_150,0.7,42,253,0.06829483399074003,-1.4024611486118672,0.10948593288089573,2600.2637980056284,371.69745994792925,0.7130770240744561,0.5915341237450958
10_150,0.7,42,254,0.06801031669111803,-0.9599640692749251,0.11094098928273226,2354.703578100612,381.388868834132,0.622966328900854,0.5915341237450958
10_150,0.7,42,255,0.06773022414297643,-1.5259662020597613,0.12170621684318164,2691.020752790294,359.8434320197436,0.7405609797441218,0.5915341237450958
10_150,0.7,42,256,0.06745448753353762,-1.5272177005147929,0.13649981805293004,2673.23767317883,370.40694987879806,0.7409738543578798,0.5915341237450958
10_150,0.7,42,257,0.06718303912018544,-1.3372363156932427,0.09314003549591617,2605.9741914049555,347.61132305959444,0.6983843905054334,0.5915341237450958
10_150,0.7,42,258,0.0669158122138222,-2.0304131446142684,0.10564809664993136,2986.385080719643,339.184151389095,0.8426138918533368,0.5915341237450958
10_150,0.7,42,259,0.06665274116248465,-1.3668982307515773,0.12025596599433093,2541.7627821337196,402.27130928924373,0.7114964001900774,0.5915341237450958
10_150,0.7,42,260,0.06639376133521471,-1.6223072785115615,0.09559058205012415,2800.1844882024707,320.1565259281081,0.755727761462114,0.5915341237450958
10_150,0.7,42,261,0.06613880910618089,-1.5939638609196614,0.10424690601033557,2789.5894107225877,315.86632390189277,0.7485270611257635,0.5915341237450958
10_150,0.7,42,262,0.06588782183904693,-1.1894407270486658,0.0980480117977131,2460.677507120639,392.19187234810687,0.6723980320439796,0.5915341237450958
10_150,0.7,42,263,0.06564073787158327,-1.485400966155838,0.09846793916794927,2646.4832175469996,371.8375389229961,0.7314196707681411,0.5915341237450958
10_150,0.7,42,264,0.06539749650051803,-1.4388379197108663,0.10226544024438793,2640.307966520824,363.0902454335043,0.7228276486526964,0.5915341237450958
10_150,0.7,42,265,0.06515803796662348,-1.5272177005147929,0.10567989275357174,2673.23767317883,370.40694987879806,0.7409738543578798,0.5915341237450958
10_150,0.7,42,266,0.06492230344003448,-1.107073804197633,0.1119390521802216,2432.2275343022866,382.7880106711092,0.6545516057687859,0.5915341237450958
10_150,0.7,42,267,0.06469023500579518,-1.3037368950750199,0.08988363955060867,2549.8572253927714,373.2020241388651,0.6942387407172348,0.5915341237450958
10_150,0.7,42,268,0.06446177564963067,-1.5272177005147929,0.11675006042831329,2673.23767317883,370.40694987879806,0.7409738543578798,0.5915341237450958
10_150,0.7,42,269,0.06423686924393959,-1.3276012723436357,0.08453673517194779,2565.15321168594,370.55887376205504,0.6984168061386199,0.5915341237450958
10_150,0.7,42,270,0.064015460534005,-1.5272177005147929,0.09907257717470357,2673.23767317883,370.40694987879806,0.7409738543578798,0.5915341237450958
10_150,0.7,42,271,0.0637974951244193,-1.3304135923940188,0.11085292304146148,2571.6534083560136,367.41812768175333,0.6987728273276863,0.5915341237450958
10_150,0.7,42,272,0.06358291946572056,-1.5254416765722465,0.13943213617843853,2612.63156668287,408.38005438215424,0.7437683099107048,0.5915341237450958
10_150,0.7,42,273,0.06337168084123639,-1.2667324000629052,0.12936628369699937,2484.6015754084956,399.65802335995187,0.6870946106928717,0.5915341237450958
10_150,0.7,42,274,0.06316372735413278,-1.6597120217954122,0.1203004072662893,2724.182051802468,384.5856684305577,0.7710589731395731,0.5915341237450958
10_150,0.7,42,275,0.06295900791466405,-1.2165820082359944,0.10232508492470212,2529.642972120847,351.6795470521855,0.6711166856741451,0.5915341237450958
10_150,0.7,42,276,0.06275747222762111,-1.1517853914377036,0.07444394324357469,2523.307049418435,334.62158592049775,0.6566139671338563,0.5915341237450958
10_150,0.7,42,277,0.06255907077997513,-1.4076257353505115,0.10007727803691273,2589.1110322107506,386.90688074128497,0.7193758630668095,0.5915341237450958
10_150,0.7,42,278,0.062363754828713217,-1.4924001058811467,0.09201507624851954,2628.0040504315166,386.4945062885988,0.7344378767520998,0.5915341237450958
10_150,0.7,42,279,0.06217147638886324,-1.5079648564425607,0.0985211162919627,2668.9009427988753,367.9971533244726,0.7375665256927629,0.5915341237450958
10_150,0.7,42,280,0.06198218822170495,-1.6982213916317952,0.1135562194064704,2755.6298234164306,377.12744686775625,0.7782247771371303,0.5915341237450958
10_150,0.7,42,281,0.06179584382316449,-1.5075977071038165,0.08208231885893279,2667.601792769581,367.285587027776,0.7365530665314515,0.5915341237450958
10_150,0.7,42,282,0.06161239741238927,-1.388497611148798,0.11106854141827474,2588.9700587851194,376.89791547374244,0.7122780425426969,0.5915341237450958
10_150,0.7,42,283,0.06143180392050065,-1.1208773703546107,0.08758375451052583,2473.3439970299396,362.9087795080134,0.6567946541707754,0.5915341237450958
10_150,0.7,42,284,0.06125401897952138,-0.7271860968102974,0.13093151130468333,2179.96389933107,412.1105308053939,0.575607074333558,0.575607074333558
10_150,0.7,42,285,0.06107899891147547,-1.5272177005147929,0.08677315992591361,2673.23767317883,370.40694987879806,0.7409738543578798,0.575607074333558
10_150,0.7,42,286,0.060906700717657275,-1.5643959231357822,0.10956124404393311,2693.23767317883,370.40694987879806,0.7488684100131271,0.575607074333558
10_150,0.7,42,287,0.060737082068067785,-1.3657712943838463,0.1094995855271218,2598.857891091928,363.1235198937547,0.7064895637495129,0.575607074333558
10_150,0.7,42,288,0.06057010129101494,-1.9713382386403824,0.11510917842782584,2831.337399738326,425.5784022671841,0.842198106536336,0.575607074333558
10_150,0.7,42,289,0.06040571736287584,-1.4322693334458523,0.10962647939152251,2620.7266777571567,371.7902371379176,0.7212195680205089,0.575607074333558
10_150,0.7,42,290,0.06024388989801807,-1.1499454540964746,0.09737708837312595,2421.9670598744865,404.18449565333555,0.6655557927533002,0.575607074333558
10_150,0.7,42,291,0.06008457913887785,-1.5272177005147929,0.12753103526425696,2673.23767317883,370.40694987879806,0.7409738543578798,0.575607074333558
10_150,0.7,42,292,0.05992774594619241,-1.5272177005147929,0.07598161929147676,2673.23767317883,370.40694987879806,0.7409738543578798,0.575607074333558
10_150,0.7,42,293,0.05977335178938433,-1.880611643127121,0.07986767547988213,2837.079610591935,389.2084181128438,0.8188752811874324,0.575607074333558
10_150,0.7,42,294,0.059621358737095426,-1.1580296921281308,0.09654488789617625,2364.47321852724,448.2551576705342,0.673868905924785,0.575607074333558
10_150,0.7,42,295,0.05947172944786773,-1.2162955676717848,0.09232255423945977,2516.1103743172002,364.49844423147925,0.6747941983401102,0.575607074333558
10_150,0.7,42,296,0.059324427160969605,-1.3120035569656836,0.10146532139344026,2558.2038446649563,369.91573729012043,0.695221195663585,0.575607074333558
10_150,0.7,42,297,0.05917941568736433,-1.1439182062416233,0.1053481835331386,2415.0510449674166,406.51886271269643,0.6644682790352014,0.575607074333558
10_150,0.7,42,298,0.05903665940081926,-1.4758979480830785,0.11050717126011148,2666.9848429044823,356.7470900572664,0.7288947934429336,0.575607074333558
10_150,0.7,42,299,0.058896123229153184,-1.221564797225626,0.09440144856870228,2360.234316611142,469.6165311783735,0.6872252709107568,0.575607074333558
10_150,0.7,42,300,0.05875777264561992,-1.3072402838384694,0.11721855752914076,2494.5649622919686,412.73806262057246,0.7002303773817814,0.575607074333558
10_150,0.7,42,301,0.05862157366042571,-1.363308380904582,0.10315758974805891,2518.7628095935474,413.3012212326556,0.7101781708790788,0.575607074333558
10_150,0.7,42,302,0.058487492812378764,-1.1832098554702466,0.08902027594406836,2441.270391205612,403.6833723913433,0.6728227702897257,0.575607074333558
10_150,0.7,42,303,0.05835549716066848,-1.3923391551328017,0.07722105954639058,2527.739851751324,422.52441880600554,0.7202109775583057,0.575607074333558
10_150,0.7,42,304,0.05822555427677263,-1.9970019402323413,0.08359782812342317,2855.15388687689,420.4131158839893,0.8479649091273082,0.575607074333558
10_150,0.7,42,305,0.05809763223649032,-1.5602067401929167,0.08262424674754079,2637.0907121430478,407.92488164280155,0.7531027607011624,0.575607074333558
10_150,0.7,42,306,0.057971699612098956,-0.8266576406080512,0.12024088700544913,2282.10944125412,382.2594453777302,0.5949239322604514,0.575607074333558
10_150,0.7,42,307,0.05784772546463305,-1.1832098554702466,0.08755779449404771,2441.270391205612,403.6833723913433,0.6728227702897257,0.575607074333558
10_150,0.7,42,308,0.05772567933628324,-1.4787935826980116,0.10109952627090431,2649.6515248437227,369.91654230447256,0.7313187020966669,0.575607074333558
10_150,0.7,42,309,0.05760553124291343,-1.032117125906273,0.07934437713040388,2368.543078555515,397.45402443684543,0.6397323933285965,0.575607074333558
10_150,0.7,42,310,0.05748725166669427,-0.832455415045261,0.08451475005673678,2281.9496772023504,382.07678312735817,0.5947323502287282,0.575607074333558
10_150,0.7,42,311,0.05737081154885137,-0.8657854425311889,0.06807283929264303,2272.3480468429766,400.1737630047799,0.6036751135104665,0.575607074333558
10_150,0.7,42,312,0.057256182282526054,-0.9617414644709559,0.07553836752249998,2364.7828768925547,374.0944978977246,0.6218126861145636,0.575607074333558
10_150,0.7,42,313,0.057143335705747374,-1.0817259900868152,0.08858115946055531,2396.6271162923076,394.95967095907974,0.6490629494547038,0.575607074333558
10_150,0.7,42,314,0.05703224409451321,-0.9966849079407691,0.07715621684939496,2375.521231729278,381.2663261465247,0.6310974157602975,0.575607074333558
10_150,0.7,42,315,0.056922880155979176,-0.9966849079407691,0.112441987552197,2375.521231729278,381.2663261465247,0.6310974157602975,0.575607074333558
10_150,0.7,42,316,0.05681521702175326,-0.8812878317510369,0.06534937635304283,2264.9417946538306,412.4787438407031,0.6094092803161033,0.575607074333558
10_150,0.7,42,317,0.05670922824129488,-0.9109056829668497,0.09590170193158425,2463.168344608599,295.03936034616936,0.6050260238218109,0.575607074333558
10_150,0.7,42,318,0.05660488777541653,-1.5418225136253412,0.08474866579869472,2747.6234775773464,327.40701435641745,0.7400818171814405,0.575607074333558
10_150,0.7,42,319,0.056502169989886525,-1.0002438231070057,0.11163352337695079,2373.078589315981,385.6068115609339,0.6331871445518567,0.575607074333558
10_150,0.7,42,320,0.056401049649131195,-1.7386365629008091,0.09937325310449352,2780.012809988441,375.73689238477334,0.7868710437860218,0.575607074333558
10_150,0.9,42,1,1.0,-2.751970226650317,,2904.691876932784,406.61857845741,0.9572469925259934,0.9572469925259934
10_150,0.9,42,2,0.9852258055592246,-2.0403635555108868,0.3117488632177825,2592.5426399120634,447.33181768536235,0.8083774537060822,0.8083774537060822
10_150,0.9,42,3,0.9706813761935793,-2.625267698108247,0.33150472487803107,2825.1678076220583,472.7354651904801,0.932394278545592,0.8083774537060822
10_150,0.9,42,4,0.9563631386463322,-2.5851643075753747,0.30843746362559593,2812.9717615739864,469.0215860805169,0.9253336860562671,0.8083774537060822
10_150,0.9,42,5,0.9422675752312664,-2.3590980648165734,0.31296894311688334,2710.8711327636506,501.7270420356518,0.881187261113173,0.8083774537060822
10_150,0.9,42,6,0.9283912229684601,-0.945953597090826,0.2923126885278194,2122.77426978888,481.2932932223783,0.5779315943645084,0.5779315943645084
10_150,0.9,42,7,0.9147306727335057,-2.116040266826201,0.2858096702930398,2682.6585983413365,297.8626533914503,0.8190571104093214,0.5779315943645084
10_150,0.9,42,8,0.9012825684199611,-2.0629693945842855,0.2775422615675975,2594.065548639689,470.73870666169216,0.8146399323489182,0.5779315943645084
10_150,0.9,42,9,0.888043606114825,-2.5927289270672342,0.29795796908018923,2779.5112533971073,571.7021686413659,0.9324338014905145,0.5779315943645084
10_150,0.9,42,10,0.8750105332868364,-2.233462609130447,0.285072772266768,2706.991149784767,365.3848074447395,0.8472419497381661,0.5779315943645084
10_150,0.9,42,11,0.8621801479873967,-3.0547202121896415,0.24512583143478617,3028.0336548782234,411.23765461499084,1.02092713341802,0.5779315943645084
10_150,0.9,42,12,0.8495492980639193,-1.9585910174422478,0.27260407398006886,2547.5138768963743,470.68752876433825,0.7910026234336972,0.5779315943645084
10_150,0.9,42,13,0.837114880385412,-2.228001141082125,0.26661534446016677,2699.595667604097,392.00720964821176,0.8497324119673638,0.5779315943645084
10_150,0.9,42,14,0.8248738400801048,-1.5853228589577892,0.2571086555278361,2427.4977481302317,388.9342834486831,0.7109200825783507,0.5779315943645084
10_150,0.9,42,15,0.8128231697849323,-1.5286202532753475,0.2555807882125266,2361.773811501716,519.7415810837725,0.7082428045421818,0.5779315943645084
10_150,0.9,42,16,0.8009599089066888,-2.0869606860882914,0.2516756604384178,2653.607182011979,340.4145979850003,0.814292969051341,0.5779315943645084
10_150,0.9,42,17,0.7892811428946735,-2.6035438107389717,0.23528849852487496,2836.1371638053333,434.7052634289214,0.9290421244111932,0.5779315943645084
10_150,0.9,42,18,0.7777840025246476,-3.268125658740908,0.24965932739786517,3115.7645493148825,433.1137574542954,1.0705817675659204,0.5779315943645084
10_150,0.9,42,19,0.7664656631939266,-2.1184193091515566,0.26778261468850983,2634.771202220488,430.3088715965653,0.8258163784130625,0.5779315943645084
10_150,0.9,42,20,0.7553233442274359,-1.7868631981711287,0.21868010557429424,2514.4308250606277,372.8352054967266,0.7512635418245801,0.5779315943645084
10_150,0.9,42,21,0.7443543081945577,-505.52498880232736,0.22136831949828134,171939.985679161,170387.32479765752,126.60925259793646,0.5779315943645084
10_150,0.9,42,22,0.7335558602366034,-1.9763290355911916,0.24616975464275076,2546.7822948851162,501.62327259032753,0.797886665842762,0.5779315943645084
10_150,0.9,42,23,0.7229253474047432,-1.8675189365543539,0.21485916579935022,2513.7671703769834,480.1412567206106,0.7760931008887972,0.5779315943645084
10_150,0.9,42,24,0.7124601580082336,-3.6116282651407916,0.2519361581818975,3281.4274758530314,367.6760853539969,1.1393098628694185,0.5779315943645084
10_150,0.9,42,25,0.7021577209727804,-1.5129712340797212,0.24700643296872746,2366.740500010715,464.1765936848431,0.6977318399219649,0.5779315943645084
10_150,0.9,42,26,0.6920155052088806,-2.0151153897903162,0.2627199506162541,2610.733612768069,369.289565181079,0.7993063400100561,0.5779315943645084
10_150,0.9,42,27,0.6820310189899872,-2.4419762307359196,0.2172225401464895,2771.3599554212365,422.3102966838353,0.8932602503148784,0.5779315943645084
10_150,0.9,42,28,0.6722018093403456,-2.6364095364281184,0.24564514623069886,2892.5304641222438,304.2603578912823,0.9270690292266158,0.5779315943645084
10_150,0.9,42,29,0.6625254614323491,-1.603132199871399,0.23003457036524697,2415.306001352745,432.77351709354946,0.7150142505182453,0.5779315943645084
10_150,0.9,42,30,0.6529995979932678,-2.1784459966738963,0.2198708674931707,2682.6070466441834,365.7998903056698,0.8349641919864919,0.5779315943645084
10_150,0.9,42,31,0.6436218787212026,-2.4166194490603163,0.20792524368088428,2725.081862418091,522.4184333741825,0.8932520369514177,0.5779315943645084
10_150,0.9,42,32,0.634389999710123,-2.3651850352321384,0.23922397075486695,2750.6896838928037,387.64158807184447,0.8746391261574034,0.5779315943645084
10_150,0.9,42,33,0.6253016928838472,-1.349751917087875,0.23485222110084664,2334.9102937971793,368.81191639129895,0.6592120112599326,0.5779315943645084
10_150,0.9,42,34,0.6163547254388225,-505.84768452880866,0.2393413672439179,172080.92514641632,170383.24106774793,126.6798226325594,0.5779315943645084
10_150,0.9,42,35,0.607546899295575,-1.3084470702431974,0.2515392767356355,2254.5369795843026,549.5359250407033,0.6608069799507486,0.5779315943645084
10_150,0.9,42,36,0.5988760505586863,-2.193990808821571,0.22944822216975722,2685.2462755456013,375.31468293120156,0.8385351132291815,0.5779315943645084
10_150,0.9,42,37,0.5903400489851716,-2.624176896441974,0.2606999828282385,2847.798733850829,428.59054270021215,0.9335263759455864,0.5779315943645084
10_150,0.9,42,38,0.581936797461124,-1.5573393993974798,0.2545649612909299,2392.8716304013674,443.17341253998535,0.7060677227556175,0.5779315943645084
10_150,0.9,42,39,0.5736642314864987,-1.6345290585417205,0.242674651490658,2445.376120383467,389.6420432861794,0.7201594744397296,0.5779315943645084
10_150,0.9,42,40,0.5655203186679085,-1.7758063732267142,0.2167117473509362,2484.777276167772,431.55716371334483,0.7499861491533086,0.5779315943645084
10_150,0.9,42,41,0.5575030582193081,-1.5059268516048103,0.2031089578202522,2372.2620639531756,440.69962713304756,0.6950280463063595,0.5779315943645084
10_150,0.9,42,42,0.5496104804704447,-1.1843539357140664,0.20869105230813934,2258.087608575488,384.4402207267757,0.6238892380763296,0.5779315943645084
10_150,0.9,42,43,0.5418406463829504,-2.117350471904084,0.23224724905656885,2640.5544177647575,412.46466919444055,0.8245664207521921,0.5779315943645084
10_150,0.9,42,44,0.5341916470739625,-506.9479696635637,0.21052910818064144,172478.8873988671,170538.8628798351,126.91828913090622,0.5779315943645084
10_150,0.9,42,45,0.5266616033471518,-2.105950435462633,0.21705675430472926,2626.5815580809594,439.15315816765434,0.8237343161315606,0.5779315943645084
10_150,0.9,42,46,0.519248665231044,-2.1129577507314625,0.2436384023853111,2679.1502064962756,312.99606398843247,0.820825798380991,0.5779315943645084
10_150,0.9,42,47,0.5119510115245198,-653.9546528162521,0.2571513289306675,221982.67499394141,220299.35853036857,163.71208881938338,0.5779315943645084
10_150,0.9,42,48,0.504766849349387,-1.629253850237543,0.2399139711348342,2450.0570667933707,365.14164394168915,0.7167890368646814,0.5779315943645084
10_150,0.9,42,49,0.49769441370990625,-1.6875733042722985,0.24912230879429204,2436.3870028174056,468.4019013045243,0.7340688947030859,0.5779315943645084
10_150,0.9,42,50,0.4907319670591703,-1.5924423073803617,0.23128382123670352,2418.6272775209195,419.52747166631974,0.7135932416519039,0.5779315943645084
10_150,0.9,42,51,0.4838777988722253,-1.974436107819769,0.19561507069109052,2594.2828640358866,383.2975478568687,0.7942427439775137,0.5779315943645084
10_150,0.9,42,52,0.47713022522583176,-1.2266896574670603,0.18526193268663121,2292.218586964292,350.9316209920678,0.6333522190821734,0.5779315943645084
10_150,0.9,42,53,0.47048758838475946,-1.691730829095242,0.18780457989440688,2474.0055105668694,381.7298102108796,0.7328334474349222,0.5779315943645084
10_150,0.9,42,54,0.4639482563945182,-1.0781664264612818,0.2089598131705313,2204.993637601934,425.6071935073668,0.6065985124545792,0.5779315943645084
10_150,0.9,42,55,0.4575106226804207,-2.0596484642898427,0.19117645488803958,2629.0952803515875,369.1450503544084,0.8085911246799522,0.5779315943645084
10_150,0.9,42,56,0.45117310565288166,-0.9600535394347539,0.18633064305116326,2171.1602721063923,381.12655604086365,0.578995843267153,0.5779315943645084
10_150,0.9,42,57,0.44493414831885486,-1.3260048666567825,0.21663655786194122,2254.344362431056,559.8097273510383,0.6631187287702526,0.5779315943645084
10_150,0.9,42,58,0.438792217899313,-1.9679407878412583,0.21059955843103445,2566.123808259811,430.1662031611594,0.790943875330448,0.5779315943645084
10_150,0.9,42,59,0.43274580545267627,-3.377607786094119,0.18950086578254388,3172.4182213069753,391.24221359862474,1.0895138246350982,0.5779315943645084
10_150,0.9,42,60,0.4267934255040983,-1.3836030488730033,0.2376267630172911,2335.3400962497108,405.39450156000004,0.6680098119920065,0.5779315943645084
10_150,0.9,42,61,0.42093361568051574,-2.296388979948521,0.1738198494603206,2732.640895206239,355.42634981207726,0.8579238329502507,0.5779315943645084
10_150,0.9,42,62,0.4151649363513749,-1.4726294652944056,0.17172039367879482,2343.741026174661,491.42054370254033,0.6924489357448922,0.5779315943645084
10_150,0.9,42,63,0.40948597027494477,-1.3084167513070442,0.1899591316014981,2307.4859164443865,383.22632090728735,0.6486745379101142,0.5779315943645084
10_150,0.9,42,64,0.4038953222501312,-1.5884677851444855,0.20522584394317095,2427.305679896747,375.79155049201324,0.7077402560688738,0.5779315943645084
10_150,0.9,42,65,0.3983916187737056,-1.654536840801523,0.23839367991867322,2474.6822838095045,339.36967946776684,0.7232422404570178,0.5779315943645084
10_150,0.9,42,66,0.3929735077028642,-1.0538192511002729,0.18277515664597754,2183.9035697561353,452.4880039069014,0.6021994787386196,0.5779315943645084
10_150,0.9,42,67,0.38763965792303584,-2.5748763893147473,0.23914734703420865,2861.413098858511,323.2219234317879,0.9157237787154116,0.5779315943645084
10_150,0.9,42,68,0.38238875902085495,-1.1153249652960453,0.17132493757372352,2232.573873016608,392.74738751585994,0.6128891054413181,0.5779315943645084
10_150,0.9,42,69,0.37721952096222106,-1.5087001925691301,0.18523212530353286,2331.4310684165303,567.3371185836282,0.7040061738449253,0.5779315943645084
10_150,0.9,42,70,0.372130673775365,-1.5944209383414796,0.19426946647853643,2445.2431580996717,338.5403465923503,0.7081071711764705,0.5779315943645084
10_150,0.9,42,71,0.3671209672388437,-1.9539353770357366,0.17456915757413496,2565.216047938883,425.0696893701735,0.7892879007803281,0.5779315943645084
10_150,0.9,42,72,0.3621891705743874,-2.429732113998657,0.16312785194523177,2741.3843905226468,486.66199367818854,0.8931397685776117,0.5779315943645084
10_150,0.9,42,73,0.35733407214452373,-655.0258369566327,0.19389906965153297,222463.82140994957,220201.86909542436,163.93340997686215,0.5779315943645084
10_150,0.9,42,74,0.35255447915490423,-1.9460090850065919,0.17478100766176227,2577.7886983561116,394.6432942461942,0.7885327422254625,0.5779315943645084
10_150,0.9,42,75,0.3478492173612599,-2.0698996509242633,0.2100076778191613,2622.651630855237,405.93838331811276,0.8139500258532377,0.5779315943645084
10_150,0.9,42,76,0.3432171307809146,-654.440931627878,0.1763284683941441,222195.94503513447,220282.89902496716,163.8164646605616,0.5779315943645084
10_150,0.9,42,77,0.3386570814087846,-1.5939655318961683,0.21622570200938399,2421.787860724963,410.4772740169734,0.7130747274589345,0.5779315943645084
10_150,0.9,42,78,0.3341679489377949,-1.8534333420305775,0.19415377613079216,2537.792046376741,381.92148697862706,0.7652505241239815,0.5779315943645084
10_150,0.9,42,79,0.32974863048364406,-1.9367964546497662,0.19727845079984996,2601.880480158192,301.8969553591999,0.7790077982698878,0.5779315943645084
10_150,0.9,42,80,0.3253980403138483,-0.26004953911230977,0.20815580246824678,1859.7348103143433,435.5979858127809,0.43372031863988125,0.43372031863988125
10_150,0.9,42,81,0.32111510958100054,-653.8592990937278,0.1514404338963194,221978.64061958413,220202.96882323033,163.6874351750015,0.43372031863988125
10_150,0.9,42,82,0.3168987860601775,-2.1666537127900867,0.19249487188031883,2659.8319501752417,408.4041826617673,0.833397604891141,0.43372031863988125
10_150,0.9,42,83,0.31274803389043004,-1.9809015224448507,0.1972301869526009,2618.680903650091,319.9099139441295,0.7917586923974655,0.43372031863988125
10_150,0.9,42,84,0.30866183332029457,-1.7620604454135007,0.21771806520088988,2517.6011882146045,343.4842754353199,0.7459888828862797,0.43372031863988125
10_150,0.9,42,85,0.3046391804572615,-2.6986182052953707,0.16467044365600775,2918.000926741387,311.2316921284287,0.9416304503474197,0.43372031863988125
10_150,0.9,42,86,0.3006790870211401,-654.5158204582801,0.2175249553650656,222239.31475213362,220239.80339707417,163.82836793243672,0.43372031863988125
10_150,0.9,42,87,0.29678058010125963,-0.8900061824525356,0.2273896347401875,2134.012711978157,392.33992153575235,0.5627730490323153,0.43372031863988125
10_150,0.9,42,88,0.2929427019174456,-1.4406310127814705,0.16630970486901955,2378.291674596489,335.0222055982698,0.6733037089595896,0.43372031863988125
10_150,0.9,42,89,0.28916450958471324,-2.454341869494992,0.20538631285019346,2827.8702102705674,288.0921735186984,0.8904615818681287,0.43372031863988125
10_150,0.9,42,90,0.28544507488162135,-1.2500056702626012,0.18712633549927898,2288.4695178650963,382.3744549625131,0.6388237925075299,0.43372031863988125
10_150,0.9,42,91,0.28178348402222775,-2.264028231156254,0.21522454706356267,2698.314478574759,430.50779658237303,0.858111699105779,0.43372031863988125
10_150,0.9,42,92,0.27817883743159105,-1.913271063457624,0.23350158580298724,2556.3221161749975,404.2803188067245,0.779898458924356,0.43372031863988125
10_150,0.9,42,93,0.27463024952476534,-0.9985487055620998,0.1728674175528378,2178.092882357616,396.15912236047967,0.5860397635522452,0.43372031863988125
10_150,0.9,42,94,0.27113684848922975,-2.702520294756477,0.1761449267230443,2905.132260923669,358.20913028967817,0.9461170766414472,0.43372031863988125
10_150,0.9,42,95,0.2676977760707032,-2.270194395577391,0.1769470858588877,2704.9163189392925,410.90877085169706,0.8568656426349208,0.43372031863988125
10_150,0.9,42,96,0.2643121873622896,-625.4693291018972,0.17690572500883414,212463.44113352723,210350.64925752807,156.54774988548726,0.43372031863988125
10_150,0.9,42,97,0.2609792505969018,-1.6766054947968507,0.24142794714704557,2485.544624404882,319.8433008224837,0.7241754561527068,0.43372031863988125
10_150,0.9,42,98,0.25769814694291476,-1.9781316265903386,0.2020236300872033,2601.8114280846253,353.7319356946525,0.7911295539974827,0.43372031863988125
10_150,0.9,42,99,0.25446807030299534,-2.6144950793278094,0.20792704310699617,2872.923901098557,336.6292617214212,0.9247100012475955,0.43372031863988125
10_150,0.9,42,100,0.2512882271160621,-1.6196379073889906,0.18153167590825442,2451.097063104954,382.28808899555423,0.7213381790703771,0.43372031863988125
10_150,0.9,42,101,0.2481578361623234,-654.6413346250495,0.16361183104486682,222283.9020709393,220260.35160953182,163.85581546485625,0.43372031863988125
10_150,0.9,42,102,0.2450761283713493,-1.972098396321363,0.1512682417414947,2605.7563155890025,348.07024223748857,0.79180378195457,0.43372031863988125
10_150,0.9,42,103,0.24204234663312607,-625.7696360279306,0.15622134963982895,212580.41137024833,210371.5099470597,156.61200555113336,0.43372031863988125
10_150,0.9,42,104,0.23905574561205173,-1.6077550280739168,0.22298016316302,2436.3772242304967,385.8895018726201,0.7147123909524846,0.43372031863988125
10_150,0.9,42,105,0.23611559156382206,-2.029110871043264,0.21155335172362638,2632.3176404716232,335.8676512150494,0.8024219841583331,0.43372031863988125
10_150,0.9,42,106,0.2332211621551653,-2.14910172906892,0.17859747517124772,2672.4303494059495,357.80361819484716,0.8279240885988584,0.43372031863988125
10_150,0.9,42,107,0.23037174628638085,-1.2329278959005556,0.21496845142027557,2284.599024589149,370.90485319969457,0.6341695365845281,0.43372031863988125
10_150,0.9,42,108,0.2275666439166364,-1.6154681577360694,0.1854886694912529,2433.345846668264,406.0991520276431,0.7179136918871714,0.43372031863988125
10_150,0.9,42,109,0.2248051658919834,-1.3357736558635738,0.20910537026565854,2354.05831919784,312.31247458993295,0.6556790199491774,0.43372031863988125
10_150,0.9,42,110,0.22208663377604637,-2.2043751508540517,0.13626875886081793,2695.027388672285,364.48430886876537,0.8409590625143915,0.43372031863988125
10_150,0.9,42,111,0.21941037968334542,-2.259392121151651,0.25321913887500547,2736.334083230372,313.0129757051813,0.8498509909323594,0.43372031863988125
10_150,0.9,42,112,0.21677574611521144,-1.2889497499815055,0.2020074462757445,2309.678750346976,387.4656403894519,0.6507816596646759,0.43372031863988125
10_150,0.9,42,113,0.21418208579825188,-1.48988812736355,0.15495886512150817,2407.691663426848,322.6181495724394,0.685315304048556,0.43372031863988125
10_150,0.9,42,114,0.21162876152533033,-1.9674956906669658,0.17686760008172714,2593.310331123009,375.984374462131,0.792034026168331,0.43372031863988125
10_150,0.9,42,115,0.20911514599901782,-1.5654274368154135,0.2236967612574113,2416.93051211582,391.24937818920705,0.7061000913415127,0.43372031863988125
10_150,0.9,42,116,0.20664062167747893,-2.529939271008192,0.13530770229733963,2817.3141619528446,398.1384414801949,0.9109133404161743,0.43372031863988125
10_150,0.9,42,117,0.20420458062275576,-2.594772861062928,0.1415857632026726,2878.8975670360987,297.5406868833809,0.9185742795402946,0.43372031863988125
10_150,0.9,42,118,0.2018064243514096,-1.8760322466525763,0.18435875460016987,2570.332875072957,336.6502383798681,0.7711478118682193,0.43372031863988125
10_150,0.9,42,119,0.1994455636874869,-1.967334417125888,0.2691235513608574,2571.1681629838727,441.1409921857445,0.7960778264507715,0.43372031863988125
10_150,0.9,42,120,0.19712141861777083,-2.941380417698812,0.19205547009945387,2996.2279366709854,382.0828917580935,0.9979478700113695,0.43372031863988125
10_150,0.9,42,121,0.19483341814928484,-2.1699657250300137,0.19287118844486809,2695.942352712105,321.33997459354003,0.8313048206888495,0.43372031863988125
10_150,0.9,42,122,0.19258100016901147,-2.1836072706119625,0.21936219045102487,2695.3678630637555,336.3812637573102,0.8345408798635697,0.43372031863988125
10_150,0.9,42,123,0.19036361130579338,-1.445956636673588,0.22983393486137746,2382.79939954376,351.59180220250033,0.6794774606158316,0.43372031863988125
10_150,0.9,42,124,0.18818070679438154,-2.0910945765682003,0.17209449290682727,2641.6058265364727,368.4843311491478,0.8147853585714115,0.43372031863988125
10_150,0.9,42,125,0.1860317503415984,-2.789016831368325,0.1934948068482268,2943.5286529496757,351.1767190655411,0.9639542165365171,0.43372031863988125
10_150,0.9,42,126,0.1839162139945818,-1.8651990597036123,0.1427700342308818,2554.808111209828,350.2955891699667,0.7664691121249716,0.43372031863988125
10_150,0.9,42,127,0.18183357801107813,-3.275602022438896,0.16076405040324318,3162.2709643226135,316.6301630093397,1.0668653381284265,0.43372031863988125
10_150,0.9,42,128,0.17978333073175307,-2.22476470762805,0.1901922900439506,2715.9699762982214,322.62872912479054,0.8417712330050252,0.43372031863988125
10_150,0.9,42,129,0.17776496845448742,-2.1559383752772385,0.18125768442248238,2674.718492953372,362.3334729039709,0.8301477195824354,0.43372031863988125
10_150,0.9,42,130,0.17577799531062827,-1.378037688744119,0.18874113557479397,2318.218346628739,439.25410091512185,0.6672614557389921,0.43372031863988125
10_150,0.9,42,131,0.1738219231431649,-2.8322660875864933,0.23637958105609078,2989.5059133196232,277.2600336145893,0.9699524070469047,0.43372031863988125
10_150,0.9,42,132,0.17189627138679878,-2.9758383806832316,0.13322383412840894,3045.9527641495897,303.606993202404,1.0047787104552481,0.43372031863988125
10_150,0.9,42,133,0.1700005669498786,-2.740526085152506,0.20774935752364257,2917.0919964525187,369.6223235430263,0.954863451415103,0.43372031863988125
10_150,0.9,42,134,0.16813434409817252,-2.6406036063887313,0.20171360268359848,2888.8682686729926,325.0660038611962,0.930089963807762,0.43372031863988125
10_150,0.9,42,135,0.16629714434044632,-2.734969613138513,0.185249424535955,2928.717502933404,338.83210827614334,0.9535422842086577,0.43372031863988125
10_150,0.9,42,136,0.16448851631582245,-2.0442556502175204,0.18833306061490465,2621.1760661465173,375.79832172333613,0.8061324511709064,0.43372031863988125
10_150,0.9,42,137,0.16270801568288995,-0.9601483274115999,0.2321530369134858,2176.82975587904,367.2744589904703,0.5786244299365328,0.43372031863988125
10_150,0.9,42,138,0.16095520501053945,-1.8709189018020007,0.19492271814432613,2552.6268373425655,364.7762342599923,0.7687582295916978,0.43372031863988125
10_150,0.9,42,139,0.1592296536704954,-1.522961411336039,0.1554562648160477,2404.5419836595797,372.5497885132192,0.695427230662064,0.43372031863988125
10_150,0.9,42,140,0.15753093773152022,-1.4472917135575252,0.19609658913268516,2369.518497941533,388.474695701686,0.6813874119965894,0.43372031863988125
10_150,0.9,42,141,0.15585863985526294,-2.4269801843134386,0.15483346656174785,2801.3815073908854,317.659656235096,0.8839528045393688,0.43372031863988125
10_150,0.9,42,142,0.15421234919372853,-2.6896348259846916,0.13054621907157027,2924.9472096128698,295.27971252081096,0.9414145385725932,0.43372031863988125
10_150,0.9,42,143,0.152591661288341,-1.8641778893217404,0.16743663123782615,2558.476930944028,347.42462209303204,0.7676577396616591,0.43372031863988125
10_150,0.9,42,144,0.15099617797057668,-1.3448862587572075,0.18945725889507758,2312.5835775491582,434.7510004698055,0.6633456630195921,0.43372031863988125
10_150,0.9,42,145,0.14942550726414244,-2.1266572893287368,0.14700576683191957,2664.2408252666323,353.7502440596115,0.8228172132321339,0.43372031863988125
10_150,0.9,42,146,0.14787926328867598,-2.645506871163093,0.16341111085939838,2883.7529708840398,363.7644258929464,0.9365698113844859,0.43372031863988125
10_150,0.9,42,147,0.1463570661649425,-2.8044750098522946,0.20933110970905427,2966.117701125034,318.7755988583574,0.9678193213815992,0.43372031863988125
10_150,0.9,42,148,0.1448585419215072,-2.9991134376044997,0.1684700827401034,3037.1816249420103,335.4242119303297,1.0077893514362655,0.43372031863988125
10_150,0.9,42,149,0.14338332240285795,-2.2155830196217723,0.1816948414967409,2712.2081807212753,319.91923647847165,0.83922664056605,0.43372031863988125
10_150,0.9,42,150,0.1419310451789575,-1.8201450744310974,0.18215465800652725,2516.7370040915607,405.49180453732265,0.7600928599352634,0.43372031863988125
10_150,0.9,42,151,0.14050135345620207,-2.0733690515547556,0.16788407516752685,2647.5476395352025,338.4122307382757,0.8107480949651092,0.43372031863988125
10_150,0.9,42,152,0.13909389598976496,-2.3130363556247593,0.18844385101396394,2725.4513482328225,410.9914891764034,0.8673067166482448,0.43372031863988125
10_150,0.9,42,153,0.13770832699730284,-3.178035827440649,0.1748221428831816,3121.1748800132013,311.41108921773287,1.0447847579768301,0.43372031863988125
10_150,0.9,42,154,0.13634430607400466,-2.388274264601802,0.2384809519088879,2776.653876246965,353.452055724049,0.8797977064975474,0.43372031863988125
10_150,0.9,42,155,0.13500149810896128,-2.032542210605142,0.17100936519459595,2624.5467231859166,349.4011011755612,0.8016521730106303,0.43372031863988125
10_150,0.9,42,156,0.13367957320283602,-2.2324047964075167,0.17722782003951357,2713.3736817153153,352.1771340071998,0.847383549396923,0.43372031863988125
10_150,0.9,42,157,0.13237820658681518,-2.1958936795258377,0.1596235146953442,2694.563162030846,356.47097545651127,0.8388441060236626,0.43372031863988125
10_150,0.9,42,158,0.13109707854281938,-2.323086529110273,0.15390089979594204,2745.4484107878784,363.4333562305985,0.8663016129607997,0.43372031863988125
10_150,0.9,42,159,0.12983587432495577,-1.927048623322925,0.14680193470291744,2606.1293927687393,284.46753912887954,0.7770764502394527,0.43372031863988125
10_150,0.9,42,160,0.12859428408219134,-2.2890984191917814,0.16078500361225703,2738.057881984878,345.20236929842,0.8582751737164709,0.43372031863988125
10_150,0.9,42,161,0.1273720027822294,-2.3356117554344644,0.15412711342634924,2741.696499057014,392.8577977102679,0.8712983723896534,0.43372031863988125
10_150,0.9,42,162,0.12616873013656954,-1.635870292485301,0.20412255584995176,2446.421663094687,385.44562243880955,0.7197059129376836,0.43372031863988125
10_150,0.9,42,163,0.12498417052673307,-1.478414601494198,0.18342528779788117,2386.852917705542,375.77137230750594,0.6872054576821679,0.43372031863988125
10_150,0.9,42,164,0.12381803293163596,-3.364439815667022,0.16310344284040285,3167.1184332682365,400.9261648077702,1.0890953105965393,0.43372031863988125
10_150,0.9,42,165,0.12267003085609117,-3.060440364721508,0.18073556286024656,3068.7670012192075,313.0350274673836,1.0185682452382214,0.43372031863988125
10_150,0.9,42,166,0.1215398822604227,-2.364562692668855,0.18201496747516482,2764.8817944863554,358.9211352581442,0.8751059479680922,0.43372031863988125
10_150,0.9,42,167,0.1204273094911746,-2.2415012484422485,0.18863972433223136,2710.195767683983,356.79780277454415,0.8468544156008111,0.43372031863988125
10_150,0.9,42,168,0.11933203921289748,-2.6258155711378413,0.12653368501642276,2882.4955726450135,326.2933822726047,0.9271436307039195,0.43372031863988125
10_150,0.9,42,169,0.11825380234099556,-2.6699150245767425,0.17264907353205955,2908.8287170895633,305.89890853877336,0.9357247965846532,0.43372031863988125
10_150,0.9,42,170,0.11719233397561858,-2.297434977467038,0.14831274562695715,2711.1974063261664,416.51392767800223,0.8613679105703529,0.43372031863988125
10_150,0.9,42,171,0.11614737333658141,-1.978148493118183,0.19260707843195699,2596.2282646506333,379.2601561421472,0.7942831637200134,0.43372031863988125
10_150,0.9,42,172,0.11511866369929591,-1.8363165824263277,0.14791100587072797,2530.71502956573,385.4155962934995,0.7624783570590441,0.43372031863988125
10_150,0.9,42,173,0.11410595233169919,-1.7262417328385404,0.16592061199075486,2492.278391483954,366.39692927406367,0.7385110616661459,0.43372031863988125
10_150,0.9,42,174,0.11310899043216277,-1.8838796719344146,0.12312753670106372,2567.8795777041087,341.7477320363391,0.7710982554184426,0.43372031863988125
10_150,0.9,42,175,0.1121275330683672,-1.987528947887776,0.15708205468339248,2593.5290542609273,390.3319695798679,0.7955099552117365,0.43372031863988125
10_150,0.9,42,176,0.11116133911712744,-2.221849829371229,0.21083124544574366,2697.301704346096,368.6025627818948,0.84307914347745,0.43372031863988125
10_150,0.9,42,177,0.1102101712051541,-1.9181883382157312,0.1503369737469727,2582.1421236943243,341.4437228142315,0.7782653005312818,0.43372031863988125
10_150,0.9,42,178,0.10927379565073586,-2.1247927643555236,0.20012789691540003,2668.706896946415,341.94090162199024,0.8223141446227911,0.43372031863988125
10_150,0.9,42,179,0.10835198240632873,-2.1762706907409397,0.140350327192263,2696.531797044822,324.0987519533634,0.8322509808803078,0.43372031863988125
10_150,0.9,42,180,0.1074445050020384,-1.7332125291643456,0.1517424493252752,2494.4534057106694,371.12455185172877,0.7407236609883953,0.43372031863988125
10_150,0.9,42,181,0.10655114048998136,-3.282012265538876,0.1791445166373185,3157.2370903105475,342.1869051813511,1.0703044053278536,0.43372031863988125
10_150,0.9,42,182,0.10567166938951125,-2.4719672893115114,0.1596878438596236,2821.3030496693295,321.34750743154814,0.8949280372996965,0.43372031863988125
10_150,0.9,42,183,0.10480587563329734,-2.443900891617577,0.15511066808371488,2797.7962468204,356.7606018028048,0.8913035603392332,0.43372031863988125
10_150,0.9,42,184,0.10395354651424124,-2.0002853333786783,0.17955631336343075,2606.6660100553486,368.57463772174157,0.7970743314129927,0.43372031863988125
10_150,0.9,42,185,0.10311447263321932,-2.3047037955314993,0.14655872993925095,2743.839041940843,341.00707380410995,0.8602252357501182,0.43372031863988125
10_150,0.9,42,186,0.10228844784763778,-2.4639486446109364,0.12284038408128602,2811.1720322447004,334.345945937384,0.8928349828185124,0.43372031863988125
10_150,0.9,42,187,0.10147526922078795,-1.747830719557315,0.13622550100684297,2497.1003936344955,386.94812255594,0.7457781106797285,0.43372031863988125
10_150,0.9,42,188,0.10067473697198882,-2.160959223992513,0.14519397531985817,2684.7789005307654,329.4138645878202,0.8275328493153201,0.43372031863988125
10_150,0.9,42,189,0.09988665442750533,-2.4530843795773514,0.19065615270819786,2807.5034343145967,342.4550424946625,0.8928749605161601,0.43372031863988125
10_150,0.9,42,190,0.09911082797222981,-2.0533497876520506,0.148449383951325,2649.6886567211454,297.71400186022186,0.802289766248304,0.43372031863988125
10_150,0.9,42,191,0.09834706700211487,-2.1026390859802495,0.16173913342342036,2656.4138435355503,353.98730476884435,0.8189005616302797,0.43372031863988125
10_150,0.9,42,192,0.09759518387734595,-2.151226289451989,0.18890191105122173,2691.856348045392,303.670883099448,0.8250872317792604,0.43372031863988125
10_150,0.9,42,193,0.09685499387624241,-2.8186041527425116,0.1569333788033183,2976.6257503436373,289.96436570429603,0.9663951650941511,0.43372031863988125
10_150,0.9,42,194,0.09612631514987509,-2.983211498765692,0.14090207226414644,3042.2988405204833,302.00537550965555,1.0025486924787268,0.43372031863988125
10_150,0.9,42,195,0.09540896867739013,-2.145088729502056,0.17747570697518822,2674.1186476087028,348.0275255988649,0.8264881359094242,0.43372031863988125
10_150,0.9,42,196,0.0947027782220271,-1.3341462398384076,0.143148105000468,2332.3938769823285,358.53213772614276,0.6555240067061817,0.43372031863988125
10_150,0.9,42,197,0.09400757028782174,-1.9106119142891183,0.12348763351261396,2558.1506166496333,398.93983473031216,0.7795739382111958,0.43372031863988125
10_150,0.9,42,198,0.09332317407698135,-2.145088729502056,0.11712137194471302,2674.1186476087028,348.0275255988649,0.8264881359094242,0.43372031863988125
10_150,0.9,42,199,0.09264942144792357,-2.0042063995198904,0.17463621040461633,2613.4772333265873,350.7546068289637,0.7963517639401986,0.43372031863988125
10_150,0.9,42,200,0.09198614687396757,-1.8897144208303085,0.1513335466185452,2568.5832189466346,342.5544572371295,0.7716445587414873,0.43372031863988125
10_150,0.9,42,201,0.0913331874026676,-2.214788261729657,0.1547299836811083,2705.524495534188,343.35363549518416,0.8413306660251479,0.43372031863988125
10_150,0.9,42,202,0.09069038261577916,-2.2207137391768876,0.1409893921173413,2697.9221566003607,367.6432844800751,0.8431690489616163,0.43372031863988125
10_150,0.9,42,203,0.09005757458984752,-2.0521941326890136,0.1584085821185069,2630.1710084476786,364.2430210973928,0.8079873969228818,0.43372031863988125
10_150,0.9,42,204,0.08943460785740934,-2.4423430796187597,0.17538963609081065,2806.0008148813126,320.84800114794956,0.8870448950932268,0.43372031863988125
10_150,0.9,42,205,0.08882132936879764,-2.3191419406604052,0.1436883100104322,2743.515056198324,356.57267366039974,0.8637113934501427,0.43372031863988125
10_150,0.9,42,206,0.08821758845454078,-2.1876238699229367,0.13200843751168753,2709.369544205609,295.41716218759154,0.8320395680734678,0.43372031863988125
10_150,0.9,42,207,0.08762323678834613,-2.414926917773931,0.13924744012494433,2779.207595692389,369.27060198088054,0.8848036433912482,0.43372031863988125
10_150,0.9,42,208,0.08703812835065944,-3.03900978812629,0.16847959928311187,3058.335843804507,310.918929510158,1.0127780721804174,0.43372031863988125
10_150,0.9,42,209,0.08646211939279098,-2.6244180929111875,0.13329981727419532,2870.3350341751884,351.6493074723622,0.9269187673599976,0.43372031863988125
10_150,0.9,42,210,0.08589506840159955,-1.8444219707104665,0.16331937719089765,2555.1179113655635,330.0563449915415,0.7618796505458921,0.43372031863988125
10_150,0.9,42,211,0.08533683606472567,-2.1367279934460015,0.1450268165581931,2671.7264973711017,341.30702860990664,0.8236979518954105,0.43372031863988125
10_150,0.9,42,212,0.08478728523636561,-2.4117569388352447,0.09415457191501567,2798.4221151386287,302.993815742058,0.8790113285935985,0.43372031863988125
10_150,0.9,42,213,0.08424628090357741,-1.7100393779274299,0.15534119457015588,2472.4630707594133,404.93184167345174,0.7374921947769012,0.43372031863988125
10_150,0.9,42,214,0.08371369015311121,-1.748262789676562,0.13490451315922838,2497.897946763438,375.3357113073431,0.7434594287308284,0.43372031863988125
10_150,0.9,42,215,0.08318938213875532,-2.560228177570285,0.17557649589036967,2852.127497281038,334.6930043777383,0.9137015693550529,0.43372031863988125
10_150,0.9,42,216,0.08267322804918986,-1.264020635050346,0.13564346350990297,2296.1967309402294,381.9482291932992,0.6426454461325952,0.43372031863988125
10_150,0.9,42,217,0.08216510107634088,-2.2962664204244847,0.13352140820830063,2754.273404588921,295.5347884919453,0.8548561850136578,0.43372031863988125
10_150,0.9,42,218,0.08166487638422609,-2.1224862142623833,0.13366146719861946,2674.6544758320215,309.9604507601748,0.8178322439416112,0.43372031863988125
10_150,0.9,42,219,0.08117243107828538,-2.5755604875783376,0.10385404531348601,2870.6131119794127,293.38635741549507,0.913395549112705,0.43372031863988125
10_150,0.9,42,220,0.08068764417518824,-2.0853705139035768,0.2187854293278284,2648.6307828516874,346.54701929706636,0.8132056408333338,0.43372031863988125
10_150,0.9,42,221,0.08021039657311081,-2.1367279934460015,0.11063882646546028,2671.7264973711017,341.30702860990664,0.8236979518954105,0.43372031863988125
10_150,0.9,42,222,0.07974057102247495,-1.9103141041658986,0.11635452420072734,2578.210050547424,341.1980444895586,0.7762121266342084,0.43372031863988125
10_150,0.9,42,223,0.0792780520971426,-2.5236080444218647,0.13728946348907056,2825.397402501015,363.1299662868716,0.9068051441265558,0.43372031863988125
10_150,0.9,42,224,0.07882272616605801,-2.2359038388560215,0.15612873105804312,2710.3224916331887,349.5567150355356,0.845220484676487,0.43372031863988125
10_150,0.9,42,225,0.0783744813653311,-1.9043036148640247,0.12461085903902977,2581.113414187581,325.02201062254795,0.7738918572499163,0.43372031863988125
10_150,0.9,42,226,0.07793320757075473,-1.6576864603123629,0.11912969169590903,2463.0464595933163,366.15932233031225,0.7236199215531773,0.43372031863988125
10_150,0.9,42,227,0.07749879637074959,-2.151323171998487,0.11071123544514339,2678.9835856170353,340.3083050223297,0.8271467465335319,0.43372031863988125
10_150,0.9,42,228,0.07707114103972987,-2.5621542619891056,0.151175682896261,2850.9479232309995,339.0347237601347,0.9141211856978533,0.43372031863988125
10_150,0.9,42,229,0.0766501365118829,-2.127100576187987,0.10232848946365572,2667.209077053176,344.0483184509436,0.8220482404380498,0.43372031863988125
10_150,0.9,42,230,0.07623567935535681,-2.045563910969837,0.141549961842176,2637.061074683941,330.7083901065135,0.8036193151772981,0.43372031863988125
10_150,0.9,42,231,0.07582766774684957,-2.0571935385977875,0.14931767972331575,2629.1634323254934,372.60239895007277,0.8094365604055792,0.43372031863988125
10_150,0.9,42,232,0.07542600144659303,-1.630810708935466,0.1616916266023612,2454.3719061034826,360.9138484328923,0.7179873084952779,0.43372031863988125
10_150,0.9,42,233,0.07503058177372629,-2.514448046460563,0.20004112800626536,2821.4447231662566,364.7884603456567,0.9051880958680052,0.43372031863988125
10_150,0.9,42,234,0.0746413115820518,-2.6900215281847433,0.11310261101121351,2914.0103944390303,311.2641494245465,0.9396128388480698,0.43372031863988125
10_150,0.9,42,235,0.07425809523616868,-2.402916933212193,0.14832019528985615,2779.793256921411,349.48040203576517,0.8804594971224762,0.43372031863988125
10_150,0.9,42,236,0.0738808385879771,-2.1537061656091585,0.11382355095086201,2695.5117053448776,292.6801917734573,0.824364717158422,0.43372031863988125
10_150,0.9,42,237,0.0735094489535481,-2.15586986792722,0.1372069585284637,2678.468644440772,342.3370022043866,0.827361198293493,0.43372031863988125
10_150,0.9,42,238,0.07314383509035316,-2.5280734905136653,0.15751100651715277,2840.060377880944,330.5545836210407,0.9066068407822095,0.43372031863988125
10_150,0.9,42,239,0.07278390717484776,-2.6660227516251442,0.14704494595138246,2890.953759525932,340.11746014190686,0.9346783665863951,0.43372031863988125
10_150,0.9,42,240,0.07242957678040378,-2.3238620796749077,0.1374657790549623,2749.1685600677815,341.5581655328055,0.8630592512304148,0.43372031863988125
10_150,0.9,42,241,0.07208075685558483,-2.29611570530947,0.11718009812832611,2735.937777905192,340.87143417377126,0.8561834763525057,0.43372031863988125
10_150,0.9,42,242,0.0717373617027597,-2.503696912961117,0.13975382168650588,2823.7148356338503,344.1822099207992,0.9015074332361778,0.43372031863988125
10_150,0.9,42,243,0.07139930695704806,-2.3142346624168932,0.16653607506851142,2744.6511397498557,344.29945537384253,0.8614095397730541,0.43372031863988125
10_150,0.9,42,244,0.0710665095655941,-2.3238620796749077,0.11963139226982353,2749.1685600677815,341.5581655328055,0.8630592512304148,0.43372031863988125
10_150,0.9,42,245,0.07073888776716195,-2.3874016206574393,0.14807780528239428,2769.558034957661,352.99682053211643,0.8760897505111355,0.43372031863988125
10_150,0.9,42,246,0.07041636107204882,-1.8119963685065916,0.13512926229638594,2528.308255611346,356.638335567255,0.7545078031954209,0.43372031863988125
10_150,0.9,42,247,0.07009885024231037,-2.1513721015788887,0.11769666517578044,2684.445957649092,321.33900258601193,0.8254700900397435,0.43372031863988125
10_150,0.9,42,248,0.0697862772722936,-2.2494516919393117,0.13119439220795323,2713.636848208326,348.78416987710233,0.8467213601788688,0.43372031863988125
10_150,0.9,42,249,0.0694785653694726,-2.281654933603371,0.13579411547243764,2729.9708615922145,346.3326483684143,0.8544360361411021,0.43372031863988125
10_150,0.9,42,250,0.06917563893558212,-2.2935443172143577,0.14197655807039733,2743.4240222519493,324.51386868399663,0.856146477281944,0.43372031863988125
10_150,0.9,42,251,0.06887742354804487,-1.9003107425963393,0.14752582078290416,2558.0718291628737,379.0369592571827,0.774866153802878,0.43372031863988125
10_150,0.9,42,252,0.06858384594168729,-2.5003509408576763,0.1514682999291291,2824.570818420762,336.96042388578564,0.9002481331927737,0.43372031863988125
10_150,0.9,42,253,0.06829483399074003,-2.151210596862712,0.12763849741316685,2676.19468489458,342.84867560193675,0.8263271497581351,0.43372031863988125
10_150,0.9,42,254,0.06801031669111803,-2.072873735431444,0.13523647118274215,2638.4870893513607,358.56782939229765,0.8108768710519019,0.43372031863988125
10_150,0.9,42,255,0.06773022414297643,-2.2127331625956215,0.14092955774578655,2705.6125238942523,339.7239748559898,0.8405240807841228,0.43372031863988125
10_150,0.9,42,256,0.06745448753353762,-2.3238620796749077,0.1455713943494504,2749.1685600677815,341.5581655328055,0.8630592512304148,0.43372031863988125
10_150,0.9,42,257,0.06718303912018544,-2.6643308766656357,0.12855122291699622,2893.8173025140713,332.9094833344953,0.9344411563604498,0.43372031863988125
10_150,0.9,42,258,0.0669158122138222,-2.9082261310931123,0.12204505678899864,3000.4886503919515,317.8441906462168,0.9850443817320248,0.43372031863988125
10_150,0.9,42,259,0.06665274116248465,-1.6718578744116055,0.17727023171652995,2454.583820143866,407.0002500791487,0.7289034487833675,0.43372031863988125
10_150,0.9,42,260,0.06639376133521471,-2.2464953715989404,0.08973165813034975,2717.7183799955637,339.2657884403403,0.8465604313542803,0.43372031863988125
10_150,0.9,42,261,0.06613880910618089,-2.5799410386402695,0.1362711033067411,2872.5330476326326,294.79890415128386,0.9147012131939776,0.43372031863988125
10_150,0.9,42,262,0.06588782183904693,-1.830304410227152,0.12278366722740301,2536.6083940095905,363.34308800211437,0.7602926408860198,0.43372031863988125
10_150,0.9,42,263,0.06564073787158327,-2.273477841871486,0.12724514729158595,2726.3812137471446,346.96765579232783,0.8527631917795594,0.43372031863988125
10_150,0.9,42,264,0.06539749650051803,-2.4120244997773472,0.10846248744010903,2783.50233518365,357.03708790671544,0.8841141419703105,0.43372031863988125
10_150,0.9,42,265,0.06515803796662348,-2.3238620796749077,0.10939795727640556,2749.1685600677815,341.5581655328055,0.8630592512304148,0.43372031863988125
10_150,0.9,42,266,0.06492230344003448,-1.7547345037901878,0.14586495073189135,2508.158421191238,353.93922632511675,0.7436485990893003,0.43372031863988125
10_150,0.9,42,267,0.06469023500579518,-1.6674152565894795,0.103815421966824,2463.083417615902,378.94385046123034,0.7266370191432684,0.43372031863988125
10_150,0.9,42,268,0.06446177564963067,-2.3238620796749077,0.17119937277776484,2749.1685600677815,341.5581655328055,0.8630592512304148,0.43372031863988125
10_150,0.9,42,269,0.06423686924393959,-2.0479838933815486,0.0949708525064196,2626.4923274709336,361.82954657981634,0.8055544105394281,0.43372031863988125
10_150,0.9,42,270,0.064015460534005,-2.3238620796749077,0.13202779839739193,2749.1685600677815,341.5581655328055,0.8630592512304148,0.43372031863988125
10_150,0.9,42,271,0.0637974951244193,-2.0784971667493606,0.11628070082554283,2647.4474093105005,338.5009003685285,0.8107180229990282,0.43372031863988125
10_150,0.9,42,272,0.06358291946572056,-2.179981406026906,0.13301176434139278,2671.5451556173516,388.3345706532721,0.8346352366645683,0.43372031863988125
10_150,0.9,42,273,0.06337168084123639,-1.8830042341104536,0.14408100109305977,2547.1827977751805,391.5497494685586,0.7722745032631324,0.43372031863988125
10_150,0.9,42,274,0.06316372735413278,-2.4404897677872563,0.11866024428871517,2785.5211675874616,375.856341248319,0.8895523723535246,0.43372031863988125
10_150,0.9,42,275,0.06295900791466405,-1.9522465077118036,0.10151322349053085,2590.9820879058407,342.9502198699468,0.7831049626428036,0.43372031863988125
10_150,0.9,42,276,0.06275747222762111,-1.9157868174644617,0.09077021237648047,2584.6461652034286,325.89225873825905,0.7758888519673961,0.43372031863988125
10_150,0.9,42,277,0.06255907077997513,-2.116018018671754,0.1289108569929322,2650.4501479957444,378.17755355904626,0.8215472555874695,0.43372031863988125
10_150,0.9,42,278,0.062363754828713217,-2.2157517851605784,0.10150975964819782,2689.2062802820456,377.6967361391278,0.8411035042272196,0.43372031863988125
10_150,0.9,42,279,0.06217147638886324,-2.2907797999624666,0.10849837985062001,2730.240058583869,359.2678261422339,0.8576063283611282,0.43372031863988125
10_150,0.9,42,280,0.06198218822170495,-2.5059483545403234,0.11081345210206939,2816.9689392014243,368.39811968551754,0.9037631728879453,0.43372031863988125
10_150,0.9,42,281,0.06179584382316449,-2.2913705192855947,0.09772367672986262,2728.940908554575,358.5562598455373,0.856780117583035,0.43372031863988125
10_150,0.9,42,282,0.06161239741238927,-2.1094299920226955,0.11573968628573858,2650.309174570113,368.16858829150374,0.8191283191006437,0.43372031863988125
10_150,0.9,42,283,0.06143180392050065,-1.8143534584773329,0.12113657859294658,2534.6831128149333,354.1794523257747,0.7571664096565114,0.43372031863988125
10_150,0.9,42,284,0.06125401897952138,-1.1539600797862537,0.1480564500290645,2241.3030151160638,403.3812036231552,0.6198131445000286,0.43372031863988125
10_150,0.9,42,285,0.06107899891147547,-2.3063853307191833,0.10225946738860062,2734.5767889638237,361.67762269655935,0.8603724169326602,0.43372031863988125
10_150,0.9,42,286,0.060906700717657275,-2.354185902660455,0.1466229497883674,2754.5767889638237,361.67762269655935,0.8705225599179781,0.43372031863988125
10_150,0.9,42,287,0.060737082068067785,-2.2262982241188856,0.1120848207230841,2708.514430244064,347.5961747056232,0.8438430772573757,0.43372031863988125
10_150,0.9,42,288,0.06057010129101494,-2.6844909518699542,0.12166746884095476,2867.439589332048,438.81823531948106,0.9458929398674117,0.43372031863988125
10_150,0.9,42,289,0.06040571736287584,-2.2955838917652747,0.11907390193945444,2730.825742496114,364.79418964172004,0.8591996590041379,0.43372031863988125
10_150,0.9,42,290,0.06024388989801807,-1.7117042915437506,0.11156285629051625,2482.0489799393226,383.26099095285394,0.7372746717586851,0.43372031863988125
10_150,0.9,42,291,0.06008457913887785,-2.224344351807117,0.12198916541503495,2705.38385451973,351.44483219745376,0.8431569090467489,0.43372031863988125
10_150,0.9,42,292,0.05992774594619241,-2.224344351807117,0.10047725684968926,2705.38385451973,351.44483219745376,0.8431569090467489,0.43372031863988125
10_150,0.9,42,293,0.05977335178938433,-2.5637605417130382,0.10738481489840405,2833.937710881161,390.14689733893755,0.9174756624055821,0.43372031863988125
10_150,0.9,42,294,0.059621358737095426,-2.052704828404238,0.1308212433501594,2620.0613665639567,390.83848982113983,0.8090940870195586,0.43372031863988125
10_150,0.9,42,295,0.05947172944786773,-2.3877695189029424,0.11211285571805363,2784.2834374896856,320.379103754325,0.8759132008207053,0.43372031863988125
10_150,0.9,42,296,0.059324427160969605,-2.4893775159761153,0.11767858228642533,2824.7941659290004,321.839542041863,0.8968152000889985,0.43372031863988125
10_150,0.9,42,297,0.05917941568736433,-2.1680813808586183,0.10304233236871294,2680.365604221091,356.22322798084247,0.8315806399938348,0.43372031863988125
10_150,0.9,42,298,0.05903665940081926,-2.8741143941780263,0.10768717939229014,2980.4477347622774,343.53802304604443,0.9808994196394762,0.43372031863988125
10_150,0.9,42,299,0.058896123229153184,-2.048975004440668,0.10845753658476776,2615.289763069638,394.73294884542986,0.8075858272658654,0.43372031863988125
10_150,0.9,42,300,0.05875777264561992,-2.3155965437885015,0.1390764314626955,2741.234982274756,362.7038571624559,0.8639921792643173,0.43372031863988125
10_150,0.9,42,301,0.05862157366042571,-2.061166923700582,0.11445874668648477,2624.4875894064858,387.9444776965304,0.8106616973192604,0.43372031863988125
10_150,0.9,42,302,0.058487492812378764,-1.877160715991333,0.11242115165475494,2549.559688670804,384.7379229858508,0.7718832223150252,0.43372031863988125
10_150,0.9,42,303,0.05835549716066848,-1.958110818673704,0.11926689257138774,2574.6900334315214,412.3082965827517,0.7911031009267944,0.43372031863988125
10_150,0.9,42,304,0.05822555427677263,-2.8161790271907745,0.10042390355111112,2920.889964001391,450.1834528445579,0.975684858938415,0.43372031863988125
10_150,0.9,42,305,0.05809763223649032,-2.328732321986353,0.10974091847266074,2742.8154919559865,382.5681381066763,0.8694530468907032,0.43372031863988125
10_150,0.9,42,306,0.057971699612098956,-1.553766100211619,0.1336175220359689,2419.9521088401216,373.30636346957334,0.7034254180432993,0.43372031863988125
10_150,0.9,42,307,0.05784772546463305,-2.143781976971753,0.1262881234234056,2684.6052724517212,312.3768674357386,0.8234490638759195,0.43372031863988125
10_150,0.9,42,308,0.05772567933628324,-2.454216723907563,0.12176203207576486,2796.534670812954,369.4836520845106,0.8936472242940826,0.43372031863988125
10_150,0.9,42,309,0.05760553124291343,-1.8489390682156495,0.09914245444205957,2533.7684284833194,396.19223619617026,0.766555412181059,0.43372031863988125
10_150,0.9,42,310,0.05748725166669427,-1.7385171742165668,0.08746375664074982,2485.3620647288335,399.4509801926735,0.7427531061021028,0.43372031863988125
10_150,0.9,42,311,0.05737081154885137,-1.4601535431761428,0.09394468379261785,2376.5898022692704,391.1385968462134,0.6856009112630627,0.43372031863988125
10_150,0.9,42,312,0.057256182282526054,-1.628172511955365,0.09851114474367026,2447.1750271301553,380.8149948866829,0.7190022346544495,0.43372031863988125
10_150,0.9,42,313,0.057143335705747374,-1.8641716060796458,0.10081434631972463,2540.358382314902,392.9508407657992,0.769139660007382,0.43372031863988125
10_150,0.9,42,314,0.05703224409451321,-1.7987538014907622,0.08876188383379752,2519.252497751873,379.2574959532443,0.7552167878075295,0.43372031863988125
10_150,0.9,42,315,0.056922880155979176,-1.9548831236912576,0.15238484107303923,2586.136219794271,374.6597543062244,0.7880824516909867,0.43372031863988125
10_150,0.9,42,316,0.05681521702175326,-1.8680853200295329,0.08560640283259777,2529.898005315867,427.58756338342073,0.7719542558362843,0.43372031863988125
10_150,0.9,42,317,0.05670922824129488,-2.468061951965987,0.10420408119183007,2834.2760950212164,286.4370385273846,0.8933244372122107,0.43372031863988125
10_150,0.9,42,318,0.05660488777541653,-2.552771470640861,0.12447412411070347,2855.846315404738,314.0799455271589,0.9107545384283875,0.43372031863988125
10_150,0.9,42,319,0.056502169989886525,-1.60513655841104,0.09224876275177171,2438.231358970551,383.2989159944423,0.7150458103709323,0.43372031863988125
10_150,0.9,42,320,0.056401049649131195,-2.1866249410352268,0.11424296310754908,2681.443697803515,381.17550876812095,0.8379798107888837,0.43372031863988125
